store,fetch_date,today_date,site_updated,kind,model_id,model,dai,box_d2,box_d1,box_d0,hit_d2,hit_d1,hit_d0,prob_d2,prob_d1,prob_d0
東名,2026-10-01,,10/1 23:32,パチンコ,3807,e/押忍番長漢の頂/A03,0401,-0.1,1.3,-0.3,0,11,0,1/12,1/73,1/21
東名,2026-10-01,,10/1 23:32,パチンコ,3807,e/押忍番長漢の頂/A03,0402,1.2,-1.1,-0.1,6,1,0,1/35,1/117,1/6
東名,2026-10-01,,10/1 23:32,パチンコ,3794,e/ﾜｰﾙﾄﾞﾀﾞｲｽﾀｰ/L04,0398,-3.6,-1.3,-4.0,0,1,1,1/344,1/149,1/409
東名,2026-10-01,,10/1 23:32,パチンコ,3825,etakt op. DestinyH6,0404,-4.6,-12.8,-0.6,18,14,9,1/183,1/206,1/142
東名,2026-10-01,,10/1 23:32,パチンコ,3733,eいせれべFSZ,0357,-0.4,-0.1,-0.9,0,0,0,1/41,1/13,1/93
東名,2026-10-01,,10/1 23:32,パチンコ,3683,eとある科学の超電磁砲 LTRSY,0389,-5.3,0.5,9.4,4,3,7,1/143,1/120,1/12
東名,2026-10-01,,10/1 23:32,パチンコ,3640,eとある魔術の禁書目録 一方通行,0406,-1.0,-1.7,7.9,0,0,10,1/131,1/210,1/108
東名,2026-10-01,,10/1 23:32,パチンコ,3640,eとある魔術の禁書目録 一方通行,0407,-2.9,-2.6,-0.1,6,2,0,1/105,1/223,1/16
東名,2026-10-01,,10/1 23:32,パチンコ,3777,eひきこまり吸血姫の悶々FHV,0361,-11.5,-1.0,-7.8,9,10,13,1/161,1/286,1/196
東名,2026-10-01,,10/1 23:32,パチンコ,3806,e七つの大罪3GFEA,0370,-0.8,-0.2,-6.4,1,0,0,1/98,1/19,1/580
東名,2026-10-01,,10/1 23:32,パチンコ,3414,e乃木坂46ⅡK4,0411,0.7,-0.2,0.0,2,0,0,1/33,1/10,
東名,2026-10-01,,10/1 23:32,パチンコ,3595,e仮面ﾗｲﾀﾞｰBLACK-KRJ2,0354,-1.3,-8.8,-2.8,0,4,5,1/161,1/305,1/320
東名,2026-10-01,,10/1 23:32,パチンコ,3785,e化物語2GSED,0360,-4.6,-1.4,-2.0,3,3,3,1/173,1/63,1/143
東名,2026-10-01,,10/1 23:32,パチンコ,3705,e北斗の拳11暴凶星SHEF,0247,1.0,-1.4,23.6,7,1,36,1/144,1/238,1/367
東名,2026-10-01,,10/1 23:32,パチンコ,3705,e北斗の拳11暴凶星SHEF,0248,5.6,-5.4,-3.7,13,0,1,1/114,1/496,1/315
東名,2026-10-01,,10/1 23:32,パチンコ,3705,e北斗の拳11暴凶星SHEF,0249,-0.5,-2.0,-0.8,0,2,0,1/44,1/277,1/87
東名,2026-10-01,,10/1 23:32,パチンコ,3705,e北斗の拳11暴凶星SHEF,0250,-2.4,-0.3,-0.2,0,0,0,1/250,1/28,1/25
東名,2026-10-01,,10/1 23:32,パチンコ,3705,e北斗の拳11暴凶星SHEF,0251,7.0,13.5,-1.1,14,23,0,1/283,1/302,1/95
東名,2026-10-01,,10/1 23:32,パチンコ,3706,e地獄少女7500Ver.RHZ,0246,-3.6,-3.6,0.4,1,5,7,1/551,1/124,1/85
東名,2026-10-01,,10/1 23:32,パチンコ,3728,e女神のｶﾌｪﾃﾗｽJLZ,0184,-3.1,-2.0,-4.4,0,6,3,1/555,1/200,1/301
東名,2026-10-01,,10/1 23:32,パチンコ,3728,e女神のｶﾌｪﾃﾗｽJLZ,0185,-2.6,8.5,-3.2,4,11,1,1/354,1/412,1/386
東名,2026-10-01,,10/1 23:32,パチンコ,3713,e新世紀ｴｳﾞｧﾝｹﾞﾘｵﾝ17,0237,-1.5,-2.2,-4.3,6,2,0,1/346,1/350,1/462
東名,2026-10-01,,10/1 23:32,パチンコ,3713,e新世紀ｴｳﾞｧﾝｹﾞﾘｵﾝ17,0238,-4.3,-1.7,-5.7,0,0,0,1/394,1/170,1/540
東名,2026-10-01,,10/1 23:32,パチンコ,3713,e新世紀ｴｳﾞｧﾝｹﾞﾘｵﾝ17,0239,6.1,13.6,-0.8,12,19,0,1/341,1/229,1/87
東名,2026-10-01,,10/1 23:32,パチンコ,3713,e新世紀ｴｳﾞｧﾝｹﾞﾘｵﾝ17,0240,-1.6,-1.3,0.9,3,0,6,1/160,1/126,1/230
東名,2026-10-01,,10/1 23:32,パチンコ,3713,e新世紀ｴｳﾞｧﾝｹﾞﾘｵﾝ17,0241,-0.3,-2.7,-4.3,0,0,3,1/33,1/264,1/152
東名,2026-10-01,,10/1 23:32,パチンコ,3713,e新世紀ｴｳﾞｧﾝｹﾞﾘｵﾝ17,0242,-3.3,7.0,-0.4,1,11,0,1/342,1/224,1/34
東名,2026-10-01,,10/1 23:32,パチンコ,3713,e新世紀ｴｳﾞｧﾝｹﾞﾘｵﾝ17,0243,-1.5,9.4,11.0,0,11,14,1/147,1/349,1/51
東名,2026-10-01,,10/1 23:32,パチンコ,3713,e新世紀ｴｳﾞｧﾝｹﾞﾘｵﾝ17,0244,-1.5,6.4,15.0,0,14,14,1/168,1/169,1/124
東名,2026-10-01,,10/1 23:32,パチンコ,3803,e東京喰種MW,0181,9.1,-1.4,-10.1,28,28,18,1/430,1/263,1/313
東名,2026-10-01,,10/1 23:32,パチンコ,3803,e東京喰種MW,0182,-13.5,-7.4,-2.5,10,10,22,1/459,1/570,1/298
東名,2026-10-01,,10/1 23:32,パチンコ,3803,e東京喰種MW,0183,7.3,2.7,0.7,27,23,13,1/271,1/390,1/967
東名,2026-10-01,,10/1 23:32,パチンコ,3565,e東京喰種W,0186,-7.7,5.1,-3.4,2,9,6,1/439,1/111,1/208
東名,2026-10-01,,10/1 23:32,パチンコ,3565,e東京喰種W,0187,-2.3,-4.4,4.5,5,2,6,1/67,1/268,1/377
東名,2026-10-01,,10/1 23:32,パチンコ,3565,e東京喰種W,0188,-3.0,-3.9,-4.4,2,6,3,1/203,1/220,1/166
東名,2026-10-01,,10/1 23:32,パチンコ,3565,e東京喰種W,0189,-6.7,-2.9,0.7,2,0,5,1/364,1/276,1/250
東名,2026-10-01,,10/1 23:32,パチンコ,3565,e東京喰種W,0190,-2.8,-4.1,4.9,1,6,7,1/382,1/109,1/186
東名,2026-10-01,,10/1 23:32,パチンコ,3565,e東京喰種W,0191,0.1,-0.9,-2.8,13,9,11,1/77,1/201,1/211
東名,2026-10-01,,10/1 23:32,パチンコ,3644,e東京ﾘﾍﾞﾝｼﾞｬｰｽﾞGFEC,0380,-1.4,22.5,-0.1,0,30,0,1/131,1/11,1/13
東名,2026-10-01,,10/1 23:32,パチンコ,3644,e東京ﾘﾍﾞﾝｼﾞｬｰｽﾞGFEC,0381,-3.0,0.0,-1.1,1,0,2,1/301,,1/57
東名,2026-10-01,,10/1 23:32,パチンコ,3644,e東京ﾘﾍﾞﾝｼﾞｬｰｽﾞGFEC,0382,0.2,-3.3,-2.3,8,1,0,1/137,1/350,1/225
東名,2026-10-01,,10/1 23:32,パチンコ,3791,e東京ﾘﾍﾞﾝｼﾞｬｰｽﾞ聖夜決戦編EREC,0366,10.4,0.0,0.0,16,0,0,1/134,,
東名,2026-10-01,,10/1 23:32,パチンコ,3791,e東京ﾘﾍﾞﾝｼﾞｬｰｽﾞ聖夜決戦編EREC,0367,2.2,-0.4,15.6,6,1,25,1/152,1/45,1/277
東名,2026-10-01,,10/1 23:32,パチンコ,3792,e無職転生異世界行ったら本気だす,0368,-5.5,-10.3,-3.3,2,0,9,1/292,1/1042,1/500
東名,2026-10-01,,10/1 23:32,パチンコ,3656,e牙狼12XX-MJ,0233,-3.3,-1.8,-5.2,0,1,1,1/340,1/302,1/620
東名,2026-10-01,,10/1 23:32,パチンコ,3656,e牙狼12XX-MJ,0234,-0.6,-1.4,8.8,0,2,12,1/48,1/128,1/71
東名,2026-10-01,,10/1 23:32,パチンコ,3656,e牙狼12XX-MJ,0235,0.1,-1.2,1.4,2,0,7,1/169,1/125,1/460
東名,2026-10-01,,10/1 23:32,パチンコ,3656,e牙狼12XX-MJ,0236,-3.1,-7.4,-5.6,1,3,1,1/382,1/304,1/539
東名,2026-10-01,,10/1 23:32,パチンコ,3746,e牙狼ﾄﾘﾌﾟﾙﾊﾞｰｽﾄRF,0177,-0.3,3.3,0.0,0,7,0,1/62,1/65,
東名,2026-10-01,,10/1 23:32,パチンコ,3747,e甲鉄城のｶﾊﾞﾈﾘ2GFEA,0371,-7.0,0.0,-2.6,0,0,0,1/760,,1/248
東名,2026-10-01,,10/1 23:32,パチンコ,3720,e盾の勇者の成り上がりEREF,0245,-1.3,-1.7,6.1,1,12,10,1/138,1/144,1/97
東名,2026-10-01,,10/1 23:32,パチンコ,3731,e真北斗無双5夢幻闘双SCEA,0231,-0.4,3.1,-0.1,0,7,0,1/40,1/61,1/10
東名,2026-10-01,,10/1 23:32,パチンコ,3731,e真北斗無双5夢幻闘双SCEA,0232,-1.0,-3.9,-0.3,0,0,0,1/99,1/407,1/25
東名,2026-10-01,,10/1 23:32,パチンコ,3653,e真･一騎当千~軍神覚醒~AM-TS,0408,7.3,-9.5,9.5,23,6,36,1/200,1/312,1/198
東名,2026-10-01,,10/1 23:32,パチンコ,3793,e結城友奈は勇者であるMP,0369,-5.1,-0.9,-0.1,0,0,0,1/526,1/86,1/17
東名,2026-10-01,,10/1 23:32,パチンコ,3650,e花の慶次~傾奇一転H6,0355,-1.1,4.8,-2.3,0,8,2,1/120,1/39,1/196
東名,2026-10-01,,10/1 23:32,パチンコ,3650,e花の慶次~傾奇一転H6,0356,-0.2,3.7,0.0,0,6,0,1/19,1/65,
東名,2026-10-01,,10/1 23:32,パチンコ,3696,e花の慶次~黄金の一撃H4,0372,-0.1,0.0,-0.3,0,0,0,1/18,,1/27
東名,2026-10-01,,10/1 23:32,パチンコ,3696,e花の慶次~黄金の一撃H4,0373,11.6,0.0,1.4,15,0,12,1/20,,1/984
東名,2026-10-01,,10/1 23:32,パチンコ,3696,e花の慶次~黄金の一撃H4,0374,-4.6,6.2,0.0,0,10,0,1/451,1/67,
東名,2026-10-01,,10/1 23:32,パチンコ,3822,e魔女と野獣FKZ,0178,7.6,3.6,2.4,18,18,17,1/671,1/362,1/295
東名,2026-10-01,,10/1 23:32,パチンコ,3750,e魔法少女まどか☆ﾏｷﾞｶ3LPM1,0378,-2.6,-2.1,0.0,0,0,0,1/268,1/219,
東名,2026-10-01,,10/1 23:32,パチンコ,3750,e魔法少女まどか☆ﾏｷﾞｶ3LPM1,0379,-0.3,-0.3,-0.1,0,0,0,1/23,1/29,1/6
東名,2026-10-01,,10/1 23:32,パチンコ,3654,e黄門ちゃま9HC3,0412,-3.7,10.9,0.0,3,11,0,1/161,1/204,
東名,2026-10-01,,10/1 23:32,パチンコ,3761,eｱｸﾀﾞﾏﾄﾞﾗｲﾌﾞEHLT,0394,-0.1,-6.8,-0.2,0,2,0,1/12,1/348,1/21
東名,2026-10-01,,10/1 23:32,パチンコ,3823,eｱｻﾙﾄﾘﾘｨZ,0179,-8.8,-2.2,-5.0,5,3,12,1/232,1/98,1/69
東名,2026-10-01,,10/1 23:32,パチンコ,3823,eｱｻﾙﾄﾘﾘｨZ,0180,-3.9,-0.9,-5.7,9,3,3,1/344,1/103,1/226
東名,2026-10-01,,10/1 23:32,パチンコ,3684,eｶﾞｰﾙｽﾞ&ﾊﾟﾝﾂｧｰ3LAH1,0390,0.0,-1.7,0.0,0,0,0,,1/173,
東名,2026-10-01,,10/1 23:32,パチンコ,3778,eｷﾞﾝﾊﾟﾗVIVAFESTAHTA2,0358,-0.6,0.0,-1.7,0,0,0,1/56,,1/180
東名,2026-10-01,,10/1 23:32,パチンコ,3805,eｿｰﾄﾞｱｰﾄ･ｵﾝﾗｲﾝ ｱﾘｼｾﾞｰｼｮﾝYKJ11,0359,-5.3,10.0,6.5,22,41,27,1/203,1/125,1/174
東名,2026-10-01,,10/1 23:32,パチンコ,3483,eｿｰﾄﾞｱｰﾄ･ｵﾝﾗｲﾝ~閃光の軌跡~K7,0391,0.4,-1.4,-1.8,10,1,0,1/66,1/130,1/175
東名,2026-10-01,,10/1 23:32,パチンコ,3483,eｿｰﾄﾞｱｰﾄ･ｵﾝﾗｲﾝ~閃光の軌跡~K7,0392,-4.1,0.2,0.0,1,4,0,1/401,1/233,
東名,2026-10-01,,10/1 23:32,パチンコ,3820,eｿﾞﾝ100MA,0393,-1.5,-0.6,-1.4,1,1,1,1/245,1/98,1/214
東名,2026-10-01,,10/1 23:32,パチンコ,3693,eﾉｰｹﾞｰﾑ･ﾉｰﾗｲﾌV3C,0353,0.0,-2.4,-1.7,0,0,2,,1/234,1/102
東名,2026-10-01,,10/1 23:32,パチンコ,3779,eﾊﾞｲｵﾊｻﾞｰﾄﾞ6APN,0365,-1.7,0.7,0.0,3,7,0,1/61,1/113,
東名,2026-10-01,,10/1 23:32,パチンコ,3553,eﾌｨｰﾊﾞｰうたわれるものZ,0409,0.0,-0.5,-2.2,0,0,2,,1/46,1/147
東名,2026-10-01,,10/1 23:32,パチンコ,3553,eﾌｨｰﾊﾞｰうたわれるものZ,0410,-0.1,-0.1,0.0,0,1,0,1/7,1/17,
東名,2026-10-01,,10/1 23:32,パチンコ,3425,eﾌｨｰﾊﾞｰからくりｻｰｶｽ2R,0396,-2.3,1.6,0.0,3,5,0,1/113,1/147,
東名,2026-10-01,,10/1 23:32,パチンコ,3425,eﾌｨｰﾊﾞｰからくりｻｰｶｽ2R,0397,0.1,-0.8,0.0,1,0,0,1/53,1/74,
東名,2026-10-01,,10/1 23:32,パチンコ,3694,eﾌｨｰﾊﾞｰもののがたりF,0385,-0.4,11.0,0.0,1,13,0,1/58,1/161,
東名,2026-10-01,,10/1 23:32,パチンコ,3694,eﾌｨｰﾊﾞｰもののがたりF,0386,-1.1,-0.8,-1.5,2,6,0,1/81,1/44,1/155
東名,2026-10-01,,10/1 23:32,パチンコ,3606,eﾌｨｰﾊﾞｰ彼女、お借りしますH,0405,4.8,2.8,2.8,14,11,18,1/311,1/437,1/133
東名,2026-10-01,,10/1 23:32,パチンコ,3804,eﾌｨｰﾊﾞｰ機動戦士ｶﾞﾝﾀﾞﾑSEED2bF,0226,2.7,-5.8,-2.7,17,3,1,1/217,1/248,1/342
東名,2026-10-01,,10/1 23:32,パチンコ,3804,eﾌｨｰﾊﾞｰ機動戦士ｶﾞﾝﾀﾞﾑSEED2bF,0227,-12.1,9.8,-1.8,0,37,7,1/1174,1/225,1/320
東名,2026-10-01,,10/1 23:32,パチンコ,3804,eﾌｨｰﾊﾞｰ機動戦士ｶﾞﾝﾀﾞﾑSEED2bF,0228,2.3,-1.3,-9.9,14,1,5,1/206,1/179,1/247
東名,2026-10-01,,10/1 23:32,パチンコ,3639,eﾌｨｰﾊﾞｰ炎炎ﾉ消防隊2MS,0222,-0.9,-0.7,0.8,0,1,5,1/76,1/171,1/140
東名,2026-10-01,,10/1 23:32,パチンコ,3639,eﾌｨｰﾊﾞｰ炎炎ﾉ消防隊2MS,0223,-0.6,-2.8,-0.6,1,1,0,1/137,1/292,1/54
東名,2026-10-01,,10/1 23:32,パチンコ,3639,eﾌｨｰﾊﾞｰ炎炎ﾉ消防隊2MS,0224,1.5,0.0,-0.3,3,0,0,1/87,,1/31
東名,2026-10-01,,10/1 23:32,パチンコ,3639,eﾌｨｰﾊﾞｰ炎炎ﾉ消防隊2MS,0225,0.8,0.0,-0.2,2,0,0,1/79,,1/19
東名,2026-10-01,,10/1 23:32,パチンコ,3760,eﾌｨｰﾊﾞｰﾀﾞﾝﾍﾞﾙ何ｷﾛ持てる?2F,0387,-2.3,-1.8,2.0,3,0,4,1/97,1/186,1/54
東名,2026-10-01,,10/1 23:32,パチンコ,3760,eﾌｨｰﾊﾞｰﾀﾞﾝﾍﾞﾙ何ｷﾛ持てる?2F,0388,-0.6,-1.4,-2.1,1,3,0,1/72,1/67,1/209
東名,2026-10-01,,10/1 23:32,パチンコ,3730,eﾌｨｰﾊﾞｰﾊﾞｽﾀｰﾄﾞG,0403,-0.7,0.0,-2.0,0,0,0,1/63,,1/194
東名,2026-10-01,,10/1 23:32,パチンコ,3670,eﾌｨｰﾊﾞｰﾌﾞﾙｰﾛｯｸMZ,0375,-1.8,-1.0,-3.4,1,0,1,1/243,1/113,1/388
東名,2026-10-01,,10/1 23:32,パチンコ,3670,eﾌｨｰﾊﾞｰﾌﾞﾙｰﾛｯｸMZ,0376,12.5,0.0,-2.6,12,0,0,1/59,,1/288
東名,2026-10-01,,10/1 23:32,パチンコ,3795,eﾌｨｰﾊﾞｰﾌﾞﾙｰﾛｯｸY,0399,2.3,-0.1,0.0,12,5,0,1/192,1/89,
東名,2026-10-01,,10/1 23:32,パチンコ,3795,eﾌｨｰﾊﾞｰﾌﾞﾙｰﾛｯｸY,0400,0.0,-0.2,1.5,0,0,8,,1/19,1/57
東名,2026-10-01,,10/1 23:32,パチンコ,3801,eﾍﾞﾙｾﾙｸ無双2HM4,0395,-4.2,-0.9,0.7,9,1,3,1/189,1/137,1/53
東名,2026-10-01,,10/1 23:32,パチンコ,3649,eﾏｷﾞｱﾚｺｰﾄﾞ魔法少女まどか☆外伝,0383,0.0,-1.6,-4.0,0,0,0,,1/146,1/379
東名,2026-10-01,,10/1 23:32,パチンコ,3649,eﾏｷﾞｱﾚｺｰﾄﾞ魔法少女まどか☆外伝,0384,-0.9,1.9,0.0,0,3,0,1/93,1/59,
東名,2026-10-01,,10/1 23:32,パチンコ,3764,eﾗｸﾞﾅﾄﾞｰﾙCMB,0362,6.6,-1.9,0.9,18,1,10,1/131,1/215,1/97
東名,2026-10-01,,10/1 23:32,パチンコ,3763,eﾘｺﾘｽ･ﾘｺｲﾙM3,0363,-3.8,5.7,-7.3,6,22,33,1/286,1/116,1/311
東名,2026-10-01,,10/1 23:32,パチンコ,3763,eﾘｺﾘｽ･ﾘｺｲﾙM3,0364,-11.9,4.4,-5.2,1,52,22,1/1255,1/131,1/137
東名,2026-10-01,,10/1 23:32,パチンコ,3770,eﾘﾝｸﾞ 最恐領域RHA,0229,-10.7,8.5,6.0,1,18,11,1/1256,1/498,1/239
東名,2026-10-01,,10/1 23:32,パチンコ,3770,eﾘﾝｸﾞ 最恐領域RHA,0230,-5.4,-0.2,-0.6,0,5,0,1/601,1/192,1/77
東名,2026-10-01,,10/1 23:32,パチンコ,3695,eﾙﾊﾟﾝ三世VSｷｬｯﾂｱｲMAH4,0377,0.0,-4.8,1.8,0,1,5,,1/474,1/131
東名,2026-10-01,,10/1 23:32,パチンコ,2371,P Re:ｾﾞﾛ鬼がかりver.M08,0147,-1.2,-0.9,-4.2,0,0,8,1/111,1/102,1/402
東名,2026-10-01,,10/1 23:32,パチンコ,2371,P Re:ｾﾞﾛ鬼がかりver.M08,0148,-0.3,5.9,-7.8,0,9,1,1/32,1/277,1/909
東名,2026-10-01,,10/1 23:32,パチンコ,3749,P/Re:ｾﾞﾛseason2/M04,0336,-0.8,-0.5,-6.8,11,9,0,1/277,1/484,1/653
東名,2026-10-01,,10/1 23:32,パチンコ,3692,P/Re:ｾﾞﾛから始める異世界生活L07,0310,-2.0,6.9,-2.9,5,9,3,1/299,1/21,1/121
東名,2026-10-01,,10/1 23:32,パチンコ,2831,P009 RE:CYBORG N3-K,0087,-3.4,-0.9,3.9,6,0,29,1/108,1/87,1/60
東名,2026-10-01,,10/1 23:32,パチンコ,2320,P009RE:CYBORGM4-K,0352,-2.5,-6.8,11.2,2,7,33,1/163,1/220,1/99
東名,2026-10-01,,10/1 23:32,パチンコ,3641,PACYBORG009N2-K,0258,-0.1,0.0,3.1,0,0,21,1/6,,1/69
東名,2026-10-01,,10/1 23:32,パチンコ,3548,PAひぐらしのなく頃に･輪廻転生99,0315,-1.0,1.9,-1.1,2,11,6,1/122,1/27,1/75
東名,2026-10-01,,10/1 23:32,パチンコ,3409,PAわんわんｾﾚﾌﾞﾚｰｼｮﾝAGBD,0081,-1.2,0.9,-1.4,6,5,26,1/59,1/34,1/127
東名,2026-10-01,,10/1 23:32,パチンコ,3409,PAわんわんｾﾚﾌﾞﾚｰｼｮﾝAGBD,0082,-3.0,4.0,3.1,16,36,44,1/131,1/60,1/94
東名,2026-10-01,,10/1 23:32,パチンコ,3409,PAわんわんｾﾚﾌﾞﾚｰｼｮﾝAGBD,0083,-1.6,0.2,0.6,24,29,14,1/56,1/72,1/77
東名,2026-10-01,,10/1 23:32,パチンコ,3409,PAわんわんｾﾚﾌﾞﾚｰｼｮﾝAGBD,0084,1.3,-0.9,-1.7,11,6,14,1/132,1/66,1/83
東名,2026-10-01,,10/1 23:32,パチンコ,3729,PA乗物娘2N,0132,-0.3,0.0,0.0,5,0,0,1/109,1/3,
東名,2026-10-01,,10/1 23:32,パチンコ,3538,PA大海物語5HLD,0215,-1.0,-0.1,-1.6,0,4,0,1/117,1/78,1/187
東名,2026-10-01,,10/1 23:32,パチンコ,3538,PA大海物語5HLD,0216,-1.6,-0.3,-1.0,2,0,2,1/248,1/35,1/66
東名,2026-10-01,,10/1 23:32,パチンコ,3824,PA大海物語ｱｸﾞﾈｽﾌﾟﾚﾐｱRBA,0207,-0.6,-1.0,1.4,6,2,6,1/122,1/97,1/23
東名,2026-10-01,,10/1 23:32,パチンコ,3824,PA大海物語ｱｸﾞﾈｽﾌﾟﾚﾐｱRBA,0208,1.4,-1.2,-0.3,11,1,3,1/44,1/209,1/161
東名,2026-10-01,,10/1 23:32,パチンコ,3824,PA大海物語ｱｸﾞﾈｽﾌﾟﾚﾐｱRBA,0209,-0.2,0.4,-1.4,3,8,4,1/108,1/40,1/90
東名,2026-10-01,,10/1 23:32,パチンコ,3824,PA大海物語ｱｸﾞﾈｽﾌﾟﾚﾐｱRBA,0210,0.7,1.5,0.4,18,12,5,1/99,1/84,1/72
東名,2026-10-01,,10/1 23:32,パチンコ,2530,PA新海物語AR BB,0218,-1.1,-0.3,-0.3,0,8,0,1/109,1/60,1/26
東名,2026-10-01,,10/1 23:32,パチンコ,2530,PA新海物語AR BB,0219,2.2,0.0,-1.5,21,0,2,1/85,,1/357
東名,2026-10-01,,10/1 23:32,パチンコ,3601,PA海物語3R3LBA,0194,-1.5,-0.9,-5.0,0,47,22,1/176,1/87,1/170
東名,2026-10-01,,10/1 23:32,パチンコ,3601,PA海物語3R3LBA,0195,-0.1,0.0,1.1,0,0,15,1/5,,1/75
東名,2026-10-01,,10/1 23:32,パチンコ,2275,PA海物語INｼﾞｬﾊﾟﾝ2RA,0217,-0.4,-0.1,0.3,0,0,2,1/36,1/8,1/68
東名,2026-10-01,,10/1 23:32,パチンコ,3712,PA海物語極ｼﾞｬﾊﾟﾝHBD,0192,-0.1,0.0,-0.4,2,0,1,1/69,,1/66
東名,2026-10-01,,10/1 23:32,パチンコ,3712,PA海物語極ｼﾞｬﾊﾟﾝHBD,0193,-1.2,0.0,2.6,4,0,10,1/79,,1/16
東名,2026-10-01,,10/1 23:32,パチンコ,3727,PA清流物語4HBB,0196,-0.9,-0.4,-1.1,8,1,4,1/83,1/53,1/45
東名,2026-10-01,,10/1 23:32,パチンコ,2476,PA激ﾃﾞｼﾞｼﾞｭｰｼｰﾊﾆｰ3NCY,0290,1.0,-2.8,0.5,18,5,19,1/81,1/76,1/120
東名,2026-10-01,,10/1 23:32,パチンコ,3784,PA花の慶次~傾奇一転N,0272,1.9,0.5,2.1,11,8,9,1/31,1/33,1/12
東名,2026-10-01,,10/1 23:32,パチンコ,3784,PA花の慶次~傾奇一転N,0273,-2.2,-0.5,1.8,4,4,10,1/123,1/105,1/87
東名,2026-10-01,,10/1 23:32,パチンコ,3784,PA花の慶次~傾奇一転N,0274,0.0,0.0,0.7,0,0,3,,,1/40
東名,2026-10-01,,10/1 23:32,パチンコ,2183,PA花の慶次~蓮N-V,0282,1.2,-0.1,2.8,11,0,14,1/82,1/9,1/27
東名,2026-10-01,,10/1 23:32,パチンコ,2183,PA花の慶次~蓮N-V,0283,3.6,0.0,-0.6,13,0,0,1/80,,1/47
東名,2026-10-01,,10/1 23:32,パチンコ,2183,PA花の慶次~蓮N-V,0284,0.0,-0.7,-2.2,0,1,6,1/1,1/100,1/60
東名,2026-10-01,,10/1 23:32,パチンコ,3081,PA豊丸ととある企業の最新作2V1,0316,-1.0,-0.1,-1.3,3,0,1,1/177,1/10,1/137
東名,2026-10-01,,10/1 23:32,パチンコ,3081,PA豊丸ととある企業の最新作2V1,0345,-1.8,0.0,0.4,15,0,5,1/116,,1/104
東名,2026-10-01,,10/1 23:32,パチンコ,2338,PA野生の王国5N-K,0324,0.9,-0.7,-1.1,4,17,5,1/43,1/112,1/129
東名,2026-10-01,,10/1 23:32,パチンコ,3707,PA野生の王国6N2,0285,-0.1,-0.6,-0.3,10,10,0,1/147,1/127,1/28
東名,2026-10-01,,10/1 23:32,パチンコ,2425,PA野生の王国どらむN-K1 YT299,0296,-0.3,-2.8,-3.3,9,4,3,1/90,1/461,1/134
東名,2026-10-01,,10/1 23:32,パチンコ,3666,PAｱｽﾞｰﾙﾚｰﾝ~異次元ﾄﾘｶﾞｰ79Ver.~M2,0311,-1.2,-1.9,-1.0,13,2,11,1/108,1/209,1/89
東名,2026-10-01,,10/1 23:32,パチンコ,2395,PAｷﾞﾝﾊﾟﾗ夢幻ｶｰﾆﾊﾞﾙHBA,0092,0.0,-0.1,-3.1,0,19,4,,1/357,1/222
東名,2026-10-01,,10/1 23:32,パチンコ,3372,PAｺﾏｺﾏ倶楽部with坂本冬美LOOP1,0291,0.4,-0.6,0.8,12,7,10,1/48,1/118,1/57
東名,2026-10-01,,10/1 23:32,パチンコ,3668,PAｼﾝ･ｴｳﾞｧﾝｹﾞﾘｵﾝY,0318,0.5,1.0,-0.5,10,12,12,1/78,1/92,1/98
東名,2026-10-01,,10/1 23:32,パチンコ,3668,PAｼﾝ･ｴｳﾞｧﾝｹﾞﾘｵﾝY,0319,-0.3,-0.7,0.7,5,6,12,1/71,1/115,1/119
東名,2026-10-01,,10/1 23:32,パチンコ,3338,PAｽｰﾊﾟｰ海物語IN地中海2HLA,0213,-0.2,-0.9,-0.6,0,0,2,1/17,1/127,1/123
東名,2026-10-01,,10/1 23:32,パチンコ,3338,PAｽｰﾊﾟｰ海物語IN地中海2HLA,0214,-0.1,-0.6,-0.8,4,0,0,1/25,1/46,1/76
東名,2026-10-01,,10/1 23:32,パチンコ,2716,PAｽｰﾊﾟｰ海物語IN沖縄5YBA,0197,2.0,1.1,0.8,27,13,8,1/43,1/90,1/33
東名,2026-10-01,,10/1 23:32,パチンコ,2716,PAｽｰﾊﾟｰ海物語IN沖縄5YBA,0198,-1.7,-1.8,-0.6,0,2,9,1/216,1/110,1/69
東名,2026-10-01,,10/1 23:32,パチンコ,3783,PAｽｰﾊﾟｰ海物語IN沖縄6RBD,0220,-0.1,0.0,-0.3,1,0,0,1/36,,1/36
東名,2026-10-01,,10/1 23:32,パチンコ,3783,PAｽｰﾊﾟｰ海物語IN沖縄6RBD,0221,0.7,0.1,0.3,9,6,3,1/31,1/92,1/51
東名,2026-10-01,,10/1 23:32,パチンコ,3723,PAﾌｨｰﾊﾞｰうたわれるものY,0288,-1.2,-0.4,10.6,0,1,37,1/151,1/61,1/27
東名,2026-10-01,,10/1 23:32,パチンコ,3643,PAﾌｨｰﾊﾞｰ機動戦士ｶﾞﾝﾀﾞﾑﾕﾆｺｰﾝ2 AR,0329,1.6,-2.5,-0.4,13,3,0,1/55,1/114,1/45
東名,2026-10-01,,10/1 23:32,パチンコ,2913,PAﾌｨｰﾊﾞｰ起動戦士ｶﾞﾝﾀﾞﾑﾕﾆｺｰﾝbY,0077,-0.3,-0.9,-1.4,0,21,25,1/21,1/68,1/75
東名,2026-10-01,,10/1 23:32,パチンコ,3776,PAﾌｨｰﾊﾞｰｸｨｰﾝⅡYS,0292,-0.7,-0.3,-1.3,0,0,0,1/71,1/31,1/135
東名,2026-10-01,,10/1 23:32,パチンコ,3202,PAﾌｨｰﾊﾞｰﾊﾟﾜﾌﾙR,0095,-0.9,-0.2,-4.1,9,3,3,1/77,1/104,1/247
東名,2026-10-01,,10/1 23:32,パチンコ,3202,PAﾌｨｰﾊﾞｰﾊﾟﾜﾌﾙR,0096,-0.2,-3.4,-1.6,5,10,4,1/46,1/85,1/143
東名,2026-10-01,,10/1 23:32,パチンコ,3411,PCYBORG009VS3-K,0337,1.1,0.0,-3.1,11,0,1,1/152,,1/352
東名,2026-10-01,,10/1 23:32,パチンコ,2976,PGO!GO!ﾏﾘﾝ3000HCD,0350,0.0,-1.9,-7.6,0,0,2,,1/205,1/396
東名,2026-10-01,,10/1 23:32,パチンコ,3534,PLT OVERLORD魔導王光臨ARC,0343,0.0,-0.4,-1.1,0,0,1,,1/48,1/138
東名,2026-10-01,,10/1 23:32,パチンコ,3599,PLT世界でいちばん強くなりたいMQ,0330,-0.1,5.2,-0.6,2,56,0,1/49,1/5,1/74
東名,2026-10-01,,10/1 23:32,パチンコ,3592,PToLOVEるﾀﾞｰｸﾈｽL0YU1,0255,-2.2,-1.6,-1.1,11,1,0,1/66,1/173,1/117
東名,2026-10-01,,10/1 23:32,パチンコ,3457,PToLOVEるﾀﾞｰｸﾈｽL9YZ4,0151,-7.1,1.6,1.2,2,10,10,1/370,1/102,1/172
東名,2026-10-01,,10/1 23:32,パチンコ,3546,Pうまい棒2おかわりちょちょちょ,0308,-1.8,-2.5,-1.3,0,5,0,1/9,1/51,1/5
東名,2026-10-01,,10/1 23:32,パチンコ,3546,Pうまい棒2おかわりちょちょちょ,0309,-1.8,-1.6,-0.2,0,0,4,1/15,1/10,1/24
東名,2026-10-01,,10/1 23:32,パチンコ,3762,Pえとたま2SE,0320,-1.8,-2.4,3.3,0,2,18,1/194,1/138,1/43
東名,2026-10-01,,10/1 23:32,パチンコ,2833,Pとある科学 最強御坂VerRXZ,0347,-0.3,-2.8,-1.2,0,2,23,1/17,1/150,1/70
東名,2026-10-01,,10/1 23:32,パチンコ,3374,Pとある科学の超電磁砲2JMB,0263,0.0,-0.9,-0.9,0,0,0,,1/101,1/75
東名,2026-10-01,,10/1 23:32,パチンコ,3374,Pとある科学の超電磁砲2JMB,0264,0.0,-0.1,0.0,0,0,0,,1/14,
東名,2026-10-01,,10/1 23:32,パチンコ,3150,Pとある魔術の禁書目録2JMZ,0304,0.0,-2.6,0.0,0,0,4,,1/266,1/322
東名,2026-10-01,,10/1 23:32,パチンコ,3150,Pとある魔術の禁書目録2JMZ,0305,-1.4,0.3,-0.6,2,6,0,1/150,1/442,1/68
東名,2026-10-01,,10/1 23:32,パチンコ,3447,Pにゃんこ大戦争~多様性のﾈｺ~M4,0137,4.7,1.5,-0.3,8,2,0,1/89,1/12,1/22
東名,2026-10-01,,10/1 23:32,パチンコ,3447,Pにゃんこ大戦争~多様性のﾈｺ~M4,0138,-0.1,7.5,0.9,1,12,2,1/34,1/119,1/78
東名,2026-10-01,,10/1 23:32,パチンコ,3500,P世界最高の暗殺者JMB,0307,-4.2,-0.4,-0.6,3,0,0,1/246,1/38,1/55
東名,2026-10-01,,10/1 23:32,パチンコ,3413,P中森明菜･歌姫伝説愛KD-NS,0079,2.2,-0.2,0.4,22,6,2,1/61,1/148,1/35
東名,2026-10-01,,10/1 23:32,パチンコ,3148,P中森明菜･歌姫伝説極KM-TF,0331,0.0,-0.1,0.9,0,0,2,,1/4,1/44
東名,2026-10-01,,10/1 23:32,パチンコ,3539,P俺の妹がこんなに可愛いわけが,0333,2.2,-0.3,0.0,8,3,0,1/10,1/113,
東名,2026-10-01,,10/1 23:32,パチンコ,2443,P元祖ｷﾞﾝｷﾞﾗﾊﾟﾗﾀﾞｲｽHCB,0091,0.0,0.0,-0.3,0,0,1,,,1/54
東名,2026-10-01,,10/1 23:32,パチンコ,2167,P冬のｿﾅﾀForeverM2,0141,-1.8,-0.3,-0.8,0,3,4,1/183,1/218,1/290
東名,2026-10-01,,10/1 23:32,パチンコ,3234,P化物語2GRPA,0300,-0.7,-0.2,-0.2,0,9,0,1/68,1/104,1/14
東名,2026-10-01,,10/1 23:32,パチンコ,2408,P北斗の拳8究極乱世SSF,0293,-0.6,2.9,-0.3,1,14,1,1/75,1/16,1/55
東名,2026-10-01,,10/1 23:32,パチンコ,3200,P北斗の拳強敵SSPA,0128,-0.2,-0.4,-0.1,5,0,0,1/73,1/34,1/16
東名,2026-10-01,,10/1 23:32,パチンコ,3200,P北斗の拳強敵SSPA,0129,-0.1,-0.8,-0.1,0,1,0,1/6,1/88,1/13
東名,2026-10-01,,10/1 23:32,パチンコ,3200,P北斗の拳強敵SSPA,0130,-0.1,0.0,0.4,0,0,3,1/9,,1/34
東名,2026-10-01,,10/1 23:32,パチンコ,3200,P北斗の拳強敵SSPA,0131,0.0,-2.4,-0.4,0,0,0,,1/230,1/44
東名,2026-10-01,,10/1 23:32,パチンコ,2896,P北斗の拳暴凶星SFPA,0125,-0.4,-0.1,-0.6,0,0,0,1/46,1/14,1/59
東名,2026-10-01,,10/1 23:32,パチンコ,2896,P北斗の拳暴凶星SFPA,0126,-1.1,-1.2,-1.8,1,0,0,1/206,1/122,1/177
東名,2026-10-01,,10/1 23:32,パチンコ,2896,P北斗の拳暴凶星SFPA,0127,-0.7,-0.8,-0.5,0,0,0,1/60,1/75,1/53
東名,2026-10-01,,10/1 23:32,パチンコ,2803,P地獄少女覚醒3000Ver FHZ,0289,0.0,0.0,0.0,0,0,0,,,
東名,2026-10-01,,10/1 23:32,パチンコ,3424,P大海物語5ｽﾍﾟｼｬﾙALTA,0203,-4.5,-3.1,1.1,4,7,7,1/283,1/233,1/159
東名,2026-10-01,,10/1 23:32,パチンコ,3424,P大海物語5ｽﾍﾟｼｬﾙALTA,0204,-5.0,-1.1,-0.4,1,0,0,1/663,1/100,1/47
東名,2026-10-01,,10/1 23:32,パチンコ,3424,P大海物語5ｽﾍﾟｼｬﾙALTA,0205,-1.1,-2.9,0.0,9,1,0,1/400,1/428,
東名,2026-10-01,,10/1 23:32,パチンコ,3424,P大海物語5ｽﾍﾟｼｬﾙALTA,0206,-5.1,2.0,-3.8,9,14,8,1/669,1/238,1/386
東名,2026-10-01,,10/1 23:32,パチンコ,2770,P天才ﾊﾞｶﾎﾞﾝ6FD-RS,0351,6.9,-0.3,-1.0,20,0,1,1/102,1/33,1/119
東名,2026-10-01,,10/1 23:32,パチンコ,3203,P天才ﾊﾞｶﾎﾞﾝ7~福神ｽﾍﾟｯｸ~LTH-JH,0302,-0.1,2.8,-2.9,6,10,3,1/37,1/56,1/97
東名,2026-10-01,,10/1 23:32,パチンコ,2494,P宇宙戦艦ﾔﾏﾄ2022 ONLYONE R,0317,2.9,-3.7,2.2,24,0,17,1/159,1/357,1/131
東名,2026-10-01,,10/1 23:32,パチンコ,3410,P宇宙戦艦ﾔﾏﾄ2202-3G,0265,0.0,1.4,-1.3,0,7,0,,1/317,1/152
東名,2026-10-01,,10/1 23:32,パチンコ,3410,P宇宙戦艦ﾔﾏﾄ2202-3G,0266,0.0,-1.6,-0.1,0,0,0,,1/209,1/4
東名,2026-10-01,,10/1 23:32,パチンコ,3591,P宇宙戦艦ﾔﾏﾄ2202-3MF,0140,3.9,-2.0,-0.6,12,1,1,1/226,1/322,1/179
東名,2026-10-01,,10/1 23:32,パチンコ,2266,P宇宙戦艦ﾔﾏﾄ2202bS,0299,1.9,-4.1,-0.7,7,2,1,1/117,1/455,1/89
東名,2026-10-01,,10/1 23:32,パチンコ,3161,P弾球黙示録ｶｲｼﾞ沼5V1U,0261,0.0,-0.7,0.0,0,0,0,,1/67,
東名,2026-10-01,,10/1 23:32,パチンコ,3161,P弾球黙示録ｶｲｼﾞ沼5V1U,0262,2.5,0.0,8.9,5,0,13,1/39,,1/51
東名,2026-10-01,,10/1 23:32,パチンコ,3669,P戦国乙女7H0YZ3,0252,0.0,10.2,-0.9,0,30,1,,1/123,1/185
東名,2026-10-01,,10/1 23:32,パチンコ,3748,P戦国乙女7L0YU1,0268,0.0,-0.5,-0.7,0,0,0,,1/58,1/77
東名,2026-10-01,,10/1 23:32,パチンコ,3748,P戦国乙女7L0YU1,0269,-0.3,-0.6,-2.6,0,0,2,1/22,1/59,1/151
東名,2026-10-01,,10/1 23:32,パチンコ,3748,P戦国乙女7L0YU1,0270,-1.4,-0.6,-0.4,1,0,1,1/160,1/58,1/61
東名,2026-10-01,,10/1 23:32,パチンコ,2767,P戦国乙女ﾚｼﾞｪﾝﾄﾞﾊﾞﾄﾙ9YU1Y,0294,-0.1,-1.2,-0.2,0,9,0,1/4,1/145,1/22
東名,2026-10-01,,10/1 23:32,パチンコ,3617,P戦国無双HM3,0278,-0.3,-0.5,5.2,0,0,12,1/46,1/83,1/43
東名,2026-10-01,,10/1 23:32,パチンコ,3617,P戦国無双HM3,0279,-1.4,-2.9,-0.3,1,0,0,1/289,1/556,1/71
東名,2026-10-01,,10/1 23:32,パチンコ,2361,P新世紀ｴｳﾞｧﾝｹﾞﾘｵﾝ15 未来への咆哮,0169,4.0,-0.8,-0.6,8,0,3,1/185,1/87,1/253
東名,2026-10-01,,10/1 23:32,パチンコ,2361,P新世紀ｴｳﾞｧﾝｹﾞﾘｵﾝ15 未来への咆哮,0170,-1.7,-5.0,-0.6,1,8,0,1/175,1/342,1/60
東名,2026-10-01,,10/1 23:32,パチンコ,2361,P新世紀ｴｳﾞｧﾝｹﾞﾘｵﾝ15 未来への咆哮,0171,-2.3,7.1,0.0,0,14,0,1/273,1/143,1/1
東名,2026-10-01,,10/1 23:32,パチンコ,2361,P新世紀ｴｳﾞｧﾝｹﾞﾘｵﾝ15 未来への咆哮,0172,-0.6,-3.1,-2.5,0,0,1,1/62,1/366,1/314
東名,2026-10-01,,10/1 23:32,パチンコ,2361,P新世紀ｴｳﾞｧﾝｹﾞﾘｵﾝ15 未来への咆哮,0173,-3.7,-1.5,-4.5,1,0,3,1/423,1/161,1/264
東名,2026-10-01,,10/1 23:32,パチンコ,2361,P新世紀ｴｳﾞｧﾝｹﾞﾘｵﾝ15 未来への咆哮,0174,0.0,-0.2,-0.5,0,4,0,,1/309,1/54
東名,2026-10-01,,10/1 23:32,パチンコ,2361,P新世紀ｴｳﾞｧﾝｹﾞﾘｵﾝ15 未来への咆哮,0175,-1.5,-1.8,-1.3,1,4,9,1/194,1/492,1/433
東名,2026-10-01,,10/1 23:32,パチンコ,2361,P新世紀ｴｳﾞｧﾝｹﾞﾘｵﾝ15 未来への咆哮,0176,2.4,-2.0,-6.2,12,2,2,1/113,1/123,1/694
東名,2026-10-01,,10/1 23:32,パチンコ,3022,P新世紀ｴｳﾞｧﾝｹﾞﾘｵﾝ15未来への咆哮F,0257,-0.3,-0.9,-0.1,0,6,0,1/32,1/113,1/4
東名,2026-10-01,,10/1 23:32,パチンコ,3181,P新世紀ｴｳﾞｧﾝｹﾞﾘｵﾝ15未来への咆哮Y,0123,0.5,-2.7,-1.7,8,1,0,1/131,1/293,1/166
東名,2026-10-01,,10/1 23:32,パチンコ,3181,P新世紀ｴｳﾞｧﾝｹﾞﾘｵﾝ15未来への咆哮Y,0124,-0.3,-1.1,1.7,7,2,7,1/78,1/98,1/109
東名,2026-10-01,,10/1 23:32,パチンコ,3420,P江頭2:50 inﾅﾅｼｰV3,0303,-0.9,-0.8,-1.2,0,0,1,1/94,1/80,1/155
東名,2026-10-01,,10/1 23:32,パチンコ,3714,P沖ﾄﾞｷ!LG,0286,-1.8,-1.2,-5.6,0,0,2,1/10,1/11,1/38
東名,2026-10-01,,10/1 23:32,パチンコ,2157,P海物語E,0089,-0.8,0.0,0.0,0,0,0,1/105,,
東名,2026-10-01,,10/1 23:32,パチンコ,2157,P海物語E,0090,0.0,0.0,0.0,0,0,0,,,
東名,2026-10-01,,10/1 23:32,パチンコ,2157,P海物語E,0146,-0.1,0.0,-0.1,0,0,0,1/11,,1/12
東名,2026-10-01,,10/1 23:32,パチンコ,2157,P海物語E,0211,0.0,-0.2,2.0,0,0,4,,1/27,1/121
東名,2026-10-01,,10/1 23:32,パチンコ,2157,P海物語E,0212,-1.1,-0.4,-0.1,0,0,6,1/103,1/31,1/495
東名,2026-10-01,,10/1 23:32,パチンコ,3024,P消されたﾙﾊﾟﾝ9YU1Y,0287,0.7,-3.6,-0.5,7,6,0,1/161,1/99,1/43
東名,2026-10-01,,10/1 23:32,パチンコ,3252,P牙狼11~冴島大河~XX-MU,0159,-0.3,-2.5,1.3,0,2,3,1/32,1/382,1/37
東名,2026-10-01,,10/1 23:32,パチンコ,3252,P牙狼11~冴島大河~XX-MU,0160,-2.9,-0.2,16.3,2,0,23,1/404,1/17,1/8
東名,2026-10-01,,10/1 23:32,パチンコ,3252,P牙狼11~冴島大河~XX-MU,0161,0.0,-1.7,-0.8,0,4,0,,1/179,1/93
東名,2026-10-01,,10/1 23:32,パチンコ,2412,P真北斗無双3ｼﾞｬｷﾞの逆襲GEE,0325,-0.9,-1.4,-2.7,0,0,0,1/86,1/117,1/306
東名,2026-10-01,,10/1 23:32,パチンコ,2391,P真北斗無双FWQG,0162,1.7,3.0,-3.4,12,8,0,1/401,1/163,1/314
東名,2026-10-01,,10/1 23:32,パチンコ,2391,P真北斗無双FWQG,0163,-1.5,-4.6,4.4,3,2,11,1/221,1/513,1/122
東名,2026-10-01,,10/1 23:32,パチンコ,2391,P真北斗無双FWQG,0164,-2.2,-0.1,-2.3,2,1,0,1/179,1/62,1/229
東名,2026-10-01,,10/1 23:32,パチンコ,2391,P真北斗無双FWQG,0165,-0.3,-2.0,0.0,0,0,0,1/27,1/207,
東名,2026-10-01,,10/1 23:32,パチンコ,2391,P真北斗無双FWQG,0166,-2.6,-0.7,0.0,0,3,0,1/273,1/135,
東名,2026-10-01,,10/1 23:32,パチンコ,2391,P真北斗無双FWQG,0167,0.0,-1.5,0.0,0,0,0,,1/150,
東名,2026-10-01,,10/1 23:32,パチンコ,2391,P真北斗無双FWQG,0168,0.7,-0.9,-0.3,4,0,0,1/247,1/106,1/31
東名,2026-10-01,,10/1 23:32,パチンコ,2978,P真･一騎当千~桃園の誓い~FM-JT,0139,-0.3,-0.4,0.0,0,0,0,1/21,1/47,
東名,2026-10-01,,10/1 23:32,パチンコ,2978,P真･一騎当千~桃園の誓い~FM-JT,0154,0.0,-1.5,0.0,0,0,0,,1/136,
東名,2026-10-01,,10/1 23:32,パチンコ,3453,P真･一騎当千~桃園の誓い~LTH-FH,0332,-0.7,-1.5,-0.5,1,3,1,1/119,1/94,1/89
東名,2026-10-01,,10/1 23:32,パチンコ,3162,P真･花の慶次3N-K,0097,-1.1,-1.8,-0.3,3,1,6,1/74,1/197,1/153
東名,2026-10-01,,10/1 23:32,パチンコ,3162,P真･花の慶次3N-K,0098,-0.1,0.0,-0.5,0,0,0,1/14,,1/52
東名,2026-10-01,,10/1 23:32,パチンコ,3162,P真･花の慶次3N-K,0099,-0.6,0.0,-0.4,0,0,0,1/74,,1/44
東名,2026-10-01,,10/1 23:32,パチンコ,3205,P緋弾のｱﾘｱ ~緋緋神降臨~LT搭載FSZ,0088,0.0,-0.3,7.6,0,0,10,,1/31,1/12
東名,2026-10-01,,10/1 23:32,パチンコ,3535,P緋弾のｱﾘｱ~緋緋神降臨~199Ver.FQU,0328,0.0,-0.9,-4.7,0,5,1,,1/374,1/525
東名,2026-10-01,,10/1 23:32,パチンコ,3596,P織田信奈の野望全国版V1D,0271,0.0,-1.2,-1.9,0,0,0,,1/122,1/233
東名,2026-10-01,,10/1 23:32,パチンコ,3596,P織田信奈の野望全国版V1D,0348,0.0,-0.1,-1.2,0,1,4,,1/27,1/125
東名,2026-10-01,,10/1 23:32,パチンコ,3790,P織田信奈の野望全国版V4A,0297,-1.6,-0.6,-2.3,1,0,3,1/447,1/138,1/257
東名,2026-10-01,,10/1 23:32,パチンコ,3513,P花の慶次~裂N2-VC,0259,1.5,-0.6,2.7,4,0,10,1/30,1/53,1/121
東名,2026-10-01,,10/1 23:32,パチンコ,3513,P花の慶次~裂N2-VC,0260,0.0,-2.6,-0.1,0,5,1,,1/69,1/28
東名,2026-10-01,,10/1 23:32,パチンコ,3314,P貞子FMD,0253,0.0,0.0,-0.3,0,0,0,,,1/37
東名,2026-10-01,,10/1 23:32,パチンコ,3667,P頭文字D2GCPC,0313,4.4,6.1,-1.9,55,54,2,1/99,1/46,1/106
東名,2026-10-01,,10/1 23:32,パチンコ,3278,P魔法少女まどか☆ﾏｷﾞｶ3LM3,0155,1.4,-0.6,-0.1,4,0,0,1/121,1/58,1/6
東名,2026-10-01,,10/1 23:32,パチンコ,3278,P魔法少女まどか☆ﾏｷﾞｶ3LM3,0156,-0.1,0.0,0.0,0,0,0,1/2,,
東名,2026-10-01,,10/1 23:32,パチンコ,3278,P魔法少女まどか☆ﾏｷﾞｶ3LM3,0157,-0.1,1.4,-1.4,0,3,1,1/15,1/58,1/144
東名,2026-10-01,,10/1 23:32,パチンコ,3278,P魔法少女まどか☆ﾏｷﾞｶ3LM3,0158,0.0,0.0,-0.9,0,0,1,,,1/120
東名,2026-10-01,,10/1 23:32,パチンコ,3732,P黄門ちゃま9AD2,0267,-4.4,-0.2,-0.8,1,0,0,1/529,1/25,1/96
東名,2026-10-01,,10/1 23:32,パチンコ,3316,PｱｽﾞｰﾙﾚｰﾝTHE ANIMATION~ﾄﾘｶﾞｰ199~,0149,0.0,-0.1,0.0,0,0,0,,1/5,
東名,2026-10-01,,10/1 23:32,パチンコ,3316,PｱｽﾞｰﾙﾚｰﾝTHE ANIMATION~ﾄﾘｶﾞｰ199~,0150,0.0,3.9,-1.1,0,10,0,,1/45,1/101
東名,2026-10-01,,10/1 23:32,パチンコ,3552,Pｱﾅｻﾞｰｺﾞｯﾄﾞﾊｰﾃﾞｽ3SB,0342,0.0,0.0,-0.6,0,0,2,,,1/85
東名,2026-10-01,,10/1 23:32,パチンコ,3276,Pｸｲｰﾝｽﾞﾌﾞﾚｲﾄﾞ4V1D,0145,0.0,1.8,-3.1,0,5,0,,1/143,1/290
東名,2026-10-01,,10/1 23:32,パチンコ,3655,Pｸｲｰﾝｽﾞﾌﾞﾚｲﾄﾞ奈落V1C,0326,0.0,0.0,0.1,0,0,1,,,1/68
東名,2026-10-01,,10/1 23:32,パチンコ,3201,Pｺｰﾄﾞｷﾞｱｽ 反逆のﾙﾙｰｼｭ3Y,0086,1.2,3.1,4.4,19,31,41,1/50,1/73,1/61
東名,2026-10-01,,10/1 23:32,パチンコ,2695,Pｺﾞｼﾞﾗ対ｴｳﾞｧﾝｹﾞﾘｵﾝ G細胞覚醒L,0298,-0.1,-1.9,-0.3,0,1,1,1/6,1/276,1/94
東名,2026-10-01,,10/1 23:32,パチンコ,3721,Pｺﾞｼﾞﾗ対ｴｳﾞｧﾝｹﾞﾘｵﾝ2LV,0280,-4.4,-1.1,1.7,1,1,22,1/908,1/256,1/186
東名,2026-10-01,,10/1 23:32,パチンコ,3259,Pｺﾞﾌﾞﾘﾝｽﾚｲﾔｰ ﾗｯｷｰﾄﾘｶﾞｰVerJVR,0256,-1.0,0.0,0.3,0,0,6,1/100,,1/247
東名,2026-10-01,,10/1 23:32,パチンコ,3141,Pｼﾝ･ｴｳﾞｧﾝｹﾞﾘｵﾝX,0117,-0.4,0.0,8.9,0,0,13,1/40,,1/52
東名,2026-10-01,,10/1 23:32,パチンコ,3141,Pｼﾝ･ｴｳﾞｧﾝｹﾞﾘｵﾝX,0118,8.1,7.9,0.0,12,20,0,1/72,1/146,
東名,2026-10-01,,10/1 23:32,パチンコ,3141,Pｼﾝ･ｴｳﾞｧﾝｹﾞﾘｵﾝX,0119,5.9,-0.8,0.0,9,0,0,1/50,1/86,
東名,2026-10-01,,10/1 23:32,パチンコ,3141,Pｼﾝ･ｴｳﾞｧﾝｹﾞﾘｵﾝX,0120,0.0,-0.9,-0.3,0,0,0,,1/96,1/36
東名,2026-10-01,,10/1 23:32,パチンコ,3141,Pｼﾝ･ｴｳﾞｧﾝｹﾞﾘｵﾝX,0121,0.0,-1.2,0.0,0,0,0,,1/128,
東名,2026-10-01,,10/1 23:32,パチンコ,3141,Pｼﾝ･ｴｳﾞｧﾝｹﾞﾘｵﾝX,0122,5.0,0.0,-1.3,8,0,0,1/54,,1/141
東名,2026-10-01,,10/1 23:32,パチンコ,3603,Pｼﾞｭｰｼｰﾊﾆｰ極嬢77LT-ARB,0078,0.8,0.0,-1.1,8,0,0,1/86,,1/102
東名,2026-10-01,,10/1 23:32,パチンコ,3501,Pｼﾞｭｰｼｰﾊﾆｰ極嬢MA,0344,0.0,-0.1,-0.8,0,0,0,,1/12,1/92
東名,2026-10-01,,10/1 23:32,パチンコ,3681,Pｽｰﾊﾟｰ海物語IN沖縄6LTP,0199,-0.5,1.7,7.8,0,6,16,1/47,1/349,1/59
東名,2026-10-01,,10/1 23:32,パチンコ,3681,Pｽｰﾊﾟｰ海物語IN沖縄6LTP,0200,-0.9,-0.2,3.0,3,1,10,1/408,1/117,1/280
東名,2026-10-01,,10/1 23:32,パチンコ,3681,Pｽｰﾊﾟｰ海物語IN沖縄6LTP,0201,0.0,-0.5,-1.2,0,0,0,,1/66,1/135
東名,2026-10-01,,10/1 23:32,パチンコ,3681,Pｽｰﾊﾟｰ海物語IN沖縄6LTP,0202,0.0,7.9,1.5,0,13,4,,1/183,1/222
東名,2026-10-01,,10/1 23:32,パチンコ,3564,PｿﾞﾝﾋﾞﾗﾝﾄﾞｻｶﾞSCPC,0093,0.0,0.0,0.0,0,0,0,,,
東名,2026-10-01,,10/1 23:32,パチンコ,3564,PｿﾞﾝﾋﾞﾗﾝﾄﾞｻｶﾞSCPC,0094,0.0,0.0,0.0,0,0,0,,,
東名,2026-10-01,,10/1 23:32,パチンコ,3593,Pﾃﾞｼﾞﾊﾈ北斗の拳慈母SSPC,0100,0.0,2.2,0.0,0,13,0,,1/33,
東名,2026-10-01,,10/1 23:32,パチンコ,3593,Pﾃﾞｼﾞﾊﾈ北斗の拳慈母SSPC,0101,0.0,-0.1,-0.1,0,0,1,,1/9,1/50
東名,2026-10-01,,10/1 23:32,パチンコ,3593,Pﾃﾞｼﾞﾊﾈ北斗の拳慈母SSPC,0102,-0.2,-0.7,-0.2,0,2,5,1/23,1/47,1/83
東名,2026-10-01,,10/1 23:32,パチンコ,3593,Pﾃﾞｼﾞﾊﾈ北斗の拳慈母SSPC,0103,-0.4,-2.8,1.3,0,8,12,1/35,1/102,1/68
東名,2026-10-01,,10/1 23:32,パチンコ,3176,Pﾃﾞｼﾞﾊﾈ聖戦士ﾀﾞﾝﾊﾞｲﾝ2SSPB,0321,-1.1,-0.4,0.1,7,0,6,1/206,1/43,1/27
東名,2026-10-01,,10/1 23:32,パチンコ,3176,Pﾃﾞｼﾞﾊﾈ聖戦士ﾀﾞﾝﾊﾞｲﾝ2SSPB,0322,-0.8,-0.4,-0.5,0,7,6,1/78,1/114,1/112
東名,2026-10-01,,10/1 23:32,パチンコ,3602,PﾃﾞｼﾞﾊﾈﾓﾝｽﾀｰﾊﾝﾀｰﾗｲｽﾞGSPB,0152,-0.1,-1.8,-3.4,0,0,4,1/13,1/189,1/148
東名,2026-10-01,,10/1 23:32,パチンコ,3602,PﾃﾞｼﾞﾊﾈﾓﾝｽﾀｰﾊﾝﾀｰﾗｲｽﾞGSPB,0153,-0.5,-0.2,-0.3,0,1,0,1/51,1/27,1/35
東名,2026-10-01,,10/1 23:32,パチンコ,2996,Pﾃﾞﾋﾞﾙﾏﾝ黄金黙示録N-K1 YT250,0312,-4.7,1.4,-0.6,13,18,8,1/117,1/58,1/41
東名,2026-10-01,,10/1 23:32,パチンコ,3642,Pﾄﾞﾗﾑだ!金ﾄﾞﾝSB,0301,2.4,0.0,0.0,13,0,0,1/8,,
東名,2026-10-01,,10/1 23:32,パチンコ,3179,PﾆｭｰﾄｷｵGREENV1,0341,0.5,0.4,-1.4,5,8,14,1/15,1/27,1/26
東名,2026-10-01,,10/1 23:32,パチンコ,3515,PﾊﾈﾓﾉﾌｧﾐﾘｰｽﾀｼﾞｱﾑMD,0338,-1.6,0.4,1.3,18,6,12,1/31,1/24,1/24
東名,2026-10-01,,10/1 23:32,パチンコ,3515,PﾊﾈﾓﾉﾌｧﾐﾘｰｽﾀｼﾞｱﾑMD,0339,-0.5,-0.3,-0.1,2,2,1,1/34,1/34,1/59
東名,2026-10-01,,10/1 23:32,パチンコ,3235,PﾊﾞｲｵﾊｻﾞｰﾄﾞRE2L9YZ4,0346,-4.0,-0.3,-1.3,1,8,1,1/426,1/267,1/145
東名,2026-10-01,,10/1 23:32,パチンコ,3361,PﾊﾞﾝﾄﾞﾘH1YZ4,0327,-2.3,-0.1,1.8,0,0,8,1/219,1/9,1/109
東名,2026-10-01,,10/1 23:32,パチンコ,3537,PﾊﾞﾝﾄﾞﾘL1AU1,0306,-2.2,-2.6,-1.8,3,4,0,1/355,1/120,1/194
東名,2026-10-01,,10/1 23:32,パチンコ,3090,PﾌｨｰﾊﾞｰからくりｻｰｶｽY,0323,-1.2,-1.0,-0.1,0,0,0,1/116,1/120,1/7
東名,2026-10-01,,10/1 23:32,パチンコ,3722,Pﾌｨｰﾊﾞｰ彼女、お借りしますLR,0281,-0.7,-1.1,-1.3,1,1,2,1/179,1/218,1/277
東名,2026-10-01,,10/1 23:32,パチンコ,3526,Pﾌｨｰﾊﾞｰ戦姫絶唱ｼﾝﾌｫｷﾞｱ4Z,0133,-1.3,-0.5,-0.1,3,0,0,1/101,1/54,1/6
東名,2026-10-01,,10/1 23:32,パチンコ,3526,Pﾌｨｰﾊﾞｰ戦姫絶唱ｼﾝﾌｫｷﾞｱ4Z,0134,-0.1,-0.5,0.0,0,0,0,1/3,1/50,
東名,2026-10-01,,10/1 23:32,パチンコ,3526,Pﾌｨｰﾊﾞｰ戦姫絶唱ｼﾝﾌｫｷﾞｱ4Z,0135,-0.4,-0.3,0.0,0,0,0,1/39,1/31,
東名,2026-10-01,,10/1 23:32,パチンコ,3526,Pﾌｨｰﾊﾞｰ戦姫絶唱ｼﾝﾌｫｷﾞｱ4Z,0136,6.5,-0.6,-0.2,12,0,1,1/71,1/60,1/69
東名,2026-10-01,,10/1 23:32,パチンコ,3597,Pﾌｨｰﾊﾞｰ機動戦士ｶﾞﾝﾀﾞﾑﾕﾆｺｰﾝ2 Y,0254,0.0,-2.2,-1.4,0,1,0,,1/218,1/162
東名,2026-10-01,,10/1 23:32,パチンコ,2872,Pﾌｨｰﾊﾞｰ炎炎ﾉ消防隊G,0275,-3.2,-1.7,-1.3,1,3,1,1/488,1/235,1/227
東名,2026-10-01,,10/1 23:32,パチンコ,2872,Pﾌｨｰﾊﾞｰ炎炎ﾉ消防隊G,0276,-0.6,-2.6,-0.8,4,0,0,1/431,1/292,1/90
東名,2026-10-01,,10/1 23:32,パチンコ,2872,Pﾌｨｰﾊﾞｰ炎炎ﾉ消防隊G,0277,-1.9,-0.7,-0.8,0,0,0,1/201,1/64,1/86
東名,2026-10-01,,10/1 23:32,パチンコ,3261,Pﾌｨｰﾊﾞｰ炎炎ﾉ消防隊YR,0076,0.0,0.0,-0.1,0,0,0,,,1/16
東名,2026-10-01,,10/1 23:32,パチンコ,2967,PﾌｨｰﾊﾞｰｸｨｰﾝⅡV,0295,-0.1,-1.2,-0.1,0,3,6,1/3,1/175,1/61
東名,2026-10-01,,10/1 23:32,パチンコ,3514,Pﾌﾞﾗｯｸﾗｸﾞｰﾝ4GCPA,0334,-0.8,-0.2,-1.7,6,0,0,1/61,1/25,1/154
東名,2026-10-01,,10/1 23:32,パチンコ,2949,Pﾌﾞﾗｯｸﾗｸﾞｰﾝ4GFPJ,0349,6.8,0.0,-0.1,6,0,0,1/70,,1/9
東名,2026-10-01,,10/1 23:32,パチンコ,3152,Pﾎﾟﾁｯと一発おだてﾌﾞﾀ2V1,0340,0.9,1.4,-0.7,51,73,13,1/20,1/21,1/27
東名,2026-10-01,,10/1 23:32,パチンコ,3703,PﾒｲﾄﾞｲﾝｱﾋﾞｽSL,0335,0.0,-1.1,1.1,0,1,7,,1/158,1/92
東名,2026-10-01,,10/1 23:32,パチンコ,3427,Pﾘﾝｸﾞ 呪いの7日間3 Light JVZ,0085,-0.5,-0.8,-4.6,0,0,4,1/45,1/74,1/188
東名,2026-10-01,,10/1 23:32,パチンコ,3360,Pﾘﾝｸﾞ 呪いの7日間3 LT搭載 JSG,0142,-0.1,-1.4,-2.2,6,3,0,1/260,1/118,1/244
東名,2026-10-01,,10/1 23:32,パチンコ,3360,Pﾘﾝｸﾞ 呪いの7日間3 LT搭載 JSG,0143,7.4,-2.3,-1.7,18,1,3,1/49,1/234,1/132
東名,2026-10-01,,10/1 23:32,パチンコ,3360,Pﾘﾝｸﾞ 呪いの7日間3 LT搭載 JSG,0144,-0.7,4.2,-0.5,0,15,0,1/83,1/69,1/52
東名,2026-10-01,,10/1 23:32,パチンコ,3375,Pﾙﾊﾟﾝ三世137YR2,0080,-2.4,3.6,-0.7,1,16,1,1/290,1/37,1/108
東名,2026-10-01,,10/1 23:32,パチンコ,3679,Pﾙﾊﾟﾝ三世14L0YU1,0314,-0.1,-0.1,-0.9,0,0,5,1/15,1/16,1/58
東名,2026-10-01,,10/1 23:32,パチンコ,3816,①e/吉宗極乗3000ver/L06,0055,-3.2,6.7,-0.4,0,7,1,1/304,1/169,1/73
東名,2026-10-01,,10/1 23:32,パチンコ,3816,①e/吉宗極乗3000ver/L06,0056,-6.2,1.8,-5.8,2,4,0,1/328,1/35,1/563
東名,2026-10-01,,10/1 23:32,パチンコ,3800,①e/押忍番長漢の頂/L09,0054,6.6,4.6,-1.3,18,14,16,1/66,1/121,1/190
東名,2026-10-01,,10/1 23:32,パチンコ,3739,①e牙狼神速神撃3000LT-RB,0059,-8.8,-4.5,-10.3,2,2,12,1/447,1/246,1/152
東名,2026-10-01,,10/1 23:32,パチンコ,3739,①e牙狼神速神撃3000LT-RB,0060,12.0,-2.5,-2.2,9,2,0,1/56,1/146,1/204
東名,2026-10-01,,10/1 23:32,パチンコ,3818,①e甲鉄城のｶﾊﾞﾈﾘ2GFEA,0058,-0.5,-0.9,4.0,0,0,8,1/50,1/97,1/122
東名,2026-10-01,,10/1 23:32,パチンコ,3817,①e花の慶次~黄金の一撃H4,0053,2.4,2.0,-4.2,10,9,0,1/377,1/520,1/413
東名,2026-10-01,,10/1 23:32,パチンコ,3754,①eｺﾞｼﾞﾗ対ｴｳﾞｧﾝｹﾞﾘｵﾝ2bA,0057,-5.9,-4.7,7.7,5,3,16,1/135,1/190,1/207
東名,2026-10-01,,10/1 23:32,パチンコ,2641,①PAぱちんこ仮面ﾗｲﾀﾞｰ轟音MA1,0001,-1.6,-3.1,-2.3,29,38,7,1/95,1/103,1/78
東名,2026-10-01,,10/1 23:32,パチンコ,3139,①PAぱちんこ冬のｿﾅﾀForeverMA1,0034,-1.0,4.0,-0.5,7,46,0,1/64,1/77,1/43
東名,2026-10-01,,10/1 23:32,パチンコ,2554,①PA大海物語4ｽﾍﾟｼｬﾙRBA,0009,-1.5,0.2,-0.2,1,7,7,1/182,1/34,1/77
東名,2026-10-01,,10/1 23:32,パチンコ,3137,①PA大海物語4ｽﾍﾟｼｬﾙRBA,0023,-2.0,-5.3,-1.2,46,24,20,1/83,1/105,1/100
東名,2026-10-01,,10/1 23:32,パチンコ,3137,①PA大海物語4ｽﾍﾟｼｬﾙRBA,0027,-0.1,0.7,-1.7,11,11,3,1/82,1/56,1/86
東名,2026-10-01,,10/1 23:32,パチンコ,3614,①PA大海物語5ARBC,0026,-2.8,-1.2,-1.7,11,11,3,1/110,1/81,1/150
東名,2026-10-01,,10/1 23:32,パチンコ,3614,①PA大海物語5ARBC,0049,-0.9,-4.4,0.7,26,7,24,1/89,1/136,1/70
東名,2026-10-01,,10/1 23:32,パチンコ,3652,①PA海物語3R2ｽﾍﾟｼｬﾙMBA,0010,0.2,0.5,-1.1,22,15,1,1/68,1/45,1/147
東名,2026-10-01,,10/1 23:32,パチンコ,3652,①PA海物語3R2ｽﾍﾟｼｬﾙMBA,0024,0.0,-2.5,2.4,0,20,25,,1/90,1/45
東名,2026-10-01,,10/1 23:32,パチンコ,3549,①PA激ﾃﾞｼﾞ牙狼月虹ﾉ旅人-RL,0042,4.4,1.7,2.1,22,15,21,1/41,1/43,1/69
東名,2026-10-01,,10/1 23:32,パチンコ,3347,①PA真･暴れん坊将軍99Ver.FWZ,0033,2.4,-0.6,-2.1,8,10,8,1/99,1/78,1/200
東名,2026-10-01,,10/1 23:32,パチンコ,3431,①PA真･花の慶次2N2-X1,0006,2.0,-2.9,5.9,43,5,41,1/109,1/93,1/98
東名,2026-10-01,,10/1 23:32,パチンコ,3431,①PA真･花の慶次2N2-X1,0008,-1.4,-1.4,-2.1,25,40,13,1/139,1/73,1/74
東名,2026-10-01,,10/1 23:32,パチンコ,3226,①PAｽｰﾊﾟｰ海物語INｼﾞｬﾊﾟﾝ2RA,0021,0.9,-0.9,0.2,7,10,4,1/74,1/75,1/104
東名,2026-10-01,,10/1 23:32,パチンコ,3756,①PAﾌｨｰﾊﾞｰﾀﾞﾝﾍﾞﾙ何ｷﾛ持てる?Y,0018,1.6,0.2,5.5,26,18,39,1/88,1/101,1/80
東名,2026-10-01,,10/1 23:32,パチンコ,3662,①PGO!GO!ﾏﾘﾝ3000HCD,0048,-3.7,-3.1,7.9,2,1,18,1/228,1/392,1/129
東名,2026-10-01,,10/1 23:32,パチンコ,3628,①Pうまい棒4500から10500V1,0046,-0.8,0.0,-1.9,4,0,0,1/24,,1/18
東名,2026-10-01,,10/1 23:32,パチンコ,3449,①Pぱちんこ水戸黄門4KC1,0044,-3.1,-2.3,5.6,0,0,9,1/325,1/279,1/70
東名,2026-10-01,,10/1 23:32,パチンコ,3758,①PわんﾆｬﾝｱﾄﾞﾍﾞﾝﾁｬｰHCB,0043,-3.1,-3.1,6.2,3,1,18,1/138,1/385,1/63
東名,2026-10-01,,10/1 23:32,パチンコ,3544,①P元祖ｷﾞﾝｷﾞﾗﾊﾟﾗﾀﾞｲｽHCB,0013,-1.1,-1.2,-0.6,7,0,5,1/156,1/136,1/137
東名,2026-10-01,,10/1 23:32,パチンコ,3620,①P天才ﾊﾞｶﾎﾞﾝ7~福神ｽﾍﾟｯｸ~LTH-JH,0047,2.8,-4.7,4.5,12,1,25,1/127,1/474,1/52
東名,2026-10-01,,10/1 23:32,パチンコ,3678,①P宇宙戦艦ﾔﾏﾄ2202-3MF,0041,11.1,-0.6,-2.8,20,8,1,1/110,1/218,1/385
東名,2026-10-01,,10/1 23:32,パチンコ,3406,①P宇宙戦艦ﾔﾏﾄ2202bH,0037,-0.5,-1.8,-1.3,21,14,19,1/102,1/181,1/84
東名,2026-10-01,,10/1 23:32,パチンコ,3574,①P新･遠山の金さん 77Ver.JWZ,0020,3.7,-1.0,1.9,22,12,19,1/37,1/91,1/57
東名,2026-10-01,,10/1 23:32,パチンコ,2988,①P海物語E,0014,4.6,3.7,-1.9,7,8,0,1/62,1/270,1/237
東名,2026-10-01,,10/1 23:32,パチンコ,2988,①P海物語E,0015,-2.1,-2.6,-1.3,3,0,0,1/502,1/309,1/162
東名,2026-10-01,,10/1 23:32,パチンコ,2988,①P海物語E,0030,0.0,-4.5,-1.4,0,1,3,,1/597,1/493
東名,2026-10-01,,10/1 23:32,パチンコ,3136,①P海物語E,0028,0.0,-1.3,-0.4,0,0,4,,1/180,1/430
東名,2026-10-01,,10/1 23:32,パチンコ,3136,①P海物語E,0029,4.3,-1.1,-0.4,12,2,0,1/98,1/277,1/36
東名,2026-10-01,,10/1 23:32,パチンコ,3627,①P清流物語4HLC,0025,-2.5,13.3,-3.4,13,17,3,1/139,1/35,1/153
東名,2026-10-01,,10/1 23:32,パチンコ,3129,①P激ﾃﾞｼﾞ真･牙狼RBY4,0039,0.7,-3.5,1.3,20,29,26,1/73,1/94,1/54
東名,2026-10-01,,10/1 23:32,パチンコ,3429,①P百花繚乱FM-JF,0017,0.3,-2.4,5.1,5,0,11,1/260,1/261,1/124
東名,2026-10-01,,10/1 23:32,パチンコ,3633,①P盾の勇者の成り上がりGFPC,0052,-1.6,-3.9,-2.1,7,6,7,1/262,1/205,1/88
東名,2026-10-01,,10/1 23:32,パチンコ,2734,①P真･花の慶次2M3-VC,0038,8.4,1.2,-3.6,20,7,2,1/155,1/128,1/198
東名,2026-10-01,,10/1 23:32,パチンコ,2730,①P真･花の慶次3L12-K,0012,-6.9,-8.9,-7.0,0,4,2,1/741,1/393,1/390
東名,2026-10-01,,10/1 23:32,パチンコ,3433,①P銀河鉄道99929YU1Y,0002,0.5,0.2,-1.0,16,13,9,1/70,1/99,1/100
東名,2026-10-01,,10/1 23:32,パチンコ,3466,①P魔王学院の不適合者FMY,0035,-3.0,-3.1,-1.6,1,1,3,1/360,1/337,1/68
東名,2026-10-01,,10/1 23:32,パチンコ,2591,①Pｶﾞｰﾙｽﾞ&ﾊﾟﾝﾂｧｰ28YQ1Y,0050,-6.7,-1.2,-0.7,11,8,13,1/110,1/59,1/115
東名,2026-10-01,,10/1 23:32,パチンコ,3404,①Pｺﾞｼﾞﾗ対ｴｳﾞｧﾝｹﾞﾘｵﾝ G細胞覚醒YR,0022,-0.3,6.3,-7.8,54,54,19,1/93,1/105,1/90
東名,2026-10-01,,10/1 23:32,パチンコ,3624,①Pｽｰﾊﾟｰ海物語IN沖縄5YTC,0004,-3.9,1.2,-2.8,7,10,0,1/274,1/75,1/346
東名,2026-10-01,,10/1 23:32,パチンコ,3624,①Pｽｰﾊﾟｰ海物語IN沖縄5YTC,0036,-0.7,-0.6,-3.8,0,0,0,1/80,1/63,1/385
東名,2026-10-01,,10/1 23:32,パチンコ,3676,①Pﾃﾞｼﾞﾊﾈｴｳﾚｶｾﾌﾞﾝﾊｲｴﾎﾞ2SSPB,0031,-2.3,1.6,-2.6,27,24,23,1/87,1/126,1/184
東名,2026-10-01,,10/1 23:32,パチンコ,3700,①Pﾊﾞｷ319H1YZ2,0016,-0.7,-0.1,-0.6,0,0,0,1/90,1/6,1/76
東名,2026-10-01,,10/1 23:32,パチンコ,2790,①PﾌｨｰﾊﾞｰからくりｻｰｶｽV,0005,-1.9,-1.1,8.4,1,0,16,1/300,1/121,1/443
東名,2026-10-01,,10/1 23:32,パチンコ,3403,①Pﾌﾞﾗｯｸﾗｸﾞｰﾝ4GFPJ,0019,6.3,-9.0,6.6,14,0,7,1/393,1/928,1/129
東名,2026-10-01,,10/1 23:32,パチンコ,3130,①PﾓﾓｷｭﾝｿｰﾄﾞGC250A,0040,-0.6,-1.0,-0.4,21,14,15,1/70,1/134,1/144
東名,2026-10-01,,10/1 23:32,パチンコ,3619,①Pﾗﾌﾞ嬢3H1YZ6,0045,-4.3,-0.8,-2.4,1,6,0,1/505,1/256,1/255
東名,2026-10-01,,10/1 23:32,パチンコ,3009,①Pﾘｱﾙ鬼ごっこ2V3A,0003,-0.3,1.5,2.6,48,63,54,1/100,1/107,1/52
東名,2026-10-01,,10/1 23:32,パチンコ,3508,①Pﾘﾝｸﾞ 呪いの7日間3 JMA,0051,13.8,-3.7,-3.6,35,5,1,1/175,1/171,1/484
東名,2026-10-01,,10/1 23:32,パチンコ,2791,①Pﾘﾝｸﾞ呪いの7日間2 FWA,0011,-0.3,-4.2,-8.4,12,14,4,1/74,1/73,1/318
東名,2026-10-01,,10/1 23:32,パチンコ,3757,①Pﾙﾊﾟﾝ三世137YR2,0032,-1.7,3.1,-2.6,33,29,9,1/54,1/39,1/130
東名,2026-10-01,,10/1 23:32,パチンコ,3634,①Pﾙﾊﾟﾝ三世14H1YZ4,0007,-1.6,-5.0,-1.3,0,0,3,1/152,1/492,1/355
東名,2026-10-01,,10/1 23:32,パチンコ,3815,②e/押忍番長漢の頂/L09,0113,0.0,-0.9,7.5,0,4,23,,1/49,1/73
東名,2026-10-01,,10/1 23:32,パチンコ,3819,②eいせれべFSZ,0111,0.0,0.0,0.0,0,0,0,,,
東名,2026-10-01,,10/1 23:32,パチンコ,3819,②eいせれべFSZ,0112,0.0,0.0,0.0,0,0,0,,,
東名,2026-10-01,,10/1 23:32,パチンコ,3789,②e仮面ﾗｲﾀﾞｰBLACK-KRJ2,0114,-1.4,-0.7,-0.1,0,1,0,1/167,1/129,1/18
東名,2026-10-01,,10/1 23:32,パチンコ,3740,②eﾌｨｰﾊﾞｰからくりｻｰｶｽ2R,0115,-3.6,-2.0,-3.2,1,6,0,1/434,1/138,1/359
東名,2026-10-01,,10/1 23:32,パチンコ,3773,②eﾌｨｰﾊﾞｰ戦姫絶唱ｼﾝﾌｫｷﾞｱ4F,0116,-0.1,17.7,5.3,0,15,16,1/15,1/164,1/138
東名,2026-10-01,,10/1 23:32,パチンコ,3246,②P009 RE:CYBORG N3-K,0065,-1.7,-1.7,0.9,4,11,22,1/126,1/125,1/44
東名,2026-10-01,,10/1 23:32,パチンコ,3438,②PA緋弾のｱﾘｱ~緋弾覚醒編~FRA,0061,-1.0,0.3,-3.0,7,15,16,1/288,1/169,1/124
東名,2026-10-01,,10/1 23:32,パチンコ,3759,②PAﾌｨｰﾊﾞｰかぐや様は告らせたいYG,0071,0.0,3.0,-0.9,0,14,3,,1/43,1/51
東名,2026-10-01,,10/1 23:32,パチンコ,3491,②PGⅠ優駿倶楽部2HT,0110,0.0,0.0,-1.1,0,0,0,,,1/140
東名,2026-10-01,,10/1 23:32,パチンコ,3472,②Psin七つの大罪V3B,0062,1.5,1.0,-2.6,6,10,0,1/65,1/56,1/319
東名,2026-10-01,,10/1 23:32,パチンコ,3630,②Pうまい棒4500から10500V1,0075,3.3,0.0,-0.1,6,0,0,1/6,,
東名,2026-10-01,,10/1 23:32,パチンコ,3638,②Pえとたま2MY,0105,-0.6,0.0,-0.6,1,0,0,1/114,,1/73
東名,2026-10-01,,10/1 23:32,パチンコ,3581,②Pとある科学の超電磁砲2JMB,0109,-2.7,-0.3,-2.2,0,0,3,1/287,1/35,1/498
東名,2026-10-01,,10/1 23:32,パチンコ,3560,②Pとある魔術の禁書目録2JMZ,0068,-1.4,8.3,1.6,1,13,6,1/208,1/102,1/114
東名,2026-10-01,,10/1 23:32,パチンコ,3622,②P俺の妹がこんなに可愛いわけが,0066,-0.4,-1.0,-0.3,0,0,0,1/38,1/114,1/29
東名,2026-10-01,,10/1 23:32,パチンコ,3621,②P愛の不時着MF,0072,0.0,0.0,0.0,0,0,0,,,
東名,2026-10-01,,10/1 23:32,パチンコ,3475,②P牙狼11~冴島大河~XX-MU,0067,4.1,-5.6,1.3,8,0,5,1/53,1/607,1/225
東名,2026-10-01,,10/1 23:32,パチンコ,3270,②P真･花の慶次3TL5-MX,0064,0.0,-1.4,-1.7,0,0,1,,1/162,1/178
東名,2026-10-01,,10/1 23:32,パチンコ,3579,②Pｴｳﾞｧﾝｹﾞﾘｵﾝ15未来への咆哮F,0074,0.0,-12.4,-1.1,0,4,7,,1/494,1/236
東名,2026-10-01,,10/1 23:32,パチンコ,3387,②Pｺﾞｼﾞﾗ対ｴｳﾞｧﾝｹﾞﾘｵﾝ G細胞覚醒YR,0107,0.2,-3.7,1.0,10,10,22,1/46,1/144,1/114
東名,2026-10-01,,10/1 23:32,パチンコ,3629,②Pｺﾞｼﾞﾗ対ｴｳﾞｧﾝｹﾞﾘｵﾝ2R,0108,9.8,-11.4,4.0,20,0,9,1/263,1/1266,1/265
東名,2026-10-01,,10/1 23:32,パチンコ,3710,②Pｺﾞﾌﾞﾘﾝｽﾚｲﾔｰ ﾗｯｷｰﾄﾘｶﾞｰVer,0069,0.0,-2.4,-0.8,0,2,0,,1/157,1/87
東名,2026-10-01,,10/1 23:32,パチンコ,3473,②Pｻﾗﾘｰﾏﾝ金太郎 FVE,0063,1.2,-0.3,-1.3,5,0,0,1/111,1/36,1/121
東名,2026-10-01,,10/1 23:32,パチンコ,3584,②Pﾃﾞｼﾞﾊﾈ聖戦士ﾀﾞﾝﾊﾞｲﾝ2SSPB,0073,-1.5,-0.6,-1.1,9,1,8,1/262,1/66,1/93
東名,2026-10-01,,10/1 23:32,パチンコ,3631,②Pﾌｨｰﾊﾞｰかぐや様は告らせたいR,0106,0.0,0.0,-1.1,0,0,0,,,1/134
東名,2026-10-01,,10/1 23:32,パチンコ,3615,②Pﾘﾝｸﾞ 呪いの7日間3 Light JVZ,0104,-3.2,-3.2,-2.2,5,2,3,1/112,1/193,1/88
東名,2026-10-01,,10/1 23:32,パチンコ,2579,②バジリスク2AB,0070,-4.5,1.7,0.2,24,10,11,1/201,1/27,1/79
東名,2026-10-01,,10/1 23:32,スロット,3379,L A-SLOT+このすば FX,0438,0.3,-1.1,-0.3,3,0,0,1/185,1/667,1/183
東名,2026-10-01,,10/1 23:32,スロット,3379,L A-SLOT+このすば FX,0439,0.0,-0.7,0.1,0,0,3,,1/369,1/249
東名,2026-10-01,,10/1 23:32,スロット,3744,L 甲鉄城のｶﾊﾞﾈﾘ 海門決戦 XX,0591,-0.9,2.0,-0.3,7,42,32,1/145,1/61,1/91
東名,2026-10-01,,10/1 23:32,スロット,3744,L 甲鉄城のｶﾊﾞﾈﾘ 海門決戦 XX,0592,3.5,0.0,-0.4,28,0,4,1/64,,1/152
東名,2026-10-01,,10/1 23:32,スロット,3744,L 甲鉄城のｶﾊﾞﾈﾘ 海門決戦 XX,0593,-2.1,1.8,-0.6,8,28,15,1/224,1/56,1/93
東名,2026-10-01,,10/1 23:32,スロット,3744,L 甲鉄城のｶﾊﾞﾈﾘ 海門決戦 XX,0594,1.5,0.0,-2.5,24,0,6,1/68,,1/283
東名,2026-10-01,,10/1 23:32,スロット,3744,L 甲鉄城のｶﾊﾞﾈﾘ 海門決戦 XX,0595,-0.9,1.4,-3.1,27,27,7,1/105,1/70,1/313
東名,2026-10-01,,10/1 23:32,スロット,3744,L 甲鉄城のｶﾊﾞﾈﾘ 海門決戦 XX,0596,1.8,-1.5,-0.2,27,8,9,1/57,1/180,1/107
東名,2026-10-01,,10/1 23:32,スロット,3744,L 甲鉄城のｶﾊﾞﾈﾘ 海門決戦 XX,0597,3.5,-0.8,0.2,44,2,37,1/68,1/303,1/77
東名,2026-10-01,,10/1 23:32,スロット,3744,L 甲鉄城のｶﾊﾞﾈﾘ 海門決戦 XX,0598,-2.5,-1.4,-0.5,23,17,5,1/147,1/129,1/122
東名,2026-10-01,,10/1 23:32,スロット,3283,L 防振り FN,0654,-0.9,-1.2,1.3,2,0,5,1/450,1/674,1/95
東名,2026-10-01,,10/1 23:32,スロット,3283,L 防振り FN,0655,0.5,-0.8,0.0,6,0,0,1/140,1/514,
東名,2026-10-01,,10/1 23:32,スロット,3283,L 防振り FN,0656,1.3,0.0,1.2,7,10,9,1/102,1/199,1/102
東名,2026-10-01,,10/1 23:32,スロット,3828,L ｽﾏｽﾛ ﾘｺﾘｽ･ﾘｺｲﾙ KX,0637,-1.5,1.3,-1.2,41,46,43,1/109,1/86,1/125
東名,2026-10-01,,10/1 23:32,スロット,3828,L ｽﾏｽﾛ ﾘｺﾘｽ･ﾘｺｲﾙ KX,0638,-2.0,-3.0,-2.8,29,49,50,1/114,1/112,1/114
東名,2026-10-01,,10/1 23:32,スロット,3828,L ｽﾏｽﾛ ﾘｺﾘｽ･ﾘｺｲﾙ KX,0639,2.2,-4.2,2.9,36,42,55,1/69,1/123,1/86
東名,2026-10-01,,10/1 23:32,スロット,3828,L ｽﾏｽﾛ ﾘｺﾘｽ･ﾘｺｲﾙ KX,0640,6.6,5.6,0.0,56,56,45,1/65,1/76,1/112
東名,2026-10-01,,10/1 23:32,スロット,3828,L ｽﾏｽﾛ ﾘｺﾘｽ･ﾘｺｲﾙ KX,0641,1.8,-0.2,-1.1,54,22,55,1/78,1/86,1/96
東名,2026-10-01,,10/1 23:32,スロット,3828,L ｽﾏｽﾛ ﾘｺﾘｽ･ﾘｺｲﾙ KX,0642,-0.8,-0.8,-1.5,45,47,82,1/99,1/105,1/98
東名,2026-10-01,,10/1 23:32,スロット,3708,L ｽﾏｽﾛ化物語 KH,0537,0.2,-0.5,-1.2,10,5,2,1/94,1/148,1/399
東名,2026-10-01,,10/1 23:32,スロット,3708,L ｽﾏｽﾛ化物語 KH,0538,0.1,-4.3,-0.3,12,8,15,1/87,1/337,1/95
東名,2026-10-01,,10/1 23:32,スロット,3724,L ｽﾏｽﾛ北斗の拳 転生の章2 MW,0413,-1.7,-1.2,0.1,7,15,19,1/210,1/135,1/85
東名,2026-10-01,,10/1 23:32,スロット,3724,L ｽﾏｽﾛ北斗の拳 転生の章2 MW,0414,0.3,1.7,-2.3,13,26,6,1/87,1/61,1/292
東名,2026-10-01,,10/1 23:32,スロット,3724,L ｽﾏｽﾛ北斗の拳 転生の章2 MW,0415,10.2,-0.1,-0.6,67,0,0,1/24,1/47,1/277
東名,2026-10-01,,10/1 23:32,スロット,3724,L ｽﾏｽﾛ北斗の拳 転生の章2 MW,0416,-1.7,7.4,-0.2,4,72,0,1/305,1/34,1/114
東名,2026-10-01,,10/1 23:32,スロット,3724,L ｽﾏｽﾛ北斗の拳 転生の章2 MW,0417,10.8,-2.3,1.6,80,16,17,1/17,1/165,1/45
東名,2026-10-01,,10/1 23:32,スロット,3724,L ｽﾏｽﾛ北斗の拳 転生の章2 MW,0418,-1.1,0.5,-1.1,38,33,2,1/102,1/78,1/377
東名,2026-10-01,,10/1 23:32,スロット,3724,L ｽﾏｽﾛ北斗の拳 転生の章2 MW,0419,-0.1,-1.5,-2.3,16,1,15,1/106,1/875,1/165
東名,2026-10-01,,10/1 23:32,スロット,3724,L ｽﾏｽﾛ北斗の拳 転生の章2 MW,0420,-3.1,-0.2,-1.0,17,0,6,1/181,1/79,1/179
東名,2026-10-01,,10/1 23:32,スロット,3724,L ｽﾏｽﾛ北斗の拳 転生の章2 MW,0421,-0.8,-0.8,-1.1,28,5,19,1/107,1/188,1/120
東名,2026-10-01,,10/1 23:32,スロット,3724,L ｽﾏｽﾛ北斗の拳 転生の章2 MW,0422,-2.5,-0.6,1.9,11,0,39,1/213,1/277,1/37
東名,2026-10-01,,10/1 23:32,スロット,3724,L ｽﾏｽﾛ北斗の拳 転生の章2 MW,0423,-1.2,-3.6,-1.2,24,16,20,1/103,1/199,1/117
東名,2026-10-01,,10/1 23:32,スロット,3736,L ｽﾏｽﾛ攻殻機動隊 ZS,0555,-2.5,1.6,-0.2,8,10,3,1/365,1/70,1/148
東名,2026-10-01,,10/1 23:32,スロット,3416,L ｽﾏｽﾛ頭文字D2nd YR,0687,-0.4,-1.2,0.0,4,11,32,1/146,1/122,1/95
東名,2026-10-01,,10/1 23:32,スロット,3416,L ｽﾏｽﾛ頭文字D2nd YR,0688,0.5,-1.9,-0.5,5,20,6,1/48,1/141,1/125
東名,2026-10-01,,10/1 23:32,スロット,3542,L ｽﾏｽﾛｶｲｼﾞ 狂宴 FJ,0660,-1.2,0.9,-0.5,8,23,9,1/200,1/150,1/183
東名,2026-10-01,,10/1 23:32,スロット,3782,L ﾋﾞｯｸﾞﾄﾞﾘｰﾑ KR,0466,0.1,-0.3,4.6,22,7,36,1/74,1/111,1/21
東名,2026-10-01,,10/1 23:32,スロット,3782,L ﾋﾞｯｸﾞﾄﾞﾘｰﾑ KR,0467,3.6,0.0,-0.4,52,0,3,1/46,,1/128
東名,2026-10-01,,10/1 23:32,スロット,3782,L ﾋﾞｯｸﾞﾄﾞﾘｰﾑ KR,0468,0.0,0.0,-0.5,13,0,10,1/71,,1/97
東名,2026-10-01,,10/1 23:32,スロット,3533,L/SHAMANKING/SS,0679,0.5,-1.7,-1.8,1,5,2,1/479,1/246,1/527
東名,2026-10-01,,10/1 23:32,スロット,3609,L/いざ番長/SB8,0545,-0.9,-0.2,-1.6,7,0,5,1/179,1/109,1/228
東名,2026-10-01,,10/1 23:32,スロット,3609,L/いざ番長/SB8,0546,-2.8,-0.5,-0.3,2,7,2,1/829,1/112,1/146
東名,2026-10-01,,10/1 23:32,スロット,3609,L/いざ番長/SB8,0547,0.0,-0.2,0.6,0,10,7,,1/104,1/65
東名,2026-10-01,,10/1 23:32,スロット,3767,L/真打吉宗/A1,0644,-1.9,0.1,-4.0,32,66,21,1/116,1/83,1/176
東名,2026-10-01,,10/1 23:32,スロット,3767,L/真打吉宗/A1,0645,6.2,-0.4,0.8,68,43,50,1/42,1/87,1/79
東名,2026-10-01,,10/1 23:32,スロット,3715,L/ｵｷﾄﾞｷﾃﾞｭｵ2/FR,0689,0.0,-0.5,0.0,0,4,0,,1/191,
東名,2026-10-01,,10/1 23:32,スロット,3715,L/ｵｷﾄﾞｷﾃﾞｭｵ2/FR,0690,0.3,-0.7,-0.1,7,1,0,1/106,1/413,1/58
東名,2026-10-01,,10/1 23:32,スロット,3715,L/ｵｷﾄﾞｷﾃﾞｭｵ2/FR,0691,0.2,-0.1,0.0,6,0,0,1/108,1/34,
東名,2026-10-01,,10/1 23:32,スロット,3715,L/ｵｷﾄﾞｷﾃﾞｭｵ2/FR,0692,-7.6,-0.1,-0.1,20,0,0,1/297,1/34,1/37
東名,2026-10-01,,10/1 23:32,スロット,3716,L/ｽﾏｽﾛ秘宝伝/PA7,0629,-1.8,-0.6,0.0,1,1,0,1/1129,1/453,1/13
東名,2026-10-01,,10/1 23:32,スロット,3716,L/ｽﾏｽﾛ秘宝伝/PA7,0630,-2.3,3.7,0.0,0,13,0,1/1259,1/51,
東名,2026-10-01,,10/1 23:32,スロット,3716,L/ｽﾏｽﾛ秘宝伝/PA7,0631,-0.1,0.0,0.0,1,0,0,1/188,1/21,
東名,2026-10-01,,10/1 23:32,スロット,3562,L/ｽﾏｽﾛﾏｷﾞｱﾚｺｰﾄﾞ/RN,0539,-2.3,0.4,-0.4,10,5,0,1/247,1/256,1/195
東名,2026-10-01,,10/1 23:32,スロット,3562,L/ｽﾏｽﾛﾏｷﾞｱﾚｺｰﾄﾞ/RN,0540,-0.5,-0.2,-1.6,2,2,5,1/239,1/423,1/271
東名,2026-10-01,,10/1 23:32,スロット,3562,L/ｽﾏｽﾛﾏｷﾞｱﾚｺｰﾄﾞ/RN,0541,-0.4,0.0,0.7,1,0,2,1/379,,1/211
東名,2026-10-01,,10/1 23:32,スロット,3788,L/ｿｰﾄﾞｱｰﾄ･ｵﾝﾗｲﾝⅡ/PA1,0548,-3.0,7.1,9.6,59,105,61,1/98,1/100,1/103
東名,2026-10-01,,10/1 23:32,スロット,3788,L/ｿｰﾄﾞｱｰﾄ･ｵﾝﾗｲﾝⅡ/PA1,0549,4.7,-3.8,2.9,65,59,45,1/111,1/111,1/158
東名,2026-10-01,,10/1 23:32,スロット,3788,L/ｿｰﾄﾞｱｰﾄ･ｵﾝﾗｲﾝⅡ/PA1,0550,-6.0,13.3,-4.8,73,83,51,1/117,1/115,1/123
東名,2026-10-01,,10/1 23:32,スロット,3743,L/ﾊﾅﾋﾞ/KM,0479,1.0,-0.1,1.1,12,5,7,1/193,1/308,1/216
東名,2026-10-01,,10/1 23:32,スロット,3743,L/ﾊﾅﾋﾞ/KM,0480,-0.5,1.8,0.7,2,14,8,1/472,1/167,1/212
東名,2026-10-01,,10/1 23:32,スロット,3685,L/ﾊﾞﾍﾞﾙ/BA,0693,0.0,0.0,0.0,0,0,0,,,
東名,2026-10-01,,10/1 23:32,スロット,3771,L/ﾐﾘｵﾝｺﾞｯﾄﾞ/CX,0632,-2.7,4.5,-1.7,0,0,0,1/4171,1/3162,1/3923
東名,2026-10-01,,10/1 23:32,スロット,3771,L/ﾐﾘｵﾝｺﾞｯﾄﾞ/CX,0633,-3.7,-0.9,-2.8,0,0,0,1/2628,1/772,1/1983
東名,2026-10-01,,10/1 23:32,スロット,3771,L/ﾐﾘｵﾝｺﾞｯﾄﾞ/CX,0634,3.2,-1.3,-0.1,12,0,0,1/462,1/2272,1/1544
東名,2026-10-01,,10/1 23:32,スロット,3771,L/ﾐﾘｵﾝｺﾞｯﾄﾞ/CX,0635,-2.9,-1.1,-4.6,0,0,0,1/3633,1/912,1/3897
東名,2026-10-01,,10/1 23:32,スロット,3771,L/ﾐﾘｵﾝｺﾞｯﾄﾞ/CX,0636,-4.4,-3.0,-1.9,0,2,0,1/3620,1/1500,1/2438
東名,2026-10-01,,10/1 23:32,スロット,3568,L/ﾖｼﾑﾈS/SC2,0625,0.9,0.0,0.7,3,0,6,1/340,1/22,1/436
東名,2026-10-01,,10/1 23:32,スロット,3568,L/ﾖｼﾑﾈS/SC2,0626,-1.0,0.0,1.9,2,0,5,1/757,1/2,1/271
東名,2026-10-01,,10/1 23:32,スロット,3568,L/ﾖｼﾑﾈS/SC2,0627,-0.4,-0.7,0.3,5,2,1,1/512,1/752,1/363
東名,2026-10-01,,10/1 23:32,スロット,3568,L/ﾖｼﾑﾈS/SC2,0628,0.1,0.0,1.1,1,0,5,1/403,1/5,1/365
東名,2026-10-01,,10/1 23:32,スロット,3811,L/ﾜｰﾙﾄﾞﾀﾞｲｽﾀｰ/PA3,0557,2.8,-0.1,-0.9,15,15,10,1/447,1/405,1/330
東名,2026-10-01,,10/1 23:32,スロット,3768,LB 異世界かるてっと KR,0681,1.5,-0.9,0.0,14,1,10,1/101,1/626,1/129
東名,2026-10-01,,10/1 23:32,スロット,3674,LB/ｸﾚｱの秘宝伝ﾎﾞｰﾅｽﾄﾘｶﾞｰVER./A2,0682,-0.5,-0.9,-1.2,3,8,0,1/380,1/391,1/732
東名,2026-10-01,,10/1 23:32,スロット,3674,LB/ｸﾚｱの秘宝伝ﾎﾞｰﾅｽﾄﾘｶﾞｰVER./A2,0683,0.2,-0.8,-1.9,7,1,2,1/277,1/730,1/898
東名,2026-10-01,,10/1 23:32,スロット,3689,LB/ｼｪｲｸﾎﾞｰﾅｽﾄﾘｶﾞｰ/A1,0680,-0.6,-3.1,0.2,2,5,7,1/650,1/988,1/474
東名,2026-10-01,,10/1 23:32,スロット,3745,LB/ｽﾏｽﾛｻﾝﾀﾞｰVHA,0673,4.7,-1.4,0.4,28,5,8,1/184,1/514,1/307
東名,2026-10-01,,10/1 23:32,スロット,3829,LB/ﾀｺｽﾛBD,0672,1.9,-0.9,1.5,21,13,13,1/238,1/402,1/217
東名,2026-10-01,,10/1 23:32,スロット,3647,LBAREXBRIGHTBA,0671,0.0,-1.7,-0.9,4,9,5,1/365,1/414,1/443
東名,2026-10-01,,10/1 23:32,スロット,3611,LB翔べ!ﾊｰﾚﾑｴｰｽCF,0667,-0.6,0.4,1.4,1,5,4,1/1011,1/370,1/334
東名,2026-10-01,,10/1 23:32,スロット,3648,LBｴｳﾞｧﾝｹﾞﾘｵﾝsR,0670,-0.6,-1.3,0.0,2,2,6,1/512,1/586,1/371
東名,2026-10-01,,10/1 23:32,スロット,3798,LBｹﾛｯﾄ5ND05H,0674,0.7,-2.4,0.8,11,6,16,1/208,1/488,1/228
東名,2026-10-01,,10/1 23:32,スロット,3798,LBｹﾛｯﾄ5ND05H,0675,-0.3,-0.6,0.0,20,7,6,1/260,1/263,1/250
東名,2026-10-01,,10/1 23:32,スロット,3610,LBﾆｭｰﾊﾟﾙｻｰBTC9,0429,-0.1,0.0,-0.1,0,0,0,1/60,1/6,1/28
東名,2026-10-01,,10/1 23:32,スロット,3612,LBﾌﾟﾚﾐｱﾑうまい棒S1,0666,0.1,-0.1,0.4,1,0,3,1/257,1/85,1/283
東名,2026-10-01,,10/1 23:32,スロット,3680,LBﾏｼﾞｶﾙﾊﾛｳｨﾝGS,0663,-0.2,0.7,-0.5,3,3,0,1/286,1/232,1/334
東名,2026-10-01,,10/1 23:32,スロット,3185,LGⅠ優駿倶楽部黄金KD,0665,-0.9,-0.4,-0.9,0,5,12,1/560,1/102,1/99
東名,2026-10-01,,10/1 23:32,スロット,3531,Lありふれた職業で世界最強jA,0457,0.0,-1.1,1.2,0,2,7,,1/512,1/97
東名,2026-10-01,,10/1 23:32,スロット,3531,Lありふれた職業で世界最強jA,0458,0.0,-1.1,0.6,0,1,5,,1/699,1/88
東名,2026-10-01,,10/1 23:32,スロット,3378,Lかぐや様は告らせたいjA,0650,2.0,-1.0,-1.3,10,1,0,1/180,1/637,1/674
東名,2026-10-01,,10/1 23:32,スロット,3378,Lかぐや様は告らせたいjA,0651,0.1,4.7,1.2,23,16,9,1/188,1/48,1/110
東名,2026-10-01,,10/1 23:32,スロット,3378,Lかぐや様は告らせたいjA,0652,-1.6,-0.1,0.0,2,2,5,1/586,1/148,1/181
東名,2026-10-01,,10/1 23:32,スロット,3797,Lからくりｻｰｶｽ2jG,0506,-3.3,0.1,-1.1,4,29,7,1/495,1/75,1/144
東名,2026-10-01,,10/1 23:32,スロット,3797,Lからくりｻｰｶｽ2jG,0507,4.4,-0.6,3.6,23,21,28,1/26,1/100,1/52
東名,2026-10-01,,10/1 23:32,スロット,3797,Lからくりｻｰｶｽ2jG,0508,-0.7,1.1,-1.8,0,8,6,1/358,1/6,1/222
東名,2026-10-01,,10/1 23:32,スロット,3797,Lからくりｻｰｶｽ2jG,0509,-0.9,-0.4,-0.6,13,15,0,1/105,1/80,1/274
東名,2026-10-01,,10/1 23:32,スロット,2953,LからくりｻｰｶｽG,0517,-0.1,2.8,0.0,0,26,2,1/64,1/18,1/52
東名,2026-10-01,,10/1 23:32,スロット,2953,LからくりｻｰｶｽG,0518,-1.2,-0.2,-0.1,2,0,0,1/363,1/92,1/64
東名,2026-10-01,,10/1 23:32,スロット,2953,LからくりｻｰｶｽG,0519,-0.1,-0.2,-0.1,0,0,0,1/65,1/96,1/50
東名,2026-10-01,,10/1 23:32,スロット,2953,LからくりｻｰｶｽG,0520,-0.3,-0.9,-0.2,0,16,0,1/132,1/96,1/87
東名,2026-10-01,,10/1 23:32,スロット,2953,LからくりｻｰｶｽG,0521,-0.1,3.7,-0.1,0,57,0,1/77,1/75,1/56
東名,2026-10-01,,10/1 23:32,スロット,3699,Lとある科学の超電磁砲2FV,0643,-1.0,-1.4,-0.2,13,4,7,1/183,1/271,1/181
東名,2026-10-01,,10/1 23:32,スロット,3813,Lとある魔術の禁書目録2FA,0646,-4.9,0.0,-1.2,10,9,13,1/371,1/177,1/136
東名,2026-10-01,,10/1 23:32,スロット,3813,Lとある魔術の禁書目録2FA,0647,2.5,-2.3,-2.7,25,16,11,1/122,1/203,1/275
東名,2026-10-01,,10/1 23:32,スロット,3813,Lとある魔術の禁書目録2FA,0648,-1.3,-1.7,1.5,11,17,21,1/201,1/223,1/134
東名,2026-10-01,,10/1 23:32,スロット,3813,Lとある魔術の禁書目録2FA,0649,-4.5,-4.4,-1.7,5,9,4,1/569,1/329,1/328
東名,2026-10-01,,10/1 23:32,スロット,3812,LとんでもｽｷﾙKM,0558,-1.3,-2.1,0.1,3,19,38,1/274,1/104,1/47
東名,2026-10-01,,10/1 23:32,スロット,3808,Lやじきた道中記参る!BG,0551,-2.4,-1.7,-0.1,6,7,4,1/525,1/434,1/784
東名,2026-10-01,,10/1 23:32,スロット,3646,Lわたしの幸せな結婚PN,0464,-0.1,0.0,0.0,0,0,0,1/23,,
東名,2026-10-01,,10/1 23:32,スロット,3646,Lわたしの幸せな結婚PN,0465,0.0,0.0,0.0,0,0,0,,,
東名,2026-10-01,,10/1 23:32,スロット,3600,L七つの魔剣が支配するPU,0430,0.1,-0.4,0.0,21,15,3,1/60,1/63,1/49
東名,2026-10-01,,10/1 23:32,スロット,3417,L今日から俺は!!FE,0686,-1.8,0.8,-0.3,2,9,1,1/845,1/320,1/443
東名,2026-10-01,,10/1 23:32,スロット,3660,L咲-Saki-頂上決戦YR,0657,0.1,-0.7,3.3,4,9,30,1/81,1/127,1/17
東名,2026-10-01,,10/1 23:32,スロット,3005,L戦国乙女4S3,0697,-0.2,-1.2,-0.4,1,6,2,1/281,1/327,1/200
東名,2026-10-01,,10/1 23:32,スロット,3005,L戦国乙女4S3,0698,-2.5,4.0,-0.8,2,16,7,1/696,1/165,1/260
東名,2026-10-01,,10/1 23:32,スロット,3786,L戦国乙女5L8,0481,1.4,-4.0,-5.5,40,28,28,1/112,1/160,1/157
東名,2026-10-01,,10/1 23:32,スロット,3786,L戦国乙女5L8,0482,-0.7,-1.2,0.9,34,23,61,1/88,1/98,1/75
東名,2026-10-01,,10/1 23:32,スロット,3786,L戦国乙女5L8,0483,0.4,2.4,-3.1,34,43,18,1/94,1/86,1/178
東名,2026-10-01,,10/1 23:32,スロット,3026,L戦国ｺﾚｸｼｮﾝ5GJ,0661,0.0,-1.0,-1.1,0,19,31,,1/135,1/134
東名,2026-10-01,,10/1 23:32,スロット,3796,L戦国ｺﾚｸｼｮﾝ6KS,0478,-2.3,-4.6,-0.2,14,30,50,1/271,1/215,1/128
東名,2026-10-01,,10/1 23:32,スロット,3687,L新鬼武者3SA,0434,-2.0,-1.2,-1.8,5,2,2,1/259,1/384,1/590
東名,2026-10-01,,10/1 23:32,スロット,3687,L新鬼武者3SA,0435,-1.3,-1.6,-0.3,7,3,6,1/176,1/351,1/89
東名,2026-10-01,,10/1 23:32,スロット,3687,L新鬼武者3SA,0436,2.7,0.0,0.0,15,0,0,1/45,,
東名,2026-10-01,,10/1 23:32,スロット,3687,L新鬼武者3SA,0437,0.0,-1.2,-0.8,0,4,7,,1/233,1/153
東名,2026-10-01,,10/1 23:32,スロット,3532,L東京喰種CT,0601,1.6,2.7,6.8,18,24,47,1/104,1/135,1/97
東名,2026-10-01,,10/1 23:32,スロット,3532,L東京喰種CT,0602,-4.0,-0.3,2.7,9,1,27,1/325,1/251,1/126
東名,2026-10-01,,10/1 23:32,スロット,3532,L東京喰種CT,0603,4.0,0.2,-1.5,27,15,15,1/109,1/118,1/198
東名,2026-10-01,,10/1 23:32,スロット,3532,L東京喰種CT,0604,-3.3,-2.2,-2.8,7,13,21,1/355,1/206,1/169
東名,2026-10-01,,10/1 23:32,スロット,3532,L東京喰種CT,0605,0.4,-1.0,-2.8,9,3,20,1/140,1/293,1/215
東名,2026-10-01,,10/1 23:32,スロット,3532,L東京喰種CT,0606,-1.2,-4.4,2.0,24,9,39,1/148,1/361,1/112
東名,2026-10-01,,10/1 23:32,スロット,3734,L炎炎ﾉ消防隊2,0599,1.0,-0.5,-1.9,6,11,2,1/206,1/173,1/608
東名,2026-10-01,,10/1 23:32,スロット,3734,L炎炎ﾉ消防隊2,0600,2.6,1.7,-4.2,25,12,5,1/128,1/140,1/600
東名,2026-10-01,,10/1 23:32,スロット,3263,L炎炎ﾉ消防隊jG,0684,-0.2,-0.4,-1.4,0,0,3,1/186,1/242,1/428
東名,2026-10-01,,10/1 23:32,スロット,3263,L炎炎ﾉ消防隊jG,0685,-0.5,-0.3,-0.7,0,0,1,1/293,1/122,1/531
東名,2026-10-01,,10/1 23:32,スロット,3735,L範馬刃牙L5,0500,1.0,-0.4,0.0,11,1,0,1/84,1/244,1/21
東名,2026-10-01,,10/1 23:32,スロット,3698,L絶対衝激ﾌｫｰｽFH,0653,-0.6,0.0,-0.3,3,0,1,1/176,,1/190
東名,2026-10-01,,10/1 23:32,スロット,3661,L転生したら剣でしたGT,0459,0.5,0.0,-0.1,4,0,4,1/47,1/1,1/94
東名,2026-10-01,,10/1 23:32,スロット,3661,L転生したら剣でしたGT,0460,0.0,-0.3,0.0,0,3,0,1/1,1/151,
東名,2026-10-01,,10/1 23:32,スロット,3810,L邪神ちゃんﾄﾞﾛｯﾌﾟｷｯｸTX,0554,-1.9,-5.9,-1.7,13,20,4,1/233,1/295,1/325
東名,2026-10-01,,10/1 23:32,スロット,3826,L青春ﾌﾞﾀ野郎L1,0484,-6.7,1.9,3.4,27,49,63,1/196,1/111,1/74
東名,2026-10-01,,10/1 23:32,スロット,3826,L青春ﾌﾞﾀ野郎L1,0485,9.9,-4.0,-4.4,34,21,23,1/55,1/199,1/165
東名,2026-10-01,,10/1 23:32,スロット,3826,L青春ﾌﾞﾀ野郎L1,0486,-5.7,-0.4,8.3,30,44,42,1/177,1/123,1/96
東名,2026-10-01,,10/1 23:32,スロット,3697,L革命機ｳﾞｧﾙｳﾞﾚｲｳﾞ2jF,0469,-0.6,0.0,-0.1,13,0,8,1/142,,1/139
東名,2026-10-01,,10/1 23:32,スロット,3697,L革命機ｳﾞｧﾙｳﾞﾚｲｳﾞ2jF,0470,-2.8,-3.7,1.5,5,4,20,1/435,1/668,1/60
東名,2026-10-01,,10/1 23:32,スロット,3697,L革命機ｳﾞｧﾙｳﾞﾚｲｳﾞ2jF,0471,-1.8,0.1,-0.9,1,14,1,1/1099,1/64,1/823
東名,2026-10-01,,10/1 23:32,スロット,3697,L革命機ｳﾞｧﾙｳﾞﾚｲｳﾞ2jF,0472,0.0,-1.1,0.9,0,3,8,,1/299,1/83
東名,2026-10-01,,10/1 23:32,スロット,3697,L革命機ｳﾞｧﾙｳﾞﾚｲｳﾞ2jF,0473,0.1,0.7,0.0,16,11,0,1/145,1/62,
東名,2026-10-01,,10/1 23:32,スロット,3025,L麻雀格闘倶楽部覚醒KM,0668,-1.4,-0.2,0.1,2,3,2,1/646,1/241,1/73
東名,2026-10-01,,10/1 23:32,スロット,3025,L麻雀格闘倶楽部覚醒KM,0669,-0.1,3.1,0.0,10,14,0,1/99,1/89,1/129
東名,2026-10-01,,10/1 23:32,スロット,3765,LｱｸﾀﾞﾏﾄﾞﾗｲﾌﾞTP,0552,3.3,3.8,-4.6,6,30,15,1/188,1/138,1/371
東名,2026-10-01,,10/1 23:32,スロット,3659,LｱｽﾞｰﾙﾚｰﾝTHE ANIMATION KN,0560,-1.3,0.3,-0.1,14,30,0,1/101,1/70,1/83
東名,2026-10-01,,10/1 23:32,スロット,3189,Lｺﾞｼﾞﾗ対ｴｳﾞｧﾝｹﾞﾘｵﾝjA,0440,-2.3,-1.3,0.0,6,4,0,1/317,1/302,
東名,2026-10-01,,10/1 23:32,スロット,3189,Lｺﾞｼﾞﾗ対ｴｳﾞｧﾝｹﾞﾘｵﾝjA,0441,0.2,-0.9,0.3,10,2,2,1/143,1/273,1/80
東名,2026-10-01,,10/1 23:32,スロット,3540,LｼｽﾀｰｸｴｽﾄCA,0662,0.0,0.0,0.0,0,0,0,,,
東名,2026-10-01,,10/1 23:32,スロット,3530,LｽｰﾊﾟｰﾌﾞﾗｯｸｼﾞｬｯｸSLDC,0658,0.6,-1.5,-1.0,6,3,7,1/39,1/360,1/144
東名,2026-10-01,,10/1 23:32,スロット,3530,LｽｰﾊﾟｰﾌﾞﾗｯｸｼﾞｬｯｸSLDC,0659,-0.6,0.2,-0.3,0,8,0,1/331,1/58,1/176
東名,2026-10-01,,10/1 23:32,スロット,3809,Lｽﾄﾘｰﾄﾌｧｲﾀｰ6SB,0553,0.3,11.3,-5.9,28,40,10,1/138,1/50,1/411
東名,2026-10-01,,10/1 23:32,スロット,3300,Lｽﾛｯﾄ ｿｰﾄﾞｱｰﾄ･ｵﾝﾗｲﾝB2,0624,-0.3,-1.8,0.3,1,11,5,1/219,1/188,1/59
東名,2026-10-01,,10/1 23:32,スロット,3657,LﾀﾞｰﾘﾝｲﾝｻﾞﾌﾗﾝｷｽSA,0461,-0.3,-0.9,-0.7,3,11,4,1/265,1/187,1/176
東名,2026-10-01,,10/1 23:32,スロット,3657,LﾀﾞｰﾘﾝｲﾝｻﾞﾌﾗﾝｷｽSA,0462,-0.9,0.0,2.4,0,0,5,1/485,,1/74
東名,2026-10-01,,10/1 23:32,スロット,3657,LﾀﾞｰﾘﾝｲﾝｻﾞﾌﾗﾝｷｽSA,0463,-1.0,-0.3,0.2,1,0,1,1/797,1/164,1/172
東名,2026-10-01,,10/1 23:32,スロット,3486,Lﾀﾞﾝﾍﾞﾙ何ｷﾛ持てる?X,0431,0.0,-2.1,0.2,0,17,21,,1/139,1/55
東名,2026-10-01,,10/1 23:32,スロット,3613,Lﾃﾞﾋﾞﾙﾒｲｸﾗｲ5ST XA,0694,-1.1,-0.1,0.0,4,2,0,1/238,1/114,
東名,2026-10-01,,10/1 23:32,スロット,3613,Lﾃﾞﾋﾞﾙﾒｲｸﾗｲ5ST XA,0695,-0.8,-0.4,1.6,5,6,15,1/211,1/143,1/73
東名,2026-10-01,,10/1 23:32,スロット,3613,Lﾃﾞﾋﾞﾙﾒｲｸﾗｲ5ST XA,0696,-0.2,0.0,0.0,5,0,0,1/125,,
東名,2026-10-01,,10/1 23:32,スロット,3702,LﾈｵﾌﾟﾗﾈｯﾄSLED,0499,-0.7,-1.2,0.1,9,1,13,1/290,1/1122,1/278
東名,2026-10-01,,10/1 23:32,スロット,3787,LﾊﾞｰﾃﾞｨｰｳｲﾝｸﾞBC,0477,-0.8,-0.8,-3.1,7,3,9,1/132,1/168,1/218
東名,2026-10-01,,10/1 23:32,スロット,3541,Lﾊﾞｲｵﾊｻﾞｰﾄﾞ5ZE,0676,-1.9,1.6,-1.4,4,24,1,1/389,1/97,1/800
東名,2026-10-01,,10/1 23:32,スロット,3541,Lﾊﾞｲｵﾊｻﾞｰﾄﾞ5ZE,0677,-1.5,-1.8,-1.3,13,4,2,1/172,1/290,1/393
東名,2026-10-01,,10/1 23:32,スロット,3541,Lﾊﾞｲｵﾊｻﾞｰﾄﾞ5ZE,0678,-2.1,0.1,-0.5,5,13,15,1/368,1/111,1/196
東名,2026-10-01,,10/1 23:32,スロット,3781,LﾊﾞｲｵﾊｻﾞｰﾄﾞRE:3 ZD,0474,-0.6,-0.7,-2.9,3,2,16,1/168,1/224,1/151
東名,2026-10-01,,10/1 23:32,スロット,3781,LﾊﾞｲｵﾊｻﾞｰﾄﾞRE:3 ZD,0475,1.2,0.0,0.0,19,0,0,1/41,,
東名,2026-10-01,,10/1 23:32,スロット,3781,LﾊﾞｲｵﾊｻﾞｰﾄﾞRE:3 ZD,0476,-0.2,0.0,0.0,6,0,0,1/81,,
東名,2026-10-01,,10/1 23:32,スロット,3084,Lﾊﾟﾁｽﾛひぐらしのなく頃に業SS,0664,0.7,-0.7,-0.9,9,0,0,1/334,1/494,1/768
東名,2026-10-01,,10/1 23:32,スロット,2853,Lﾊﾟﾁｽﾛ北斗の拳AD XR,0487,0.1,0.7,0.0,2,13,0,1/91,1/55,1/15
東名,2026-10-01,,10/1 23:32,スロット,2853,Lﾊﾟﾁｽﾛ北斗の拳AD XR,0488,0.0,-0.8,0.0,10,1,14,1/82,1/578,1/82
東名,2026-10-01,,10/1 23:32,スロット,2853,Lﾊﾟﾁｽﾛ北斗の拳AD XR,0489,-1.1,6.9,-0.8,5,78,3,1/207,1/38,1/220
東名,2026-10-01,,10/1 23:32,スロット,2853,Lﾊﾟﾁｽﾛ北斗の拳AD XR,0490,-0.5,-0.1,-0.6,2,1,2,1/247,1/183,1/241
東名,2026-10-01,,10/1 23:32,スロット,2853,Lﾊﾟﾁｽﾛ北斗の拳AD XR,0491,0.9,-1.5,0.0,19,1,13,1/66,1/817,1/79
東名,2026-10-01,,10/1 23:32,スロット,2853,Lﾊﾟﾁｽﾛ北斗の拳AD XR,0492,-0.3,-0.5,-0.4,12,3,1,1/103,1/193,1/322
東名,2026-10-01,,10/1 23:32,スロット,2853,Lﾊﾟﾁｽﾛ北斗の拳AD XR,0493,-1.8,1.1,0.7,8,19,7,1/218,1/52,1/35
東名,2026-10-01,,10/1 23:32,スロット,2853,Lﾊﾟﾁｽﾛ北斗の拳AD XR,0494,-0.2,-2.0,-0.1,0,3,8,1/78,1/464,1/100
東名,2026-10-01,,10/1 23:32,スロット,2853,Lﾊﾟﾁｽﾛ北斗の拳AD XR,0495,4.8,-1.2,-0.2,69,4,4,1/54,1/262,1/143
東名,2026-10-01,,10/1 23:32,スロット,2853,Lﾊﾟﾁｽﾛ北斗の拳AD XR,0496,-0.3,-2.7,-1.7,1,10,10,1/252,1/253,1/190
東名,2026-10-01,,10/1 23:32,スロット,2853,Lﾊﾟﾁｽﾛ北斗の拳AD XR,0497,-1.0,-0.6,-0.1,50,5,3,1/105,1/146,1/126
東名,2026-10-01,,10/1 23:32,スロット,2853,Lﾊﾟﾁｽﾛ北斗の拳AD XR,0498,-0.4,-0.9,0.1,1,17,1,1/308,1/126,1/66
東名,2026-10-01,,10/1 23:32,スロット,3821,Lﾊﾟﾁｽﾛ喰霊零Re/L3,0556,-0.4,-2.2,0.1,3,15,11,1/304,1/286,1/287
東名,2026-10-01,,10/1 23:32,スロット,3725,Lﾊﾟﾁｽﾛ鉄拳6YD01H,0424,-1.6,-1.0,-1.2,4,5,2,1/272,1/185,1/436
東名,2026-10-01,,10/1 23:32,スロット,3725,Lﾊﾟﾁｽﾛ鉄拳6YD01H,0425,0.0,-0.2,-0.2,1,0,0,1/191,1/141,1/112
東名,2026-10-01,,10/1 23:32,スロット,3725,Lﾊﾟﾁｽﾛ鉄拳6YD01H,0426,-0.8,-0.2,-2.0,2,0,3,1/259,1/123,1/383
東名,2026-10-01,,10/1 23:32,スロット,3725,Lﾊﾟﾁｽﾛ鉄拳6YD01H,0427,4.8,3.4,-0.2,9,13,0,1/54,1/48,1/98
東名,2026-10-01,,10/1 23:32,スロット,3725,Lﾊﾟﾁｽﾛ鉄拳6YD01H,0428,-0.2,-0.3,-0.1,17,0,0,1/131,1/132,1/99
東名,2026-10-01,,10/1 23:32,スロット,3329,LﾊﾟﾁｽﾛｺﾞｯﾄﾞｲｰﾀｰﾘｻﾞﾚｸｼｮﾝSLED,0542,-1.9,-0.9,0.8,3,11,9,1/367,1/114,1/37
東名,2026-10-01,,10/1 23:32,スロット,3329,LﾊﾟﾁｽﾛｺﾞｯﾄﾞｲｰﾀｰﾘｻﾞﾚｸｼｮﾝSLED,0543,5.5,0.7,-0.1,29,8,2,1/44,1/52,1/68
東名,2026-10-01,,10/1 23:32,スロット,3329,LﾊﾟﾁｽﾛｺﾞｯﾄﾞｲｰﾀｰﾘｻﾞﾚｸｼｮﾝSLED,0544,0.0,-0.5,-1.9,16,5,7,1/79,1/102,1/162
東名,2026-10-01,,10/1 23:32,スロット,3780,Lﾊﾟﾁｽﾛｽｰﾊﾟｰﾘｵｴｰｽ2ND02H,0510,0.0,-1.9,-1.4,5,3,3,1/157,1/395,1/306
東名,2026-10-01,,10/1 23:32,スロット,3780,Lﾊﾟﾁｽﾛｽｰﾊﾟｰﾘｵｴｰｽ2ND02H,0511,0.0,-0.2,-0.9,0,6,2,,1/120,1/293
東名,2026-10-01,,10/1 23:32,スロット,3766,LﾊﾟﾁｽﾛﾖﾙﾑﾝｶﾞﾝﾄﾞND01G,0433,0.0,-0.3,0.0,0,6,0,,1/179,
東名,2026-10-01,,10/1 23:32,スロット,3709,LﾌﾟﾘｽﾞﾑﾅﾅCC,0432,-0.6,-0.9,-1.8,8,2,4,1/128,1/383,1/414
東名,2026-10-01,,10/1 23:32,スロット,3096,Lﾏｼﾞｶﾙﾊﾛｳｨﾝ8FE,0622,1.2,1.1,0.1,11,19,10,1/147,1/146,1/181
東名,2026-10-01,,10/1 23:32,スロット,3096,Lﾏｼﾞｶﾙﾊﾛｳｨﾝ8FE,0623,0.4,-0.8,0.0,3,6,0,1/129,1/274,1/71
東名,2026-10-01,,10/1 23:32,スロット,3098,Lﾓﾝｷｰﾀｰﾝ5CE,0512,-0.8,-1.1,-1.2,12,15,12,1/119,1/167,1/132
東名,2026-10-01,,10/1 23:32,スロット,3098,Lﾓﾝｷｰﾀｰﾝ5CE,0513,-0.3,0.0,2.2,18,2,31,1/106,1/95,1/49
東名,2026-10-01,,10/1 23:32,スロット,3098,Lﾓﾝｷｰﾀｰﾝ5CE,0514,0.3,-1.3,4.8,27,1,46,1/80,1/712,1/61
東名,2026-10-01,,10/1 23:32,スロット,3098,Lﾓﾝｷｰﾀｰﾝ5CE,0515,-0.9,-1.0,0.9,50,5,33,1/87,1/198,1/79
東名,2026-10-01,,10/1 23:32,スロット,3098,Lﾓﾝｷｰﾀｰﾝ5CE,0516,-1.1,7.6,3.4,16,47,56,1/116,1/29,1/77
東名,2026-10-01,,10/1 23:32,スロット,3448,LﾓﾝｽﾀｰﾊﾝﾀｰﾗｲｽﾞXA,0501,-0.5,-1.6,1.5,2,8,33,1/179,1/210,1/57
東名,2026-10-01,,10/1 23:32,スロット,3448,LﾓﾝｽﾀｰﾊﾝﾀｰﾗｲｽﾞXA,0502,-0.4,-0.2,0.0,19,4,7,1/96,1/92,1/73
東名,2026-10-01,,10/1 23:32,スロット,3448,LﾓﾝｽﾀｰﾊﾝﾀｰﾗｲｽﾞXA,0503,1.6,-0.5,-0.3,7,0,15,1/10,1/263,1/108
東名,2026-10-01,,10/1 23:32,スロット,3448,LﾓﾝｽﾀｰﾊﾝﾀｰﾗｲｽﾞXA,0504,-0.3,0.6,-1.6,0,10,21,1/158,1/45,1/116
東名,2026-10-01,,10/1 23:32,スロット,3448,LﾓﾝｽﾀｰﾊﾝﾀｰﾗｲｽﾞXA,0505,2.7,-0.7,0.0,46,0,2,1/67,1/357,1/91
東名,2026-10-01,,10/1 23:32,スロット,3827,Lﾚﾝﾀﾙ彼女bK,0559,-3.6,-1.7,-1.9,29,46,36,1/160,1/118,1/124
東名,2026-10-01,,10/1 23:32,スロット,3056,S ｴｳﾚｶｾﾌﾞﾝHIEVO XS,0699,-0.9,0.2,0.4,6,7,2,1/240,1/196,1/120
東名,2026-10-01,,10/1 23:32,スロット,3056,S ｴｳﾚｶｾﾌﾞﾝHIEVO XS,0700,-0.2,-0.3,0.2,0,4,8,1/65,1/234,1/220
東名,2026-10-01,,10/1 23:32,スロット,2710,S/沖ﾄﾞｷ!GOLD/GS,0707,5.5,1.2,0.7,31,5,14,1/61,1/36,1/150
東名,2026-10-01,,10/1 23:32,スロット,2710,S/沖ﾄﾞｷ!GOLD/GS,0708,-0.2,2.2,-0.4,0,13,0,1/91,1/74,1/211
東名,2026-10-01,,10/1 23:32,スロット,2710,S/沖ﾄﾞｷ!GOLD/GS,0709,-0.1,-0.4,-0.1,0,0,1,1/39,1/216,1/217
東名,2026-10-01,,10/1 23:32,スロット,2710,S/沖ﾄﾞｷ!GOLD/GS,0710,0.3,-0.2,-0.1,3,0,0,1/113,1/90,1/49
東名,2026-10-01,,10/1 23:32,スロット,2874,S/ｱﾅｻﾞｰｺﾞｯﾄﾞﾊｰﾃﾞｽ/SL,0705,-0.1,2.1,-0.2,0,6,3,1/50,1/288,1/535
東名,2026-10-01,,10/1 23:32,スロット,3675,S/ﾄﾞﾙｱｰｶﾞの塔/ZU,0714,3.1,-0.9,-3.7,15,13,3,1/191,1/360,1/977
東名,2026-10-01,,10/1 23:32,スロット,3461,SｳﾙﾄﾗﾐﾗｸﾙｼﾞｬｸﾞﾗｰKT,0588,-0.3,-0.6,-0.4,7,4,2,1/287,1/343,1/357
東名,2026-10-01,,10/1 23:32,スロット,3461,SｳﾙﾄﾗﾐﾗｸﾙｼﾞｬｸﾞﾗｰKT,0589,-0.3,-0.4,0.3,0,0,8,1/246,1/203,1/243
東名,2026-10-01,,10/1 23:32,スロット,3461,SｳﾙﾄﾗﾐﾗｸﾙｼﾞｬｸﾞﾗｰKT,0590,-1.2,2.1,0.0,2,27,6,1/605,1/202,1/240
東名,2026-10-01,,10/1 23:32,スロット,2923,Sｺｰﾄﾞｷﾞｱｽ3C.C.FS,0703,0.0,0.0,0.0,0,0,0,,,
東名,2026-10-01,,10/1 23:32,スロット,2923,Sｺｰﾄﾞｷﾞｱｽ3C.C.FS,0704,0.0,0.0,0.0,0,0,0,,,
東名,2026-10-01,,10/1 23:32,スロット,2952,Sｺﾞｰｺﾞｰｼﾞｬｸﾞﾗｰ3KA,0576,-0.8,-0.4,-1.0,2,3,0,1/386,1/368,1/737
東名,2026-10-01,,10/1 23:32,スロット,2952,Sｺﾞｰｺﾞｰｼﾞｬｸﾞﾗｰ3KA,0577,0.2,-1.9,0.9,3,16,12,1/275,1/362,1/189
東名,2026-10-01,,10/1 23:32,スロット,2952,Sｺﾞｰｺﾞｰｼﾞｬｸﾞﾗｰ3KA,0578,3.0,-0.4,-0.8,32,1,6,1/185,1/512,1/311
東名,2026-10-01,,10/1 23:32,スロット,2952,Sｺﾞｰｺﾞｰｼﾞｬｸﾞﾗｰ3KA,0579,-0.8,-0.2,-0.2,9,7,0,1/403,1/313,1/217
東名,2026-10-01,,10/1 23:32,スロット,2952,Sｺﾞｰｺﾞｰｼﾞｬｸﾞﾗｰ3KA,0580,0.1,0.8,-0.3,6,11,0,1/198,1/163,1/142
東名,2026-10-01,,10/1 23:32,スロット,2952,Sｺﾞｰｺﾞｰｼﾞｬｸﾞﾗｰ3KA,0581,0.2,-1.6,0.9,4,0,20,1/156,1/1133,1/218
東名,2026-10-01,,10/1 23:32,スロット,2952,Sｺﾞｰｺﾞｰｼﾞｬｸﾞﾗｰ3KA,0582,-0.2,-1.2,2.5,0,4,19,1/120,1/481,1/159
東名,2026-10-01,,10/1 23:32,スロット,2952,Sｺﾞｰｺﾞｰｼﾞｬｸﾞﾗｰ3KA,0583,0.7,0.1,-0.6,15,4,7,1/202,1/187,1/464
東名,2026-10-01,,10/1 23:32,スロット,2952,Sｺﾞｰｺﾞｰｼﾞｬｸﾞﾗｰ3KA,0584,0.1,0.7,-0.7,6,15,2,1/253,1/205,1/402
東名,2026-10-01,,10/1 23:32,スロット,3242,SｼﾞｬｸﾞﾗｰｶﾞｰﾙｽﾞSS-KH,0522,-1.4,-0.9,-0.7,2,1,2,1/867,1/824,1/521
東名,2026-10-01,,10/1 23:32,スロット,3242,SｼﾞｬｸﾞﾗｰｶﾞｰﾙｽﾞSS-KH,0523,1.5,-0.4,-0.2,24,0,6,1/218,1/332,1/270
東名,2026-10-01,,10/1 23:32,スロット,3242,SｼﾞｬｸﾞﾗｰｶﾞｰﾙｽﾞSS-KH,0573,-0.7,-1.7,-0.5,10,11,0,1/259,1/385,1/437
東名,2026-10-01,,10/1 23:32,スロット,3242,SｼﾞｬｸﾞﾗｰｶﾞｰﾙｽﾞSS-KH,0574,-0.1,-0.7,-0.3,4,1,9,1/266,1/669,1/321
東名,2026-10-01,,10/1 23:32,スロット,3242,SｼﾞｬｸﾞﾗｰｶﾞｰﾙｽﾞSS-KH,0575,-0.3,-0.9,-0.4,16,1,0,1/245,1/840,1/234
東名,2026-10-01,,10/1 23:32,スロット,3242,SｼﾞｬｸﾞﾗｰｶﾞｰﾙｽﾞSS-KH,0711,-0.4,0.0,-0.1,0,0,0,1/187,,1/30
東名,2026-10-01,,10/1 23:32,スロット,3242,SｼﾞｬｸﾞﾗｰｶﾞｰﾙｽﾞSS-KH,0712,-0.2,-0.1,0.0,0,0,0,1/97,1/35,
東名,2026-10-01,,10/1 23:32,スロット,3242,SｼﾞｬｸﾞﾗｰｶﾞｰﾙｽﾞSS-KH,0713,0.0,-0.1,-0.2,0,0,3,1/16,1/47,1/403
東名,2026-10-01,,10/1 23:32,スロット,3256,Sﾀﾞﾝまち2XZ,0706,-0.3,-1.1,-0.4,1,5,0,1/517,1/222,1/555
東名,2026-10-01,,10/1 23:32,スロット,3265,SﾆｭｰﾊﾟﾙｻｰSP4SLE8,0701,-0.2,-0.1,0.4,0,1,3,1/180,1/318,1/127
東名,2026-10-01,,10/1 23:32,スロット,3265,SﾆｭｰﾊﾟﾙｻｰSP4SLE8,0702,-0.1,-0.1,-0.5,4,3,0,1/338,1/262,1/365
東名,2026-10-01,,10/1 23:32,スロット,3672,SﾈｵｱｲﾑｼﾞｬｸﾞﾗｰEX-KK,0607,-0.2,0.4,-0.8,3,8,0,1/327,1/263,1/600
東名,2026-10-01,,10/1 23:32,スロット,3672,SﾈｵｱｲﾑｼﾞｬｸﾞﾗｰEX-KK,0608,0.2,1.3,-0.5,13,8,4,1/245,1/157,1/314
東名,2026-10-01,,10/1 23:32,スロット,3672,SﾈｵｱｲﾑｼﾞｬｸﾞﾗｰEX-KK,0609,-0.1,-0.2,-0.1,1,4,4,1/406,1/205,1/203
東名,2026-10-01,,10/1 23:32,スロット,3672,SﾈｵｱｲﾑｼﾞｬｸﾞﾗｰEX-KK,0610,-0.3,-0.2,1.0,2,5,13,1/276,1/295,1/257
東名,2026-10-01,,10/1 23:32,スロット,3672,SﾈｵｱｲﾑｼﾞｬｸﾞﾗｰEX-KK,0611,-0.3,-0.4,-0.4,2,3,0,1/359,1/483,1/319
東名,2026-10-01,,10/1 23:32,スロット,3672,SﾈｵｱｲﾑｼﾞｬｸﾞﾗｰEX-KK,0612,-0.6,-0.4,0.6,6,1,8,1/350,1/393,1/229
東名,2026-10-01,,10/1 23:32,スロット,3672,SﾈｵｱｲﾑｼﾞｬｸﾞﾗｰEX-KK,0613,2.3,-0.5,-0.3,20,9,0,1/215,1/319,1/239
東名,2026-10-01,,10/1 23:32,スロット,3672,SﾈｵｱｲﾑｼﾞｬｸﾞﾗｰEX-KK,0614,-0.2,-0.4,-0.3,1,2,12,1/399,1/342,1/274
東名,2026-10-01,,10/1 23:32,スロット,3672,SﾈｵｱｲﾑｼﾞｬｸﾞﾗｰEX-KK,0615,-0.3,1.1,-0.2,0,21,1,1/165,1/187,1/350
東名,2026-10-01,,10/1 23:32,スロット,2609,SﾊｯﾋﾟｰｼﾞｬｸﾞﾗｰⅤⅢ,0616,-0.6,-0.6,-0.1,7,4,1,1/377,1/295,1/403
東名,2026-10-01,,10/1 23:32,スロット,2609,SﾊｯﾋﾟｰｼﾞｬｸﾞﾗｰⅤⅢ,0617,-0.3,-0.5,-0.3,1,4,0,1/1006,1/264,1/429
東名,2026-10-01,,10/1 23:32,スロット,2609,SﾊｯﾋﾟｰｼﾞｬｸﾞﾗｰⅤⅢ,0618,0.3,-1.0,-0.5,8,0,0,1/203,1/933,1/271
東名,2026-10-01,,10/1 23:32,スロット,2609,SﾊｯﾋﾟｰｼﾞｬｸﾞﾗｰⅤⅢ,0619,0.2,-1.1,0.3,3,4,6,1/200,1/437,1/216
東名,2026-10-01,,10/1 23:32,スロット,2609,SﾊｯﾋﾟｰｼﾞｬｸﾞﾗｰⅤⅢ,0620,0.9,-0.2,-0.7,10,1,2,1/186,1/428,1/534
東名,2026-10-01,,10/1 23:32,スロット,2609,SﾊｯﾋﾟｰｼﾞｬｸﾞﾗｰⅤⅢ,0621,-0.7,1.5,-0.5,4,25,4,1/468,1/214,1/346
東名,2026-10-01,,10/1 23:32,スロット,2318,Sﾌｧﾝｷｰｼﾞｬｸﾞﾗｰ2KT,0561,-1.3,-1.0,-1.0,5,4,19,1/454,1/467,1/294
東名,2026-10-01,,10/1 23:32,スロット,2318,Sﾌｧﾝｷｰｼﾞｬｸﾞﾗｰ2KT,0562,-0.9,-0.4,-0.1,1,12,4,1/1012,1/245,1/251
東名,2026-10-01,,10/1 23:32,スロット,2318,Sﾌｧﾝｷｰｼﾞｬｸﾞﾗｰ2KT,0563,0.3,0.3,1.3,16,15,12,1/204,1/209,1/171
東名,2026-10-01,,10/1 23:32,スロット,2318,Sﾌｧﾝｷｰｼﾞｬｸﾞﾗｰ2KT,0564,0.2,-0.8,-0.5,4,5,1,1/175,1/355,1/506
東名,2026-10-01,,10/1 23:32,スロット,2318,Sﾌｧﾝｷｰｼﾞｬｸﾞﾗｰ2KT,0565,-1.3,-0.9,0.4,5,5,15,1/456,1/397,1/219
東名,2026-10-01,,10/1 23:32,スロット,2318,Sﾌｧﾝｷｰｼﾞｬｸﾞﾗｰ2KT,0566,-0.6,0.0,0.3,3,3,4,1/452,1/199,1/229
東名,2026-10-01,,10/1 23:32,スロット,2318,Sﾌｧﾝｷｰｼﾞｬｸﾞﾗｰ2KT,0567,-0.1,-0.1,-0.4,3,10,17,1/178,1/247,1/322
東名,2026-10-01,,10/1 23:32,スロット,2318,Sﾌｧﾝｷｰｼﾞｬｸﾞﾗｰ2KT,0568,3.3,-0.1,0.3,39,4,7,1/207,1/268,1/156
東名,2026-10-01,,10/1 23:32,スロット,2318,Sﾌｧﾝｷｰｼﾞｬｸﾞﾗｰ2KT,0569,-0.1,-0.6,-0.4,0,5,1,1/72,1/380,1/402
東名,2026-10-01,,10/1 23:32,スロット,2318,Sﾌｧﾝｷｰｼﾞｬｸﾞﾗｰ2KT,0570,-0.5,-0.7,0.7,13,2,15,1/284,1/456,1/229
東名,2026-10-01,,10/1 23:32,スロット,2318,Sﾌｧﾝｷｰｼﾞｬｸﾞﾗｰ2KT,0571,-0.7,-0.1,0.7,3,11,17,1/345,1/259,1/170
東名,2026-10-01,,10/1 23:32,スロット,2318,Sﾌｧﾝｷｰｼﾞｬｸﾞﾗｰ2KT,0572,0.2,-0.4,-0.7,14,10,2,1/214,1/286,1/628
東名,2026-10-01,,10/1 23:32,スロット,2357,SﾏｲｼﾞｬｸﾞﾗｰVKD,0524,-0.1,-1.3,-0.3,9,7,6,1/249,1/445,1/279
東名,2026-10-01,,10/1 23:32,スロット,2357,SﾏｲｼﾞｬｸﾞﾗｰVKD,0525,0.8,-0.8,1.2,18,6,11,1/274,1/358,1/177
東名,2026-10-01,,10/1 23:32,スロット,2357,SﾏｲｼﾞｬｸﾞﾗｰVKD,0526,-0.4,-0.6,2.5,1,5,25,1/476,1/278,1/203
東名,2026-10-01,,10/1 23:32,スロット,2357,SﾏｲｼﾞｬｸﾞﾗｰVKD,0527,-1.9,-0.7,-1.2,8,14,7,1/505,1/340,1/403
東名,2026-10-01,,10/1 23:32,スロット,2357,SﾏｲｼﾞｬｸﾞﾗｰVKD,0528,0.1,-1.2,-0.5,11,2,2,1/254,1/752,1/348
東名,2026-10-01,,10/1 23:32,スロット,2357,SﾏｲｼﾞｬｸﾞﾗｰVKD,0529,-0.2,0.9,0.8,4,21,17,1/310,1/219,1/235
東名,2026-10-01,,10/1 23:32,スロット,2357,SﾏｲｼﾞｬｸﾞﾗｰVKD,0530,3.1,0.2,-0.5,39,15,2,1/180,1/220,1/487
東名,2026-10-01,,10/1 23:32,スロット,2357,SﾏｲｼﾞｬｸﾞﾗｰVKD,0531,-0.6,2.1,-0.7,3,25,5,1/439,1/184,1/433
東名,2026-10-01,,10/1 23:32,スロット,2357,SﾏｲｼﾞｬｸﾞﾗｰVKD,0532,-0.4,0.1,-1.0,9,7,0,1/321,1/260,1/766
東名,2026-10-01,,10/1 23:32,スロット,2357,SﾏｲｼﾞｬｸﾞﾗｰVKD,0533,-0.4,1.0,0.8,16,17,9,1/272,1/226,1/196
東名,2026-10-01,,10/1 23:32,スロット,2357,SﾏｲｼﾞｬｸﾞﾗｰVKD,0534,0.9,-0.7,-0.6,9,1,1,1/179,1/641,1/537
東名,2026-10-01,,10/1 23:32,スロット,2357,SﾏｲｼﾞｬｸﾞﾗｰVKD,0535,-0.8,-0.6,1.3,21,15,28,1/321,1/301,1/222
東名,2026-10-01,,10/1 23:32,スロット,2357,SﾏｲｼﾞｬｸﾞﾗｰVKD,0536,-0.9,-1.8,-0.6,7,3,1,1/413,1/731,1/579
東名,2026-10-01,,10/1 23:32,スロット,3326,SﾐｽﾀｰｼﾞｬｸﾞﾗｰKK,0585,0.3,-0.5,0.2,4,1,2,1/164,1/449,1/176
東名,2026-10-01,,10/1 23:32,スロット,3326,SﾐｽﾀｰｼﾞｬｸﾞﾗｰKK,0586,-0.3,-0.2,-0.5,2,8,1,1/440,1/309,1/521
東名,2026-10-01,,10/1 23:32,スロット,3326,SﾐｽﾀｰｼﾞｬｸﾞﾗｰKK,0587,0.6,-1.0,-0.1,7,0,13,1/145,1/585,1/238
東名,2026-10-01,,10/1 23:32,スロット,3814,⑤L/いざ番長/SB8,0715,-2.7,-4.1,-3.5,25,28,9,1/162,1/164,1/271
東名,2026-10-01,,10/1 23:32,スロット,3690,⑤L/緑ﾄﾞﾝ5/FY,0716,-1.1,-1.0,3.6,23,9,11,1/153,1/212,1/145
東名,2026-10-01,,10/1 23:32,スロット,3832,⑤LBﾆｭｰﾊﾟﾙｻｰBTC9,0717,0.9,1.3,2.8,13,4,17,1/314,1/246,1/199
東名,2026-10-01,,10/1 23:32,スロット,3831,⑤LからくりｻｰｶｽG,0719,-3.7,0.4,-3.9,47,25,18,1/103,1/68,1/167
東名,2026-10-01,,10/1 23:32,スロット,3830,⑤L革命機ｳﾞｧﾙｳﾞﾚｲｳﾞ2jF,0718,-3.4,-0.3,-2.3,22,17,15,1/233,1/174,1/266
東名,2026-10-01,,10/1 23:32,スロット,3303,⑤S ｴｳﾚｶｾﾌﾞﾝHIEVO XS,0723,-0.2,2.5,-0.6,34,42,1,1/205,1/178,1/503
東名,2026-10-01,,10/1 23:32,スロット,3311,⑤S ｶﾞﾒﾗ2 XR,0722,0.5,0.8,-0.8,5,9,7,1/309,1/355,1/489
東名,2026-10-01,,10/1 23:32,スロット,3267,⑤S/沖ﾄﾞｷ!DUO/DH,0445,-1.5,-0.2,2.5,14,12,20,1/197,1/162,1/88
東名,2026-10-01,,10/1 23:32,スロット,3310,⑤S/沖ﾄﾞｷ!GOLD/GS,0446,-0.6,-0.1,-0.2,0,5,0,1/315,1/184,1/76
東名,2026-10-01,,10/1 23:32,スロット,3310,⑤S/沖ﾄﾞｷ!GOLD/GS,0447,-0.5,2.1,-0.3,0,38,0,1/274,1/133,1/161
東名,2026-10-01,,10/1 23:32,スロット,3296,⑤S/ｸﾗﾝｷｰｸﾚｽﾄ/CR,0456,0.3,-0.7,-1.9,14,10,7,1/255,1/291,1/390
東名,2026-10-01,,10/1 23:32,スロット,3299,⑤S/ﾊﾞｰｻｽﾘｳﾞｧｲｽﾞ/HS,0721,0.2,1.4,0.8,8,17,10,1/319,1/230,1/214
東名,2026-10-01,,10/1 23:32,スロット,3308,⑤S炎炎ﾉ消防隊jS,0450,0.6,1.8,-0.1,20,24,9,1/108,1/85,1/147
東名,2026-10-01,,10/1 23:32,スロット,3308,⑤S炎炎ﾉ消防隊jS,0451,-0.2,-1.6,-0.9,0,2,10,1/116,1/609,1/214
東名,2026-10-01,,10/1 23:32,スロット,3308,⑤S炎炎ﾉ消防隊jS,0452,-0.9,-2.1,2.5,18,2,41,1/173,1/658,1/110
東名,2026-10-01,,10/1 23:32,スロット,3307,⑤SｸﾞﾗﾝﾍﾞﾙﾑZXZ,0720,-0.3,-1.1,-0.5,35,28,11,1/54,1/77,1/71
東名,2026-10-01,,10/1 23:32,スロット,3480,⑤Sﾀﾞﾝまち2XZ,0443,-1.0,-0.6,0.0,6,15,12,1/348,1/184,1/118
東名,2026-10-01,,10/1 23:32,スロット,3480,⑤Sﾀﾞﾝまち2XZ,0444,-0.4,-0.2,1.0,1,0,12,1/282,1/113,1/198
東名,2026-10-01,,10/1 23:32,スロット,3302,⑤SﾊﾞｲｵﾊｻﾞｰﾄﾞRE:2 XB,0448,-2.5,-1.5,-2.1,33,19,8,1/122,1/149,1/243
東名,2026-10-01,,10/1 23:32,スロット,3309,⑤Sﾊﾟﾁｽﾛ甲鉄城のｶﾊﾞﾈﾘZR,0453,-0.6,0.9,-1.7,4,22,10,1/170,1/82,1/168
東名,2026-10-01,,10/1 23:32,スロット,3309,⑤Sﾊﾟﾁｽﾛ甲鉄城のｶﾊﾞﾈﾘZR,0454,-2.3,-0.6,0.6,3,7,18,1/444,1/141,1/63
東名,2026-10-01,,10/1 23:32,スロット,3309,⑤Sﾊﾟﾁｽﾛ甲鉄城のｶﾊﾞﾈﾘZR,0455,-1.9,-0.4,2.1,2,17,36,1/556,1/110,1/64
東名,2026-10-01,,10/1 23:32,スロット,3479,⑤SﾊﾟﾁｽﾛｳﾙﾄﾗﾏﾝﾀﾛｳMG,0724,1.6,-2.2,-0.8,20,19,13,1/29,1/164,1/109
東名,2026-10-01,,10/1 23:32,スロット,2714,⑤ﾊﾟﾁｽﾛ頭文字D XR,0442,-2.6,1.4,-0.2,4,16,1,1/488,1/150,1/202
東名,2026-10-01,,10/1 23:32,スロット,2714,⑤ﾊﾟﾁｽﾛ頭文字D XR,0449,1.4,4.8,0.0,7,25,5,1/95,1/102,1/128
野川,2026-10-01,,10/1 23:31,パチンコ,2802,e Re:ｾﾞﾛから始める異世界生活2,0323,-0.5,-4.4,-0.7,1,0,5,1/242,1/493,1/738
野川,2026-10-01,,10/1 23:31,パチンコ,2802,e Re:ｾﾞﾛから始める異世界生活2,0324,0.0,0.3,-1.5,0,4,0,,1/363,1/152
野川,2026-10-01,,10/1 23:31,パチンコ,3242,e 七つの大罪3GFEA,0459,6.6,-0.1,-0.8,8,0,2,1/155,1/9,1/198
野川,2026-10-01,,10/1 23:31,パチンコ,3070,e 新･必殺仕置人 超斬撃99,0469,-0.5,-0.8,-2.1,2,0,3,1/107,1/80,1/81
野川,2026-10-01,,10/1 23:31,パチンコ,3040,e 東京喰種,0478,1.2,-6.7,-2.0,5,1,6,1/131,1/772,1/110
野川,2026-10-01,,10/1 23:31,パチンコ,3040,e 東京喰種,0479,1.6,1.8,-6.8,9,6,4,1/97,1/312,1/246
野川,2026-10-01,,10/1 23:31,パチンコ,3040,e 東京喰種,0480,-1.0,2.7,-3.0,0,8,6,1/115,1/149,1/129
野川,2026-10-01,,10/1 23:31,パチンコ,3040,e 東京喰種,0481,6.7,-5.0,-3.9,5,2,1,1/47,1/330,1/448
野川,2026-10-01,,10/1 23:31,パチンコ,3040,e 東京喰種,0482,-6.1,11.7,-2.8,5,13,2,1/172,1/135,1/188
野川,2026-10-01,,10/1 23:31,パチンコ,3176,e 甲鉄城のｶﾊﾞﾈﾘ2GFEA,0317,-1.4,-0.8,-0.4,0,0,0,1/132,1/94,1/53
野川,2026-10-01,,10/1 23:31,パチンコ,3176,e 甲鉄城のｶﾊﾞﾈﾘ2GFEA,0318,0.0,-0.1,6.6,0,0,5,,1/5,1/3
野川,2026-10-01,,10/1 23:31,パチンコ,3178,e 魔法少女まどか☆ﾏｷﾞｶ3LPM1,0398,-3.2,-1.5,-0.4,0,1,1,1/402,1/212,1/69
野川,2026-10-01,,10/1 23:31,パチンコ,3178,e 魔法少女まどか☆ﾏｷﾞｶ3LPM1,0399,-2.3,-1.0,-0.7,0,0,0,1/293,1/124,1/90
野川,2026-10-01,,10/1 23:31,パチンコ,3240,e ｿｰﾄﾞｱｰﾄ･ｵﾝﾗｲﾝ ｱﾘｼｾﾞｰｼｮﾝYKJ11,0325,-3.1,3.2,-7.5,18,16,10,1/252,1/653,1/187
野川,2026-10-01,,10/1 23:31,パチンコ,3240,e ｿｰﾄﾞｱｰﾄ･ｵﾝﾗｲﾝ ｱﾘｼｾﾞｰｼｮﾝYKJ11,0326,-3.0,-1.1,-9.7,14,10,7,1/244,1/283,1/270
野川,2026-10-01,,10/1 23:31,パチンコ,3086,e ﾏｷﾞｱﾚｺｰﾄﾞまどか☆ﾏｷﾞｶ外伝KRJ1,0391,-0.4,0.0,0.0,0,0,0,1/42,,
野川,2026-10-01,,10/1 23:31,パチンコ,3086,e ﾏｷﾞｱﾚｺｰﾄﾞまどか☆ﾏｷﾞｶ外伝KRJ1,0392,3.8,0.0,12.1,7,0,15,1/260,1/3,1/60
野川,2026-10-01,,10/1 23:31,パチンコ,3241,e/押忍!番長 漢の頂/A03 99Ver,0402,-1.3,3.1,-0.7,1,12,1,1/147,1/61,1/84
野川,2026-10-01,,10/1 23:31,パチンコ,3241,e/押忍!番長 漢の頂/A03 99Ver,0403,-2.7,-2.2,3.1,5,3,16,1/80,1/100,1/66
野川,2026-10-01,,10/1 23:31,パチンコ,3217,e/ｶﾞﾝｹﾞｲﾙ･ｵﾝﾗｲﾝ/M08,0387,-0.2,-0.7,-0.7,0,0,0,1/21,1/72,1/67
野川,2026-10-01,,10/1 23:31,パチンコ,3217,e/ｶﾞﾝｹﾞｲﾙ･ｵﾝﾗｲﾝ/M08,0388,-0.1,-1.0,-1.3,1,0,0,1/26,1/103,1/150
野川,2026-10-01,,10/1 23:31,パチンコ,3169,eいせれべFSZ,0381,0.0,-1.1,0.0,0,0,0,,1/181,
野川,2026-10-01,,10/1 23:31,パチンコ,3169,eいせれべFSZ,0382,0.0,-0.6,-2.0,0,0,3,,1/107,1/136
野川,2026-10-01,,10/1 23:31,パチンコ,3169,eいせれべFSZ,0383,0.0,-0.3,-0.7,0,0,1,,1/54,1/136
野川,2026-10-01,,10/1 23:31,パチンコ,3126,eとある科学の超電磁砲LT RSY,0350,-2.2,11.6,3.3,1,12,16,1/275,1/39,1/69
野川,2026-10-01,,10/1 23:31,パチンコ,2995,eぱちんこ押忍!番長 漢の頂,0393,0.0,10.3,-1.5,0,30,1,,1/58,1/161
野川,2026-10-01,,10/1 23:31,パチンコ,2995,eぱちんこ押忍!番長 漢の頂,0394,-6.7,-0.4,-0.8,5,0,0,1/173,1/42,1/72
野川,2026-10-01,,10/1 23:31,パチンコ,3201,eひきこまり吸血姫の悶々FHV,0395,26.1,-2.5,-1.5,17,3,0,1/34,1/113,1/165
野川,2026-10-01,,10/1 23:31,パチンコ,3201,eひきこまり吸血姫の悶々FHV,0396,-1.3,-2.2,-1.5,0,3,0,1/115,1/111,1/159
野川,2026-10-01,,10/1 23:31,パチンコ,3201,eひきこまり吸血姫の悶々FHV,0397,-0.7,-2.3,-3.9,3,2,1,1/83,1/170,1/440
野川,2026-10-01,,10/1 23:31,パチンコ,3163,eバキ2LBM4,0389,-0.1,0.0,-2.7,0,0,2,1/6,,1/183
野川,2026-10-01,,10/1 23:31,パチンコ,3163,eバキ2LBM4,0390,-1.5,-2.0,-0.8,0,0,1,1/149,1/189,1/116
野川,2026-10-01,,10/1 23:31,パチンコ,3171,eフィーバーバスタードG,0353,-1.5,-1.4,0.0,0,1,0,1/162,1/244,
野川,2026-10-01,,10/1 23:31,パチンコ,3219,e冥妃転生,0348,6.4,1.1,-4.2,7,3,6,1/99,1/232,1/180
野川,2026-10-01,,10/1 23:31,パチンコ,3146,e北斗の拳11暴凶星SHEA,0375,1.0,-0.1,-0.7,6,1,0,1/379,1/75,1/82
野川,2026-10-01,,10/1 23:31,パチンコ,3146,e北斗の拳11暴凶星SHEA,0376,-1.4,-0.2,-2.2,4,0,0,1/265,1/15,1/240
野川,2026-10-01,,10/1 23:31,パチンコ,3146,e北斗の拳11暴凶星SHEA,0377,-1.3,-0.6,-5.9,0,1,0,1/139,1/167,1/648
野川,2026-10-01,,10/1 23:31,パチンコ,3146,e北斗の拳11暴凶星SHEA,0378,10.9,-0.1,0.3,21,0,1,1/71,1/7,1/56
野川,2026-10-01,,10/1 23:31,パチンコ,3146,e北斗の拳11暴凶星SHEA,0379,-1.7,0.6,-3.5,0,2,1,1/194,1/95,1/481
野川,2026-10-01,,10/1 23:31,パチンコ,3146,e北斗の拳11暴凶星SHEA,0380,-1.3,-0.7,-0.1,0,8,0,1/156,1/377,1/10
野川,2026-10-01,,10/1 23:31,パチンコ,3158,e吉宗 極乗3000ver.L06,0384,-1.0,-1.3,0.0,1,2,0,1/154,1/123,
野川,2026-10-01,,10/1 23:31,パチンコ,3158,e吉宗 極乗3000ver.L06,0385,-0.2,-0.5,-0.1,0,0,0,1/17,1/61,1/25
野川,2026-10-01,,10/1 23:31,パチンコ,3158,e吉宗 極乗3000ver.L06,0386,-0.1,-0.2,0.0,0,0,0,1/7,1/33,
野川,2026-10-01,,10/1 23:31,パチンコ,3099,e女神のｶﾌｪﾃﾗｽJLZ,0406,-4.9,-3.3,-4.2,1,2,3,1/795,1/717,1/554
野川,2026-10-01,,10/1 23:31,パチンコ,3099,e女神のｶﾌｪﾃﾗｽJLZ,0407,-3.8,0.0,-0.1,9,0,0,1/289,,1/11
野川,2026-10-01,,10/1 23:31,パチンコ,3099,e女神のｶﾌｪﾃﾗｽJLZ,0408,0.0,4.9,-3.4,0,10,0,,1/140,1/561
野川,2026-10-01,,10/1 23:31,パチンコ,3232,e必殺仕事人ⅥM2,0356,8.1,14.7,-3.0,14,27,0,1/229,1/298,1/359
野川,2026-10-01,,10/1 23:31,パチンコ,3153,e新世紀ｴｳﾞｧﾝｹﾞﾘｵﾝ はじまりの記憶,0332,-5.1,5.3,17.1,1,9,20,1/648,1/95,1/94
野川,2026-10-01,,10/1 23:31,パチンコ,3153,e新世紀ｴｳﾞｧﾝｹﾞﾘｵﾝ はじまりの記憶,0333,9.7,3.4,-0.2,9,6,0,1/41,1/107,1/16
野川,2026-10-01,,10/1 23:31,パチンコ,3153,e新世紀ｴｳﾞｧﾝｹﾞﾘｵﾝ はじまりの記憶,0334,-3.0,-3.0,-5.8,2,0,3,1/474,1/331,1/209
野川,2026-10-01,,10/1 23:31,パチンコ,3153,e新世紀ｴｳﾞｧﾝｹﾞﾘｵﾝ はじまりの記憶,0335,-1.8,-1.8,2.4,0,0,5,1/198,1/206,1/266
野川,2026-10-01,,10/1 23:31,パチンコ,3153,e新世紀ｴｳﾞｧﾝｹﾞﾘｵﾝ はじまりの記憶,0336,-3.9,-3.2,0.0,1,0,0,1/435,1/337,
野川,2026-10-01,,10/1 23:31,パチンコ,3153,e新世紀ｴｳﾞｧﾝｹﾞﾘｵﾝ はじまりの記憶,0337,-1.7,-4.1,22.9,0,4,20,1/193,1/223,1/99
野川,2026-10-01,,10/1 23:31,パチンコ,3153,e新世紀ｴｳﾞｧﾝｹﾞﾘｵﾝ はじまりの記憶,0338,-2.5,-0.3,3.4,2,0,5,1/142,1/31,1/201
野川,2026-10-01,,10/1 23:31,パチンコ,3153,e新世紀ｴｳﾞｧﾝｹﾞﾘｵﾝ はじまりの記憶,0339,-4.3,12.0,-2.1,2,19,6,1/626,1/135,1/231
野川,2026-10-01,,10/1 23:31,パチンコ,3216,e東京喰種MW,0319,-8.2,12.7,1.2,9,29,19,1/323,1/174,1/251
野川,2026-10-01,,10/1 23:31,パチンコ,3216,e東京喰種MW,0320,6.8,-6.2,-4.8,27,5,5,1/268,1/310,1/248
野川,2026-10-01,,10/1 23:31,パチンコ,3216,e東京喰種MW,0321,5.8,-1.9,1.0,21,5,8,1/229,1/552,1/295
野川,2026-10-01,,10/1 23:31,パチンコ,3216,e東京喰種MW,0322,12.1,-6.3,-10.0,36,10,11,1/350,1/370,1/417
野川,2026-10-01,,10/1 23:31,パチンコ,3078,e東京ﾘﾍﾞﾝｼﾞｬｰｽﾞGFEC,0305,-0.6,-0.4,10.7,0,0,16,1/62,1/48,1/113
野川,2026-10-01,,10/1 23:31,パチンコ,3078,e東京ﾘﾍﾞﾝｼﾞｬｰｽﾞGFEC,0306,-2.8,0.0,-2.8,0,0,0,1/272,,1/309
野川,2026-10-01,,10/1 23:31,パチンコ,3078,e東京ﾘﾍﾞﾝｼﾞｬｰｽﾞGFEC,0307,-3.3,2.6,0.0,0,5,0,1/350,1/141,
野川,2026-10-01,,10/1 23:31,パチンコ,3233,e東京ﾘﾍﾞﾝｼﾞｬｰｽﾞ聖夜決戦編EREC,0474,-0.6,-6.7,8.1,0,2,15,1/52,1/339,1/276
野川,2026-10-01,,10/1 23:31,パチンコ,3233,e東京ﾘﾍﾞﾝｼﾞｬｰｽﾞ聖夜決戦編EREC,0475,0.0,-0.1,-0.6,0,0,0,,1/7,1/49
野川,2026-10-01,,10/1 23:31,パチンコ,3230,e無職転生異世界行ったら本気H2E,0308,3.3,-1.0,-0.3,13,0,0,1/755,1/103,1/29
野川,2026-10-01,,10/1 23:31,パチンコ,3230,e無職転生異世界行ったら本気H2E,0309,-3.5,-3.5,-3.4,2,0,1,1/239,1/378,1/412
野川,2026-10-01,,10/1 23:31,パチンコ,3094,e牙狼12XX-MJ,0314,-5.2,2.1,-2.9,2,14,4,1/370,1/231,1/181
野川,2026-10-01,,10/1 23:31,パチンコ,3094,e牙狼12XX-MJ,0315,16.4,-3.0,-2.0,26,0,0,1/150,1/322,1/210
野川,2026-10-01,,10/1 23:31,パチンコ,3094,e牙狼12XX-MJ,0316,-7.3,-9.4,-6.7,4,2,1,1/378,1/612,1/749
野川,2026-10-01,,10/1 23:31,パチンコ,3033,e牙狼神速神撃3000LT,0354,-1.1,-0.5,3.5,0,0,4,1/118,1/57,1/129
野川,2026-10-01,,10/1 23:31,パチンコ,3177,e牙狼ﾄﾘﾌﾟﾙﾊﾞｰｽﾄRF,0461,3.7,0.0,0.0,7,0,0,1/242,,
野川,2026-10-01,,10/1 23:31,パチンコ,3177,e牙狼ﾄﾘﾌﾟﾙﾊﾞｰｽﾄRF,0462,0.0,-1.3,-0.1,0,1,0,,1/302,1/8
野川,2026-10-01,,10/1 23:31,パチンコ,3252,e甲鉄城のｶﾊﾞﾈﾘ2SCEA 119Ver,0345,-3.6,6.0,-3.0,2,10,4,1/222,1/117,1/101
野川,2026-10-01,,10/1 23:31,パチンコ,3170,e真北斗無双5 夢幻闘双SCEA,0453,-2.2,-0.3,0.0,4,0,0,1/71,1/37,
野川,2026-10-01,,10/1 23:31,パチンコ,3170,e真北斗無双5 夢幻闘双SCEA,0454,0.0,0.0,0.0,0,0,0,,,
野川,2026-10-01,,10/1 23:31,パチンコ,3170,e真北斗無双5 夢幻闘双SCEA,0455,-0.1,-1.2,0.0,4,1,0,1/37,1/108,
野川,2026-10-01,,10/1 23:31,パチンコ,3095,e真･一騎当千~軍神覚醒AM-TS,0330,-2.9,-0.4,10.3,0,0,23,1/478,1/74,1/320
野川,2026-10-01,,10/1 23:31,パチンコ,3095,e真･一騎当千~軍神覚醒AM-TS,0331,6.1,-2.5,-0.6,9,1,1,1/56,1/478,1/142
野川,2026-10-01,,10/1 23:31,パチンコ,3134,e花の慶次～黄金の一撃H4,0447,-2.2,0.0,6.7,0,0,9,1/214,,1/30
野川,2026-10-01,,10/1 23:31,パチンコ,3134,e花の慶次～黄金の一撃H4,0448,-0.2,-0.2,-2.7,0,0,0,1/23,1/23,1/280
野川,2026-10-01,,10/1 23:31,パチンコ,3134,e花の慶次～黄金の一撃H4,0449,-2.0,-1.5,-0.3,4,0,0,1/532,1/153,1/40
野川,2026-10-01,,10/1 23:31,パチンコ,3234,e虚構推理MHJT,0476,-2.1,4.3,-0.8,1,11,0,1/418,1/154,1/172
野川,2026-10-01,,10/1 23:31,パチンコ,3234,e虚構推理MHJT,0477,0.0,6.3,0.0,0,9,0,,1/7,
野川,2026-10-01,,10/1 23:31,パチンコ,3251,e魔女と野獣FKZ,0344,-7.9,0.6,-1.1,4,31,11,1/346,1/465,1/442
野川,2026-10-01,,10/1 23:31,パチンコ,3231,e魔法少女ﾘﾘｶﾙなのはHTEZS2,0355,-4.1,-3.3,0.3,0,1,4,1/442,1/364,1/420
野川,2026-10-01,,10/1 23:31,パチンコ,3096,e黄門ちゃま9HC3,0346,-3.1,-0.1,0.0,1,0,0,1/625,1/22,
野川,2026-10-01,,10/1 23:31,パチンコ,3179,eｱｸﾀﾞﾏﾄﾞﾗｲﾌﾞEHLT,0471,-4.7,-0.8,-1.0,1,0,0,1/589,1/80,1/110
野川,2026-10-01,,10/1 23:31,パチンコ,3253,eｱｻﾙﾄﾘﾘｨZ,0456,10.6,-4.3,6.4,11,2,20,1/34,1/262,1/172
野川,2026-10-01,,10/1 23:31,パチンコ,3253,eｱｻﾙﾄﾘﾘｨZ,0457,-1.2,-3.2,0.8,5,5,7,1/162,1/88,1/208
野川,2026-10-01,,10/1 23:31,パチンコ,3243,eｴﾃﾞﾝｽﾞｾﾞﾛAIN,0470,-1.3,-3.1,0.4,2,0,1,1/154,1/317,1/36
野川,2026-10-01,,10/1 23:31,パチンコ,3200,eｷﾞﾝﾊﾟﾗVIVA FESTA HTA2,0349,-3.7,-4.0,-1.3,0,1,0,1/560,1/647,1/160
野川,2026-10-01,,10/1 23:31,パチンコ,3132,eﾉｰｹﾞｰﾑ･ﾉｰﾗｲﾌV3C,0465,0.0,0.0,0.0,0,0,0,,,
野川,2026-10-01,,10/1 23:31,パチンコ,3132,eﾉｰｹﾞｰﾑ･ﾉｰﾗｲﾌV3C,0466,0.6,2.4,0.0,3,7,0,1/92,1/256,
野川,2026-10-01,,10/1 23:31,パチンコ,2967,eﾌｨｰﾊﾞｰからくりｻｰｶｽ2 魔王ver.,0352,-1.3,9.6,0.0,1,10,0,1/140,1/131,
野川,2026-10-01,,10/1 23:31,パチンコ,3133,eﾌｨｰﾊﾞｰもののがたりF,0327,-1.4,0.0,-1.5,0,0,0,1/132,,1/163
野川,2026-10-01,,10/1 23:31,パチンコ,3133,eﾌｨｰﾊﾞｰもののがたりF,0328,-1.2,-0.1,-0.1,0,0,0,1/131,1/17,1/19
野川,2026-10-01,,10/1 23:31,パチンコ,3133,eﾌｨｰﾊﾞｰもののがたりF,0329,12.8,0.0,-1.9,15,0,1,1/131,,1/226
野川,2026-10-01,,10/1 23:31,パチンコ,2994,eﾌｨｰﾊﾞｰ戦姫絶唱ｼﾝﾌｫｷﾞｱ4 ｷｬﾛﾙver.,0460,-6.5,-0.4,-3.0,4,0,3,1/207,1/27,1/134
野川,2026-10-01,,10/1 23:31,パチンコ,3239,eﾌｨｰﾊﾞｰ機動戦士ｶﾞﾝﾀﾞﾑSEED2b,0310,7.6,13.5,-1.5,12,22,2,1/173,1/177,1/162
野川,2026-10-01,,10/1 23:31,パチンコ,3239,eﾌｨｰﾊﾞｰ機動戦士ｶﾞﾝﾀﾞﾑSEED2b,0311,-1.4,8.3,-0.6,5,18,0,1/276,1/610,1/59
野川,2026-10-01,,10/1 23:31,パチンコ,3239,eﾌｨｰﾊﾞｰ機動戦士ｶﾞﾝﾀﾞﾑSEED2b,0312,4.3,-7.2,4.8,11,4,16,1/160,1/583,1/160
野川,2026-10-01,,10/1 23:31,パチンコ,3239,eﾌｨｰﾊﾞｰ機動戦士ｶﾞﾝﾀﾞﾑSEED2b,0313,12.4,-2.4,-0.1,20,9,12,1/340,1/262,1/335
野川,2026-10-01,,10/1 23:31,パチンコ,2925,eﾌｨｰﾊﾞｰ機動戦士ｶﾞﾝﾀﾞﾑﾕﾆｺｰﾝ 再来,0463,-1.3,-0.4,-0.1,1,0,0,1/272,1/57,1/20
野川,2026-10-01,,10/1 23:31,パチンコ,2925,eﾌｨｰﾊﾞｰ機動戦士ｶﾞﾝﾀﾞﾑﾕﾆｺｰﾝ 再来,0464,4.0,-2.3,0.6,6,1,4,1/14,1/455,1/360
野川,2026-10-01,,10/1 23:31,パチンコ,3079,eﾌｨｰﾊﾞｰ炎炎ﾉ消防隊2MS,0472,-0.3,-0.7,-0.4,0,1,0,1/24,1/85,1/35
野川,2026-10-01,,10/1 23:31,パチンコ,3079,eﾌｨｰﾊﾞｰ炎炎ﾉ消防隊2MS,0473,-0.5,-0.3,0.0,5,0,0,1/474,1/39,
野川,2026-10-01,,10/1 23:31,パチンコ,3218,eﾌｨｰﾊﾞｰﾃﾞｯﾄﾞﾏｳﾝﾄ･ﾃﾞｽﾌﾟﾚｲT,0404,-0.7,1.8,-0.1,0,2,0,1/76,1/63,1/4
野川,2026-10-01,,10/1 23:31,パチンコ,3218,eﾌｨｰﾊﾞｰﾃﾞｯﾄﾞﾏｳﾝﾄ･ﾃﾞｽﾌﾟﾚｲT,0405,-0.4,-0.4,-0.2,0,0,0,1/37,1/59,1/29
野川,2026-10-01,,10/1 23:31,パチンコ,3110,eﾌｨｰﾊﾞｰﾌﾞﾙｰﾛｯｸMZ,0467,-0.9,-0.4,0.0,0,0,0,1/103,1/38,
野川,2026-10-01,,10/1 23:31,パチンコ,3110,eﾌｨｰﾊﾞｰﾌﾞﾙｰﾛｯｸMZ,0468,1.9,-0.9,-9.5,3,0,1,1/43,1/92,1/1105
野川,2026-10-01,,10/1 23:31,パチンコ,3199,eﾗｲｻﾞのｱﾄﾘｴK3,0351,0.0,0.0,-0.5,0,0,0,,,1/47
野川,2026-10-01,,10/1 23:31,パチンコ,3189,eﾗｸﾞﾅﾄﾞｰﾙCMB,0458,-0.4,3.7,-0.3,0,12,0,1/42,1/230,1/28
野川,2026-10-01,,10/1 23:31,パチンコ,3188,eﾘｺﾘｽ･ﾘｺｲﾙM3,0409,-20.5,-11.0,-7.2,10,5,5,1/258,1/311,1/168
野川,2026-10-01,,10/1 23:31,パチンコ,3188,eﾘｺﾘｽ･ﾘｺｲﾙM3,0410,-18.1,3.6,14.9,6,44,55,1/397,1/324,1/98
野川,2026-10-01,,10/1 23:31,パチンコ,3192,eﾘﾝｸﾞ最恐領域RHA,0450,-0.3,-1.8,0.0,0,3,0,1/34,1/144,
野川,2026-10-01,,10/1 23:31,パチンコ,3192,eﾘﾝｸﾞ最恐領域RHA,0451,0.0,-1.0,0.0,0,0,0,,1/94,
野川,2026-10-01,,10/1 23:31,パチンコ,3192,eﾘﾝｸﾞ最恐領域RHA,0452,-3.8,-1.4,-0.3,1,0,0,1/521,1/162,1/40
野川,2026-10-01,,10/1 23:31,パチンコ,3135,eﾙﾊﾟﾝ三世VSｷｬｯﾂ･ｱｲMAH4,0347,0.0,0.0,0.0,0,0,0,,,
野川,2026-10-01,,10/1 23:31,パチンコ,2975,P にゃんこ大戦争 多様性のﾈｺ,0238,-0.3,-3.6,-0.1,0,1,0,1/45,1/410,1/6
野川,2026-10-01,,10/1 23:31,パチンコ,2975,P にゃんこ大戦争 多様性のﾈｺ,0239,-3.5,8.7,-0.1,4,16,0,1/115,1/136,1/8
野川,2026-10-01,,10/1 23:31,パチンコ,2975,P にゃんこ大戦争 多様性のﾈｺ,0262,-1.3,-0.9,-1.6,1,0,1,1/162,1/95,1/210
野川,2026-10-01,,10/1 23:31,パチンコ,2975,P にゃんこ大戦争 多様性のﾈｺ,0263,-1.0,-7.8,6.7,0,4,13,1/91,1/216,1/52
野川,2026-10-01,,10/1 23:31,パチンコ,3050,P 宇宙戦艦ﾔﾏﾄ2202超波動森雪199LT,0256,0.3,-0.5,-0.3,1,1,0,1/57,1/118,1/30
野川,2026-10-01,,10/1 23:31,パチンコ,3050,P 宇宙戦艦ﾔﾏﾄ2202超波動森雪199LT,0257,0.4,-0.7,0.0,1,1,0,1/61,1/173,
野川,2026-10-01,,10/1 23:31,パチンコ,2838,P 新世紀ｴｳﾞｧﾝｹﾞﾘｵﾝ未来への咆哮Y,0170,0.0,-0.5,4.4,0,0,15,,1/51,1/69
野川,2026-10-01,,10/1 23:31,パチンコ,2838,P 新世紀ｴｳﾞｧﾝｹﾞﾘｵﾝ未来への咆哮Y,0196,-5.2,0.5,-4.5,5,3,8,1/171,1/122,1/147
野川,2026-10-01,,10/1 23:31,パチンコ,2978,P ｺﾞｼﾞﾗ対ｴｳﾞｧﾝｹﾞﾘｵﾝ ｾｶﾝﾄﾞｲﾝﾊﾟｸﾄ,0224,-0.3,3.5,0.0,0,8,0,1/30,1/244,
野川,2026-10-01,,10/1 23:31,パチンコ,2978,P ｺﾞｼﾞﾗ対ｴｳﾞｧﾝｹﾞﾘｵﾝ ｾｶﾝﾄﾞｲﾝﾊﾟｸﾄ,0225,0.0,-0.1,-1.1,0,0,1,,1/8,1/111
野川,2026-10-01,,10/1 23:31,パチンコ,2784,P ｺﾞｼﾞﾗ対ｴｳﾞｧﾝｹﾞﾘｵﾝG細胞覚醒ﾗｲﾄ,0193,-0.1,0.3,-1.2,0,6,12,1/6,1/44,1/178
野川,2026-10-01,,10/1 23:31,パチンコ,2795,P009 RE:CYBORG ACCELE 99ver,0148,-0.6,0.0,-0.3,0,0,0,1/68,1/3,1/30
野川,2026-10-01,,10/1 23:31,パチンコ,2795,P009 RE:CYBORG ACCELE 99ver,0149,-2.0,0.5,1.9,2,5,13,1/120,1/84,1/58
野川,2026-10-01,,10/1 23:31,パチンコ,3082,PA CYBORG009N2-K,0171,0.1,-2.8,-0.7,13,21,3,1/76,1/96,1/60
野川,2026-10-01,,10/1 23:31,パチンコ,2957,PAわんわんﾊﾟﾗﾀﾞｲｽCELEBRATION,0208,-1.3,-0.3,-2.5,0,10,31,1/116,1/66,1/115
野川,2026-10-01,,10/1 23:31,パチンコ,2957,PAわんわんﾊﾟﾗﾀﾞｲｽCELEBRATION,0209,-0.2,-2.2,-0.4,7,4,2,1/281,1/391,1/37
野川,2026-10-01,,10/1 23:31,パチンコ,2646,PAスーパー海物語IN沖縄５YBA,0201,-1.0,-1.4,-1.9,1,9,15,1/123,1/141,1/63
野川,2026-10-01,,10/1 23:31,パチンコ,2646,PAスーパー海物語IN沖縄５YBA,0202,0.3,-1.2,-0.9,7,17,24,1/57,1/181,1/62
野川,2026-10-01,,10/1 23:31,パチンコ,3121,PAフィーバーダンまち2YG,0187,-1.3,-2.5,-0.1,3,12,0,1/90,1/158,1/3
野川,2026-10-01,,10/1 23:31,パチンコ,3025,PA大海物語5ﾌﾞﾗｯｸLT99ver.,0203,0.3,3.4,1.0,25,44,24,1/112,1/107,1/111
野川,2026-10-01,,10/1 23:31,パチンコ,3025,PA大海物語5ﾌﾞﾗｯｸLT99ver.,0204,-5.6,-6.1,-2.2,54,21,42,1/111,1/129,1/83
野川,2026-10-01,,10/1 23:31,パチンコ,3025,PA大海物語5ﾌﾞﾗｯｸLT99ver.,0205,1.3,10.4,1.2,40,78,24,1/134,1/67,1/142
野川,2026-10-01,,10/1 23:31,パチンコ,3250,PA大海物語ｱｸﾞﾈｽﾌﾟﾚﾐｱRBA,0154,0.3,1.3,-2.2,31,25,20,1/86,1/74,1/121
野川,2026-10-01,,10/1 23:31,パチンコ,3250,PA大海物語ｱｸﾞﾈｽﾌﾟﾚﾐｱRBA,0155,-0.3,-0.9,0.2,0,11,20,1/30,1/113,1/68
野川,2026-10-01,,10/1 23:31,パチンコ,3250,PA大海物語ｱｸﾞﾈｽﾌﾟﾚﾐｱRBA,0156,0.8,1.5,-0.9,7,15,19,1/54,1/108,1/88
野川,2026-10-01,,10/1 23:31,パチンコ,3250,PA大海物語ｱｸﾞﾈｽﾌﾟﾚﾐｱRBA,0157,-2.8,-0.9,-2.2,7,13,5,1/129,1/77,1/109
野川,2026-10-01,,10/1 23:31,パチンコ,3250,PA大海物語ｱｸﾞﾈｽﾌﾟﾚﾐｱRBA,0158,-1.7,-2.6,-2.8,10,6,11,1/156,1/165,1/121
野川,2026-10-01,,10/1 23:31,パチンコ,3145,PA海物語極ジャパンHBD,0159,-1.2,2.5,0.4,8,14,7,1/68,1/57,1/153
野川,2026-10-01,,10/1 23:31,パチンコ,3145,PA海物語極ジャパンHBD,0160,-1.0,-0.1,-1.3,5,0,6,1/84,1/8,1/72
野川,2026-10-01,,10/1 23:31,パチンコ,3145,PA海物語極ジャパンHBD,0161,-2.1,-2.0,-1.0,2,11,6,1/137,1/86,1/240
野川,2026-10-01,,10/1 23:31,パチンコ,2828,PA激ﾃﾞｼﾞ牙狼月虹ﾉ旅人,0172,-2.2,-2.3,-0.2,21,15,11,1/80,1/58,1/86
野川,2026-10-01,,10/1 23:31,パチンコ,2511,PA真・花の慶次２N2-X1,0168,-1.1,0.6,-2.2,6,13,12,1/65,1/50,1/119
野川,2026-10-01,,10/1 23:31,パチンコ,3004,PA花の慶次 裂 99ver.,0213,2.1,2.8,-2.3,19,22,8,1/119,1/53,1/144
野川,2026-10-01,,10/1 23:31,パチンコ,3004,PA花の慶次 裂 99ver.,0214,-0.7,2.6,-3.6,15,9,14,1/188,1/9,1/76
野川,2026-10-01,,10/1 23:31,パチンコ,3144,PA野生の王国6N2,0150,-1.3,1.7,2.8,0,7,17,1/109,1/49,1/42
野川,2026-10-01,,10/1 23:31,パチンコ,3144,PA野生の王国6N2,0151,-0.8,-2.8,-0.4,9,3,1,1/149,1/201,1/63
野川,2026-10-01,,10/1 23:31,パチンコ,3112,PAｱｽﾞｰﾙﾚｰﾝ異次元ﾄﾘｶﾞｰ 79ver.～M2,0163,-1.6,1.4,-1.6,2,17,1,1/101,1/90,1/172
野川,2026-10-01,,10/1 23:31,パチンコ,3112,PAｱｽﾞｰﾙﾚｰﾝ異次元ﾄﾘｶﾞｰ 79ver.～M2,0185,-0.3,-1.4,2.3,0,0,21,1/36,1/136,1/36
野川,2026-10-01,,10/1 23:31,パチンコ,3108,PAｼﾝ･ｴｳﾞｧﾝｹﾞﾘｵﾝY,0145,3.0,2.8,-5.1,30,20,0,1/55,1/53,1/543
野川,2026-10-01,,10/1 23:31,パチンコ,3108,PAｼﾝ･ｴｳﾞｧﾝｹﾞﾘｵﾝY,0146,-1.0,-0.2,-0.1,0,1,0,1/104,1/36,1/2
野川,2026-10-01,,10/1 23:31,パチンコ,3108,PAｼﾝ･ｴｳﾞｧﾝｹﾞﾘｵﾝY,0147,-2.4,-0.6,-1.7,1,1,0,1/251,1/66,1/167
野川,2026-10-01,,10/1 23:31,パチンコ,3215,PAｽｰﾊﾟｰ海物語IN沖縄6RBD,0197,1.9,-2.4,-3.4,16,13,10,1/47,1/108,1/163
野川,2026-10-01,,10/1 23:31,パチンコ,3215,PAｽｰﾊﾟｰ海物語IN沖縄6RBD,0198,-1.6,4.0,0.1,0,25,2,1/187,1/73,1/64
野川,2026-10-01,,10/1 23:31,パチンコ,3215,PAｽｰﾊﾟｰ海物語IN沖縄6RBD,0199,-0.7,2.2,-1.4,6,14,8,1/66,1/55,1/66
野川,2026-10-01,,10/1 23:31,パチンコ,3215,PAｽｰﾊﾟｰ海物語IN沖縄6RBD,0200,0.9,1.1,-3.7,24,34,11,1/97,1/109,1/242
野川,2026-10-01,,10/1 23:31,パチンコ,2875,PAﾊｲｽｸｰﾙ･ﾌﾘｰﾄ ｵｰﾙｽﾀｰ すい~とで,0165,-0.6,1.7,-1.6,0,14,5,1/61,1/79,1/68
野川,2026-10-01,,10/1 23:31,パチンコ,3203,PAﾌｨｰﾊﾞｰｸｨｰﾝⅡYS,0175,-1.2,-0.1,0.3,2,0,2,1/179,1/12,1/61
野川,2026-10-01,,10/1 23:31,パチンコ,3203,PAﾌｨｰﾊﾞｰｸｨｰﾝⅡYS,0176,-0.1,-0.1,-0.1,0,0,0,1/6,1/11,1/3
野川,2026-10-01,,10/1 23:31,パチンコ,3072,PLT激ﾃﾞｼﾞ ｼﾞｭｰｼｰﾊﾆｰ極嬢,0190,-3.1,-2.4,-0.1,18,5,0,1/50,1/59,1/14
野川,2026-10-01,,10/1 23:31,パチンコ,3174,PRe:ｾﾞﾛから始めるseason2 249ver.,0278,10.7,-0.6,-0.7,25,0,2,1/89,1/39,1/63
野川,2026-10-01,,10/1 23:31,パチンコ,3131,PRe:ｾﾞﾛから始める鬼がかり199ver.,0258,0.0,0.0,0.0,0,0,0,1/4,,
野川,2026-10-01,,10/1 23:31,パチンコ,3131,PRe:ｾﾞﾛから始める鬼がかり199ver.,0259,-5.1,-4.1,-0.7,6,6,1,1/130,1/84,1/110
野川,2026-10-01,,10/1 23:31,パチンコ,3130,Pいくさの子戦極最強GRPJ,0290,0.0,-0.4,-0.2,0,0,0,,1/56,1/32
野川,2026-10-01,,10/1 23:31,パチンコ,3130,Pいくさの子戦極最強GRPJ,0291,0.0,-0.3,-0.2,0,0,0,,1/50,1/29
野川,2026-10-01,,10/1 23:31,パチンコ,3130,Pいくさの子戦極最強GRPJ,0292,0.0,3.8,-0.3,0,6,0,,1/38,1/47
野川,2026-10-01,,10/1 23:31,パチンコ,3031,Pうまい棒2,0287,-4.4,-1.4,-0.1,0,0,0,1/25,1/12,1/1
野川,2026-10-01,,10/1 23:31,パチンコ,3187,Pにゃんこ大戦争88ばーじょんM2,0177,0.2,-0.5,-2.2,7,21,2,1/71,1/55,1/132
野川,2026-10-01,,10/1 23:31,パチンコ,3187,Pにゃんこ大戦争88ばーじょんM2,0178,0.3,-0.4,-3.1,13,0,2,1/143,1/22,1/200
野川,2026-10-01,,10/1 23:31,パチンコ,2451,Pエヴァンゲリオン15未来への咆哮,0226,0.3,-3.5,1.6,18,1,10,1/176,1/409,1/308
野川,2026-10-01,,10/1 23:31,パチンコ,2451,Pエヴァンゲリオン15未来への咆哮,0227,-3.1,-6.9,-4.5,1,9,0,1/363,1/515,1/576
野川,2026-10-01,,10/1 23:31,パチンコ,2451,Pエヴァンゲリオン15未来への咆哮,0228,-3.7,-0.2,-4.1,3,3,0,1/271,1/336,1/509
野川,2026-10-01,,10/1 23:31,パチンコ,2451,Pエヴァンゲリオン15未来への咆哮,0229,1.9,2.7,-5.1,18,10,0,1/673,1/232,1/565
野川,2026-10-01,,10/1 23:31,パチンコ,2451,Pエヴァンゲリオン15未来への咆哮,0230,0.9,2.2,7.6,8,14,29,1/528,1/184,1/152
野川,2026-10-01,,10/1 23:31,パチンコ,2451,Pエヴァンゲリオン15未来への咆哮,0231,-0.4,11.7,-2.6,11,19,0,1/191,1/131,1/320
野川,2026-10-01,,10/1 23:31,パチンコ,2451,Pエヴァンゲリオン15未来への咆哮,0232,-15.2,-10.5,-6.7,3,10,1,1/688,1/220,1/878
野川,2026-10-01,,10/1 23:31,パチンコ,2451,Pエヴァンゲリオン15未来への咆哮,0269,2.7,-11.3,4.0,11,1,15,1/264,1/1350,1/342
野川,2026-10-01,,10/1 23:31,パチンコ,2451,Pエヴァンゲリオン15未来への咆哮,0270,7.8,-6.0,8.7,19,2,22,1/129,1/407,1/425
野川,2026-10-01,,10/1 23:31,パチンコ,2451,Pエヴァンゲリオン15未来への咆哮,0271,0.0,0.0,0.0,0,0,0,,,
野川,2026-10-01,,10/1 23:31,パチンコ,2451,Pエヴァンゲリオン15未来への咆哮,0272,-4.6,-2.9,-2.4,0,5,7,1/507,1/360,1/281
野川,2026-10-01,,10/1 23:31,パチンコ,2451,Pエヴァンゲリオン15未来への咆哮,0273,10.9,3.2,-0.9,32,12,15,1/304,1/782,1/248
野川,2026-10-01,,10/1 23:31,パチンコ,2451,Pエヴァンゲリオン15未来への咆哮,0274,-4.0,-4.8,-5.4,0,1,0,1/513,1/626,1/679
野川,2026-10-01,,10/1 23:31,パチンコ,2832,P中森明菜･歌姫伝説BLACKDIVA極,0254,3.7,0.0,0.0,9,0,0,1/116,,
野川,2026-10-01,,10/1 23:31,パチンコ,2832,P中森明菜･歌姫伝説BLACKDIVA極,0255,-0.8,-0.7,-0.9,0,6,0,1/90,1/289,1/101
野川,2026-10-01,,10/1 23:31,パチンコ,3120,P冬のｿﾅﾀ My Memory MA2,0167,-0.4,1.0,-0.4,0,7,0,1/32,1/50,1/35
野川,2026-10-01,,10/1 23:31,パチンコ,2855,P北斗の拳 強敵 LT,0179,-1.1,-4.2,-3.5,1,22,7,1/143,1/61,1/111
野川,2026-10-01,,10/1 23:31,パチンコ,2855,P北斗の拳 強敵 LT,0180,-0.1,0.0,-0.3,0,0,0,1/15,,1/32
野川,2026-10-01,,10/1 23:31,パチンコ,2855,P北斗の拳 強敵 LT,0181,-1.4,-0.1,2.0,4,0,19,1/60,1/13,1/127
野川,2026-10-01,,10/1 23:31,パチンコ,2689,P北斗の拳暴凶星,0245,-0.6,9.3,-0.5,1,15,0,1/158,1/150,1/57
野川,2026-10-01,,10/1 23:31,パチンコ,2689,P北斗の拳暴凶星,0246,0.0,-3.1,-0.3,0,2,0,,1/253,1/37
野川,2026-10-01,,10/1 23:31,パチンコ,2689,P北斗の拳暴凶星,0247,10.7,-1.4,0.0,18,0,0,1/75,1/169,
野川,2026-10-01,,10/1 23:31,パチンコ,2497,P北斗の拳８究極乱世SSF,0174,-2.7,0.0,-3.0,2,0,11,1/154,,1/120
野川,2026-10-01,,10/1 23:31,パチンコ,2867,P大工の源さん超韋駄天2 極源LighT,0195,-0.2,-0.6,-0.2,8,5,19,1/174,1/65,1/112
野川,2026-10-01,,10/1 23:31,パチンコ,2705,P大海物語5,0283,0.1,-0.6,-0.4,1,3,0,1/66,1/164,1/46
野川,2026-10-01,,10/1 23:31,パチンコ,2705,P大海物語5,0284,-0.7,-2.0,0.0,0,2,0,1/85,1/409,
野川,2026-10-01,,10/1 23:31,パチンコ,2705,P大海物語5,0285,-0.2,1.3,1.3,0,9,4,1/19,1/158,1/227
野川,2026-10-01,,10/1 23:31,パチンコ,2705,P大海物語5,0286,-0.3,-2.9,0.0,0,0,0,1/34,1/365,
野川,2026-10-01,,10/1 23:31,パチンコ,2809,P大海物語5 ﾌﾞﾗｯｸ,0217,-5.8,3.8,-3.8,3,15,6,1/385,1/114,1/324
野川,2026-10-01,,10/1 23:31,パチンコ,3204,P大海物語5ｽﾍﾟｼｬﾙALTA,0281,-0.6,-0.8,0.0,0,0,3,1/63,1/84,1/234
野川,2026-10-01,,10/1 23:31,パチンコ,3204,P大海物語5ｽﾍﾟｼｬﾙALTA,0282,2.5,-1.5,-4.6,6,1,1,1/231,1/273,1/608
野川,2026-10-01,,10/1 23:31,パチンコ,3109,P戦国乙女7HOYZ3,0242,0.0,-0.5,-0.7,0,1,0,,1/106,1/94
野川,2026-10-01,,10/1 23:31,パチンコ,3109,P戦国乙女7HOYZ3,0243,0.0,-1.2,1.4,0,1,6,,1/226,1/159
野川,2026-10-01,,10/1 23:31,パチンコ,3109,P戦国乙女7HOYZ3,0244,-0.6,-0.8,-0.1,0,6,0,1/98,1/160,1/10
野川,2026-10-01,,10/1 23:31,パチンコ,3202,P戦国無双N,0169,-2.0,6.3,0.1,32,29,5,1/81,1/84,1/55
野川,2026-10-01,,10/1 23:31,パチンコ,2772,P新世紀ｴｳﾞｧﾝｹﾞﾘｵﾝ未来への咆哮Ｌ,0275,-0.4,0.0,3.7,0,0,13,1/53,,1/99
野川,2026-10-01,,10/1 23:31,パチンコ,2772,P新世紀ｴｳﾞｧﾝｹﾞﾘｵﾝ未来への咆哮Ｌ,0276,-2.8,-1.5,-0.3,1,0,0,1/317,1/162,1/34
野川,2026-10-01,,10/1 23:31,パチンコ,2772,P新世紀ｴｳﾞｧﾝｹﾞﾘｵﾝ未来への咆哮Ｌ,0277,2.7,-2.0,-0.1,10,3,4,1/266,1/332,1/57
野川,2026-10-01,,10/1 23:31,パチンコ,3056,P機動戦士ｶﾞﾝﾀﾞﾑﾕﾆｺｰﾝ 再来129ver.,0152,-1.0,1.1,-2.4,1,6,0,1/124,1/75,1/237
野川,2026-10-01,,10/1 23:31,パチンコ,3056,P機動戦士ｶﾞﾝﾀﾞﾑﾕﾆｺｰﾝ 再来129ver.,0153,-0.5,-1.8,-0.3,10,0,1,1/49,1/177,1/37
野川,2026-10-01,,10/1 23:31,パチンコ,2997,P清流物語4 ﾇｼを求めて4000匹,0218,-2.6,-0.6,-4.3,7,0,0,1/190,1/65,1/516
野川,2026-10-01,,10/1 23:31,パチンコ,2997,P清流物語4 ﾇｼを求めて4000匹,0219,-2.7,-3.0,-1.3,0,0,2,1/307,1/355,1/80
野川,2026-10-01,,10/1 23:31,パチンコ,2997,P清流物語4 ﾇｼを求めて4000匹,0220,-0.3,-0.2,-1.1,4,0,6,1/160,1/29,1/154
野川,2026-10-01,,10/1 23:31,パチンコ,2876,P牙狼11~冴島大河~XX,0248,0.0,0.0,0.0,0,0,0,,,
野川,2026-10-01,,10/1 23:31,パチンコ,2876,P牙狼11~冴島大河~XX,0249,0.0,-0.5,0.0,0,0,0,,1/45,
野川,2026-10-01,,10/1 23:31,パチンコ,2876,P牙狼11~冴島大河~XX,0250,0.0,-2.7,6.6,0,0,12,,1/300,1/69
野川,2026-10-01,,10/1 23:31,パチンコ,2876,P牙狼11~冴島大河~XX,0251,0.0,0.0,0.0,0,0,0,,,
野川,2026-10-01,,10/1 23:31,パチンコ,2876,P牙狼11~冴島大河~XX,0252,0.0,0.0,0.0,0,0,0,,,
野川,2026-10-01,,10/1 23:31,パチンコ,2876,P牙狼11~冴島大河~XX,0253,0.0,0.0,0.0,0,0,0,,,
野川,2026-10-01,,10/1 23:31,パチンコ,2979,P盾の勇者の成り上がり,0296,0.3,-4.0,-1.5,2,0,0,1/72,1/411,1/162
野川,2026-10-01,,10/1 23:31,パチンコ,2979,P盾の勇者の成り上がり,0297,2.2,-3.9,-1.0,8,1,0,1/94,1/418,1/85
野川,2026-10-01,,10/1 23:31,パチンコ,2459,P真北斗無双FWQG,0300,-0.7,-0.9,-1.1,0,1,0,1/71,1/128,1/127
野川,2026-10-01,,10/1 23:31,パチンコ,2459,P真北斗無双FWQG,0301,0.0,0.0,0.0,0,0,0,,,
野川,2026-10-01,,10/1 23:31,パチンコ,2459,P真北斗無双FWQG,0302,-0.1,-0.6,1.1,0,2,5,1/14,1/82,1/176
野川,2026-10-01,,10/1 23:31,パチンコ,2459,P真北斗無双FWQG,0303,-0.5,0.5,0.0,0,7,2,1/46,1/63,1/135
野川,2026-10-01,,10/1 23:31,パチンコ,2459,P真北斗無双FWQG,0304,2.0,-3.8,-5.3,11,1,0,1/116,1/391,1/580
野川,2026-10-01,,10/1 23:31,パチンコ,2800,P真･北斗無双 第4章 下剋上闘,0279,-0.4,-0.3,1.4,0,0,6,1/47,1/30,1/179
野川,2026-10-01,,10/1 23:31,パチンコ,3229,P織田信奈の野望全国版V4A,0222,-1.0,-1.4,-2.0,0,6,0,1/190,1/127,1/446
野川,2026-10-01,,10/1 23:31,パチンコ,3229,P織田信奈の野望全国版V4A,0223,-0.6,-0.6,-0.9,0,0,3,1/98,1/126,1/128
野川,2026-10-01,,10/1 23:31,パチンコ,2422,P花満開　月光ZC,0280,0.9,5.1,-4.5,10,13,0,1/174,1/120,1/543
野川,2026-10-01,,10/1 23:31,パチンコ,2910,P貞子,0298,-2.1,-2.0,-2.2,0,2,1,1/426,1/218,1/464
野川,2026-10-01,,10/1 23:31,パチンコ,2910,P貞子,0299,-0.4,-2.2,-0.4,1,2,2,1/106,1/236,1/62
野川,2026-10-01,,10/1 23:31,パチンコ,3038,P防振り,0260,-0.3,8.0,-0.3,0,13,0,1/29,1/34,1/22
野川,2026-10-01,,10/1 23:31,パチンコ,3038,P防振り,0261,-1.0,1.2,-0.1,0,3,0,1/106,1/29,1/10
野川,2026-10-01,,10/1 23:31,パチンコ,3214,P魔法少女まどか☆ﾏｷﾞｶ3MAJ1,0182,-2.1,0.3,-1.3,6,3,0,1/104,1/88,1/151
野川,2026-10-01,,10/1 23:31,パチンコ,3214,P魔法少女まどか☆ﾏｷﾞｶ3MAJ1,0183,-1.5,-0.1,-0.3,1,0,2,1/189,1/19,1/92
野川,2026-10-01,,10/1 23:31,パチンコ,3214,P魔法少女まどか☆ﾏｷﾞｶ3MAJ1,0184,-0.5,-0.7,-1.3,5,1,1,1/105,1/56,1/138
野川,2026-10-01,,10/1 23:31,パチンコ,3034,Pｱﾅｻﾞｰｺﾞｯﾄﾞﾊｰﾃﾞｽ-獄炎-,0288,0.0,0.0,-0.7,0,0,0,,,1/73
野川,2026-10-01,,10/1 23:31,パチンコ,2821,Pｼﾝ･ｴｳﾞｧﾝｹﾞﾘｵﾝ Type ﾚｲ,0233,-1.0,2.4,0.1,0,9,6,1/90,1/416,1/426
野川,2026-10-01,,10/1 23:31,パチンコ,2821,Pｼﾝ･ｴｳﾞｧﾝｹﾞﾘｵﾝ Type ﾚｲ,0234,0.0,0.0,-0.1,0,0,0,,,1/13
野川,2026-10-01,,10/1 23:31,パチンコ,2821,Pｼﾝ･ｴｳﾞｧﾝｹﾞﾘｵﾝ Type ﾚｲ,0235,-1.4,-0.1,-0.1,0,0,0,1/168,1/6,1/3
野川,2026-10-01,,10/1 23:31,パチンコ,2821,Pｼﾝ･ｴｳﾞｧﾝｹﾞﾘｵﾝ Type ﾚｲ,0236,-2.0,6.0,0.0,3,11,0,1/188,1/102,
野川,2026-10-01,,10/1 23:31,パチンコ,2821,Pｼﾝ･ｴｳﾞｧﾝｹﾞﾘｵﾝ Type ﾚｲ,0237,-1.4,-0.2,0.7,0,3,2,1/167,1/58,1/28
野川,2026-10-01,,10/1 23:31,パチンコ,2821,Pｼﾝ･ｴｳﾞｧﾝｹﾞﾘｵﾝ Type ﾚｲ,0264,-0.8,-0.5,-0.4,1,0,0,1/113,1/53,1/47
野川,2026-10-01,,10/1 23:31,パチンコ,2821,Pｼﾝ･ｴｳﾞｧﾝｹﾞﾘｵﾝ Type ﾚｲ,0265,-0.7,-1.9,4.1,1,2,7,1/86,1/273,1/83
野川,2026-10-01,,10/1 23:31,パチンコ,2821,Pｼﾝ･ｴｳﾞｧﾝｹﾞﾘｵﾝ Type ﾚｲ,0266,0.0,0.0,0.0,0,0,0,,,
野川,2026-10-01,,10/1 23:31,パチンコ,2821,Pｼﾝ･ｴｳﾞｧﾝｹﾞﾘｵﾝ Type ﾚｲ,0267,-0.8,0.6,0.0,0,4,0,1/87,1/186,
野川,2026-10-01,,10/1 23:31,パチンコ,2821,Pｼﾝ･ｴｳﾞｧﾝｹﾞﾘｵﾝ Type ﾚｲ,0268,-4.0,1.7,-0.3,7,8,6,1/278,1/98,1/120
野川,2026-10-01,,10/1 23:31,パチンコ,3122,Pｽｰﾊﾟｰ海物語IN沖縄6LTP,0215,4.2,-2.0,-0.8,7,0,0,1/108,1/252,1/94
野川,2026-10-01,,10/1 23:31,パチンコ,3122,Pｽｰﾊﾟｰ海物語IN沖縄6LTP,0216,-0.3,2.1,0.0,0,3,0,1/26,1/19,
野川,2026-10-01,,10/1 23:31,パチンコ,3039,Pｿﾞﾝﾋﾞﾗﾝﾄﾞｻｶﾞ,0221,-3.0,-0.4,0.0,0,1,0,1/333,1/34,
野川,2026-10-01,,10/1 23:31,パチンコ,2911,Pﾌｨｰﾊﾞｰありふれた職業でLight,0173,-2.5,-10.0,0.0,0,5,0,1/254,1/208,1/2
野川,2026-10-01,,10/1 23:31,パチンコ,3159,Pﾌｨｰﾊﾞｰうたわれるもの Y,0194,-0.5,-2.3,5.9,1,6,22,1/60,1/88,1/32
野川,2026-10-01,,10/1 23:31,パチンコ,2779,Pﾌｨｰﾊﾞｰかぐや様は告らせたい,0289,0.0,0.0,0.0,0,0,0,,,
野川,2026-10-01,,10/1 23:31,パチンコ,2940,Pﾌｨｰﾊﾞｰかぐや様は告らせたいLight,0210,-0.8,-0.1,-0.4,0,0,3,1/79,1/4,1/136
野川,2026-10-01,,10/1 23:31,パチンコ,2940,Pﾌｨｰﾊﾞｰかぐや様は告らせたいLight,0211,0.0,2.1,-1.7,0,12,0,,1/15,1/188
野川,2026-10-01,,10/1 23:31,パチンコ,2940,Pﾌｨｰﾊﾞｰかぐや様は告らせたいLight,0212,0.0,-0.6,2.4,0,0,10,,1/78,1/32
野川,2026-10-01,,10/1 23:31,パチンコ,2811,Pﾌｨｰﾊﾞｰからくりｻｰｶｽ Light ver.,0162,-3.5,2.9,-0.9,7,16,6,1/115,1/49,1/67
野川,2026-10-01,,10/1 23:31,パチンコ,3012,Pﾌｨｰﾊﾞｰ戦姫絶唱ｼﾝﾌｫｷﾞｱ4 199ver.,0340,0.0,2.3,0.0,0,6,0,,1/194,
野川,2026-10-01,,10/1 23:31,パチンコ,3012,Pﾌｨｰﾊﾞｰ戦姫絶唱ｼﾝﾌｫｷﾞｱ4 199ver.,0341,0.0,-2.0,0.0,0,0,0,,1/208,
野川,2026-10-01,,10/1 23:31,パチンコ,3012,Pﾌｨｰﾊﾞｰ戦姫絶唱ｼﾝﾌｫｷﾞｱ4 199ver.,0342,0.0,0.0,0.0,0,0,0,,,
野川,2026-10-01,,10/1 23:31,パチンコ,3012,Pﾌｨｰﾊﾞｰ戦姫絶唱ｼﾝﾌｫｷﾞｱ4 199ver.,0343,-0.2,-0.5,-0.5,0,0,1,1/22,1/36,1/104
野川,2026-10-01,,10/1 23:31,パチンコ,2886,Pﾌｨｰﾊﾞｰ炎炎ﾉ消防隊 Light ver.,0166,-2.2,-0.1,-0.7,2,1,0,1/245,1/16,1/62
野川,2026-10-01,,10/1 23:31,パチンコ,2749,PﾌｨｰﾊﾞｰｸｨｰﾝⅡV,0192,-1.1,0.4,-1.2,2,3,1,1/145,1/40,1/150
野川,2026-10-01,,10/1 23:31,パチンコ,2858,Pﾌｨｰﾊﾞｰﾊﾟﾜﾌﾙ（2024年）,0189,-0.7,-1.2,-3.3,1,0,4,1/90,1/108,1/418
野川,2026-10-01,,10/1 23:31,パチンコ,3005,Pﾌﾞﾗｯｸﾗｸﾞｰﾝ4 129ver.,0188,0.0,-2.8,-1.6,0,0,2,,1/309,1/82
野川,2026-10-01,,10/1 23:31,パチンコ,3142,PﾒｲﾄﾞｲﾝｱﾋﾞｽSL,0164,-1.2,-0.9,-1.8,1,0,0,1/140,1/82,1/185
野川,2026-10-01,,10/1 23:31,パチンコ,2934,Pﾘﾝｸﾞ 呪いの7日間3 ﾗｯｷｰﾄﾘｶﾞｰVer.,0293,-0.1,-1.4,8.5,0,4,20,1/3,1/162,1/212
野川,2026-10-01,,10/1 23:31,パチンコ,2934,Pﾘﾝｸﾞ 呪いの7日間3 ﾗｯｷｰﾄﾘｶﾞｰVer.,0294,-0.7,-0.8,-1.6,0,3,3,1/74,1/69,1/311
野川,2026-10-01,,10/1 23:31,パチンコ,2934,Pﾘﾝｸﾞ 呪いの7日間3 ﾗｯｷｰﾄﾘｶﾞｰVer.,0295,-0.8,0.2,-0.5,0,2,4,1/88,1/63,1/116
野川,2026-10-01,,10/1 23:31,パチンコ,2955,Pﾙﾊﾟﾝ三世 ONE COLLECTION,0240,-0.4,-1.3,-0.3,0,0,0,1/46,1/130,1/34
野川,2026-10-01,,10/1 23:31,パチンコ,2955,Pﾙﾊﾟﾝ三世 ONE COLLECTION,0241,-0.3,0.0,0.0,0,0,0,1/33,,
野川,2026-10-01,,10/1 23:31,パチンコ,2848,Pﾙﾊﾟﾝ三世 THE FIRST 99ver.,0191,0.0,1.4,-3.5,22,27,9,1/71,1/93,1/105
野川,2026-10-01,,10/1 23:31,パチンコ,2939,Pﾙﾊﾟﾝ三世 銭形招待状 77Sweet,0186,-0.8,4.1,-0.6,1,15,0,1/76,1/35,1/74
野川,2026-10-01,,10/1 23:31,パチンコ,3211,①e北斗の拳10GHEG,0140,-9.6,9.2,-1.1,12,20,0,1/213,1/71,1/126
野川,2026-10-01,,10/1 23:31,パチンコ,3197,①e蒼天の拳羅龍SREN,0142,6.3,-1.8,25.1,11,1,24,1/153,1/206,1/405
野川,2026-10-01,,10/1 23:31,パチンコ,3212,①eｼｬｰﾏﾝｷﾝｸﾞMH,0141,-3.0,-3.8,-0.6,1,0,0,1/416,1/479,1/63
野川,2026-10-01,,10/1 23:31,パチンコ,3191,①eｿｰﾄﾞｱｰﾄ･ｵﾝﾗｲﾝ 閃光の軌跡K7,0144,-7.0,-0.7,0.3,17,8,28,1/140,1/216,1/173
野川,2026-10-01,,10/1 23:31,パチンコ,3198,①eﾌｨｰﾊﾞｰ炎炎ﾉ消防隊2MS,0143,-1.6,0.4,8.9,9,11,27,1/310,1/467,1/308
野川,2026-10-01,,10/1 23:31,パチンコ,3154,①P FAIRY TAIL七炎竜の力だFSA,0115,-5.1,-2.2,-6.6,8,7,8,1/89,1/149,1/134
野川,2026-10-01,,10/1 23:31,パチンコ,3140,①PACYBORG009N2-K,0034,-5.4,14.4,3.0,12,76,34,1/118,1/272,1/212
野川,2026-10-01,,10/1 23:31,パチンコ,2958,①PAわんわんﾊﾟﾗﾀﾞｲｽCELEBRATION,0009,-2.2,-5.1,-7.1,44,44,45,1/99,1/105,1/129
野川,2026-10-01,,10/1 23:31,パチンコ,2648,①PAスーパー海物語IN沖縄５SBA,0019,0.9,-2.6,-2.3,37,16,23,1/93,1/130,1/102
野川,2026-10-01,,10/1 23:31,パチンコ,2648,①PAスーパー海物語IN沖縄５SBA,0020,-1.9,-1.5,-1.8,1,7,1,1/263,1/102,1/254
野川,2026-10-01,,10/1 23:31,パチンコ,2648,①PAスーパー海物語IN沖縄５SBA,0021,0.1,-1.0,1.4,3,0,18,1/101,1/107,1/59
野川,2026-10-01,,10/1 23:31,パチンコ,2748,①PA大海物語5ARBC,0048,0.5,-3.6,-3.5,44,21,33,1/95,1/85,1/100
野川,2026-10-01,,10/1 23:31,パチンコ,2748,①PA大海物語5ARBC,0049,0.7,2.1,0.1,40,33,29,1/104,1/67,1/107
野川,2026-10-01,,10/1 23:31,パチンコ,2748,①PA大海物語5ARBC,0050,-2.6,-0.9,6.2,33,37,75,1/105,1/100,1/86
野川,2026-10-01,,10/1 23:31,パチンコ,2748,①PA大海物語5ARBC,0051,-3.6,-2.2,6.0,40,27,56,1/112,1/157,1/75
野川,2026-10-01,,10/1 23:31,パチンコ,3057,①PA大海物語5ARBC,0017,-6.8,-1.8,-0.9,13,39,23,1/144,1/98,1/108
野川,2026-10-01,,10/1 23:31,パチンコ,3057,①PA大海物語5ARBC,0018,-0.9,3.7,0.9,27,46,43,1/77,1/56,1/104
野川,2026-10-01,,10/1 23:31,パチンコ,3209,①PA大海物語5HLD,0025,6.7,-5.2,5.5,62,36,71,1/98,1/71,1/84
野川,2026-10-01,,10/1 23:31,パチンコ,3249,①PA大海物語ｱｸﾞﾈｽﾌﾟﾚﾐｱRBA,0059,-3.5,-0.9,-1.5,30,45,48,1/139,1/131,1/123
野川,2026-10-01,,10/1 23:31,パチンコ,2694,①PA巨人の星明子2000,0066,0.9,-4.1,2.4,34,38,58,1/50,1/97,1/84
野川,2026-10-01,,10/1 23:31,パチンコ,3064,①PA海物語3R3,0014,-1.2,6.2,-1.6,1,38,26,1/151,1/41,1/93
野川,2026-10-01,,10/1 23:31,パチンコ,3208,①PA海物語3R3LBA,0022,-1.6,7.0,-0.1,25,53,22,1/77,1/58,1/88
野川,2026-10-01,,10/1 23:31,パチンコ,3208,①PA海物語3R3LBA,0023,-3.6,2.1,-1.8,6,38,28,1/175,1/67,1/96
野川,2026-10-01,,10/1 23:31,パチンコ,3208,①PA海物語3R3LBA,0024,3.5,-2.6,-2.1,35,30,30,1/48,1/117,1/87
野川,2026-10-01,,10/1 23:31,パチンコ,2718,①PA火曜ｻｽﾍﾟﾝｽ劇場3GSA,0036,-0.7,1.6,4.0,15,42,44,1/80,1/57,1/69
野川,2026-10-01,,10/1 23:31,パチンコ,3117,①PA花の慶次～裂N3-VY,0069,-3.6,0.1,-2.1,36,36,46,1/115,1/114,1/84
野川,2026-10-01,,10/1 23:31,パチンコ,2941,①PAｺﾞｼﾞﾗ対ｴｳﾞｧﾝｹﾞﾘｵﾝG細胞覚醒,0005,-0.9,9.5,1.5,17,54,23,1/193,1/91,1/276
野川,2026-10-01,,10/1 23:31,パチンコ,2941,①PAｺﾞｼﾞﾗ対ｴｳﾞｧﾝｹﾞﾘｵﾝG細胞覚醒,0042,-2.1,0.7,-4.5,19,47,10,1/84,1/113,1/86
野川,2026-10-01,,10/1 23:31,パチンコ,3107,①PAｼﾝ･ｴｳﾞｧﾝｹﾞﾘｵﾝY,0040,0.8,2.5,-1.5,37,51,27,1/81,1/93,1/98
野川,2026-10-01,,10/1 23:31,パチンコ,3007,①PAｽｰﾊﾟｰ海物語 IN 地中海2,0015,-1.4,-3.0,-3.0,46,54,39,1/58,1/62,1/66
野川,2026-10-01,,10/1 23:31,パチンコ,3007,①PAｽｰﾊﾟｰ海物語 IN 地中海2,0016,-4.8,-2.5,10.1,13,26,82,1/118,1/75,1/36
野川,2026-10-01,,10/1 23:31,パチンコ,3007,①PAｽｰﾊﾟｰ海物語 IN 地中海2,0055,-4.3,5.5,-1.3,30,54,52,1/101,1/61,1/87
野川,2026-10-01,,10/1 23:31,パチンコ,3007,①PAｽｰﾊﾟｰ海物語 IN 地中海2,0056,3.2,-3.5,-1.0,49,4,13,1/86,1/120,1/95
野川,2026-10-01,,10/1 23:31,パチンコ,3007,①PAｽｰﾊﾟｰ海物語 IN 地中海2,0057,-1.2,5.3,3.2,18,61,53,1/74,1/67,1/67
野川,2026-10-01,,10/1 23:31,パチンコ,3248,①PAｽｰﾊﾟｰ海物語IN沖縄6RBD,0012,-1.6,-4.3,-3.8,43,37,31,1/109,1/199,1/156
野川,2026-10-01,,10/1 23:31,パチンコ,3248,①PAｽｰﾊﾟｰ海物語IN沖縄6RBD,0013,0.5,2.4,-2.2,38,40,19,1/64,1/58,1/82
野川,2026-10-01,,10/1 23:31,パチンコ,3008,①PAｽｰﾊﾟｰ海物語沖縄5夜桜99ver.,0052,-2.5,4.5,-1.6,62,77,56,1/77,1/115,1/100
野川,2026-10-01,,10/1 23:31,パチンコ,3008,①PAｽｰﾊﾟｰ海物語沖縄5夜桜99ver.,0053,-2.8,-0.5,-3.1,77,43,68,1/95,1/114,1/139
野川,2026-10-01,,10/1 23:31,パチンコ,3008,①PAｽｰﾊﾟｰ海物語沖縄5夜桜99ver.,0054,-10.0,-4.9,-4.3,43,2,95,1/123,1/297,1/90
野川,2026-10-01,,10/1 23:31,パチンコ,3008,①PAｽｰﾊﾟｰ海物語沖縄5夜桜99ver.,0058,0.9,1.5,-1.5,49,51,33,1/80,1/115,1/116
野川,2026-10-01,,10/1 23:31,パチンコ,3077,①PAﾌｨｰﾊﾞｰﾊﾟﾜﾌﾙR（2024年）,0038,1.3,-2.8,0.0,33,27,14,1/57,1/122,1/90
野川,2026-10-01,,10/1 23:31,パチンコ,3148,①PLTｼﾞｭｰｼｰﾊﾆｰ極嬢MA,0080,8.2,-0.1,-1.6,18,0,0,1/47,1/15,1/155
野川,2026-10-01,,10/1 23:31,パチンコ,3148,①PLTｼﾞｭｰｼｰﾊﾆｰ極嬢MA,0112,-1.0,-1.4,4.1,0,0,9,1/116,1/112,1/17
野川,2026-10-01,,10/1 23:31,パチンコ,3074,①Pありふれた職業で世界最強Light,0032,1.2,6.3,-2.8,46,44,16,1/104,1/88,1/202
野川,2026-10-01,,10/1 23:31,パチンコ,3136,①Pうまい棒2おかわりちょちょV3,0114,-2.1,-0.9,5.4,0,4,14,1/14,1/27,1/18
野川,2026-10-01,,10/1 23:31,パチンコ,3156,①Pえとたま2MY,0134,-4.9,0.7,10.2,4,8,25,1/168,1/136,1/112
野川,2026-10-01,,10/1 23:31,パチンコ,2999,①Pとある魔術の禁書目録2,0129,-1.8,6.2,-1.4,0,10,0,1/181,1/49,1/162
野川,2026-10-01,,10/1 23:31,パチンコ,2999,①Pとある魔術の禁書目録2,0130,-0.2,-4.3,28.0,0,0,39,1/24,1/459,1/113
野川,2026-10-01,,10/1 23:31,パチンコ,2999,①Pとある魔術の禁書目録2,0131,2.7,-2.7,-1.5,6,1,0,1/102,1/380,1/140
野川,2026-10-01,,10/1 23:31,パチンコ,2988,①Pひぐらしのなく頃に 輪廻転生,0136,-0.1,-10.0,-2.1,0,1,2,1/14,1/1087,1/375
野川,2026-10-01,,10/1 23:31,パチンコ,2677,①Pデビルマン疾風迅雷N2-X1,0062,-4.0,-4.1,6.0,2,24,50,1/206,1/95,1/65
野川,2026-10-01,,10/1 23:31,パチンコ,2677,①Pデビルマン疾風迅雷N2-X1,0063,0.0,0.0,0.0,0,0,0,,,
野川,2026-10-01,,10/1 23:31,パチンコ,2660,①PフィーバーダンまちF,0139,-1.9,-5.0,0.4,0,1,6,1/146,1/400,1/245
野川,2026-10-01,,10/1 23:31,パチンコ,2946,①P七つの大罪2 神千斬りVER.,0106,-0.5,-0.3,2.9,0,6,22,1/73,1/167,1/59
野川,2026-10-01,,10/1 23:31,パチンコ,3076,①P世紀末･天才ﾊﾞｶﾎﾞﾝ~福神LTH-JH,0010,-0.4,-2.6,3.2,0,1,10,1/44,1/300,1/132
野川,2026-10-01,,10/1 23:31,パチンコ,3102,①P中森明菜･歌姫伝説極KM-TF,0135,14.8,-1.8,0.7,23,6,12,1/156,1/155,1/274
野川,2026-10-01,,10/1 23:31,パチンコ,3227,①P俺の妹がこんなに可愛ﾜｹｶﾞﾅｲM3,0086,1.7,-1.4,-4.2,13,11,1,1/70,1/301,1/541
野川,2026-10-01,,10/1 23:31,パチンコ,3227,①P俺の妹がこんなに可愛ﾜｹｶﾞﾅｲM3,0087,13.6,-1.0,-8.3,60,0,2,1/236,1/123,1/573
野川,2026-10-01,,10/1 23:31,パチンコ,3210,①P冬のｿﾅﾀ MyMemoryMA2,0026,3.4,-1.1,-0.7,49,37,11,1/77,1/95,1/172
野川,2026-10-01,,10/1 23:31,パチンコ,3210,①P冬のｿﾅﾀ MyMemoryMA2,0027,-1.5,0.0,4.9,53,38,62,1/66,1/77,1/53
野川,2026-10-01,,10/1 23:31,パチンコ,2944,①P化物語 319ver.,0079,-1.3,-2.8,-1.0,0,0,2,1/144,1/335,1/165
野川,2026-10-01,,10/1 23:31,パチンコ,3041,①P北斗の拳 強敵 LT,0046,-3.1,-3.0,-3.7,6,4,18,1/81,1/220,1/69
野川,2026-10-01,,10/1 23:31,パチンコ,3041,①P北斗の拳 強敵 LT,0047,-2.2,0.4,-1.2,10,36,0,1/93,1/142,1/135
野川,2026-10-01,,10/1 23:31,パチンコ,3041,①P北斗の拳 強敵 LT,0064,0.5,-2.9,2.1,22,8,27,1/103,1/99,1/59
野川,2026-10-01,,10/1 23:31,パチンコ,3041,①P北斗の拳 強敵 LT,0065,-2.1,-2.0,-4.6,3,26,3,1/122,1/115,1/211
野川,2026-10-01,,10/1 23:31,パチンコ,3226,①P大海物語5HCL,0124,6.6,5.0,-10.8,39,36,3,1/136,1/212,1/695
野川,2026-10-01,,10/1 23:31,パチンコ,3101,①P大海物語5MTE2,0097,3.1,0.5,5.8,15,9,12,1/299,1/379,1/91
野川,2026-10-01,,10/1 23:31,パチンコ,3101,①P大海物語5MTE2,0098,4.4,-0.5,8.1,16,9,19,1/248,1/191,1/191
野川,2026-10-01,,10/1 23:31,パチンコ,3101,①P大海物語5MTE2,0099,1.1,-2.6,-7.1,12,10,3,1/245,1/282,1/1130
野川,2026-10-01,,10/1 23:31,パチンコ,3101,①P大海物語5MTE2,0118,0.6,2.7,3.3,11,18,17,1/462,1/320,1/265
野川,2026-10-01,,10/1 23:31,パチンコ,3101,①P大海物語5MTE2,0119,-8.5,9.3,1.3,7,21,15,1/566,1/253,1/305
野川,2026-10-01,,10/1 23:31,パチンコ,3016,①P宇宙戦艦ﾔﾏﾄ2202 超波動,0108,-4.8,-0.9,-1.5,13,6,19,1/266,1/221,1/245
野川,2026-10-01,,10/1 23:31,パチンコ,3016,①P宇宙戦艦ﾔﾏﾄ2202 超波動,0113,-8.0,-4.4,-7.4,6,0,7,1/383,1/504,1/554
野川,2026-10-01,,10/1 23:31,パチンコ,2973,①P弾球黙示録ｶｲｼﾞ沼5,0116,0.0,0.0,0.0,0,0,0,,,
野川,2026-10-01,,10/1 23:31,パチンコ,3100,①P愛の不時着MF,0084,-0.2,5.6,-1.0,0,9,0,1/25,1/91,1/110
野川,2026-10-01,,10/1 23:31,パチンコ,3100,①P愛の不時着MF,0085,-0.5,-0.9,-1.5,17,0,0,1/209,1/121,1/178
野川,2026-10-01,,10/1 23:31,パチンコ,2774,①P戦姫絶唱ｼﾝﾌｫｷﾞｱ3黄金絶唱L,0003,-3.0,0.2,3.1,3,66,40,1/124,1/124,1/37
野川,2026-10-01,,10/1 23:31,パチンコ,2774,①P戦姫絶唱ｼﾝﾌｫｷﾞｱ3黄金絶唱L,0044,0.1,-2.0,0.1,20,22,20,1/69,1/85,1/52
野川,2026-10-01,,10/1 23:31,パチンコ,3149,①P攻殻機動隊SAC＿2045AH-RS,0078,-0.4,-2.4,-3.1,19,4,1,1/128,1/120,1/543
野川,2026-10-01,,10/1 23:31,パチンコ,2971,①P新世紀ｴｳﾞｧ未来への咆哮SP,0127,-0.6,-7.5,11.2,21,21,39,1/209,1/198,1/116
野川,2026-10-01,,10/1 23:31,パチンコ,2971,①P新世紀ｴｳﾞｧ未来への咆哮SP,0128,-0.6,8.7,1.7,14,41,17,1/123,1/166,1/341
野川,2026-10-01,,10/1 23:31,パチンコ,3157,①P江頭2:50inﾅﾅｼｰV3,0011,-2.1,-0.1,0.9,3,4,5,1/105,1/183,1/86
野川,2026-10-01,,10/1 23:31,パチンコ,3213,①P激ﾃﾞｼﾞ真･牙狼RBY4,0002,-3.3,-6.4,2.4,4,34,21,1/88,1/71,1/49
野川,2026-10-01,,10/1 23:31,パチンコ,2643,①P真・花の慶次２M3-VC,0077,-4.0,-3.2,20.0,2,1,32,1/219,1/364,1/47
野川,2026-10-01,,10/1 23:31,パチンコ,2598,①P真北斗無双FWQG,0088,-1.3,-1.5,-6.9,0,0,0,1/137,1/144,1/786
野川,2026-10-01,,10/1 23:31,パチンコ,2598,①P真北斗無双FWQG,0089,-1.7,-2.6,-4.9,0,0,1,1/160,1/266,1/575
野川,2026-10-01,,10/1 23:31,パチンコ,2598,①P真北斗無双FWQG,0090,-4.8,3.8,-0.6,1,16,14,1/552,1/300,1/204
野川,2026-10-01,,10/1 23:31,パチンコ,3063,①P花の慶次 裂 蓮極129ver.,0028,-4.0,1.3,-2.1,6,18,3,1/133,1/58,1/152
野川,2026-10-01,,10/1 23:31,パチンコ,3063,①P花の慶次 裂 蓮極129ver.,0029,-0.8,-3.1,-0.7,0,3,0,1/70,1/106,1/56
野川,2026-10-01,,10/1 23:31,パチンコ,3063,①P花の慶次 裂 蓮極129ver.,0030,-2.4,-1.7,-1.6,2,2,5,1/140,1/115,1/124
野川,2026-10-01,,10/1 23:31,パチンコ,2721,①P革命機ｳﾞｧﾙｳﾞﾚｲｳﾞ2F,0039,0.6,-7.1,2.2,32,10,56,1/108,1/125,1/63
野川,2026-10-01,,10/1 23:31,パチンコ,3093,①P魔王学院の不適合者FMY,0081,-3.1,8.4,-5.6,10,14,5,1/217,1/57,1/175
野川,2026-10-01,,10/1 23:31,パチンコ,2667,①P黄門ちゃま８L9AZ1,0107,7.4,3.1,-2.0,15,13,0,1/58,1/230,1/249
野川,2026-10-01,,10/1 23:31,パチンコ,2577,①P００９ RE:CYBORG M4-K,0110,-2.1,6.8,-3.5,0,34,0,1/228,1/68,1/400
野川,2026-10-01,,10/1 23:31,パチンコ,3000,①PｱｽﾞｰﾙﾚｰﾝTHE異次元ﾄﾘｶﾞｰ,0076,-6.0,-2.7,-4.6,8,6,1,1/97,1/149,1/496
野川,2026-10-01,,10/1 23:31,パチンコ,3138,①Pｱｽﾞｰﾙﾚｰﾝ異次元ﾄﾘｶﾞｰ79ver.M2,0004,4.4,-2.9,0.3,46,25,35,1/87,1/70,1/62
野川,2026-10-01,,10/1 23:31,パチンコ,3220,①Pｷﾞﾙﾃｨｸﾗｳﾝ2SB,0008,-3.8,3.2,-3.9,0,14,0,1/464,1/101,1/478
野川,2026-10-01,,10/1 23:31,パチンコ,2959,①Pｺｰﾄﾞｷﾞｱｽ反逆のﾙﾙｰｼｭﾗｲﾄver,0006,2.7,-3.4,-2.1,28,22,19,1/76,1/111,1/67
野川,2026-10-01,,10/1 23:31,パチンコ,2959,①Pｺｰﾄﾞｷﾞｱｽ反逆のﾙﾙｰｼｭﾗｲﾄver,0067,3.1,-0.3,-0.3,36,12,24,1/141,1/64,1/126
野川,2026-10-01,,10/1 23:31,パチンコ,3058,①Pｼﾝ･ｴｳﾞｧﾝｹﾞﾘｵﾝX,0100,-5.1,0.2,-7.1,11,17,5,1/214,1/215,1/339
野川,2026-10-01,,10/1 23:31,パチンコ,3058,①Pｼﾝ･ｴｳﾞｧﾝｹﾞﾘｵﾝX,0101,3.4,-2.8,8.4,13,0,18,1/180,1/306,1/262
野川,2026-10-01,,10/1 23:31,パチンコ,3058,①Pｼﾝ･ｴｳﾞｧﾝｹﾞﾘｵﾝX,0102,-3.6,7.3,-2.3,4,16,0,1/297,1/74,1/250
野川,2026-10-01,,10/1 23:31,パチンコ,3058,①Pｼﾝ･ｴｳﾞｧﾝｹﾞﾘｵﾝX,0103,-2.6,-7.0,8.8,6,0,17,1/336,1/749,1/423
野川,2026-10-01,,10/1 23:31,パチンコ,3058,①Pｼﾝ･ｴｳﾞｧﾝｹﾞﾘｵﾝX,0104,-1.5,-0.6,8.9,4,6,20,1/479,1/152,1/186
野川,2026-10-01,,10/1 23:31,パチンコ,2790,①Pｽｰﾊﾟｰ海物語 IN 沖縄5,0091,-3.1,-5.5,-0.3,4,4,6,1/648,1/898,1/258
野川,2026-10-01,,10/1 23:31,パチンコ,2790,①Pｽｰﾊﾟｰ海物語 IN 沖縄5,0092,-3.6,1.3,-2.9,1,14,2,1/556,1/238,1/552
野川,2026-10-01,,10/1 23:31,パチンコ,2790,①Pｽｰﾊﾟｰ海物語 IN 沖縄5,0093,9.8,3.2,0.8,18,15,15,1/143,1/233,1/479
野川,2026-10-01,,10/1 23:31,パチンコ,2790,①Pｽｰﾊﾟｰ海物語 IN 沖縄5,0094,-2.1,-1.6,-1.4,0,11,0,1/227,1/250,1/157
野川,2026-10-01,,10/1 23:31,パチンコ,2790,①Pｽｰﾊﾟｰ海物語 IN 沖縄5,0095,5.1,7.6,2.5,8,17,10,1/26,1/219,1/168
野川,2026-10-01,,10/1 23:31,パチンコ,2790,①Pｽｰﾊﾟｰ海物語 IN 沖縄5,0096,2.0,0.8,2.6,7,9,8,1/369,1/167,1/295
野川,2026-10-01,,10/1 23:31,パチンコ,3225,①Pｽｰﾊﾟｰ海物語IN沖縄6LTP,0125,-4.7,-0.4,-0.8,5,4,8,1/871,1/364,1/616
野川,2026-10-01,,10/1 23:31,パチンコ,3225,①Pｽｰﾊﾟｰ海物語IN沖縄6LTP,0126,4.8,9.5,-2.7,13,24,9,1/146,1/287,1/520
野川,2026-10-01,,10/1 23:31,パチンコ,2808,①Pｽｰﾊﾟｰ海物語沖縄5 夜桜超旋風,0120,-3.3,7.7,4.0,0,52,18,1/423,1/138,1/108
野川,2026-10-01,,10/1 23:31,パチンコ,2808,①Pｽｰﾊﾟｰ海物語沖縄5 夜桜超旋風,0121,-1.2,-0.4,1.1,0,0,14,1/140,1/44,1/261
野川,2026-10-01,,10/1 23:31,パチンコ,2808,①Pｽｰﾊﾟｰ海物語沖縄5 夜桜超旋風,0122,-7.4,5.7,9.4,0,36,49,1/913,1/145,1/98
野川,2026-10-01,,10/1 23:31,パチンコ,2808,①Pｽｰﾊﾟｰ海物語沖縄5 夜桜超旋風,0123,-1.2,10.5,-1.9,2,53,0,1/179,1/23,1/222
野川,2026-10-01,,10/1 23:31,パチンコ,3228,①PｿﾞﾝﾋﾞﾗﾝﾄﾞｻｶﾞSCPC,0138,-5.8,-3.2,-0.9,3,15,8,1/231,1/207,1/153
野川,2026-10-01,,10/1 23:31,パチンコ,3116,①PﾃﾞｼﾞﾊﾈﾓﾝｽﾀｰﾊﾝﾀｰﾗｲｽﾞGSPB,0001,-0.3,0.7,-2.9,5,12,14,1/136,1/40,1/98
野川,2026-10-01,,10/1 23:31,パチンコ,3116,①PﾃﾞｼﾞﾊﾈﾓﾝｽﾀｰﾊﾝﾀｰﾗｲｽﾞGSPB,0061,-1.6,-2.8,1.4,4,4,19,1/81,1/87,1/147
野川,2026-10-01,,10/1 23:31,パチンコ,3023,①Pﾄﾞﾗﾑだ!金ﾄﾞﾝ 花火外伝,0073,-1.3,-2.1,6.2,0,3,12,1/144,1/203,1/130
野川,2026-10-01,,10/1 23:31,パチンコ,3147,①Pﾄﾞﾗﾑだ!金ﾄﾞﾝSB,0060,0.7,-3.8,-2.0,24,6,1,1/110,1/103,1/233
野川,2026-10-01,,10/1 23:31,パチンコ,2825,①Pﾌｨｰﾊﾞｰ 機動戦士ｶﾞﾝﾀﾞﾑﾕﾆｺｰﾝ,0105,0.5,-3.3,-1.9,5,2,1,1/124,1/516,1/205
野川,2026-10-01,,10/1 23:31,パチンコ,2882,①Pﾌｨｰﾊﾞｰかぐや様は告らせたい,0132,-2.9,1.7,-2.6,2,17,0,1/421,1/164,1/275
野川,2026-10-01,,10/1 23:31,パチンコ,2882,①Pﾌｨｰﾊﾞｰかぐや様は告らせたい,0133,8.3,-2.4,-2.5,16,2,11,1/146,1/330,1/307
野川,2026-10-01,,10/1 23:31,パチンコ,3009,①Pﾌｨｰﾊﾞｰからくりｻｰｶｽ Light ver.,0043,-3.4,-1.5,0.3,15,26,32,1/135,1/136,1/186
野川,2026-10-01,,10/1 23:31,パチンコ,2972,①Pﾌｨｰﾊﾞｰ三国戦騎7500,0074,15.9,-4.0,-4.3,34,1,1,1/280,1/464,1/482
野川,2026-10-01,,10/1 23:31,パチンコ,3155,①Pﾌｨｰﾊﾞｰ機動戦士ｶﾞﾝﾀﾞﾑﾕﾆｺｰﾝ2S,0111,25.0,18.8,-14.5,64,29,8,1/222,1/64,1/1118
野川,2026-10-01,,10/1 23:31,パチンコ,2881,①Pﾌｨｰﾊﾞｰ炎炎ﾉ消防隊,0082,-3.4,-2.1,0.2,12,5,1,1/217,1/659,1/62
野川,2026-10-01,,10/1 23:31,パチンコ,2881,①Pﾌｨｰﾊﾞｰ炎炎ﾉ消防隊,0083,-6.8,1.1,-0.5,7,12,0,1/444,1/320,1/43
野川,2026-10-01,,10/1 23:31,パチンコ,3139,①Pﾌｨｰﾊﾞｰ炎炎ﾉ消防隊YR,0037,-7.8,-8.2,7.8,23,19,29,1/150,1/148,1/73
野川,2026-10-01,,10/1 23:31,パチンコ,2885,①PﾌｨｰﾊﾞｰｸｨｰﾝⅡ 30thAE,0007,2.9,-3.4,-0.4,24,14,20,1/71,1/174,1/119
野川,2026-10-01,,10/1 23:31,パチンコ,2906,①Pﾌｨｰﾊﾞｰﾀﾞﾝﾍﾞﾙ何ｷﾛ持てる?Light,0045,2.9,-2.1,-12.4,32,27,11,1/64,1/78,1/182
野川,2026-10-01,,10/1 23:31,パチンコ,2942,①Pﾌｨｰﾊﾞｰﾀﾞﾝﾍﾞﾙ何ｷﾛ持てる?Light,0031,-2.3,1.4,-5.1,3,30,4,1/106,1/80,1/171
野川,2026-10-01,,10/1 23:31,パチンコ,2907,①Pﾌｨｰﾊﾞｰﾏｸﾛｽﾌﾛﾝﾃｨｱ5,0137,-5.3,-4.3,3.3,0,0,19,1/574,1/438,1/220
野川,2026-10-01,,10/1 23:31,パチンコ,3141,①Pﾌﾞﾗｯｸﾗｸﾞｰﾝ4GCPA,0041,4.0,-5.6,10.0,19,3,23,1/118,1/228,1/62
野川,2026-10-01,,10/1 23:31,パチンコ,3043,①Pﾗﾌﾞ嬢　~極嬢のﾊｰﾚﾑ体験~,0075,1.7,-0.5,-1.8,6,0,0,1/113,1/49,1/199
野川,2026-10-01,,10/1 23:31,パチンコ,3043,①Pﾗﾌﾞ嬢　~極嬢のﾊｰﾚﾑ体験~,0117,5.0,-0.1,-0.7,10,0,0,1/241,1/12,1/66
野川,2026-10-01,,10/1 23:31,パチンコ,3106,①Pﾙﾊﾟﾝ三世137YR2,0071,-0.9,-4.0,-3.7,28,14,8,1/80,1/81,1/122
野川,2026-10-01,,10/1 23:31,パチンコ,3106,①Pﾙﾊﾟﾝ三世137YR2,0072,-4.7,-0.3,4.2,27,23,36,1/82,1/53,1/60
野川,2026-10-01,,10/1 23:31,パチンコ,3137,①Pﾙﾊﾟﾝ三世真速9YS1Y,0068,-6.5,1.3,-3.8,31,53,36,1/124,1/97,1/113
野川,2026-10-01,,10/1 23:31,パチンコ,2717,①宇宙戦艦ﾔﾏﾄ2202bH,0035,-0.9,1.6,-2.8,15,64,17,1/283,1/45,1/255
野川,2026-10-01,,10/1 23:31,パチンコ,2727,①ｻﾗﾘｰﾏﾝ金太郎FMY,0109,-5.3,-6.3,-4.9,0,1,13,1/616,1/771,1/323
野川,2026-10-01,,10/1 23:31,パチンコ,2966,①ﾃﾞｼﾞﾊﾈP聖戦士ﾀﾞﾝﾊﾞｲﾝ2,0033,-2.2,-3.3,-0.5,19,22,25,1/69,1/156,1/64
野川,2026-10-01,,10/1 23:31,パチンコ,2966,①ﾃﾞｼﾞﾊﾈP聖戦士ﾀﾞﾝﾊﾞｲﾝ2,0070,2.0,-0.7,0.7,20,1,8,1/34,1/101,1/29
野川,2026-10-01,,10/1 23:31,パチンコ,3087,ﾃﾞｶｽﾀe花の慶次~傾奇一転H6,0400,-0.7,-0.3,-0.6,0,1,0,1/127,1/112,1/128
野川,2026-10-01,,10/1 23:31,パチンコ,3087,ﾃﾞｶｽﾀe花の慶次~傾奇一転H6,0401,-1.9,-0.4,-0.8,0,2,0,1/351,1/101,1/123
野川,2026-10-01,,10/1 23:31,パチンコ,3055,ﾃﾞｼﾞﾊﾈP北斗の拳 慈母,0206,3.0,-0.1,-1.7,16,0,8,1/33,1/16,1/81
野川,2026-10-01,,10/1 23:31,パチンコ,3055,ﾃﾞｼﾞﾊﾈP北斗の拳 慈母,0207,-0.4,-0.1,0.7,0,0,8,1/33,1/5,1/41
野川,2026-10-01,,10/1 23:31,スロット,3085,L ToLOVEるﾀﾞｰｸﾈｽ TRANCE ver.8.7,0687,1.0,1.4,-0.7,11,9,6,1/124,1/64,1/204
野川,2026-10-01,,10/1 23:31,スロット,3011,L にゃんこ大戦争 超神速,0685,-0.9,-1.0,0.3,10,3,10,1/146,1/300,1/81
野川,2026-10-01,,10/1 23:31,スロット,3018,L 東京喰種,0501,-0.8,3.5,-0.4,17,27,2,1/151,1/77,1/403
野川,2026-10-01,,10/1 23:31,スロット,3018,L 東京喰種,0502,0.6,-0.5,-0.2,4,6,39,1/33,1/184,1/135
野川,2026-10-01,,10/1 23:31,スロット,3018,L 東京喰種,0503,6.2,-0.3,0.5,32,10,21,1/30,1/137,1/118
野川,2026-10-01,,10/1 23:31,スロット,3018,L 東京喰種,0504,5.0,-0.9,-1.2,35,14,15,1/72,1/144,1/176
野川,2026-10-01,,10/1 23:31,スロット,3018,L 東京喰種,0505,7.1,0.2,-0.8,33,2,4,1/30,1/26,1/220
野川,2026-10-01,,10/1 23:31,スロット,3018,L 東京喰種,0506,-0.9,7.3,2.7,4,54,17,1/240,1/67,1/88
野川,2026-10-01,,10/1 23:31,スロット,3018,L 東京喰種,0507,-1.2,-0.7,-1.9,17,5,15,1/171,1/200,1/197
野川,2026-10-01,,10/1 23:31,スロット,3018,L 東京喰種,0508,4.5,-2.2,1.4,22,7,30,1/18,1/351,1/103
野川,2026-10-01,,10/1 23:31,スロット,3018,L 東京喰種,0509,3.2,3.1,0.6,35,20,13,1/90,1/70,1/113
野川,2026-10-01,,10/1 23:31,スロット,3018,L 東京喰種,0510,0.4,1.8,-2.0,11,48,9,1/86,1/95,1/235
野川,2026-10-01,,10/1 23:31,スロット,3018,L 東京喰種,0511,0.5,-1.0,-4.4,13,3,9,1/130,1/350,1/452
野川,2026-10-01,,10/1 23:31,スロット,3172,L 甲鉄城のｶﾊﾞﾈﾘ 海門決戦 XX,0581,-1.5,-0.2,2.4,16,8,59,1/150,1/124,1/62
野川,2026-10-01,,10/1 23:31,スロット,3172,L 甲鉄城のｶﾊﾞﾈﾘ 海門決戦 XX,0582,-1.3,2.6,-2.1,14,39,8,1/163,1/57,1/244
野川,2026-10-01,,10/1 23:31,スロット,3172,L 甲鉄城のｶﾊﾞﾈﾘ 海門決戦 XX,0583,4.2,-0.8,0.4,43,7,45,1/58,1/157,1/84
野川,2026-10-01,,10/1 23:31,スロット,3172,L 甲鉄城のｶﾊﾞﾈﾘ 海門決戦 XX,0584,0.8,0.4,-0.9,23,8,22,1/56,1/51,1/107
野川,2026-10-01,,10/1 23:31,スロット,3172,L 甲鉄城のｶﾊﾞﾈﾘ 海門決戦 XX,0585,-1.5,-1.0,0.0,23,20,11,1/123,1/117,1/73
野川,2026-10-01,,10/1 23:31,スロット,3172,L 甲鉄城のｶﾊﾞﾈﾘ 海門決戦 XX,0586,0.8,-0.4,-0.2,46,2,3,1/76,1/165,1/144
野川,2026-10-01,,10/1 23:31,スロット,3172,L 甲鉄城のｶﾊﾞﾈﾘ 海門決戦 XX,0587,3.1,3.3,-0.1,25,24,16,1/83,1/43,1/95
野川,2026-10-01,,10/1 23:31,スロット,3172,L 甲鉄城のｶﾊﾞﾈﾘ 海門決戦 XX,0588,-0.3,0.1,-0.9,27,13,5,1/89,1/96,1/192
野川,2026-10-01,,10/1 23:31,スロット,3172,L 甲鉄城のｶﾊﾞﾈﾘ 海門決戦 XX,0589,5.7,3.2,-3.8,81,48,21,1/58,1/54,1/191
野川,2026-10-01,,10/1 23:31,スロット,3172,L 甲鉄城のｶﾊﾞﾈﾘ 海門決戦 XX,0590,0.4,-3.1,-1.3,5,10,8,1/42,1/256,1/156
野川,2026-10-01,,10/1 23:31,スロット,3172,L 甲鉄城のｶﾊﾞﾈﾘ 海門決戦 XX,0591,-0.3,-0.1,5.3,5,3,79,1/125,1/104,1/59
野川,2026-10-01,,10/1 23:31,スロット,3172,L 甲鉄城のｶﾊﾞﾈﾘ 海門決戦 XX,0592,-1.4,-0.2,0.1,13,25,8,1/151,1/99,1/87
野川,2026-10-01,,10/1 23:31,スロット,3172,L 甲鉄城のｶﾊﾞﾈﾘ 海門決戦 XX,0593,2.9,0.1,-1.2,61,6,8,1/54,1/109,1/186
野川,2026-10-01,,10/1 23:31,スロット,3172,L 甲鉄城のｶﾊﾞﾈﾘ 海門決戦 XX,0594,0.8,0.4,-0.7,37,26,12,1/79,1/81,1/134
野川,2026-10-01,,10/1 23:31,スロット,3172,L 甲鉄城のｶﾊﾞﾈﾘ 海門決戦 XX,0595,-0.4,-3.5,-0.4,2,12,14,1/246,1/266,1/116
野川,2026-10-01,,10/1 23:31,スロット,3091,L 転生したら剣でしたGT,0686,0.0,-0.4,-0.6,0,1,1,1/13,1/395,1/688
野川,2026-10-01,,10/1 23:31,スロット,3089,L ｱｽﾞｰﾙﾚｰﾝ THE ANIMATION　KN,0563,0.5,0.0,-1.1,19,3,2,1/47,1/47,1/435
野川,2026-10-01,,10/1 23:31,スロット,3089,L ｱｽﾞｰﾙﾚｰﾝ THE ANIMATION　KN,0564,0.0,0.0,0.4,0,0,26,1/9,,1/67
野川,2026-10-01,,10/1 23:31,スロット,3089,L ｱｽﾞｰﾙﾚｰﾝ THE ANIMATION　KN,0565,0.0,0.0,0.0,0,0,0,,,
野川,2026-10-01,,10/1 23:31,スロット,3089,L ｱｽﾞｰﾙﾚｰﾝ THE ANIMATION　KN,0566,2.6,0.0,0.0,40,0,0,1/22,,
野川,2026-10-01,,10/1 23:31,スロット,3244,L ｽﾏｽﾛ ﾘｺﾘｽ･ﾘｺｲﾙ KX,0637,-2.1,-3.6,-1.3,56,42,19,1/106,1/135,1/118
野川,2026-10-01,,10/1 23:31,スロット,3244,L ｽﾏｽﾛ ﾘｺﾘｽ･ﾘｺｲﾙ KX,0638,1.6,-2.0,-3.6,76,21,53,1/85,1/168,1/128
野川,2026-10-01,,10/1 23:31,スロット,3244,L ｽﾏｽﾛ ﾘｺﾘｽ･ﾘｺｲﾙ KX,0639,1.8,1.5,-0.7,76,55,44,1/91,1/79,1/83
野川,2026-10-01,,10/1 23:31,スロット,3244,L ｽﾏｽﾛ ﾘｺﾘｽ･ﾘｺｲﾙ KX,0640,-1.2,3.3,6.5,19,100,97,1/105,1/86,1/81
野川,2026-10-01,,10/1 23:31,スロット,3244,L ｽﾏｽﾛ ﾘｺﾘｽ･ﾘｺｲﾙ KX,0641,-2.4,0.0,-2.1,45,16,27,1/126,1/88,1/133
野川,2026-10-01,,10/1 23:31,スロット,3244,L ｽﾏｽﾛ ﾘｺﾘｽ･ﾘｺｲﾙ KX,0642,0.5,0.5,4.9,66,54,96,1/86,1/88,1/74
野川,2026-10-01,,10/1 23:31,スロット,3244,L ｽﾏｽﾛ ﾘｺﾘｽ･ﾘｺｲﾙ KX,0643,5.8,-0.9,1.1,100,32,66,1/79,1/97,1/96
野川,2026-10-01,,10/1 23:31,スロット,3244,L ｽﾏｽﾛ ﾘｺﾘｽ･ﾘｺｲﾙ KX,0644,-4.5,-1.3,1.4,55,43,37,1/130,1/102,1/84
野川,2026-10-01,,10/1 23:31,スロット,3247,L ﾚﾝﾀﾙ彼女 BK,0576,-1.9,-0.2,-1.9,60,20,26,1/127,1/102,1/147
野川,2026-10-01,,10/1 23:31,スロット,3247,L ﾚﾝﾀﾙ彼女 BK,0577,-1.7,5.9,-3.3,20,68,15,1/148,1/44,1/249
野川,2026-10-01,,10/1 23:31,スロット,3151,L/スマスロ秘宝伝/PA7,0572,0.0,-0.7,1.2,0,1,13,,1/771,1/150
野川,2026-10-01,,10/1 23:31,スロット,3151,L/スマスロ秘宝伝/PA7,0573,0.6,-0.4,-0.9,4,0,1,1/140,1/292,1/694
野川,2026-10-01,,10/1 23:31,スロット,3207,L/ｿｰﾄﾞｱｰﾄ・ｵﾝﾗｲﾝⅡ/PA,0578,-4.6,1.3,9.6,58,71,65,1/118,1/110,1/98
野川,2026-10-01,,10/1 23:31,スロット,3207,L/ｿｰﾄﾞｱｰﾄ・ｵﾝﾗｲﾝⅡ/PA,0579,16.1,0.9,7.5,64,53,38,1/115,1/106,1/96
野川,2026-10-01,,10/1 23:31,スロット,3207,L/ｿｰﾄﾞｱｰﾄ・ｵﾝﾗｲﾝⅡ/PA,0580,-6.1,-1.6,6.4,38,53,43,1/160,1/105,1/115
野川,2026-10-01,,10/1 23:31,スロット,3168,L/ﾊﾅﾋﾞ/KM,0655,-0.8,-0.4,-0.6,3,7,0,1/615,1/415,1/419
野川,2026-10-01,,10/1 23:31,スロット,3168,L/ﾊﾅﾋﾞ/KM,0656,-0.3,1.0,0.4,4,11,5,1/309,1/202,1/172
野川,2026-10-01,,10/1 23:31,スロット,3168,L/ﾊﾅﾋﾞ/KM,0657,-0.5,-0.6,1.2,6,5,9,1/359,1/375,1/203
野川,2026-10-01,,10/1 23:31,スロット,3168,L/ﾊﾅﾋﾞ/KM,0658,-0.9,0.5,-1.1,5,6,3,1/420,1/204,1/603
野川,2026-10-01,,10/1 23:31,スロット,3173,LB/ｽﾏｽﾛｻﾝﾀﾞｰVHA,0654,0.3,-0.7,2.1,13,1,23,1/285,1/796,1/230
野川,2026-10-01,,10/1 23:31,スロット,3245,LB/ﾀｺｽﾛBD,0663,-2.0,-1.6,0.6,8,7,16,1/515,1/524,1/346
野川,2026-10-01,,10/1 23:31,スロット,3083,LBAREX BRIGHTBA,0653,1.5,1.1,-0.5,28,12,5,1/284,1/229,1/425
野川,2026-10-01,,10/1 23:31,スロット,3184,LB不二子M2,0659,0.0,-0.1,-0.5,11,7,3,1/153,1/145,1/271
野川,2026-10-01,,10/1 23:31,スロット,3183,LB異世界かるてっとKR,0660,-0.6,0.0,-2.0,6,6,9,1/200,1/138,1/275
野川,2026-10-01,,10/1 23:31,スロット,3185,LB／ｼｪｲｸﾎﾞｰﾅｽﾄﾘｶﾞｰ／A1,0661,1.1,-0.7,0.3,12,3,7,1/306,1/641,1/281
野川,2026-10-01,,10/1 23:31,スロット,3223,LBｹﾛｯﾄ5NDO5H,0662,0.7,0.6,-0.1,13,6,8,1/129,1/180,1/247
野川,2026-10-01,,10/1 23:31,スロット,3060,Lいざ!番長,0601,-3.3,-2.2,0.6,19,31,32,1/205,1/144,1/117
野川,2026-10-01,,10/1 23:31,スロット,3060,Lいざ!番長,0602,4.2,-3.1,-2.7,49,55,24,1/103,1/123,1/148
野川,2026-10-01,,10/1 23:31,スロット,3060,Lいざ!番長,0603,-3.8,5.7,-2.4,38,82,29,1/177,1/70,1/144
野川,2026-10-01,,10/1 23:31,スロット,3221,Lからくりｻｰｶｽ2jG,0614,0.0,-0.9,0.0,0,7,0,,1/131,
野川,2026-10-01,,10/1 23:31,スロット,3221,Lからくりｻｰｶｽ2jG,0615,0.0,-1.2,0.1,0,2,2,,1/430,1/25
野川,2026-10-01,,10/1 23:31,スロット,3221,Lからくりｻｰｶｽ2jG,0616,-0.2,-3.0,-1.3,0,4,14,1/93,1/589,1/125
野川,2026-10-01,,10/1 23:31,スロット,3221,Lからくりｻｰｶｽ2jG,0617,-0.3,-1.0,-1.3,0,12,3,1/166,1/112,1/370
野川,2026-10-01,,10/1 23:31,スロット,2708,LからくりｻｰｶｽG,0676,-0.1,-0.1,-0.2,0,0,0,1/66,1/87,1/90
野川,2026-10-01,,10/1 23:31,スロット,3238,Lとある魔術の禁書目録2FA,0567,-1.2,0.3,-1.2,22,11,3,1/167,1/173,1/346
野川,2026-10-01,,10/1 23:31,スロット,3238,Lとある魔術の禁書目録2FA,0568,-1.7,5.1,-0.2,26,39,4,1/203,1/104,1/191
野川,2026-10-01,,10/1 23:31,スロット,3238,Lとある魔術の禁書目録2FA,0569,-3.4,-1.5,-2.1,8,5,4,1/373,1/301,1/417
野川,2026-10-01,,10/1 23:31,スロット,3236,Lやじきた道中記参る!BG,0667,-2.5,6.7,-1.6,6,11,7,1/622,1/147,1/482
野川,2026-10-01,,10/1 23:31,スロット,3114,L主役は銭形5L2,0541,-1.1,-0.5,-2.6,1,2,6,1/729,1/227,1/357
野川,2026-10-01,,10/1 23:31,スロット,3114,L主役は銭形5L2,0542,-3.3,1.7,-2.1,8,7,12,1/372,1/80,1/230
野川,2026-10-01,,10/1 23:31,スロット,3160,L北斗の拳 転生の章2MW,0629,-1.7,-2.0,-1.6,12,10,68,1/173,1/224,1/100
野川,2026-10-01,,10/1 23:31,スロット,3160,L北斗の拳 転生の章2MW,0630,-1.4,-0.2,-0.8,9,2,7,1/185,1/145,1/159
野川,2026-10-01,,10/1 23:31,スロット,3160,L北斗の拳 転生の章2MW,0631,-2.3,-0.2,0.6,12,1,18,1/201,1/270,1/54
野川,2026-10-01,,10/1 23:31,スロット,3160,L北斗の拳 転生の章2MW,0632,-0.5,1.4,-0.2,37,35,19,1/101,1/62,1/83
野川,2026-10-01,,10/1 23:31,スロット,3160,L北斗の拳 転生の章2MW,0633,0.1,0.1,0.5,11,3,10,1/85,1/59,1/55
野川,2026-10-01,,10/1 23:31,スロット,3160,L北斗の拳 転生の章2MW,0634,4.3,-0.2,-1.3,56,6,11,1/37,1/106,1/156
野川,2026-10-01,,10/1 23:31,スロット,3160,L北斗の拳 転生の章2MW,0635,-0.6,0.3,3.8,2,22,43,1/258,1/81,1/29
野川,2026-10-01,,10/1 23:31,スロット,3160,L北斗の拳 転生の章2MW,0636,-1.5,1.0,-2.1,18,41,32,1/148,1/68,1/134
野川,2026-10-01,,10/1 23:31,スロット,3090,L咲-Saki- 頂上決戦YR,0684,-1.0,0.6,-0.2,24,22,16,1/97,1/68,1/76
野川,2026-10-01,,10/1 23:31,スロット,3029,L回胴黙示録ｶｲｼﾞ 狂宴,0683,-2.0,-0.8,0.9,15,6,5,1/261,1/244,1/146
野川,2026-10-01,,10/1 23:31,スロット,2767,L戦国乙女4 戦乱に閃く炯眼の軍師,0543,2.3,1.7,-2.3,13,22,14,1/123,1/237,1/242
野川,2026-10-01,,10/1 23:31,スロット,2767,L戦国乙女4 戦乱に閃く炯眼の軍師,0544,0.7,-1.0,-1.8,3,8,2,1/408,1/319,1/718
野川,2026-10-01,,10/1 23:31,スロット,3205,L戦国乙女5L8,0560,-0.3,0.4,0.6,37,28,38,1/102,1/103,1/79
野川,2026-10-01,,10/1 23:31,スロット,3205,L戦国乙女5L8,0561,3.1,13.0,-1.2,29,84,49,1/86,1/34,1/105
野川,2026-10-01,,10/1 23:31,スロット,3205,L戦国乙女5L8,0562,3.0,0.1,-2.1,39,21,26,1/54,1/93,1/145
野川,2026-10-01,,10/1 23:31,スロット,3224,L戦国ｺﾚｸｼｮﾝ6KS,0677,-1.9,-0.3,-2.3,11,36,30,1/277,1/124,1/168
野川,2026-10-01,,10/1 23:31,スロット,3165,L攻殻機動隊 ZS,0668,-2.6,-1.5,-2.3,11,8,22,1/273,1/271,1/172
野川,2026-10-01,,10/1 23:31,スロット,3113,L新鬼武者3SA,0596,-0.1,-1.2,-1.3,38,2,2,1/94,1/494,1/519
野川,2026-10-01,,10/1 23:31,スロット,3113,L新鬼武者3SA,0597,6.5,-0.3,-0.2,61,7,6,1/26,1/95,1/93
野川,2026-10-01,,10/1 23:31,スロット,3113,L新鬼武者3SA,0598,-0.8,-1.2,-1.0,12,1,1,1/131,1/802,1/696
野川,2026-10-01,,10/1 23:31,スロット,3113,L新鬼武者3SA,0599,-0.1,-0.1,0.5,7,6,19,1/95,1/122,1/45
野川,2026-10-01,,10/1 23:31,スロット,3113,L新鬼武者3SA,0600,2.3,0.2,-0.8,41,23,9,1/78,1/68,1/123
野川,2026-10-01,,10/1 23:31,スロット,3167,L炎炎ﾉ消防隊2,0612,3.1,0.7,-0.6,18,16,10,1/69,1/181,1/171
野川,2026-10-01,,10/1 23:31,スロット,3167,L炎炎ﾉ消防隊2,0613,-0.1,-0.2,5.7,21,7,30,1/211,1/279,1/76
野川,2026-10-01,,10/1 23:31,スロット,3152,L無職転生 異世界行ったら本気だす,0679,-1.5,-0.6,6.8,5,20,86,1/333,1/126,1/35
野川,2026-10-01,,10/1 23:31,スロット,3166,L範馬刃牙L5,0681,-0.2,0.0,-0.2,4,2,9,1/101,1/75,1/114
野川,2026-10-01,,10/1 23:31,スロット,3237,L邪神ちゃんﾄﾞﾛｯﾌﾟｷｯｸTX,0672,-4.2,-2.8,-2.9,19,16,15,1/313,1/313,1/328
野川,2026-10-01,,10/1 23:31,スロット,3161,L鉄拳6YDO1H,0555,-0.4,6.0,1.4,12,36,10,1/136,1/76,1/120
野川,2026-10-01,,10/1 23:31,スロット,3161,L鉄拳6YDO1H,0556,-0.7,0.6,0.0,4,4,0,1/211,1/109,
野川,2026-10-01,,10/1 23:31,スロット,3161,L鉄拳6YDO1H,0557,-0.1,-1.8,-1.5,11,6,5,1/138,1/257,1/285
野川,2026-10-01,,10/1 23:31,スロット,3161,L鉄拳6YDO1H,0558,-2.0,0.0,-1.5,7,0,8,1/270,1/22,1/222
野川,2026-10-01,,10/1 23:31,スロット,3161,L鉄拳6YDO1H,0559,-0.3,-2.3,1.4,2,5,17,1/272,1/368,1/107
野川,2026-10-01,,10/1 23:31,スロット,3246,L青春ﾌﾞﾀ野郎L1,0574,-7.5,10.6,-4.2,52,66,29,1/155,1/79,1/190
野川,2026-10-01,,10/1 23:31,スロット,3246,L青春ﾌﾞﾀ野郎L1,0575,4.1,-4.1,6.3,47,29,52,1/110,1/152,1/80
野川,2026-10-01,,10/1 23:31,スロット,3128,L革命機ｳﾞｧﾙｳﾞﾚｲｳﾞ2jF,0539,-0.8,2.4,3.1,3,44,45,1/388,1/77,1/45
野川,2026-10-01,,10/1 23:31,スロット,3128,L革命機ｳﾞｧﾙｳﾞﾚｲｳﾞ2jF,0540,-1.6,3.8,-1.6,8,68,7,1/332,1/64,1/261
野川,2026-10-01,,10/1 23:31,スロット,3186,L／SHAMANKING／SS,0664,-0.2,5.3,0.0,1,8,0,1/203,1/260,
野川,2026-10-01,,10/1 23:31,スロット,3162,L／オキドキデュオ2／FR,0670,-0.6,-2.1,0.1,9,11,5,1/162,1/219,1/122
野川,2026-10-01,,10/1 23:31,スロット,3190,L／ミリオンゴッド／CX,0531,-0.6,-2.3,-1.0,7,0,8,1/663,1/2371,1/596
野川,2026-10-01,,10/1 23:31,スロット,3190,L／ミリオンゴッド／CX,0532,-2.5,-0.1,-1.2,6,0,0,1/697,1/686,1/2282
野川,2026-10-01,,10/1 23:31,スロット,3190,L／ミリオンゴッド／CX,0533,6.0,-1.5,-0.2,0,0,0,1/4140,1/1764,1/658
野川,2026-10-01,,10/1 23:31,スロット,3190,L／ミリオンゴッド／CX,0534,-4.2,1.2,0.5,4,0,0,1/2083,1/1844,1/1284
野川,2026-10-01,,10/1 23:31,スロット,3190,L／ミリオンゴッド／CX,0535,-4.7,-0.6,0.7,0,0,0,1/4697,1/3159,1/1389
野川,2026-10-01,,10/1 23:31,スロット,3180,L／真打吉宗／A1,0678,4.0,-1.7,-0.6,54,17,51,1/39,1/146,1/87
野川,2026-10-01,,10/1 23:31,スロット,3182,LｱｸﾀﾞﾏﾄﾞﾗｲﾌﾞTP,0674,-0.9,-0.2,0.6,1,0,5,1/857,1/174,1/234
野川,2026-10-01,,10/1 23:31,スロット,3103,Lｸﾚｱの秘宝伝 ﾎﾞｰﾅｽﾄﾘｶﾞｰver./A2,0652,0.8,-2.0,-0.2,7,8,6,1/241,1/464,1/277
野川,2026-10-01,,10/1 23:31,スロット,3164,LｺﾞﾌﾞﾘﾝｽﾚｲﾔｰⅡJZ,0682,-1.4,-0.7,-2.0,4,3,2,1/291,1/308,1/707
野川,2026-10-01,,10/1 23:31,スロット,3196,Lｽｰﾊﾟｰﾘｵｴｰｽ2NDO2H,0545,-0.5,2.4,6.6,16,28,29,1/123,1/87,1/85
野川,2026-10-01,,10/1 23:31,スロット,3196,Lｽｰﾊﾟｰﾘｵｴｰｽ2NDO2H,0546,2.3,2.9,-1.3,21,29,13,1/86,1/93,1/177
野川,2026-10-01,,10/1 23:31,スロット,3235,Lｽﾄﾘｰﾄﾌｧｲﾀｰ6SB,0665,-2.7,-1.4,3.3,7,3,40,1/367,1/434,1/79
野川,2026-10-01,,10/1 23:31,スロット,3150,Lｽﾏｽﾛ 化物語KH,0536,-1.6,-0.3,0.8,6,4,10,1/270,1/131,1/58
野川,2026-10-01,,10/1 23:31,スロット,3150,Lｽﾏｽﾛ 化物語KH,0537,-0.3,-0.6,-0.6,3,1,1,1/143,1/498,1/454
野川,2026-10-01,,10/1 23:31,スロット,3150,Lｽﾏｽﾛ 化物語KH,0538,1.6,-0.1,2.2,10,2,22,1/83,1/117,1/60
野川,2026-10-01,,10/1 23:31,スロット,3105,Lｽﾏｽﾛ 東京ﾘﾍﾞﾝｼﾞｬｰｽﾞZF,0610,-0.9,-0.9,-1.3,4,2,10,1/307,1/479,1/275
野川,2026-10-01,,10/1 23:31,スロット,3105,Lｽﾏｽﾛ 東京ﾘﾍﾞﾝｼﾞｬｰｽﾞZF,0611,-1.7,0.0,-0.6,8,0,5,1/327,1/23,1/351
野川,2026-10-01,,10/1 23:31,スロット,3193,LﾀｸﾄｵｰﾊﾟｽM1,0673,-1.1,-0.1,-0.9,4,2,3,1/309,1/133,1/285
野川,2026-10-01,,10/1 23:31,スロット,3206,LﾊﾞｰﾃﾞｨｰｳｲﾝｸﾞBC,0675,1.9,1.7,-1.6,40,26,21,1/53,1/59,1/102
野川,2026-10-01,,10/1 23:31,スロット,3028,Lﾊﾞｲｵﾊｻﾞｰﾄﾞ5,0570,-0.4,0.4,-0.1,0,9,0,1/287,1/151,1/65
野川,2026-10-01,,10/1 23:31,スロット,3028,Lﾊﾞｲｵﾊｻﾞｰﾄﾞ5,0571,0.0,0.0,-0.2,0,0,1,,1/36,1/413
野川,2026-10-01,,10/1 23:31,スロット,3195,LﾊﾞｲｵﾊｻﾞｰﾄﾞRE:3 ZD,0604,-0.4,-0.6,0.0,1,2,0,1/383,1/261,
野川,2026-10-01,,10/1 23:31,スロット,3195,LﾊﾞｲｵﾊｻﾞｰﾄﾞRE:3 ZD,0605,0.6,-0.6,-3.2,17,10,7,1/60,1/114,1/352
野川,2026-10-01,,10/1 23:31,スロット,3195,LﾊﾞｲｵﾊｻﾞｰﾄﾞRE:3 ZD,0606,-1.0,-2.5,0.0,13,10,0,1/122,1/233,
野川,2026-10-01,,10/1 23:31,スロット,2952,Lﾊﾟﾁｽﾛ かぐや様は告らせたい,0547,0.6,-1.6,1.4,7,10,11,1/118,1/271,1/120
野川,2026-10-01,,10/1 23:31,スロット,2952,Lﾊﾟﾁｽﾛ かぐや様は告らせたい,0548,-0.8,-0.8,-0.6,3,16,2,1/358,1/204,1/374
野川,2026-10-01,,10/1 23:31,スロット,2952,Lﾊﾟﾁｽﾛ かぐや様は告らせたい,0549,-0.6,-1.8,-0.2,1,12,9,1/584,1/263,1/177
野川,2026-10-01,,10/1 23:31,スロット,2952,Lﾊﾟﾁｽﾛ かぐや様は告らせたい,0550,-0.6,-2.0,0.1,1,12,4,1/489,1/305,1/197
野川,2026-10-01,,10/1 23:31,スロット,2892,Lﾊﾟﾁｽﾛ 炎炎ﾉ消防隊,0694,2.2,0.0,-0.5,16,0,0,1/55,,1/540
野川,2026-10-01,,10/1 23:31,スロット,2892,Lﾊﾟﾁｽﾛ 炎炎ﾉ消防隊,0695,0.5,0.5,-0.2,18,15,0,1/120,1/110,1/122
野川,2026-10-01,,10/1 23:31,スロット,2682,Lﾊﾟﾁｽﾛ北斗の拳AD　XR,0618,-0.6,-0.2,-0.9,10,4,14,1/138,1/151,1/145
野川,2026-10-01,,10/1 23:31,スロット,2682,Lﾊﾟﾁｽﾛ北斗の拳AD　XR,0619,0.4,-0.9,0.5,46,4,18,1/94,1/224,1/68
野川,2026-10-01,,10/1 23:31,スロット,2682,Lﾊﾟﾁｽﾛ北斗の拳AD　XR,0620,-0.8,-2.2,1.3,2,20,18,1/353,1/179,1/38
野川,2026-10-01,,10/1 23:31,スロット,2682,Lﾊﾟﾁｽﾛ北斗の拳AD　XR,0621,-1.2,-0.5,-1.3,8,1,21,1/195,1/386,1/141
野川,2026-10-01,,10/1 23:31,スロット,2682,Lﾊﾟﾁｽﾛ北斗の拳AD　XR,0622,-0.3,0.0,-0.5,15,6,9,1/110,1/86,1/118
野川,2026-10-01,,10/1 23:31,スロット,2682,Lﾊﾟﾁｽﾛ北斗の拳AD　XR,0623,0.9,-0.1,-0.6,17,11,1,1/55,1/96,1/530
野川,2026-10-01,,10/1 23:31,スロット,2682,Lﾊﾟﾁｽﾛ北斗の拳AD　XR,0624,-0.5,-0.6,0.4,9,11,49,1/123,1/125,1/96
野川,2026-10-01,,10/1 23:31,スロット,2682,Lﾊﾟﾁｽﾛ北斗の拳AD　XR,0625,-1.0,1.5,-0.6,17,31,2,1/140,1/57,1/340
野川,2026-10-01,,10/1 23:31,スロット,2682,Lﾊﾟﾁｽﾛ北斗の拳AD　XR,0626,7.1,0.3,2.7,68,5,57,1/19,1/65,1/51
野川,2026-10-01,,10/1 23:31,スロット,2682,Lﾊﾟﾁｽﾛ北斗の拳AD　XR,0627,0.7,-1.6,-0.1,19,21,3,1/56,1/142,1/137
野川,2026-10-01,,10/1 23:31,スロット,2682,Lﾊﾟﾁｽﾛ北斗の拳AD　XR,0628,-1.6,-0.6,-1.4,14,4,11,1/168,1/169,1/210
野川,2026-10-01,,10/1 23:31,スロット,3194,Lﾋﾞｯｸﾞﾄﾞﾘｰﾑ KR,0607,-0.7,0.0,0.0,12,0,0,1/116,,
野川,2026-10-01,,10/1 23:31,スロット,3194,Lﾋﾞｯｸﾞﾄﾞﾘｰﾑ KR,0608,-0.6,0.0,0.0,0,0,0,1/337,,
野川,2026-10-01,,10/1 23:31,スロット,3194,Lﾋﾞｯｸﾞﾄﾞﾘｰﾑ KR,0609,3.8,0.0,0.0,37,0,0,1/21,,
野川,2026-10-01,,10/1 23:31,スロット,3036,Lﾏｷﾞｱﾚｺｰﾄﾞ まどマギ外伝,0696,-0.6,0.8,1.1,6,2,1,1/243,1/75,1/205
野川,2026-10-01,,10/1 23:31,スロット,3036,Lﾏｷﾞｱﾚｺｰﾄﾞ まどマギ外伝,0697,0.0,1.3,0.0,0,9,0,,1/271,
野川,2026-10-01,,10/1 23:31,スロット,3036,Lﾏｷﾞｱﾚｺｰﾄﾞ まどマギ外伝,0698,0.0,-0.4,0.0,0,4,0,,1/191,
野川,2026-10-01,,10/1 23:31,スロット,3036,Lﾏｷﾞｱﾚｺｰﾄﾞ まどマギ外伝,0699,-0.4,-0.8,0.0,7,5,0,1/234,1/198,
野川,2026-10-01,,10/1 23:31,スロット,3036,Lﾏｷﾞｱﾚｺｰﾄﾞ まどマギ外伝,0700,2.3,-0.3,2.1,10,9,7,1/225,1/196,1/235
野川,2026-10-01,,10/1 23:31,スロット,3222,LﾔﾊﾞﾁﾊﾞZM,0669,-2.2,-1.3,4.5,5,3,15,1/379,1/381,1/151
野川,2026-10-01,,10/1 23:31,スロット,2984,Lﾙﾊﾟﾝ三世 大航海者の秘宝,0688,-0.6,0.3,-1.3,2,9,2,1/240,1/59,1/512
野川,2026-10-01,,10/1 23:31,スロット,2510,Sこの素晴らしい世界に祝福を！ZR,0516,-1.0,-0.1,0.6,43,2,16,1/61,1/82,1/24
野川,2026-10-01,,10/1 23:31,スロット,2678,SキングハナハナSP-30,0518,-0.1,2.4,-0.3,0,23,12,1/94,1/215,1/276
野川,2026-10-01,,10/1 23:31,スロット,2678,SキングハナハナSP-30,0519,0.6,2.6,0.1,9,21,8,1/253,1/140,1/216
野川,2026-10-01,,10/1 23:31,スロット,2595,SバイオハザードRE：２ XB,0514,0.0,0.0,0.0,4,0,0,1/116,,
野川,2026-10-01,,10/1 23:31,スロット,2494,S押忍！番長ZERO PC1,0512,-0.8,2.6,0.6,8,64,22,1/136,1/56,1/62
野川,2026-10-01,,10/1 23:31,スロット,2554,S甲鉄城のカバネリ ZR,0513,-0.2,0.0,-0.4,6,0,2,1/85,,1/209
野川,2026-10-01,,10/1 23:31,スロット,2799,Sｴｳﾚｶｾﾌﾞﾝ ﾊｲｴﾎﾞｾﾞﾛ TYPE-ART,0515,0.5,-0.8,1.1,20,15,12,1/235,1/214,1/222
野川,2026-10-01,,10/1 23:31,スロット,3111,SﾈｵｱｲﾑｼﾞｬｸﾞﾗｰEX-KK,0362,0.5,-0.6,2.3,17,20,27,1/239,1/263,1/193
野川,2026-10-01,,10/1 23:31,スロット,3111,SﾈｵｱｲﾑｼﾞｬｸﾞﾗｰEX-KK,0414,0.0,-0.2,0.0,4,3,8,1/265,1/342,1/212
野川,2026-10-01,,10/1 23:31,スロット,3111,SﾈｵｱｲﾑｼﾞｬｸﾞﾗｰEX-KK,0426,-0.5,-0.7,-0.2,1,13,9,1/736,1/294,1/255
野川,2026-10-01,,10/1 23:31,スロット,3111,SﾈｵｱｲﾑｼﾞｬｸﾞﾗｰEX-KK,0442,-1.1,1.6,-0.7,5,27,1,1/412,1/222,1/724
野川,2026-10-01,,10/1 23:31,スロット,3111,SﾈｵｱｲﾑｼﾞｬｸﾞﾗｰEX-KK,0483,-0.7,-1.2,-0.6,9,6,2,1/309,1/482,1/492
野川,2026-10-01,,10/1 23:31,スロット,3111,SﾈｵｱｲﾑｼﾞｬｸﾞﾗｰEX-KK,0498,-0.3,0.0,-0.4,1,3,3,1/508,1/247,1/317
野川,2026-10-01,,10/1 23:31,スロット,3054,七つの魔剣が支配する,0666,-0.2,0.3,7.7,18,7,45,1/67,1/71,1/10
野川,2026-10-01,,10/1 23:31,スロット,2617,各　SハッピージャグラーVⅢEA,0360,-0.4,-0.3,-0.4,1,3,0,1/664,1/326,1/529
野川,2026-10-01,,10/1 23:31,スロット,2617,各　SハッピージャグラーVⅢEA,0370,-0.3,-1.1,1.2,0,5,17,1/377,1/446,1/172
野川,2026-10-01,,10/1 23:31,スロット,2617,各　SハッピージャグラーVⅢEA,0418,0.8,0.6,-0.7,7,12,2,1/149,1/184,1/583
野川,2026-10-01,,10/1 23:31,スロット,2617,各　SハッピージャグラーVⅢEA,0423,-0.2,-0.3,-0.7,6,1,2,1/299,1/566,1/595
野川,2026-10-01,,10/1 23:31,スロット,2617,各　SハッピージャグラーVⅢEA,0427,0.5,-0.4,0.2,8,2,11,1/188,1/430,1/199
野川,2026-10-01,,10/1 23:31,スロット,2617,各　SハッピージャグラーVⅢEA,0435,-0.1,-0.5,-0.4,1,2,4,1/497,1/466,1/303
野川,2026-10-01,,10/1 23:31,スロット,2617,各　SハッピージャグラーVⅢEA,0443,-0.4,-1.2,-0.5,0,0,4,1/605,1/898,1/381
野川,2026-10-01,,10/1 23:31,スロット,2617,各　SハッピージャグラーVⅢEA,0484,-0.2,0.2,0.0,7,7,8,1/269,1/227,1/251
野川,2026-10-01,,10/1 23:31,スロット,2617,各　SハッピージャグラーVⅢEA,0495,0.0,0.3,0.0,6,7,2,1/245,1/239,1/329
野川,2026-10-01,,10/1 23:31,スロット,2424,各　Sファンキージャグラー２/KT,0358,-0.2,-0.1,-0.6,3,5,4,1/274,1/254,1/351
野川,2026-10-01,,10/1 23:31,スロット,2424,各　Sファンキージャグラー２/KT,0364,-0.6,0.6,-0.3,1,14,19,1/948,1/178,1/264
野川,2026-10-01,,10/1 23:31,スロット,2424,各　Sファンキージャグラー２/KT,0368,-0.7,0.8,-0.9,0,27,8,1/654,1/199,1/363
野川,2026-10-01,,10/1 23:31,スロット,2424,各　Sファンキージャグラー２/KT,0412,0.4,0.2,-0.2,19,11,4,1/203,1/238,1/226
野川,2026-10-01,,10/1 23:31,スロット,2424,各　Sファンキージャグラー２/KT,0417,0.2,0.0,0.2,8,5,14,1/212,1/253,1/243
野川,2026-10-01,,10/1 23:31,スロット,2424,各　Sファンキージャグラー２/KT,0421,-0.8,-0.6,-0.6,5,7,13,1/421,1/327,1/263
野川,2026-10-01,,10/1 23:31,スロット,2424,各　Sファンキージャグラー２/KT,0425,0.3,-0.6,0.7,9,2,22,1/204,1/603,1/205
野川,2026-10-01,,10/1 23:31,スロット,2424,各　Sファンキージャグラー２/KT,0430,-0.5,-0.5,0.9,1,3,21,1/690,1/421,1/206
野川,2026-10-01,,10/1 23:31,スロット,2424,各　Sファンキージャグラー２/KT,0438,-1.1,0.2,0.7,1,16,13,1/1558,1/241,1/211
野川,2026-10-01,,10/1 23:31,スロット,2424,各　Sファンキージャグラー２/KT,0441,0.4,-0.5,-0.1,8,3,23,1/149,1/388,1/257
野川,2026-10-01,,10/1 23:31,スロット,2424,各　Sファンキージャグラー２/KT,0445,-0.6,-0.5,0.1,0,4,7,1/447,1/406,1/254
野川,2026-10-01,,10/1 23:31,スロット,2424,各　Sファンキージャグラー２/KT,0486,-1.6,3.1,-0.5,2,30,7,1/1113,1/149,1/367
野川,2026-10-01,,10/1 23:31,スロット,2424,各　Sファンキージャグラー２/KT,0488,0.0,-0.5,-0.4,14,4,4,1/267,1/338,1/260
野川,2026-10-01,,10/1 23:31,スロット,2424,各　Sファンキージャグラー２/KT,0493,1.0,-0.4,-0.5,18,3,5,1/210,1/408,1/342
野川,2026-10-01,,10/1 23:31,スロット,2424,各　Sファンキージャグラー２/KT,0496,-0.8,-1.0,-1.1,3,1,15,1/485,1/1332,1/329
野川,2026-10-01,,10/1 23:31,スロット,2437,各　SマイジャグラーⅤ KD,0359,-0.7,1.0,1.1,17,33,30,1/309,1/245,1/205
野川,2026-10-01,,10/1 23:31,スロット,2437,各　SマイジャグラーⅤ KD,0363,0.2,-0.6,-1.2,6,0,2,1/183,1/574,1/749
野川,2026-10-01,,10/1 23:31,スロット,2437,各　SマイジャグラーⅤ KD,0367,-0.6,-0.2,-0.3,5,7,10,1/350,1/313,1/274
野川,2026-10-01,,10/1 23:31,スロット,2437,各　SマイジャグラーⅤ KD,0371,-0.1,1.1,-0.6,4,17,13,1/244,1/212,1/307
野川,2026-10-01,,10/1 23:31,スロット,2437,各　SマイジャグラーⅤ KD,0411,1.6,0.0,0.9,26,18,27,1/211,1/257,1/227
野川,2026-10-01,,10/1 23:31,スロット,2437,各　SマイジャグラーⅤ KD,0415,-0.6,-0.2,-0.5,2,2,3,1/519,1/256,1/404
野川,2026-10-01,,10/1 23:31,スロット,2437,各　SマイジャグラーⅤ KD,0420,-1.0,-0.4,0.0,4,21,15,1/406,1/265,1/219
野川,2026-10-01,,10/1 23:31,スロット,2437,各　SマイジャグラーⅤ KD,0424,-0.4,1.0,-0.1,9,25,8,1/316,1/244,1/250
野川,2026-10-01,,10/1 23:31,スロット,2437,各　SマイジャグラーⅤ KD,0433,0.4,-0.3,-0.4,21,13,7,1/240,1/255,1/292
野川,2026-10-01,,10/1 23:31,スロット,2437,各　SマイジャグラーⅤ KD,0436,-1.9,-0.6,-0.9,7,13,5,1/496,1/322,1/507
野川,2026-10-01,,10/1 23:31,スロット,2437,各　SマイジャグラーⅤ KD,0439,-1.4,-0.5,0.1,8,10,10,1/545,1/303,1/214
野川,2026-10-01,,10/1 23:31,スロット,2437,各　SマイジャグラーⅤ KD,0446,-0.2,-0.3,-0.3,18,11,13,1/263,1/285,1/315
野川,2026-10-01,,10/1 23:31,スロット,2437,各　SマイジャグラーⅤ KD,0485,-0.5,-1.1,-1.0,10,7,1,1/346,1/479,1/1328
野川,2026-10-01,,10/1 23:31,スロット,2437,各　SマイジャグラーⅤ KD,0489,-0.4,1.6,-0.6,9,25,4,1/288,1/209,1/486
野川,2026-10-01,,10/1 23:31,スロット,2437,各　SマイジャグラーⅤ KD,0492,-0.8,-2.0,-1.2,5,8,7,1/347,1/518,1/434
野川,2026-10-01,,10/1 23:31,スロット,2437,各　SマイジャグラーⅤ KD,0497,1.8,-0.8,-0.5,21,16,5,1/189,1/311,1/386
野川,2026-10-01,,10/1 23:31,スロット,2707,各　Sｺﾞｰｺﾞｰｼﾞｬｸﾞﾗｰ3KA,0357,0.3,0.6,-0.2,21,11,6,1/218,1/139,1/273
野川,2026-10-01,,10/1 23:31,スロット,2707,各　Sｺﾞｰｺﾞｰｼﾞｬｸﾞﾗｰ3KA,0361,-0.9,-0.4,-0.7,0,4,4,1/1016,1/310,1/407
野川,2026-10-01,,10/1 23:31,スロット,2707,各　Sｺﾞｰｺﾞｰｼﾞｬｸﾞﾗｰ3KA,0365,-0.1,-0.8,-0.5,10,5,3,1/265,1/391,1/302
野川,2026-10-01,,10/1 23:31,スロット,2707,各　Sｺﾞｰｺﾞｰｼﾞｬｸﾞﾗｰ3KA,0369,2.6,-0.4,-0.2,41,4,6,1/191,1/260,1/296
野川,2026-10-01,,10/1 23:31,スロット,2707,各　Sｺﾞｰｺﾞｰｼﾞｬｸﾞﾗｰ3KA,0373,-0.3,0.1,-0.5,6,29,6,1/266,1/237,1/287
野川,2026-10-01,,10/1 23:31,スロット,2707,各　Sｺﾞｰｺﾞｰｼﾞｬｸﾞﾗｰ3KA,0413,0.1,-0.2,-0.3,5,15,16,1/220,1/270,1/294
野川,2026-10-01,,10/1 23:31,スロット,2707,各　Sｺﾞｰｺﾞｰｼﾞｬｸﾞﾗｰ3KA,0416,-1.1,0.6,-1.4,7,32,5,1/339,1/224,1/474
野川,2026-10-01,,10/1 23:31,スロット,2707,各　Sｺﾞｰｺﾞｰｼﾞｬｸﾞﾗｰ3KA,0419,-0.3,-1.0,-1.8,15,4,3,1/243,1/611,1/679
野川,2026-10-01,,10/1 23:31,スロット,2707,各　Sｺﾞｰｺﾞｰｼﾞｬｸﾞﾗｰ3KA,0422,0.0,-0.5,-0.1,8,9,5,1/255,1/283,1/223
野川,2026-10-01,,10/1 23:31,スロット,2707,各　Sｺﾞｰｺﾞｰｼﾞｬｸﾞﾗｰ3KA,0432,0.2,-0.7,0.1,8,1,7,1/213,1/835,1/214
野川,2026-10-01,,10/1 23:31,スロット,2707,各　Sｺﾞｰｺﾞｰｼﾞｬｸﾞﾗｰ3KA,0434,0.3,-0.7,-0.3,10,5,8,1/192,1/337,1/248
野川,2026-10-01,,10/1 23:31,スロット,2707,各　Sｺﾞｰｺﾞｰｼﾞｬｸﾞﾗｰ3KA,0437,-0.7,0.3,-0.7,3,15,9,1/379,1/229,1/338
野川,2026-10-01,,10/1 23:31,スロット,2707,各　Sｺﾞｰｺﾞｰｼﾞｬｸﾞﾗｰ3KA,0440,0.6,-0.8,-0.4,7,2,1,1/182,1/647,1/627
野川,2026-10-01,,10/1 23:31,スロット,2707,各　Sｺﾞｰｺﾞｰｼﾞｬｸﾞﾗｰ3KA,0444,-0.6,-1.1,-0.7,12,5,10,1/281,1/526,1/321
野川,2026-10-01,,10/1 23:31,スロット,2707,各　Sｺﾞｰｺﾞｰｼﾞｬｸﾞﾗｰ3KA,0487,-0.3,-0.6,-0.8,3,2,10,1/330,1/473,1/285
野川,2026-10-01,,10/1 23:31,スロット,2707,各　Sｺﾞｰｺﾞｰｼﾞｬｸﾞﾗｰ3KA,0490,-0.4,-0.3,-0.6,1,2,18,1/483,1/318,1/341
野川,2026-10-01,,10/1 23:31,スロット,2707,各　Sｺﾞｰｺﾞｰｼﾞｬｸﾞﾗｰ3KA,0494,-0.4,-0.6,-0.8,2,1,8,1/411,1/920,1/315
野川,2026-10-01,,10/1 23:31,スロット,2707,各　Sｺﾞｰｺﾞｰｼﾞｬｸﾞﾗｰ3KA,0500,-0.9,-0.1,-0.7,6,22,7,1/380,1/244,1/324
野川,2026-10-01,,10/1 23:31,スロット,2878,押忍!番長4,0671,0.0,-0.3,-0.3,4,10,0,1/79,1/94,1/154
野川,2026-10-01,,10/1 23:31,スロット,2916,沖ﾄﾞｷ!BLACK,0520,0.2,0.6,1.7,4,6,10,1/148,1/91,1/91
野川,2026-10-01,,10/1 23:31,スロット,2916,沖ﾄﾞｷ!BLACK,0521,-0.6,-2.3,-4.6,1,19,2,1/616,1/245,1/1774
野川,2026-10-01,,10/1 23:31,スロット,2916,沖ﾄﾞｷ!BLACK,0522,-0.8,-1.3,0.0,3,12,3,1/397,1/223,1/168
野川,2026-10-01,,10/1 23:31,スロット,2916,沖ﾄﾞｷ!BLACK,0523,0.4,0.7,0.2,13,3,15,1/138,1/39,1/141
野川,2026-10-01,,10/1 23:31,スロット,2916,沖ﾄﾞｷ!BLACK,0524,0.2,2.2,1.3,5,15,7,1/128,1/63,1/46
野川,2026-10-01,,10/1 23:31,スロット,2987,ｳﾙﾄﾗﾐﾗｸﾙｼﾞｬｸﾞﾗｰ,0374,0.4,0.7,1.1,21,22,17,1/248,1/183,1/164
野川,2026-10-01,,10/1 23:31,スロット,2987,ｳﾙﾄﾗﾐﾗｸﾙｼﾞｬｸﾞﾗｰ,0429,-0.3,-0.3,0.2,21,23,13,1/269,1/268,1/247
野川,2026-10-01,,10/1 23:31,スロット,2987,ｳﾙﾄﾗﾐﾗｸﾙｼﾞｬｸﾞﾗｰ,0491,0.1,1.0,-0.9,19,39,32,1/296,1/226,1/255
野川,2026-10-01,,10/1 23:31,スロット,2814,ｸﾗﾝｷｰｸﾚｽﾄ,0517,-0.5,-0.4,1.1,6,1,10,1/333,1/609,1/197
野川,2026-10-01,,10/1 23:31,スロット,2879,ｼﾞｬｸﾞﾗｰｶﾞｰﾙｽﾞSS,0372,-0.7,-1.0,1.4,5,7,22,1/419,1/488,1/246
野川,2026-10-01,,10/1 23:31,スロット,2879,ｼﾞｬｸﾞﾗｰｶﾞｰﾙｽﾞSS,0499,-0.4,0.3,-0.3,7,9,5,1/347,1/209,1/305
野川,2026-10-01,,10/1 23:31,スロット,3044,ｽﾏｽﾛ 吉宗,0690,2.3,-0.3,-0.2,4,0,0,1/102,1/185,1/131
野川,2026-10-01,,10/1 23:31,スロット,3044,ｽﾏｽﾛ 吉宗,0691,-0.3,-0.3,0.2,0,0,1,1/263,1/187,1/378
野川,2026-10-01,,10/1 23:31,スロット,3044,ｽﾏｽﾛ 吉宗,0692,-0.3,0.0,0.5,0,3,3,1/188,1/511,1/357
野川,2026-10-01,,10/1 23:31,スロット,3044,ｽﾏｽﾛ 吉宗,0693,-0.3,7.3,2.0,0,15,4,1/207,1/157,1/138
野川,2026-10-01,,10/1 23:31,スロット,2919,ｽﾏｽﾛ ｺﾞｯﾄﾞｲｰﾀｰ ﾘｻﾞﾚｸｼｮﾝ,0689,-0.1,-1.1,-0.6,40,33,11,1/83,1/90,1/106
野川,2026-10-01,,10/1 23:31,スロット,2974,ｽﾏｽﾛ ﾓﾝｽﾀｰﾊﾝﾀｰﾗｲｽﾞ,0525,-0.1,-2.5,-0.8,9,6,8,1/107,1/369,1/129
野川,2026-10-01,,10/1 23:31,スロット,2974,ｽﾏｽﾛ ﾓﾝｽﾀｰﾊﾝﾀｰﾗｲｽﾞ,0526,-0.1,-1.1,0.4,1,7,11,1/70,1/183,1/80
野川,2026-10-01,,10/1 23:31,スロット,2974,ｽﾏｽﾛ ﾓﾝｽﾀｰﾊﾝﾀｰﾗｲｽﾞ,0527,-0.2,3.3,0.0,5,42,19,1/99,1/45,1/131
野川,2026-10-01,,10/1 23:31,スロット,2974,ｽﾏｽﾛ ﾓﾝｽﾀｰﾊﾝﾀｰﾗｲｽﾞ,0528,-0.1,-0.5,2.6,4,31,27,1/87,1/94,1/20
野川,2026-10-01,,10/1 23:31,スロット,2974,ｽﾏｽﾛ ﾓﾝｽﾀｰﾊﾝﾀｰﾗｲｽﾞ,0529,0.0,-0.4,3.8,1,2,43,1/41,1/199,1/31
野川,2026-10-01,,10/1 23:31,スロット,2974,ｽﾏｽﾛ ﾓﾝｽﾀｰﾊﾝﾀｰﾗｲｽﾞ,0530,-0.5,-0.9,-1.3,20,2,1,1/88,1/360,1/850
野川,2026-10-01,,10/1 23:31,スロット,2901,ｽﾏｽﾛ防振り,0680,1.2,2.8,-0.2,24,33,5,1/159,1/152,1/224
野川,2026-10-01,,10/1 23:31,スロット,3017,ｽﾏｽﾛｽｰﾊﾟｰﾌﾞﾗｯｸｼﾞｬｯｸ,0551,-0.2,0.6,-0.8,2,24,4,1/166,1/62,1/241
野川,2026-10-01,,10/1 23:31,スロット,3017,ｽﾏｽﾛｽｰﾊﾟｰﾌﾞﾗｯｸｼﾞｬｯｸ,0552,-1.0,0.0,-1.2,3,0,2,1/256,1/9,1/399
野川,2026-10-01,,10/1 23:31,スロット,3017,ｽﾏｽﾛｽｰﾊﾟｰﾌﾞﾗｯｸｼﾞｬｯｸ,0553,0.0,-0.1,2.5,32,15,27,1/84,1/88,1/36
野川,2026-10-01,,10/1 23:31,スロット,3017,ｽﾏｽﾛｽｰﾊﾟｰﾌﾞﾗｯｸｼﾞｬｯｸ,0554,3.1,-0.3,-0.7,43,0,7,1/19,1/161,1/146
野川,2026-10-01,,10/1 23:31,スロット,2816,ｽﾏｽﾛﾓﾝｷｰﾀｰﾝⅤ,0645,-1.1,-0.1,-1.5,10,27,18,1/126,1/87,1/142
野川,2026-10-01,,10/1 23:31,スロット,2816,ｽﾏｽﾛﾓﾝｷｰﾀｰﾝⅤ,0646,-1.3,-0.1,-0.1,5,14,5,1/307,1/79,1/186
野川,2026-10-01,,10/1 23:31,スロット,2816,ｽﾏｽﾛﾓﾝｷｰﾀｰﾝⅤ,0647,-0.4,0.0,4.8,3,4,56,1/186,1/69,1/47
野川,2026-10-01,,10/1 23:31,スロット,2816,ｽﾏｽﾛﾓﾝｷｰﾀｰﾝⅤ,0648,-0.1,-0.9,-1.0,3,7,24,1/88,1/190,1/118
野川,2026-10-01,,10/1 23:31,スロット,2816,ｽﾏｽﾛﾓﾝｷｰﾀｰﾝⅤ,0649,-0.5,-0.8,-0.5,20,19,6,1/82,1/125,1/137
野川,2026-10-01,,10/1 23:31,スロット,2816,ｽﾏｽﾛﾓﾝｷｰﾀｰﾝⅤ,0650,-2.3,-0.2,-0.6,17,1,5,1/156,1/185,1/159
野川,2026-10-01,,10/1 23:31,スロット,2816,ｽﾏｽﾛﾓﾝｷｰﾀｰﾝⅤ,0651,0.1,1.7,-0.5,4,52,36,1/66,1/67,1/95
野川,2026-10-01,,10/1 23:31,スロット,2917,ﾐｽﾀｰｼﾞｬｸﾞﾗｰ,0366,-0.6,-1.3,-0.2,8,3,20,1/315,1/597,1/292
野川,2026-10-01,,10/1 23:31,スロット,2917,ﾐｽﾀｰｼﾞｬｸﾞﾗｰ,0428,-1.0,0.5,-1.0,4,19,8,1/452,1/206,1/363
野川,2026-10-01,,10/1 23:31,スロット,2917,ﾐｽﾀｰｼﾞｬｸﾞﾗｰ,0431,0.4,0.6,1.4,12,18,19,1/268,1/196,1/207
東名,2026-10-02,,10/2 23:21,パチンコ,3807,e/押忍番長漢の頂/A03,0401,1.3,-0.3,3.7,11,0,20,1/73,1/21,1/58
東名,2026-10-02,,10/2 23:21,パチンコ,3807,e/押忍番長漢の頂/A03,0402,-1.1,-0.1,-0.3,1,0,2,1/117,1/6,1/35
東名,2026-10-02,,10/2 23:21,パチンコ,3794,e/ﾜｰﾙﾄﾞﾀﾞｲｽﾀｰ/L04,0398,-1.3,-4.0,0.1,1,1,2,1/149,1/409,1/30
東名,2026-10-02,,10/2 23:21,パチンコ,3825,etakt op. DestinyH6,0404,-12.8,-0.6,-0.2,14,9,16,1/206,1/142,1/188
東名,2026-10-02,,10/2 23:21,パチンコ,3733,eいせれべFSZ,0357,-0.1,-0.9,7.4,0,0,8,1/13,1/93,1/65
東名,2026-10-02,,10/2 23:21,パチンコ,3683,eとある科学の超電磁砲 LTRSY,0389,0.5,9.4,-0.2,3,7,2,1/120,1/12,1/189
東名,2026-10-02,,10/2 23:21,パチンコ,3640,eとある魔術の禁書目録 一方通行,0406,-1.7,7.9,-3.7,0,10,1,1/210,1/108,1/508
東名,2026-10-02,,10/2 23:21,パチンコ,3640,eとある魔術の禁書目録 一方通行,0407,-2.6,-0.1,-0.9,2,0,2,1/223,1/16,1/97
東名,2026-10-02,,10/2 23:21,パチンコ,3777,eひきこまり吸血姫の悶々FHV,0361,-1.0,-7.8,-3.6,10,13,16,1/286,1/196,1/182
東名,2026-10-02,,10/2 23:21,パチンコ,3806,e七つの大罪3GFEA,0370,-0.2,-6.4,-12.6,0,0,1,1/19,1/580,1/1184
東名,2026-10-02,,10/2 23:21,パチンコ,3414,e乃木坂46ⅡK4,0411,-0.2,0.0,-0.1,0,0,0,1/10,,1/12
東名,2026-10-02,,10/2 23:21,パチンコ,3595,e仮面ﾗｲﾀﾞｰBLACK-KRJ2,0354,-8.8,-2.8,-0.4,4,5,0,1/305,1/320,1/49
東名,2026-10-02,,10/2 23:21,パチンコ,3785,e化物語2GSED,0360,-1.4,-2.0,-1.2,3,3,2,1/63,1/143,1/70
東名,2026-10-02,,10/2 23:21,パチンコ,3705,e北斗の拳11暴凶星SHEF,0247,-1.4,23.6,-0.3,1,36,0,1/238,1/367,1/31
東名,2026-10-02,,10/2 23:21,パチンコ,3705,e北斗の拳11暴凶星SHEF,0248,-5.4,-3.7,-3.5,0,1,0,1/496,1/315,1/254
東名,2026-10-02,,10/2 23:21,パチンコ,3705,e北斗の拳11暴凶星SHEF,0249,-2.0,-0.8,-1.5,2,0,0,1/277,1/87,1/133
東名,2026-10-02,,10/2 23:21,パチンコ,3705,e北斗の拳11暴凶星SHEF,0250,-0.3,-0.2,-0.1,0,0,3,1/28,1/25,1/237
東名,2026-10-02,,10/2 23:21,パチンコ,3705,e北斗の拳11暴凶星SHEF,0251,13.5,-1.1,-1.7,23,0,0,1/302,1/95,1/154
東名,2026-10-02,,10/2 23:21,パチンコ,3706,e地獄少女7500Ver.RHZ,0246,-3.6,0.4,5.6,5,7,17,1/124,1/85,1/301
東名,2026-10-02,,10/2 23:21,パチンコ,3728,e女神のｶﾌｪﾃﾗｽJLZ,0184,-2.0,-4.4,-3.4,6,3,3,1/200,1/301,1/247
東名,2026-10-02,,10/2 23:21,パチンコ,3728,e女神のｶﾌｪﾃﾗｽJLZ,0185,8.5,-3.2,-4.3,11,1,1,1/412,1/386,1/493
東名,2026-10-02,,10/2 23:21,パチンコ,3713,e新世紀ｴｳﾞｧﾝｹﾞﾘｵﾝ17,0237,-2.2,-4.3,-7.1,2,0,3,1/350,1/462,1/246
東名,2026-10-02,,10/2 23:21,パチンコ,3713,e新世紀ｴｳﾞｧﾝｹﾞﾘｵﾝ17,0238,-1.7,-5.7,-6.4,0,0,4,1/170,1/540,1/1004
東名,2026-10-02,,10/2 23:21,パチンコ,3713,e新世紀ｴｳﾞｧﾝｹﾞﾘｵﾝ17,0239,13.6,-0.8,0.3,19,0,3,1/229,1/87,1/222
東名,2026-10-02,,10/2 23:21,パチンコ,3713,e新世紀ｴｳﾞｧﾝｹﾞﾘｵﾝ17,0240,-1.3,0.9,4.4,0,6,10,1/126,1/230,1/307
東名,2026-10-02,,10/2 23:21,パチンコ,3713,e新世紀ｴｳﾞｧﾝｹﾞﾘｵﾝ17,0241,-2.7,-4.3,-2.4,0,3,0,1/264,1/152,1/235
東名,2026-10-02,,10/2 23:21,パチンコ,3713,e新世紀ｴｳﾞｧﾝｹﾞﾘｵﾝ17,0242,7.0,-0.4,9.6,11,0,16,1/224,1/34,1/229
東名,2026-10-02,,10/2 23:21,パチンコ,3713,e新世紀ｴｳﾞｧﾝｹﾞﾘｵﾝ17,0243,9.4,11.0,4.5,11,14,6,1/349,1/51,1/178
東名,2026-10-02,,10/2 23:21,パチンコ,3713,e新世紀ｴｳﾞｧﾝｹﾞﾘｵﾝ17,0244,6.4,15.0,15.9,14,14,14,1/169,1/124,1/44
東名,2026-10-02,,10/2 23:21,パチンコ,3803,e東京喰種MW,0181,-1.4,-10.1,4.4,28,18,26,1/263,1/313,1/310
東名,2026-10-02,,10/2 23:21,パチンコ,3803,e東京喰種MW,0182,-7.4,-2.5,-16.3,10,22,6,1/570,1/298,1/622
東名,2026-10-02,,10/2 23:21,パチンコ,3803,e東京喰種MW,0183,2.7,0.7,14.4,23,13,31,1/390,1/967,1/1047
東名,2026-10-02,,10/2 23:21,パチンコ,3565,e東京喰種W,0186,5.1,-3.4,-10.5,9,6,9,1/111,1/208,1/188
東名,2026-10-02,,10/2 23:21,パチンコ,3565,e東京喰種W,0187,-4.4,4.5,13.2,2,6,11,1/268,1/377,1/80
東名,2026-10-02,,10/2 23:21,パチンコ,3565,e東京喰種W,0188,-3.9,-4.4,7.1,6,3,9,1/220,1/166,1/104
東名,2026-10-02,,10/2 23:21,パチンコ,3565,e東京喰種W,0189,-2.9,0.7,7.2,0,5,7,1/276,1/250,1/284
東名,2026-10-02,,10/2 23:21,パチンコ,3565,e東京喰種W,0190,-4.1,4.9,0.4,6,7,2,1/109,1/186,1/202
東名,2026-10-02,,10/2 23:21,パチンコ,3565,e東京喰種W,0191,-0.9,-2.8,4.6,9,11,9,1/201,1/211,1/359
東名,2026-10-02,,10/2 23:21,パチンコ,3644,e東京ﾘﾍﾞﾝｼﾞｬｰｽﾞGFEC,0380,22.5,-0.1,-1.0,30,0,0,1/11,1/13,1/95
東名,2026-10-02,,10/2 23:21,パチンコ,3644,e東京ﾘﾍﾞﾝｼﾞｬｰｽﾞGFEC,0381,0.0,-1.1,-1.7,0,2,0,,1/57,1/145
東名,2026-10-02,,10/2 23:21,パチンコ,3644,e東京ﾘﾍﾞﾝｼﾞｬｰｽﾞGFEC,0382,-3.3,-2.3,5.8,1,0,10,1/350,1/225,1/119
東名,2026-10-02,,10/2 23:21,パチンコ,3791,e東京ﾘﾍﾞﾝｼﾞｬｰｽﾞ聖夜決戦編EREC,0366,0.0,0.0,-2.3,0,0,2,,,1/132
東名,2026-10-02,,10/2 23:21,パチンコ,3791,e東京ﾘﾍﾞﾝｼﾞｬｰｽﾞ聖夜決戦編EREC,0367,-0.4,15.6,-1.7,1,25,3,1/45,1/277,1/59
東名,2026-10-02,,10/2 23:21,パチンコ,3792,e無職転生異世界行ったら本気だす,0368,-10.3,-3.3,-5.8,0,9,4,1/1042,1/500,1/271
東名,2026-10-02,,10/2 23:21,パチンコ,3656,e牙狼12XX-MJ,0233,-1.8,-5.2,-3.3,1,1,3,1/302,1/620,1/299
東名,2026-10-02,,10/2 23:21,パチンコ,3656,e牙狼12XX-MJ,0234,-1.4,8.8,-3.7,2,12,1,1/128,1/71,1/485
東名,2026-10-02,,10/2 23:21,パチンコ,3656,e牙狼12XX-MJ,0235,-1.2,1.4,-2.0,0,7,0,1/125,1/460,1/253
東名,2026-10-02,,10/2 23:21,パチンコ,3656,e牙狼12XX-MJ,0236,-7.4,-5.6,-8.9,3,1,3,1/304,1/539,1/585
東名,2026-10-02,,10/2 23:21,パチンコ,3746,e牙狼ﾄﾘﾌﾟﾙﾊﾞｰｽﾄRF,0177,3.3,0.0,-0.4,7,0,1,1/65,,1/155
東名,2026-10-02,,10/2 23:21,パチンコ,3747,e甲鉄城のｶﾊﾞﾈﾘ2GFEA,0371,0.0,-2.6,-3.1,0,0,0,,1/248,1/324
東名,2026-10-02,,10/2 23:21,パチンコ,3720,e盾の勇者の成り上がりEREF,0245,-1.7,6.1,0.0,12,10,0,1/144,1/97,
東名,2026-10-02,,10/2 23:21,パチンコ,3731,e真北斗無双5夢幻闘双SCEA,0231,3.1,-0.1,-1.4,7,0,2,1/61,1/10,1/88
東名,2026-10-02,,10/2 23:21,パチンコ,3731,e真北斗無双5夢幻闘双SCEA,0232,-3.9,-0.3,-2.6,0,0,1,1/407,1/25,1/268
東名,2026-10-02,,10/2 23:21,パチンコ,3653,e真･一騎当千~軍神覚醒~AM-TS,0408,-9.5,9.5,-3.7,6,36,6,1/312,1/198,1/288
東名,2026-10-02,,10/2 23:21,パチンコ,3793,e結城友奈は勇者であるMP,0369,-0.9,-0.1,3.0,0,0,5,1/86,1/17,1/66
東名,2026-10-02,,10/2 23:21,パチンコ,3650,e花の慶次~傾奇一転H6,0355,4.8,-2.3,-0.9,8,2,1,1/39,1/196,1/158
東名,2026-10-02,,10/2 23:21,パチンコ,3650,e花の慶次~傾奇一転H6,0356,3.7,0.0,-0.5,6,0,0,1/65,,1/62
東名,2026-10-02,,10/2 23:21,パチンコ,3696,e花の慶次~黄金の一撃H4,0372,0.0,-0.3,-3.7,0,0,0,,1/27,1/372
東名,2026-10-02,,10/2 23:21,パチンコ,3696,e花の慶次~黄金の一撃H4,0373,0.0,1.4,27.4,0,12,33,,1/984,1/156
東名,2026-10-02,,10/2 23:21,パチンコ,3696,e花の慶次~黄金の一撃H4,0374,6.2,0.0,-11.6,10,0,1,1/67,,1/1277
東名,2026-10-02,,10/2 23:21,パチンコ,3822,e魔女と野獣FKZ,0178,3.6,2.4,-0.9,18,17,14,1/362,1/295,1/539
東名,2026-10-02,,10/2 23:21,パチンコ,3750,e魔法少女まどか☆ﾏｷﾞｶ3LPM1,0378,-2.1,0.0,1.0,0,0,3,1/219,,1/5
東名,2026-10-02,,10/2 23:21,パチンコ,3750,e魔法少女まどか☆ﾏｷﾞｶ3LPM1,0379,-0.3,-0.1,-0.8,0,0,0,1/29,1/6,1/82
東名,2026-10-02,,10/2 23:21,パチンコ,3654,e黄門ちゃま9HC3,0412,10.9,0.0,-0.1,11,0,0,1/204,,1/8
東名,2026-10-02,,10/2 23:21,パチンコ,3761,eｱｸﾀﾞﾏﾄﾞﾗｲﾌﾞEHLT,0394,-6.8,-0.2,-0.3,2,0,0,1/348,1/21,1/27
東名,2026-10-02,,10/2 23:21,パチンコ,3823,eｱｻﾙﾄﾘﾘｨZ,0179,-2.2,-5.0,-5.6,3,12,3,1/98,1/69,1/205
東名,2026-10-02,,10/2 23:21,パチンコ,3823,eｱｻﾙﾄﾘﾘｨZ,0180,-0.9,-5.7,-11.2,3,3,3,1/103,1/226,1/436
東名,2026-10-02,,10/2 23:21,パチンコ,3684,eｶﾞｰﾙｽﾞ&ﾊﾟﾝﾂｧｰ3LAH1,0390,-1.7,0.0,0.0,0,0,0,1/173,,
東名,2026-10-02,,10/2 23:21,パチンコ,3778,eｷﾞﾝﾊﾟﾗVIVAFESTAHTA2,0358,0.0,-1.7,-0.1,0,0,0,,1/180,1/8
東名,2026-10-02,,10/2 23:21,パチンコ,3805,eｿｰﾄﾞｱｰﾄ･ｵﾝﾗｲﾝ ｱﾘｼｾﾞｰｼｮﾝYKJ11,0359,10.0,6.5,21.8,41,27,40,1/125,1/174,1/265
東名,2026-10-02,,10/2 23:21,パチンコ,3483,eｿｰﾄﾞｱｰﾄ･ｵﾝﾗｲﾝ~閃光の軌跡~K7,0391,-1.4,-1.8,-4.7,1,0,1,1/130,1/175,1/435
東名,2026-10-02,,10/2 23:21,パチンコ,3483,eｿｰﾄﾞｱｰﾄ･ｵﾝﾗｲﾝ~閃光の軌跡~K7,0392,0.2,0.0,-1.0,4,0,0,1/233,,1/95
東名,2026-10-02,,10/2 23:21,パチンコ,3820,eｿﾞﾝ100MA,0393,-0.6,-1.4,-1.6,1,1,5,1/98,1/214,1/151
東名,2026-10-02,,10/2 23:21,パチンコ,3693,eﾉｰｹﾞｰﾑ･ﾉｰﾗｲﾌV3C,0353,-2.4,-1.7,0.0,0,2,0,1/234,1/102,
東名,2026-10-02,,10/2 23:21,パチンコ,3779,eﾊﾞｲｵﾊｻﾞｰﾄﾞ6APN,0365,0.7,0.0,-0.5,7,0,4,1/113,,1/175
東名,2026-10-02,,10/2 23:21,パチンコ,3553,eﾌｨｰﾊﾞｰうたわれるものZ,0409,-0.5,-2.2,-0.8,0,2,1,1/46,1/147,1/95
東名,2026-10-02,,10/2 23:21,パチンコ,3553,eﾌｨｰﾊﾞｰうたわれるものZ,0410,-0.1,0.0,0.0,1,0,1,1/17,,1/81
東名,2026-10-02,,10/2 23:21,パチンコ,3425,eﾌｨｰﾊﾞｰからくりｻｰｶｽ2R,0396,1.6,0.0,-6.3,5,0,1,1/147,,1/651
東名,2026-10-02,,10/2 23:21,パチンコ,3425,eﾌｨｰﾊﾞｰからくりｻｰｶｽ2R,0397,-0.8,0.0,0.4,0,0,1,1/74,,1/20
東名,2026-10-02,,10/2 23:21,パチンコ,3694,eﾌｨｰﾊﾞｰもののがたりF,0385,11.0,0.0,-0.7,13,0,0,1/161,,1/81
東名,2026-10-02,,10/2 23:21,パチンコ,3694,eﾌｨｰﾊﾞｰもののがたりF,0386,-0.8,-1.5,-0.6,6,0,6,1/44,1/155,1/199
東名,2026-10-02,,10/2 23:21,パチンコ,3606,eﾌｨｰﾊﾞｰ彼女、お借りしますH,0405,2.8,2.8,-0.9,11,18,8,1/437,1/133,1/169
東名,2026-10-02,,10/2 23:21,パチンコ,3804,eﾌｨｰﾊﾞｰ機動戦士ｶﾞﾝﾀﾞﾑSEED2bF,0226,-5.8,-2.7,4.7,3,1,10,1/248,1/342,1/255
東名,2026-10-02,,10/2 23:21,パチンコ,3804,eﾌｨｰﾊﾞｰ機動戦士ｶﾞﾝﾀﾞﾑSEED2bF,0227,9.8,-1.8,-5.7,37,7,1,1/225,1/320,1/621
東名,2026-10-02,,10/2 23:21,パチンコ,3804,eﾌｨｰﾊﾞｰ機動戦士ｶﾞﾝﾀﾞﾑSEED2bF,0228,-1.3,-9.9,1.0,1,5,11,1/179,1/247,1/203
東名,2026-10-02,,10/2 23:21,パチンコ,3639,eﾌｨｰﾊﾞｰ炎炎ﾉ消防隊2MS,0222,-0.7,0.8,-3.5,1,5,2,1/171,1/140,1/502
東名,2026-10-02,,10/2 23:21,パチンコ,3639,eﾌｨｰﾊﾞｰ炎炎ﾉ消防隊2MS,0223,-2.8,-0.6,-3.6,1,0,1,1/292,1/54,1/424
東名,2026-10-02,,10/2 23:21,パチンコ,3639,eﾌｨｰﾊﾞｰ炎炎ﾉ消防隊2MS,0224,0.0,-0.3,-1.7,0,0,1,,1/31,1/265
東名,2026-10-02,,10/2 23:21,パチンコ,3639,eﾌｨｰﾊﾞｰ炎炎ﾉ消防隊2MS,0225,0.0,-0.2,-1.8,0,0,1,,1/19,1/268
東名,2026-10-02,,10/2 23:21,パチンコ,3760,eﾌｨｰﾊﾞｰﾀﾞﾝﾍﾞﾙ何ｷﾛ持てる?2F,0387,-1.8,2.0,-1.5,0,4,1,1/186,1/54,1/171
東名,2026-10-02,,10/2 23:21,パチンコ,3760,eﾌｨｰﾊﾞｰﾀﾞﾝﾍﾞﾙ何ｷﾛ持てる?2F,0388,-1.4,-2.1,-0.9,3,0,0,1/67,1/209,1/91
東名,2026-10-02,,10/2 23:21,パチンコ,3730,eﾌｨｰﾊﾞｰﾊﾞｽﾀｰﾄﾞG,0403,0.0,-2.0,0.0,0,0,0,,1/194,
東名,2026-10-02,,10/2 23:21,パチンコ,3670,eﾌｨｰﾊﾞｰﾌﾞﾙｰﾛｯｸMZ,0375,-1.0,-3.4,-2.9,0,1,0,1/113,1/388,1/286
東名,2026-10-02,,10/2 23:21,パチンコ,3670,eﾌｨｰﾊﾞｰﾌﾞﾙｰﾛｯｸMZ,0376,0.0,-2.6,-0.5,0,0,0,,1/288,1/46
東名,2026-10-02,,10/2 23:21,パチンコ,3795,eﾌｨｰﾊﾞｰﾌﾞﾙｰﾛｯｸY,0399,-0.1,0.0,2.0,5,0,8,1/89,,1/42
東名,2026-10-02,,10/2 23:21,パチンコ,3795,eﾌｨｰﾊﾞｰﾌﾞﾙｰﾛｯｸY,0400,-0.2,1.5,-1.4,0,8,2,1/19,1/57,1/97
東名,2026-10-02,,10/2 23:21,パチンコ,3801,eﾍﾞﾙｾﾙｸ無双2HM4,0395,-0.9,0.7,8.4,1,3,16,1/137,1/53,1/76
東名,2026-10-02,,10/2 23:21,パチンコ,3649,eﾏｷﾞｱﾚｺｰﾄﾞ魔法少女まどか☆外伝,0383,-1.6,-4.0,-0.6,0,0,0,1/146,1/379,1/57
東名,2026-10-02,,10/2 23:21,パチンコ,3649,eﾏｷﾞｱﾚｺｰﾄﾞ魔法少女まどか☆外伝,0384,1.9,0.0,-1.0,3,0,0,1/59,,1/105
東名,2026-10-02,,10/2 23:21,パチンコ,3764,eﾗｸﾞﾅﾄﾞｰﾙCMB,0362,-1.9,0.9,-2.1,1,10,0,1/215,1/97,1/211
東名,2026-10-02,,10/2 23:21,パチンコ,3763,eﾘｺﾘｽ･ﾘｺｲﾙM3,0363,5.7,-7.3,-14.9,22,33,9,1/116,1/311,1/214
東名,2026-10-02,,10/2 23:21,パチンコ,3763,eﾘｺﾘｽ･ﾘｺｲﾙM3,0364,4.4,-5.2,38.3,52,22,126,1/131,1/137,1/136
東名,2026-10-02,,10/2 23:21,パチンコ,3770,eﾘﾝｸﾞ 最恐領域RHA,0229,8.5,6.0,-2.5,18,11,3,1/498,1/239,1/174
東名,2026-10-02,,10/2 23:21,パチンコ,3770,eﾘﾝｸﾞ 最恐領域RHA,0230,-0.2,-0.6,-2.7,5,0,2,1/192,1/77,1/193
東名,2026-10-02,,10/2 23:21,パチンコ,3695,eﾙﾊﾟﾝ三世VSｷｬｯﾂｱｲMAH4,0377,-4.8,1.8,-0.9,1,5,0,1/474,1/131,1/87
東名,2026-10-02,,10/2 23:21,パチンコ,2371,P Re:ｾﾞﾛ鬼がかりver.M08,0147,-0.9,-4.2,-1.3,0,8,0,1/102,1/402,1/128
東名,2026-10-02,,10/2 23:21,パチンコ,2371,P Re:ｾﾞﾛ鬼がかりver.M08,0148,5.9,-7.8,-0.3,9,1,1,1/277,1/909,1/114
東名,2026-10-02,,10/2 23:21,パチンコ,3749,P/Re:ｾﾞﾛseason2/M04,0336,-0.5,-6.8,-6.8,9,0,1,1/484,1/653,1/710
東名,2026-10-02,,10/2 23:21,パチンコ,3692,P/Re:ｾﾞﾛから始める異世界生活L07,0310,6.9,-2.9,-4.5,9,3,5,1/21,1/121,1/419
東名,2026-10-02,,10/2 23:21,パチンコ,2831,P009 RE:CYBORG N3-K,0087,-0.9,3.9,-0.4,0,29,0,1/87,1/60,1/30
東名,2026-10-02,,10/2 23:21,パチンコ,2320,P009RE:CYBORGM4-K,0352,-6.8,11.2,-0.2,7,33,3,1/220,1/99,1/100
東名,2026-10-02,,10/2 23:21,パチンコ,3641,PACYBORG009N2-K,0258,0.0,3.1,-0.4,0,21,0,,1/69,1/42
東名,2026-10-02,,10/2 23:21,パチンコ,3548,PAひぐらしのなく頃に･輪廻転生99,0315,1.9,-1.1,0.5,11,6,13,1/27,1/75,1/49
東名,2026-10-02,,10/2 23:21,パチンコ,3409,PAわんわんｾﾚﾌﾞﾚｰｼｮﾝAGBD,0081,0.9,-1.4,0.3,5,26,9,1/34,1/127,1/126
東名,2026-10-02,,10/2 23:21,パチンコ,3409,PAわんわんｾﾚﾌﾞﾚｰｼｮﾝAGBD,0082,4.0,3.1,-0.2,36,44,0,1/60,1/94,1/23
東名,2026-10-02,,10/2 23:21,パチンコ,3409,PAわんわんｾﾚﾌﾞﾚｰｼｮﾝAGBD,0083,0.2,0.6,-4.5,29,14,3,1/72,1/77,1/180
東名,2026-10-02,,10/2 23:21,パチンコ,3409,PAわんわんｾﾚﾌﾞﾚｰｼｮﾝAGBD,0084,-0.9,-1.7,-1.0,6,14,16,1/66,1/83,1/59
東名,2026-10-02,,10/2 23:21,パチンコ,3729,PA乗物娘2N,0132,0.0,0.0,0.6,0,0,4,1/3,,1/21
東名,2026-10-02,,10/2 23:21,パチンコ,3538,PA大海物語5HLD,0215,-0.1,-1.6,-0.3,4,0,0,1/78,1/187,1/32
東名,2026-10-02,,10/2 23:21,パチンコ,3538,PA大海物語5HLD,0216,-0.3,-1.0,0.4,0,2,3,1/35,1/66,1/6
東名,2026-10-02,,10/2 23:21,パチンコ,3824,PA大海物語ｱｸﾞﾈｽﾌﾟﾚﾐｱRBA,0207,-1.0,1.4,-0.3,2,6,0,1/97,1/23,1/40
東名,2026-10-02,,10/2 23:21,パチンコ,3824,PA大海物語ｱｸﾞﾈｽﾌﾟﾚﾐｱRBA,0208,-1.2,-0.3,-0.7,1,3,8,1/209,1/161,1/61
東名,2026-10-02,,10/2 23:21,パチンコ,3824,PA大海物語ｱｸﾞﾈｽﾌﾟﾚﾐｱRBA,0209,0.4,-1.4,-0.6,8,4,5,1/40,1/90,1/136
東名,2026-10-02,,10/2 23:21,パチンコ,3824,PA大海物語ｱｸﾞﾈｽﾌﾟﾚﾐｱRBA,0210,1.5,0.4,0.6,12,5,2,1/84,1/72,1/23
東名,2026-10-02,,10/2 23:21,パチンコ,2530,PA新海物語AR BB,0218,-0.3,-0.3,-0.1,8,0,1,1/60,1/26,1/33
東名,2026-10-02,,10/2 23:21,パチンコ,2530,PA新海物語AR BB,0219,0.0,-1.5,0.0,0,2,0,,1/357,
東名,2026-10-02,,10/2 23:21,パチンコ,3601,PA海物語3R3LBA,0194,-0.9,-5.0,0.0,47,22,0,1/87,1/170,
東名,2026-10-02,,10/2 23:21,パチンコ,3601,PA海物語3R3LBA,0195,0.0,1.1,0.0,0,15,0,,1/75,
東名,2026-10-02,,10/2 23:21,パチンコ,2275,PA海物語INｼﾞｬﾊﾟﾝ2RA,0217,-0.1,0.3,-0.2,0,2,0,1/8,1/68,1/21
東名,2026-10-02,,10/2 23:21,パチンコ,3712,PA海物語極ｼﾞｬﾊﾟﾝHBD,0192,0.0,-0.4,0.0,0,1,0,,1/66,
東名,2026-10-02,,10/2 23:21,パチンコ,3712,PA海物語極ｼﾞｬﾊﾟﾝHBD,0193,0.0,2.6,-0.1,0,10,0,,1/16,1/6
東名,2026-10-02,,10/2 23:21,パチンコ,3727,PA清流物語4HBB,0196,-0.4,-1.1,-1.0,1,4,0,1/53,1/45,1/150
東名,2026-10-02,,10/2 23:21,パチンコ,2476,PA激ﾃﾞｼﾞｼﾞｭｰｼｰﾊﾆｰ3NCY,0290,-2.8,0.5,-1.0,5,19,14,1/76,1/120,1/60
東名,2026-10-02,,10/2 23:21,パチンコ,3784,PA花の慶次~傾奇一転N,0272,0.5,2.1,-0.7,8,9,3,1/33,1/12,1/65
東名,2026-10-02,,10/2 23:21,パチンコ,3784,PA花の慶次~傾奇一転N,0273,-0.5,1.8,-0.3,4,10,6,1/105,1/87,1/84
東名,2026-10-02,,10/2 23:21,パチンコ,3784,PA花の慶次~傾奇一転N,0274,0.0,0.7,0.2,0,3,4,,1/40,1/45
東名,2026-10-02,,10/2 23:21,パチンコ,2183,PA花の慶次~蓮N-V,0282,-0.1,2.8,3.1,0,14,11,1/9,1/27,1/59
東名,2026-10-02,,10/2 23:21,パチンコ,2183,PA花の慶次~蓮N-V,0283,0.0,-0.6,-1.1,0,0,14,,1/47,1/59
東名,2026-10-02,,10/2 23:21,パチンコ,2183,PA花の慶次~蓮N-V,0284,-0.7,-2.2,-1.7,1,6,2,1/100,1/60,1/234
東名,2026-10-02,,10/2 23:21,パチンコ,3081,PA豊丸ととある企業の最新作2V1,0316,-0.1,-1.3,0.2,0,1,3,1/10,1/137,1/41
東名,2026-10-02,,10/2 23:21,パチンコ,3081,PA豊丸ととある企業の最新作2V1,0345,0.0,0.4,-1.2,0,5,9,,1/104,1/171
東名,2026-10-02,,10/2 23:21,パチンコ,2338,PA野生の王国5N-K,0324,-0.7,-1.1,0.0,17,5,0,1/112,1/129,
東名,2026-10-02,,10/2 23:21,パチンコ,3707,PA野生の王国6N2,0285,-0.6,-0.3,-0.3,10,0,9,1/127,1/28,1/106
東名,2026-10-02,,10/2 23:21,パチンコ,2425,PA野生の王国どらむN-K1 YT299,0296,-2.8,-3.3,-3.8,4,3,5,1/461,1/134,1/552
東名,2026-10-02,,10/2 23:21,パチンコ,3666,PAｱｽﾞｰﾙﾚｰﾝ~異次元ﾄﾘｶﾞｰ79Ver.~M2,0311,-1.9,-1.0,0.7,2,11,16,1/209,1/89,1/66
東名,2026-10-02,,10/2 23:21,パチンコ,2395,PAｷﾞﾝﾊﾟﾗ夢幻ｶｰﾆﾊﾞﾙHBA,0092,-0.1,-3.1,-0.1,19,4,0,1/357,1/222,1/10
東名,2026-10-02,,10/2 23:21,パチンコ,3372,PAｺﾏｺﾏ倶楽部with坂本冬美LOOP1,0291,-0.6,0.8,0.0,7,10,4,1/118,1/57,1/48
東名,2026-10-02,,10/2 23:21,パチンコ,3668,PAｼﾝ･ｴｳﾞｧﾝｹﾞﾘｵﾝY,0318,1.0,-0.5,-1.0,12,12,2,1/92,1/98,1/147
東名,2026-10-02,,10/2 23:21,パチンコ,3668,PAｼﾝ･ｴｳﾞｧﾝｹﾞﾘｵﾝY,0319,-0.7,0.7,1.8,6,12,8,1/115,1/119,1/81
東名,2026-10-02,,10/2 23:21,パチンコ,3338,PAｽｰﾊﾟｰ海物語IN地中海2HLA,0213,-0.9,-0.6,-0.2,0,2,1,1/127,1/123,1/46
東名,2026-10-02,,10/2 23:21,パチンコ,3338,PAｽｰﾊﾟｰ海物語IN地中海2HLA,0214,-0.6,-0.8,-0.6,0,0,1,1/46,1/76,1/83
東名,2026-10-02,,10/2 23:21,パチンコ,2716,PAｽｰﾊﾟｰ海物語IN沖縄5YBA,0197,1.1,0.8,-1.5,13,8,11,1/90,1/33,1/99
東名,2026-10-02,,10/2 23:21,パチンコ,2716,PAｽｰﾊﾟｰ海物語IN沖縄5YBA,0198,-1.8,-0.6,-0.9,2,9,1,1/110,1/69,1/140
東名,2026-10-02,,10/2 23:21,パチンコ,3783,PAｽｰﾊﾟｰ海物語IN沖縄6RBD,0220,0.0,-0.3,-1.1,0,0,2,,1/36,1/238
東名,2026-10-02,,10/2 23:21,パチンコ,3783,PAｽｰﾊﾟｰ海物語IN沖縄6RBD,0221,0.1,0.3,-0.3,6,3,5,1/92,1/51,1/92
東名,2026-10-02,,10/2 23:21,パチンコ,3723,PAﾌｨｰﾊﾞｰうたわれるものY,0288,-0.4,10.6,-0.3,1,37,0,1/61,1/27,1/25
東名,2026-10-02,,10/2 23:21,パチンコ,3643,PAﾌｨｰﾊﾞｰ機動戦士ｶﾞﾝﾀﾞﾑﾕﾆｺｰﾝ2 AR,0329,-2.5,-0.4,-0.7,3,0,1,1/114,1/45,1/101
東名,2026-10-02,,10/2 23:21,パチンコ,2913,PAﾌｨｰﾊﾞｰ起動戦士ｶﾞﾝﾀﾞﾑﾕﾆｺｰﾝbY,0077,-0.9,-1.4,-2.8,21,25,2,1/68,1/75,1/152
東名,2026-10-02,,10/2 23:21,パチンコ,3776,PAﾌｨｰﾊﾞｰｸｨｰﾝⅡYS,0292,-0.3,-1.3,-2.8,0,0,0,1/31,1/135,1/306
東名,2026-10-02,,10/2 23:21,パチンコ,3202,PAﾌｨｰﾊﾞｰﾊﾟﾜﾌﾙR,0095,-0.2,-4.1,0.2,3,3,2,1/104,1/247,1/26
東名,2026-10-02,,10/2 23:21,パチンコ,3202,PAﾌｨｰﾊﾞｰﾊﾟﾜﾌﾙR,0096,-3.4,-1.6,2.7,10,4,19,1/85,1/143,1/47
東名,2026-10-02,,10/2 23:21,パチンコ,3411,PCYBORG009VS3-K,0337,0.0,-3.1,0.0,0,1,0,,1/352,
東名,2026-10-02,,10/2 23:21,パチンコ,2976,PGO!GO!ﾏﾘﾝ3000HCD,0350,-1.9,-7.6,3.2,0,2,7,1/205,1/396,1/258
東名,2026-10-02,,10/2 23:21,パチンコ,3534,PLT OVERLORD魔導王光臨ARC,0343,-0.4,-1.1,-0.1,0,1,0,1/48,1/138,1/6
東名,2026-10-02,,10/2 23:21,パチンコ,3599,PLT世界でいちばん強くなりたいMQ,0330,5.2,-0.6,0.0,56,0,0,1/5,1/74,
東名,2026-10-02,,10/2 23:21,パチンコ,3592,PToLOVEるﾀﾞｰｸﾈｽL0YU1,0255,-1.6,-1.1,0.1,1,0,4,1/173,1/117,1/36
東名,2026-10-02,,10/2 23:21,パチンコ,3457,PToLOVEるﾀﾞｰｸﾈｽL9YZ4,0151,1.6,1.2,-2.8,10,10,0,1/102,1/172,1/282
東名,2026-10-02,,10/2 23:21,パチンコ,3546,Pうまい棒2おかわりちょちょちょ,0308,-2.5,-1.3,-0.5,5,0,0,1/51,1/5,1/1
東名,2026-10-02,,10/2 23:21,パチンコ,3546,Pうまい棒2おかわりちょちょちょ,0309,-1.6,-0.2,0.1,0,4,4,1/10,1/24,1/26
東名,2026-10-02,,10/2 23:21,パチンコ,3762,Pえとたま2SE,0320,-2.4,3.3,-1.0,2,18,2,1/138,1/43,1/66
東名,2026-10-02,,10/2 23:21,パチンコ,2833,Pとある科学 最強御坂VerRXZ,0347,-2.8,-1.2,4.7,2,23,61,1/150,1/70,1/84
東名,2026-10-02,,10/2 23:21,パチンコ,3374,Pとある科学の超電磁砲2JMB,0263,-0.9,-0.9,-1.5,0,0,0,1/101,1/75,1/147
東名,2026-10-02,,10/2 23:21,パチンコ,3374,Pとある科学の超電磁砲2JMB,0264,-0.1,0.0,-1.0,0,0,0,1/14,,1/108
東名,2026-10-02,,10/2 23:21,パチンコ,3150,Pとある魔術の禁書目録2JMZ,0304,-2.6,0.0,-0.1,0,4,0,1/266,1/322,1/2
東名,2026-10-02,,10/2 23:21,パチンコ,3150,Pとある魔術の禁書目録2JMZ,0305,0.3,-0.6,1.4,6,0,2,1/442,1/68,1/16
東名,2026-10-02,,10/2 23:21,パチンコ,3447,Pにゃんこ大戦争~多様性のﾈｺ~M4,0137,1.5,-0.3,-0.2,2,0,5,1/12,1/22,1/69
東名,2026-10-02,,10/2 23:21,パチンコ,3447,Pにゃんこ大戦争~多様性のﾈｺ~M4,0138,7.5,0.9,-0.4,12,2,0,1/119,1/78,1/40
東名,2026-10-02,,10/2 23:21,パチンコ,3500,P世界最高の暗殺者JMB,0307,-0.4,-0.6,0.0,0,0,0,1/38,1/55,
東名,2026-10-02,,10/2 23:21,パチンコ,3413,P中森明菜･歌姫伝説愛KD-NS,0079,-0.2,0.4,2.6,6,2,13,1/148,1/35,1/70
東名,2026-10-02,,10/2 23:21,パチンコ,3148,P中森明菜･歌姫伝説極KM-TF,0331,-0.1,0.9,0.0,0,2,0,1/4,1/44,
東名,2026-10-02,,10/2 23:21,パチンコ,3539,P俺の妹がこんなに可愛いわけが,0333,-0.3,0.0,0.0,3,0,0,1/113,,
東名,2026-10-02,,10/2 23:21,パチンコ,2443,P元祖ｷﾞﾝｷﾞﾗﾊﾟﾗﾀﾞｲｽHCB,0091,0.0,-0.3,0.0,0,1,0,,1/54,
東名,2026-10-02,,10/2 23:21,パチンコ,2167,P冬のｿﾅﾀForeverM2,0141,-0.3,-0.8,1.1,3,4,5,1/218,1/290,1/152
東名,2026-10-02,,10/2 23:21,パチンコ,3234,P化物語2GRPA,0300,-0.2,-0.2,-1.3,9,0,0,1/104,1/14,1/116
東名,2026-10-02,,10/2 23:21,パチンコ,2408,P北斗の拳8究極乱世SSF,0293,2.9,-0.3,0.3,14,1,29,1/16,1/55,1/141
東名,2026-10-02,,10/2 23:21,パチンコ,3200,P北斗の拳強敵SSPA,0128,-0.4,-0.1,-1.8,0,0,9,1/34,1/16,1/99
東名,2026-10-02,,10/2 23:21,パチンコ,3200,P北斗の拳強敵SSPA,0129,-0.8,-0.1,-0.1,1,0,1,1/88,1/13,1/28
東名,2026-10-02,,10/2 23:21,パチンコ,3200,P北斗の拳強敵SSPA,0130,0.0,0.4,8.0,0,3,33,,1/34,1/47
東名,2026-10-02,,10/2 23:21,パチンコ,3200,P北斗の拳強敵SSPA,0131,-2.4,-0.4,-1.0,0,0,0,1/230,1/44,1/82
東名,2026-10-02,,10/2 23:21,パチンコ,2896,P北斗の拳暴凶星SFPA,0125,-0.1,-0.6,-0.2,0,0,0,1/14,1/59,1/17
東名,2026-10-02,,10/2 23:21,パチンコ,2896,P北斗の拳暴凶星SFPA,0126,-1.2,-1.8,-8.4,0,0,1,1/122,1/177,1/947
東名,2026-10-02,,10/2 23:21,パチンコ,2896,P北斗の拳暴凶星SFPA,0127,-0.8,-0.5,0.0,0,0,0,1/75,1/53,
東名,2026-10-02,,10/2 23:21,パチンコ,2803,P地獄少女覚醒3000Ver FHZ,0289,0.0,0.0,0.0,0,0,0,,,
東名,2026-10-02,,10/2 23:21,パチンコ,3424,P大海物語5ｽﾍﾟｼｬﾙALTA,0203,-3.1,1.1,4.9,7,7,14,1/233,1/159,1/154
東名,2026-10-02,,10/2 23:21,パチンコ,3424,P大海物語5ｽﾍﾟｼｬﾙALTA,0204,-1.1,-0.4,0.9,0,0,4,1/100,1/47,1/267
東名,2026-10-02,,10/2 23:21,パチンコ,3424,P大海物語5ｽﾍﾟｼｬﾙALTA,0205,-2.9,0.0,-4.5,1,0,1,1/428,,1/625
東名,2026-10-02,,10/2 23:21,パチンコ,3424,P大海物語5ｽﾍﾟｼｬﾙALTA,0206,2.0,-3.8,-5.7,14,8,9,1/238,1/386,1/467
東名,2026-10-02,,10/2 23:21,パチンコ,2770,P天才ﾊﾞｶﾎﾞﾝ6FD-RS,0351,-0.3,-1.0,-2.3,0,1,1,1/33,1/119,1/224
東名,2026-10-02,,10/2 23:21,パチンコ,3203,P天才ﾊﾞｶﾎﾞﾝ7~福神ｽﾍﾟｯｸ~LTH-JH,0302,2.8,-2.9,-4.4,10,3,8,1/56,1/97,1/79
東名,2026-10-02,,10/2 23:21,パチンコ,2494,P宇宙戦艦ﾔﾏﾄ2022 ONLYONE R,0317,-3.7,2.2,-6.3,0,17,1,1/357,1/131,1/646
東名,2026-10-02,,10/2 23:21,パチンコ,3410,P宇宙戦艦ﾔﾏﾄ2202-3G,0265,1.4,-1.3,-0.3,7,0,0,1/317,1/152,1/38
東名,2026-10-02,,10/2 23:21,パチンコ,3410,P宇宙戦艦ﾔﾏﾄ2202-3G,0266,-1.6,-0.1,-0.4,0,0,0,1/209,1/4,1/38
東名,2026-10-02,,10/2 23:21,パチンコ,3591,P宇宙戦艦ﾔﾏﾄ2202-3MF,0140,-2.0,-0.6,0.0,1,1,0,1/322,1/179,
東名,2026-10-02,,10/2 23:21,パチンコ,2266,P宇宙戦艦ﾔﾏﾄ2202bS,0299,-4.1,-0.7,-0.6,2,1,0,1/455,1/89,1/50
東名,2026-10-02,,10/2 23:21,パチンコ,3161,P弾球黙示録ｶｲｼﾞ沼5V1U,0261,-0.7,0.0,-0.1,0,0,0,1/67,,1/16
東名,2026-10-02,,10/2 23:21,パチンコ,3161,P弾球黙示録ｶｲｼﾞ沼5V1U,0262,0.0,8.9,-0.7,0,13,1,,1/51,1/93
東名,2026-10-02,,10/2 23:21,パチンコ,3669,P戦国乙女7H0YZ3,0252,10.2,-0.9,-2.3,30,1,0,1/123,1/185,1/381
東名,2026-10-02,,10/2 23:21,パチンコ,3748,P戦国乙女7L0YU1,0268,-0.5,-0.7,-0.8,0,0,1,1/58,1/77,1/96
東名,2026-10-02,,10/2 23:21,パチンコ,3748,P戦国乙女7L0YU1,0269,-0.6,-2.6,-0.4,0,2,0,1/59,1/151,1/47
東名,2026-10-02,,10/2 23:21,パチンコ,3748,P戦国乙女7L0YU1,0270,-0.6,-0.4,-0.3,0,1,0,1/58,1/61,1/37
東名,2026-10-02,,10/2 23:21,パチンコ,2767,P戦国乙女ﾚｼﾞｪﾝﾄﾞﾊﾞﾄﾙ9YU1Y,0294,-1.2,-0.2,-1.0,9,0,5,1/145,1/22,1/77
東名,2026-10-02,,10/2 23:21,パチンコ,3617,P戦国無双HM3,0278,-0.5,5.2,0.0,0,12,0,1/83,1/43,
東名,2026-10-02,,10/2 23:21,パチンコ,3617,P戦国無双HM3,0279,-2.9,-0.3,0.1,0,0,2,1/556,1/71,1/84
東名,2026-10-02,,10/2 23:21,パチンコ,2361,P新世紀ｴｳﾞｧﾝｹﾞﾘｵﾝ15 未来への咆哮,0169,-0.8,-0.6,-4.9,0,3,2,1/87,1/253,1/309
東名,2026-10-02,,10/2 23:21,パチンコ,2361,P新世紀ｴｳﾞｧﾝｹﾞﾘｵﾝ15 未来への咆哮,0170,-5.0,-0.6,-0.9,8,0,0,1/342,1/60,1/88
東名,2026-10-02,,10/2 23:21,パチンコ,2361,P新世紀ｴｳﾞｧﾝｹﾞﾘｵﾝ15 未来への咆哮,0171,7.1,0.0,-1.1,14,0,0,1/143,1/1,1/130
東名,2026-10-02,,10/2 23:21,パチンコ,2361,P新世紀ｴｳﾞｧﾝｹﾞﾘｵﾝ15 未来への咆哮,0172,-3.1,-2.5,8.4,0,1,14,1/366,1/314,1/196
東名,2026-10-02,,10/2 23:21,パチンコ,2361,P新世紀ｴｳﾞｧﾝｹﾞﾘｵﾝ15 未来への咆哮,0173,-1.5,-4.5,0.8,0,3,2,1/161,1/264,1/22
東名,2026-10-02,,10/2 23:21,パチンコ,2361,P新世紀ｴｳﾞｧﾝｹﾞﾘｵﾝ15 未来への咆哮,0174,-0.2,-0.5,-2.1,4,0,0,1/309,1/54,1/230
東名,2026-10-02,,10/2 23:21,パチンコ,2361,P新世紀ｴｳﾞｧﾝｹﾞﾘｵﾝ15 未来への咆哮,0175,-1.8,-1.3,4.7,4,9,8,1/492,1/433,1/129
東名,2026-10-02,,10/2 23:21,パチンコ,2361,P新世紀ｴｳﾞｧﾝｹﾞﾘｵﾝ15 未来への咆哮,0176,-2.0,-6.2,4.9,2,2,14,1/123,1/694,1/152
東名,2026-10-02,,10/2 23:21,パチンコ,3022,P新世紀ｴｳﾞｧﾝｹﾞﾘｵﾝ15未来への咆哮F,0257,-0.9,-0.1,-1.0,6,0,0,1/113,1/4,1/93
東名,2026-10-02,,10/2 23:21,パチンコ,3181,P新世紀ｴｳﾞｧﾝｹﾞﾘｵﾝ15未来への咆哮Y,0123,-2.7,-1.7,-0.4,1,0,0,1/293,1/166,1/43
東名,2026-10-02,,10/2 23:21,パチンコ,3181,P新世紀ｴｳﾞｧﾝｹﾞﾘｵﾝ15未来への咆哮Y,0124,-1.1,1.7,-0.2,2,7,7,1/98,1/109,1/259
東名,2026-10-02,,10/2 23:21,パチンコ,3420,P江頭2:50 inﾅﾅｼｰV3,0303,-0.8,-1.2,-0.2,0,1,0,1/80,1/155,1/10
東名,2026-10-02,,10/2 23:21,パチンコ,3714,P沖ﾄﾞｷ!LG,0286,-1.2,-5.6,-0.6,0,2,0,1/11,1/38,1/5
東名,2026-10-02,,10/2 23:21,パチンコ,2157,P海物語E,0089,0.0,0.0,0.0,0,0,0,,,
東名,2026-10-02,,10/2 23:21,パチンコ,2157,P海物語E,0090,0.0,0.0,0.0,0,0,0,,,
東名,2026-10-02,,10/2 23:21,パチンコ,2157,P海物語E,0146,0.0,-0.1,0.0,0,0,0,,1/12,
東名,2026-10-02,,10/2 23:21,パチンコ,2157,P海物語E,0211,-0.2,2.0,-0.5,0,4,0,1/27,1/121,1/65
東名,2026-10-02,,10/2 23:21,パチンコ,2157,P海物語E,0212,-0.4,-0.1,-0.1,0,6,0,1/31,1/495,1/4
東名,2026-10-02,,10/2 23:21,パチンコ,3024,P消されたﾙﾊﾟﾝ9YU1Y,0287,-3.6,-0.5,1.9,6,0,24,1/99,1/43,1/53
東名,2026-10-02,,10/2 23:21,パチンコ,3252,P牙狼11~冴島大河~XX-MU,0159,-2.5,1.3,3.6,2,3,7,1/382,1/37,1/34
東名,2026-10-02,,10/2 23:21,パチンコ,3252,P牙狼11~冴島大河~XX-MU,0160,-0.2,16.3,-0.1,0,23,0,1/17,1/8,1/14
東名,2026-10-02,,10/2 23:21,パチンコ,3252,P牙狼11~冴島大河~XX-MU,0161,-1.7,-0.8,-0.3,4,0,0,1/179,1/93,1/21
東名,2026-10-02,,10/2 23:21,パチンコ,2412,P真北斗無双3ｼﾞｬｷﾞの逆襲GEE,0325,-1.4,-2.7,-1.0,0,0,3,1/117,1/306,1/106
東名,2026-10-02,,10/2 23:21,パチンコ,2391,P真北斗無双FWQG,0162,3.0,-3.4,0.6,8,0,2,1/163,1/314,1/55
東名,2026-10-02,,10/2 23:21,パチンコ,2391,P真北斗無双FWQG,0163,-4.6,4.4,0.0,2,11,0,1/513,1/122,
東名,2026-10-02,,10/2 23:21,パチンコ,2391,P真北斗無双FWQG,0164,-0.1,-2.3,-0.8,1,0,0,1/62,1/229,1/85
東名,2026-10-02,,10/2 23:21,パチンコ,2391,P真北斗無双FWQG,0165,-2.0,0.0,-0.3,0,0,0,1/207,,1/42
東名,2026-10-02,,10/2 23:21,パチンコ,2391,P真北斗無双FWQG,0166,-0.7,0.0,-1.2,3,0,0,1/135,,1/125
東名,2026-10-02,,10/2 23:21,パチンコ,2391,P真北斗無双FWQG,0167,-1.5,0.0,-0.3,0,0,0,1/150,,1/26
東名,2026-10-02,,10/2 23:21,パチンコ,2391,P真北斗無双FWQG,0168,-0.9,-0.3,-0.1,0,0,0,1/106,1/31,1/16
東名,2026-10-02,,10/2 23:21,パチンコ,2978,P真･一騎当千~桃園の誓い~FM-JT,0139,-0.4,0.0,0.0,0,0,0,1/47,,
東名,2026-10-02,,10/2 23:21,パチンコ,2978,P真･一騎当千~桃園の誓い~FM-JT,0154,-1.5,0.0,-0.2,0,0,0,1/136,,1/29
東名,2026-10-02,,10/2 23:21,パチンコ,3453,P真･一騎当千~桃園の誓い~LTH-FH,0332,-1.5,-0.5,-0.3,3,1,0,1/94,1/89,1/28
東名,2026-10-02,,10/2 23:21,パチンコ,3162,P真･花の慶次3N-K,0097,-1.8,-0.3,-0.6,1,6,0,1/197,1/153,1/69
東名,2026-10-02,,10/2 23:21,パチンコ,3162,P真･花の慶次3N-K,0098,0.0,-0.5,0.0,0,0,0,,1/52,
東名,2026-10-02,,10/2 23:21,パチンコ,3162,P真･花の慶次3N-K,0099,0.0,-0.4,0.0,0,0,0,,1/44,
東名,2026-10-02,,10/2 23:21,パチンコ,3205,P緋弾のｱﾘｱ ~緋緋神降臨~LT搭載FSZ,0088,-0.3,7.6,0.0,0,10,0,1/31,1/12,
東名,2026-10-02,,10/2 23:21,パチンコ,3535,P緋弾のｱﾘｱ~緋緋神降臨~199Ver.FQU,0328,-0.9,-4.7,2.4,5,1,10,1/374,1/525,1/285
東名,2026-10-02,,10/2 23:21,パチンコ,3596,P織田信奈の野望全国版V1D,0271,-1.2,-1.9,-0.1,0,0,0,1/122,1/233,1/18
東名,2026-10-02,,10/2 23:21,パチンコ,3596,P織田信奈の野望全国版V1D,0348,-0.1,-1.2,-0.1,1,4,0,1/27,1/125,1/4
東名,2026-10-02,,10/2 23:21,パチンコ,3790,P織田信奈の野望全国版V4A,0297,-0.6,-2.3,-3.7,0,3,2,1/138,1/257,1/470
東名,2026-10-02,,10/2 23:21,パチンコ,3513,P花の慶次~裂N2-VC,0259,-0.6,2.7,-0.1,0,10,0,1/53,1/121,1/4
東名,2026-10-02,,10/2 23:21,パチンコ,3513,P花の慶次~裂N2-VC,0260,-2.6,-0.1,-0.4,5,1,5,1/69,1/28,1/48
東名,2026-10-02,,10/2 23:21,パチンコ,3314,P貞子FMD,0253,0.0,-0.3,-3.8,0,0,3,,1/37,1/262
東名,2026-10-02,,10/2 23:21,パチンコ,3667,P頭文字D2GCPC,0313,6.1,-1.9,3.9,54,2,46,1/46,1/106,1/95
東名,2026-10-02,,10/2 23:21,パチンコ,3278,P魔法少女まどか☆ﾏｷﾞｶ3LM3,0155,-0.6,-0.1,6.2,0,0,9,1/58,1/6,1/25
東名,2026-10-02,,10/2 23:21,パチンコ,3278,P魔法少女まどか☆ﾏｷﾞｶ3LM3,0156,0.0,0.0,-0.5,0,0,0,,,1/51
東名,2026-10-02,,10/2 23:21,パチンコ,3278,P魔法少女まどか☆ﾏｷﾞｶ3LM3,0157,1.4,-1.4,0.0,3,1,0,1/58,1/144,
東名,2026-10-02,,10/2 23:21,パチンコ,3278,P魔法少女まどか☆ﾏｷﾞｶ3LM3,0158,0.0,-0.9,-0.6,0,1,1,,1/120,1/88
東名,2026-10-02,,10/2 23:21,パチンコ,3732,P黄門ちゃま9AD2,0267,-0.2,-0.8,0.0,0,0,1,1/25,1/96,1/9
東名,2026-10-02,,10/2 23:21,パチンコ,3316,PｱｽﾞｰﾙﾚｰﾝTHE ANIMATION~ﾄﾘｶﾞｰ199~,0149,-0.1,0.0,-1.0,0,0,0,1/5,,1/103
東名,2026-10-02,,10/2 23:21,パチンコ,3316,PｱｽﾞｰﾙﾚｰﾝTHE ANIMATION~ﾄﾘｶﾞｰ199~,0150,3.9,-1.1,-1.0,10,0,0,1/45,1/101,1/100
東名,2026-10-02,,10/2 23:21,パチンコ,3552,Pｱﾅｻﾞｰｺﾞｯﾄﾞﾊｰﾃﾞｽ3SB,0342,0.0,-0.6,-2.1,0,2,4,,1/85,1/146
東名,2026-10-02,,10/2 23:21,パチンコ,3276,Pｸｲｰﾝｽﾞﾌﾞﾚｲﾄﾞ4V1D,0145,1.8,-3.1,0.0,5,0,0,1/143,1/290,
東名,2026-10-02,,10/2 23:21,パチンコ,3655,Pｸｲｰﾝｽﾞﾌﾞﾚｲﾄﾞ奈落V1C,0326,0.0,0.1,0.0,0,1,0,,1/68,
東名,2026-10-02,,10/2 23:21,パチンコ,3201,Pｺｰﾄﾞｷﾞｱｽ 反逆のﾙﾙｰｼｭ3Y,0086,3.1,4.4,2.6,31,41,25,1/73,1/61,1/88
東名,2026-10-02,,10/2 23:21,パチンコ,2695,Pｺﾞｼﾞﾗ対ｴｳﾞｧﾝｹﾞﾘｵﾝ G細胞覚醒L,0298,-1.9,-0.3,5.2,1,1,8,1/276,1/94,1/96
東名,2026-10-02,,10/2 23:21,パチンコ,3721,Pｺﾞｼﾞﾗ対ｴｳﾞｧﾝｹﾞﾘｵﾝ2LV,0280,-1.1,1.7,-5.8,1,22,4,1/256,1/186,1/455
東名,2026-10-02,,10/2 23:21,パチンコ,3259,Pｺﾞﾌﾞﾘﾝｽﾚｲﾔｰ ﾗｯｷｰﾄﾘｶﾞｰVerJVR,0256,0.0,0.3,0.0,0,6,0,,1/247,
東名,2026-10-02,,10/2 23:21,パチンコ,3141,Pｼﾝ･ｴｳﾞｧﾝｹﾞﾘｵﾝX,0117,0.0,8.9,-1.4,0,13,0,,1/52,1/164
東名,2026-10-02,,10/2 23:21,パチンコ,3141,Pｼﾝ･ｴｳﾞｧﾝｹﾞﾘｵﾝX,0118,7.9,0.0,0.0,20,0,0,1/146,,
東名,2026-10-02,,10/2 23:21,パチンコ,3141,Pｼﾝ･ｴｳﾞｧﾝｹﾞﾘｵﾝX,0119,-0.8,0.0,0.0,0,0,0,1/86,,
東名,2026-10-02,,10/2 23:21,パチンコ,3141,Pｼﾝ･ｴｳﾞｧﾝｹﾞﾘｵﾝX,0120,-0.9,-0.3,10.0,0,0,16,1/96,1/36,1/64
東名,2026-10-02,,10/2 23:21,パチンコ,3141,Pｼﾝ･ｴｳﾞｧﾝｹﾞﾘｵﾝX,0121,-1.2,0.0,0.0,0,0,0,1/128,,
東名,2026-10-02,,10/2 23:21,パチンコ,3141,Pｼﾝ･ｴｳﾞｧﾝｹﾞﾘｵﾝX,0122,0.0,-1.3,-1.4,0,0,0,,1/141,1/142
東名,2026-10-02,,10/2 23:21,パチンコ,3603,Pｼﾞｭｰｼｰﾊﾆｰ極嬢77LT-ARB,0078,0.0,-1.1,-0.1,0,0,1,,1/102,1/14
東名,2026-10-02,,10/2 23:21,パチンコ,3501,Pｼﾞｭｰｼｰﾊﾆｰ極嬢MA,0344,-0.1,-0.8,-0.1,0,0,0,1/12,1/92,1/22
東名,2026-10-02,,10/2 23:21,パチンコ,3681,Pｽｰﾊﾟｰ海物語IN沖縄6LTP,0199,1.7,7.8,-2.2,6,16,0,1/349,1/59,1/257
東名,2026-10-02,,10/2 23:21,パチンコ,3681,Pｽｰﾊﾟｰ海物語IN沖縄6LTP,0200,-0.2,3.0,-0.8,1,10,0,1/117,1/280,1/79
東名,2026-10-02,,10/2 23:21,パチンコ,3681,Pｽｰﾊﾟｰ海物語IN沖縄6LTP,0201,-0.5,-1.2,-1.9,0,0,0,1/66,1/135,1/236
東名,2026-10-02,,10/2 23:21,パチンコ,3681,Pｽｰﾊﾟｰ海物語IN沖縄6LTP,0202,7.9,1.5,4.3,13,4,9,1/183,1/222,1/127
東名,2026-10-02,,10/2 23:21,パチンコ,3564,PｿﾞﾝﾋﾞﾗﾝﾄﾞｻｶﾞSCPC,0093,0.0,0.0,0.0,0,0,0,,,
東名,2026-10-02,,10/2 23:21,パチンコ,3564,PｿﾞﾝﾋﾞﾗﾝﾄﾞｻｶﾞSCPC,0094,0.0,0.0,0.0,0,0,0,,,
東名,2026-10-02,,10/2 23:21,パチンコ,3593,Pﾃﾞｼﾞﾊﾈ北斗の拳慈母SSPC,0100,2.2,0.0,0.0,13,0,0,1/33,,
東名,2026-10-02,,10/2 23:21,パチンコ,3593,Pﾃﾞｼﾞﾊﾈ北斗の拳慈母SSPC,0101,-0.1,-0.1,0.0,0,1,0,1/9,1/50,
東名,2026-10-02,,10/2 23:21,パチンコ,3593,Pﾃﾞｼﾞﾊﾈ北斗の拳慈母SSPC,0102,-0.7,-0.2,0.0,2,5,2,1/47,1/83,1/32
東名,2026-10-02,,10/2 23:21,パチンコ,3593,Pﾃﾞｼﾞﾊﾈ北斗の拳慈母SSPC,0103,-2.8,1.3,0.0,8,12,0,1/102,1/68,
東名,2026-10-02,,10/2 23:21,パチンコ,3176,Pﾃﾞｼﾞﾊﾈ聖戦士ﾀﾞﾝﾊﾞｲﾝ2SSPB,0321,-0.4,0.1,0.0,0,6,0,1/43,1/27,
東名,2026-10-02,,10/2 23:21,パチンコ,3176,Pﾃﾞｼﾞﾊﾈ聖戦士ﾀﾞﾝﾊﾞｲﾝ2SSPB,0322,-0.4,-0.5,0.0,7,6,0,1/114,1/112,
東名,2026-10-02,,10/2 23:21,パチンコ,3602,PﾃﾞｼﾞﾊﾈﾓﾝｽﾀｰﾊﾝﾀｰﾗｲｽﾞGSPB,0152,-1.8,-3.4,-0.1,0,4,0,1/189,1/148,1/12
東名,2026-10-02,,10/2 23:21,パチンコ,3602,PﾃﾞｼﾞﾊﾈﾓﾝｽﾀｰﾊﾝﾀｰﾗｲｽﾞGSPB,0153,-0.2,-0.3,0.0,1,0,0,1/27,1/35,
東名,2026-10-02,,10/2 23:21,パチンコ,2996,Pﾃﾞﾋﾞﾙﾏﾝ黄金黙示録N-K1 YT250,0312,1.4,-0.6,-1.3,18,8,10,1/58,1/41,1/67
東名,2026-10-02,,10/2 23:21,パチンコ,3642,Pﾄﾞﾗﾑだ!金ﾄﾞﾝSB,0301,0.0,0.0,-0.2,0,0,0,,,1/11
東名,2026-10-02,,10/2 23:21,パチンコ,3179,PﾆｭｰﾄｷｵGREENV1,0341,0.4,-1.4,0.7,8,14,14,1/27,1/26,1/27
東名,2026-10-02,,10/2 23:21,パチンコ,3515,PﾊﾈﾓﾉﾌｧﾐﾘｰｽﾀｼﾞｱﾑMD,0338,0.4,1.3,-0.4,6,12,0,1/24,1/24,1/45
東名,2026-10-02,,10/2 23:21,パチンコ,3515,PﾊﾈﾓﾉﾌｧﾐﾘｰｽﾀｼﾞｱﾑMD,0339,-0.3,-0.1,0.7,2,1,7,1/34,1/59,1/15
東名,2026-10-02,,10/2 23:21,パチンコ,3235,PﾊﾞｲｵﾊｻﾞｰﾄﾞRE2L9YZ4,0346,-0.3,-1.3,-1.4,8,1,6,1/267,1/145,1/250
東名,2026-10-02,,10/2 23:21,パチンコ,3361,PﾊﾞﾝﾄﾞﾘH1YZ4,0327,-0.1,1.8,-2.7,0,8,7,1/9,1/109,1/304
東名,2026-10-02,,10/2 23:21,パチンコ,3537,PﾊﾞﾝﾄﾞﾘL1AU1,0306,-2.6,-1.8,-4.2,4,0,2,1/120,1/194,1/494
東名,2026-10-02,,10/2 23:21,パチンコ,3090,PﾌｨｰﾊﾞｰからくりｻｰｶｽY,0323,-1.0,-0.1,0.7,0,0,6,1/120,1/7,1/28
東名,2026-10-02,,10/2 23:21,パチンコ,3722,Pﾌｨｰﾊﾞｰ彼女、お借りしますLR,0281,-1.1,-1.3,-1.6,1,2,1,1/218,1/277,1/312
東名,2026-10-02,,10/2 23:21,パチンコ,3526,Pﾌｨｰﾊﾞｰ戦姫絶唱ｼﾝﾌｫｷﾞｱ4Z,0133,-0.5,-0.1,-4.2,0,0,2,1/54,1/6,1/270
東名,2026-10-02,,10/2 23:21,パチンコ,3526,Pﾌｨｰﾊﾞｰ戦姫絶唱ｼﾝﾌｫｷﾞｱ4Z,0134,-0.5,0.0,0.0,0,0,0,1/50,,
東名,2026-10-02,,10/2 23:21,パチンコ,3526,Pﾌｨｰﾊﾞｰ戦姫絶唱ｼﾝﾌｫｷﾞｱ4Z,0135,-0.3,0.0,-1.0,0,0,0,1/31,,1/83
東名,2026-10-02,,10/2 23:21,パチンコ,3526,Pﾌｨｰﾊﾞｰ戦姫絶唱ｼﾝﾌｫｷﾞｱ4Z,0136,-0.6,-0.2,-0.1,0,1,0,1/60,1/69,1/10
東名,2026-10-02,,10/2 23:21,パチンコ,3597,Pﾌｨｰﾊﾞｰ機動戦士ｶﾞﾝﾀﾞﾑﾕﾆｺｰﾝ2 Y,0254,-2.2,-1.4,4.8,1,0,18,1/218,1/162,1/111
東名,2026-10-02,,10/2 23:21,パチンコ,2872,Pﾌｨｰﾊﾞｰ炎炎ﾉ消防隊G,0275,-1.7,-1.3,6.1,3,1,11,1/235,1/227,1/88
東名,2026-10-02,,10/2 23:21,パチンコ,2872,Pﾌｨｰﾊﾞｰ炎炎ﾉ消防隊G,0276,-2.6,-0.8,-2.2,0,0,1,1/292,1/90,1/271
東名,2026-10-02,,10/2 23:21,パチンコ,2872,Pﾌｨｰﾊﾞｰ炎炎ﾉ消防隊G,0277,-0.7,-0.8,-1.0,0,0,0,1/64,1/86,1/98
東名,2026-10-02,,10/2 23:21,パチンコ,3261,Pﾌｨｰﾊﾞｰ炎炎ﾉ消防隊YR,0076,0.0,-0.1,-1.6,0,0,1,,1/16,1/189
東名,2026-10-02,,10/2 23:21,パチンコ,2967,PﾌｨｰﾊﾞｰｸｨｰﾝⅡV,0295,-1.2,-0.1,-0.7,3,6,0,1/175,1/61,1/62
東名,2026-10-02,,10/2 23:21,パチンコ,3514,Pﾌﾞﾗｯｸﾗｸﾞｰﾝ4GCPA,0334,-0.2,-1.7,2.9,0,0,10,1/25,1/154,1/49
東名,2026-10-02,,10/2 23:21,パチンコ,2949,Pﾌﾞﾗｯｸﾗｸﾞｰﾝ4GFPJ,0349,0.0,-0.1,-0.2,0,0,0,,1/9,1/22
東名,2026-10-02,,10/2 23:21,パチンコ,3152,Pﾎﾟﾁｯと一発おだてﾌﾞﾀ2V1,0340,1.4,-0.7,-0.7,73,13,17,1/21,1/27,1/24
東名,2026-10-02,,10/2 23:21,パチンコ,3703,PﾒｲﾄﾞｲﾝｱﾋﾞｽSL,0335,-1.1,1.1,-0.4,1,7,0,1/158,1/92,1/47
東名,2026-10-02,,10/2 23:21,パチンコ,3427,Pﾘﾝｸﾞ 呪いの7日間3 Light JVZ,0085,-0.8,-4.6,-0.3,0,4,6,1/74,1/188,1/251
東名,2026-10-02,,10/2 23:21,パチンコ,3360,Pﾘﾝｸﾞ 呪いの7日間3 LT搭載 JSG,0142,-1.4,-2.2,1.4,3,0,3,1/118,1/244,1/4
東名,2026-10-02,,10/2 23:21,パチンコ,3360,Pﾘﾝｸﾞ 呪いの7日間3 LT搭載 JSG,0143,-2.3,-1.7,-0.6,1,3,0,1/234,1/132,1/58
東名,2026-10-02,,10/2 23:21,パチンコ,3360,Pﾘﾝｸﾞ 呪いの7日間3 LT搭載 JSG,0144,4.2,-0.5,-0.5,15,0,0,1/69,1/52,1/52
東名,2026-10-02,,10/2 23:21,パチンコ,3375,Pﾙﾊﾟﾝ三世137YR2,0080,3.6,-0.7,-0.3,16,1,0,1/37,1/108,1/38
東名,2026-10-02,,10/2 23:21,パチンコ,3679,Pﾙﾊﾟﾝ三世14L0YU1,0314,-0.1,-0.9,-0.2,0,5,1,1/16,1/58,1/43
東名,2026-10-02,,10/2 23:21,パチンコ,3816,①e/吉宗極乗3000ver/L06,0055,6.7,-0.4,1.9,7,1,7,1/169,1/73,1/190
東名,2026-10-02,,10/2 23:21,パチンコ,3816,①e/吉宗極乗3000ver/L06,0056,1.8,-5.8,0.6,4,0,14,1/35,1/563,1/316
東名,2026-10-02,,10/2 23:21,パチンコ,3800,①e/押忍番長漢の頂/L09,0054,4.6,-1.3,-1.6,14,16,3,1/121,1/190,1/73
東名,2026-10-02,,10/2 23:21,パチンコ,3739,①e牙狼神速神撃3000LT-RB,0059,-4.5,-10.3,3.0,2,12,10,1/246,1/152,1/163
東名,2026-10-02,,10/2 23:21,パチンコ,3739,①e牙狼神速神撃3000LT-RB,0060,-2.5,-2.2,-3.7,2,0,5,1/146,1/204,1/157
東名,2026-10-02,,10/2 23:21,パチンコ,3818,①e甲鉄城のｶﾊﾞﾈﾘ2GFEA,0058,-0.9,4.0,-5.8,0,8,1,1/97,1/122,1/643
東名,2026-10-02,,10/2 23:21,パチンコ,3817,①e花の慶次~黄金の一撃H4,0053,2.0,-4.2,-9.2,9,0,4,1/520,1/413,1/389
東名,2026-10-02,,10/2 23:21,パチンコ,3754,①eｺﾞｼﾞﾗ対ｴｳﾞｧﾝｹﾞﾘｵﾝ2bA,0057,-4.7,7.7,-3.8,3,16,1,1/190,1/207,1/425
東名,2026-10-02,,10/2 23:21,パチンコ,2641,①PAぱちんこ仮面ﾗｲﾀﾞｰ轟音MA1,0001,-3.1,-2.3,-2.7,38,7,31,1/103,1/78,1/76
東名,2026-10-02,,10/2 23:21,パチンコ,3139,①PAぱちんこ冬のｿﾅﾀForeverMA1,0034,4.0,-0.5,1.1,46,0,39,1/77,1/43,1/79
東名,2026-10-02,,10/2 23:21,パチンコ,2554,①PA大海物語4ｽﾍﾟｼｬﾙRBA,0009,0.2,-0.2,-1.1,7,7,4,1/34,1/77,1/110
東名,2026-10-02,,10/2 23:21,パチンコ,3137,①PA大海物語4ｽﾍﾟｼｬﾙRBA,0023,-5.3,-1.2,-4.8,24,20,17,1/105,1/100,1/128
東名,2026-10-02,,10/2 23:21,パチンコ,3137,①PA大海物語4ｽﾍﾟｼｬﾙRBA,0027,0.7,-1.7,0.2,11,3,9,1/56,1/86,1/52
東名,2026-10-02,,10/2 23:21,パチンコ,3614,①PA大海物語5ARBC,0026,-1.2,-1.7,1.8,11,3,29,1/81,1/150,1/69
東名,2026-10-02,,10/2 23:21,パチンコ,3614,①PA大海物語5ARBC,0049,-4.4,0.7,-1.0,7,24,3,1/136,1/70,1/94
東名,2026-10-02,,10/2 23:21,パチンコ,3652,①PA海物語3R2ｽﾍﾟｼｬﾙMBA,0010,0.5,-1.1,-1.1,15,1,1,1/45,1/147,1/128
東名,2026-10-02,,10/2 23:21,パチンコ,3652,①PA海物語3R2ｽﾍﾟｼｬﾙMBA,0024,-2.5,2.4,0.0,20,25,0,1/90,1/45,
東名,2026-10-02,,10/2 23:21,パチンコ,3549,①PA激ﾃﾞｼﾞ牙狼月虹ﾉ旅人-RL,0042,1.7,2.1,-0.5,15,21,35,1/43,1/69,1/82
東名,2026-10-02,,10/2 23:21,パチンコ,3347,①PA真･暴れん坊将軍99Ver.FWZ,0033,-0.6,-2.1,1.1,10,8,14,1/78,1/200,1/69
東名,2026-10-02,,10/2 23:21,パチンコ,3431,①PA真･花の慶次2N2-X1,0006,-2.9,5.9,1.9,5,41,36,1/93,1/98,1/53
東名,2026-10-02,,10/2 23:21,パチンコ,3431,①PA真･花の慶次2N2-X1,0008,-1.4,-2.1,0.8,40,13,38,1/73,1/74,1/48
東名,2026-10-02,,10/2 23:21,パチンコ,3226,①PAｽｰﾊﾟｰ海物語INｼﾞｬﾊﾟﾝ2RA,0021,-0.9,0.2,-0.3,10,4,0,1/75,1/104,1/32
東名,2026-10-02,,10/2 23:21,パチンコ,3756,①PAﾌｨｰﾊﾞｰﾀﾞﾝﾍﾞﾙ何ｷﾛ持てる?Y,0018,0.2,5.5,2.7,18,39,31,1/101,1/80,1/91
東名,2026-10-02,,10/2 23:21,パチンコ,3662,①PGO!GO!ﾏﾘﾝ3000HCD,0048,-3.1,7.9,6.0,1,18,11,1/392,1/129,1/61
東名,2026-10-02,,10/2 23:21,パチンコ,3628,①Pうまい棒4500から10500V1,0046,0.0,-1.9,-1.1,0,0,0,,1/18,1/8
東名,2026-10-02,,10/2 23:21,パチンコ,3449,①Pぱちんこ水戸黄門4KC1,0044,-2.3,5.6,-1.9,0,9,1,1/279,1/70,1/259
東名,2026-10-02,,10/2 23:21,パチンコ,3758,①PわんﾆｬﾝｱﾄﾞﾍﾞﾝﾁｬｰHCB,0043,-3.1,6.2,-0.6,1,18,1,1/385,1/63,1/91
東名,2026-10-02,,10/2 23:21,パチンコ,3544,①P元祖ｷﾞﾝｷﾞﾗﾊﾟﾗﾀﾞｲｽHCB,0013,-1.2,-0.6,0.4,0,5,9,1/136,1/137,1/188
東名,2026-10-02,,10/2 23:21,パチンコ,3620,①P天才ﾊﾞｶﾎﾞﾝ7~福神ｽﾍﾟｯｸ~LTH-JH,0047,-4.7,4.5,-4.7,1,25,8,1/474,1/52,1/187
東名,2026-10-02,,10/2 23:21,パチンコ,3678,①P宇宙戦艦ﾔﾏﾄ2202-3MF,0041,-0.6,-2.8,14.2,8,1,32,1/218,1/385,1/128
東名,2026-10-02,,10/2 23:21,パチンコ,3406,①P宇宙戦艦ﾔﾏﾄ2202bH,0037,-1.8,-1.3,-2.1,14,19,35,1/181,1/84,1/179
東名,2026-10-02,,10/2 23:21,パチンコ,3574,①P新･遠山の金さん 77Ver.JWZ,0020,-1.0,1.9,1.7,12,19,33,1/91,1/57,1/36
東名,2026-10-02,,10/2 23:21,パチンコ,2988,①P海物語E,0014,3.7,-1.9,0.0,8,0,0,1/270,1/237,
東名,2026-10-02,,10/2 23:21,パチンコ,2988,①P海物語E,0015,-2.6,-1.3,-1.0,0,0,1,1/309,1/162,1/202
東名,2026-10-02,,10/2 23:21,パチンコ,2988,①P海物語E,0030,-4.5,-1.4,0.0,1,3,0,1/597,1/493,
東名,2026-10-02,,10/2 23:21,パチンコ,3136,①P海物語E,0028,-1.3,-0.4,-2.5,0,4,1,1/180,1/430,1/407
東名,2026-10-02,,10/2 23:21,パチンコ,3136,①P海物語E,0029,-1.1,-0.4,-1.3,2,0,0,1/277,1/36,1/145
東名,2026-10-02,,10/2 23:21,パチンコ,3627,①P清流物語4HLC,0025,13.3,-3.4,-3.0,17,3,1,1/35,1/153,1/359
東名,2026-10-02,,10/2 23:21,パチンコ,3129,①P激ﾃﾞｼﾞ真･牙狼RBY4,0039,-3.5,1.3,4.1,29,26,23,1/94,1/54,1/40
東名,2026-10-02,,10/2 23:21,パチンコ,3429,①P百花繚乱FM-JF,0017,-2.4,5.1,-2.1,0,11,2,1/261,1/124,1/313
東名,2026-10-02,,10/2 23:21,パチンコ,3633,①P盾の勇者の成り上がりGFPC,0052,-3.9,-2.1,-5.7,6,7,1,1/205,1/88,1/610
東名,2026-10-02,,10/2 23:21,パチンコ,2734,①P真･花の慶次2M3-VC,0038,1.2,-3.6,2.6,7,2,7,1/128,1/198,1/197
東名,2026-10-02,,10/2 23:21,パチンコ,2730,①P真･花の慶次3L12-K,0012,-8.9,-7.0,-0.8,4,2,16,1/393,1/390,1/578
東名,2026-10-02,,10/2 23:21,パチンコ,3433,①P銀河鉄道99929YU1Y,0002,0.2,-1.0,8.6,13,9,26,1/99,1/100,1/43
東名,2026-10-02,,10/2 23:21,パチンコ,3466,①P魔王学院の不適合者FMY,0035,-3.1,-1.6,10.7,1,3,25,1/337,1/68,1/235
東名,2026-10-02,,10/2 23:21,パチンコ,2591,①Pｶﾞｰﾙｽﾞ&ﾊﾟﾝﾂｧｰ28YQ1Y,0050,-1.2,-0.7,-3.6,8,13,8,1/59,1/115,1/105
東名,2026-10-02,,10/2 23:21,パチンコ,3404,①Pｺﾞｼﾞﾗ対ｴｳﾞｧﾝｹﾞﾘｵﾝ G細胞覚醒YR,0022,6.3,-7.8,-7.5,54,19,23,1/105,1/90,1/127
東名,2026-10-02,,10/2 23:21,パチンコ,3624,①Pｽｰﾊﾟｰ海物語IN沖縄5YTC,0004,1.2,-2.8,0.0,10,0,0,1/75,1/346,
東名,2026-10-02,,10/2 23:21,パチンコ,3624,①Pｽｰﾊﾟｰ海物語IN沖縄5YTC,0036,-0.6,-3.8,-0.8,0,0,0,1/63,1/385,1/97
東名,2026-10-02,,10/2 23:21,パチンコ,3676,①Pﾃﾞｼﾞﾊﾈｴｳﾚｶｾﾌﾞﾝﾊｲｴﾎﾞ2SSPB,0031,1.6,-2.6,-0.6,24,23,18,1/126,1/184,1/92
東名,2026-10-02,,10/2 23:21,パチンコ,3700,①Pﾊﾞｷ319H1YZ2,0016,-0.1,-0.6,-0.1,0,0,0,1/6,1/76,1/14
東名,2026-10-02,,10/2 23:21,パチンコ,2790,①PﾌｨｰﾊﾞｰからくりｻｰｶｽV,0005,-1.1,8.4,-11.2,0,16,0,1/121,1/443,1/1243
東名,2026-10-02,,10/2 23:21,パチンコ,3403,①Pﾌﾞﾗｯｸﾗｸﾞｰﾝ4GFPJ,0019,-9.0,6.6,-1.2,0,7,0,1/928,1/129,1/121
東名,2026-10-02,,10/2 23:21,パチンコ,3130,①PﾓﾓｷｭﾝｿｰﾄﾞGC250A,0040,-1.0,-0.4,-1.5,14,15,8,1/134,1/144,1/121
東名,2026-10-02,,10/2 23:21,パチンコ,3619,①Pﾗﾌﾞ嬢3H1YZ6,0045,-0.8,-2.4,-8.6,6,0,1,1/256,1/255,1/967
東名,2026-10-02,,10/2 23:21,パチンコ,3009,①Pﾘｱﾙ鬼ごっこ2V3A,0003,1.5,2.6,-2.6,63,54,7,1/107,1/52,1/148
東名,2026-10-02,,10/2 23:21,パチンコ,3508,①Pﾘﾝｸﾞ 呪いの7日間3 JMA,0051,-3.7,-3.6,-7.3,5,1,7,1/171,1/484,1/1112
東名,2026-10-02,,10/2 23:21,パチンコ,2791,①Pﾘﾝｸﾞ呪いの7日間2 FWA,0011,-4.2,-8.4,-1.1,14,4,15,1/73,1/318,1/58
東名,2026-10-02,,10/2 23:21,パチンコ,3757,①Pﾙﾊﾟﾝ三世137YR2,0032,3.1,-2.6,2.3,29,9,28,1/39,1/130,1/56
東名,2026-10-02,,10/2 23:21,パチンコ,3634,①Pﾙﾊﾟﾝ三世14H1YZ4,0007,-5.0,-1.3,1.1,0,3,5,1/492,1/355,1/359
東名,2026-10-02,,10/2 23:21,パチンコ,3815,②e/押忍番長漢の頂/L09,0113,-0.9,7.5,-0.1,4,23,0,1/49,1/73,1/9
東名,2026-10-02,,10/2 23:21,パチンコ,3819,②eいせれべFSZ,0111,0.0,0.0,0.0,0,0,0,,,
東名,2026-10-02,,10/2 23:21,パチンコ,3819,②eいせれべFSZ,0112,0.0,0.0,0.0,0,0,0,,,
東名,2026-10-02,,10/2 23:21,パチンコ,3789,②e仮面ﾗｲﾀﾞｰBLACK-KRJ2,0114,-0.7,-0.1,-0.3,1,0,2,1/129,1/18,1/43
東名,2026-10-02,,10/2 23:21,パチンコ,3740,②eﾌｨｰﾊﾞｰからくりｻｰｶｽ2R,0115,-2.0,-3.2,-3.0,6,0,2,1/138,1/359,1/179
東名,2026-10-02,,10/2 23:21,パチンコ,3773,②eﾌｨｰﾊﾞｰ戦姫絶唱ｼﾝﾌｫｷﾞｱ4F,0116,17.7,5.3,-4.2,15,16,4,1/164,1/138,1/123
東名,2026-10-02,,10/2 23:21,パチンコ,3246,②P009 RE:CYBORG N3-K,0065,-1.7,0.9,-0.4,11,22,16,1/125,1/44,1/133
東名,2026-10-02,,10/2 23:21,パチンコ,3438,②PA緋弾のｱﾘｱ~緋弾覚醒編~FRA,0061,0.3,-3.0,-1.0,15,16,9,1/169,1/124,1/87
東名,2026-10-02,,10/2 23:21,パチンコ,3759,②PAﾌｨｰﾊﾞｰかぐや様は告らせたいYG,0071,3.0,-0.9,-1.0,14,3,0,1/43,1/51,1/116
東名,2026-10-02,,10/2 23:21,パチンコ,3491,②PGⅠ優駿倶楽部2HT,0110,0.0,-1.1,-1.4,0,0,3,,1/140,1/118
東名,2026-10-02,,10/2 23:21,パチンコ,3472,②Psin七つの大罪V3B,0062,1.0,-2.6,-2.7,10,0,1,1/56,1/319,1/306
東名,2026-10-02,,10/2 23:21,パチンコ,3630,②Pうまい棒4500から10500V1,0075,0.0,-0.1,-1.0,0,0,0,,,1/6
東名,2026-10-02,,10/2 23:21,パチンコ,3638,②Pえとたま2MY,0105,0.0,-0.6,0.9,0,0,8,,1/73,1/129
東名,2026-10-02,,10/2 23:21,パチンコ,3581,②Pとある科学の超電磁砲2JMB,0109,-0.3,-2.2,-1.4,0,3,1,1/35,1/498,1/158
東名,2026-10-02,,10/2 23:21,パチンコ,3560,②Pとある魔術の禁書目録2JMZ,0068,8.3,1.6,-0.8,13,6,4,1/102,1/114,1/198
東名,2026-10-02,,10/2 23:21,パチンコ,3622,②P俺の妹がこんなに可愛いわけが,0066,-1.0,-0.3,-0.1,0,0,2,1/114,1/29,1/44
東名,2026-10-02,,10/2 23:21,パチンコ,3621,②P愛の不時着MF,0072,0.0,0.0,0.0,0,0,0,,,
東名,2026-10-02,,10/2 23:21,パチンコ,3475,②P牙狼11~冴島大河~XX-MU,0067,-5.6,1.3,-1.1,0,5,0,1/607,1/225,1/131
東名,2026-10-02,,10/2 23:21,パチンコ,3270,②P真･花の慶次3TL5-MX,0064,-1.4,-1.7,-1.5,0,1,0,1/162,1/178,1/183
東名,2026-10-02,,10/2 23:21,パチンコ,3579,②Pｴｳﾞｧﾝｹﾞﾘｵﾝ15未来への咆哮F,0074,-12.4,-1.1,1.5,4,7,9,1/494,1/236,1/353
東名,2026-10-02,,10/2 23:21,パチンコ,3387,②Pｺﾞｼﾞﾗ対ｴｳﾞｧﾝｹﾞﾘｵﾝ G細胞覚醒YR,0107,-3.7,1.0,-3.6,10,22,19,1/144,1/114,1/72
東名,2026-10-02,,10/2 23:21,パチンコ,3629,②Pｺﾞｼﾞﾗ対ｴｳﾞｧﾝｹﾞﾘｵﾝ2R,0108,-11.4,4.0,9.5,0,9,16,1/1266,1/265,1/185
東名,2026-10-02,,10/2 23:21,パチンコ,3710,②Pｺﾞﾌﾞﾘﾝｽﾚｲﾔｰ ﾗｯｷｰﾄﾘｶﾞｰVer,0069,-2.4,-0.8,-0.4,2,0,0,1/157,1/87,1/46
東名,2026-10-02,,10/2 23:21,パチンコ,3473,②Pｻﾗﾘｰﾏﾝ金太郎 FVE,0063,-0.3,-1.3,0.3,0,0,4,1/36,1/121,1/82
東名,2026-10-02,,10/2 23:21,パチンコ,3584,②Pﾃﾞｼﾞﾊﾈ聖戦士ﾀﾞﾝﾊﾞｲﾝ2SSPB,0073,-0.6,-1.1,0.3,1,8,6,1/66,1/93,1/55
東名,2026-10-02,,10/2 23:21,パチンコ,3631,②Pﾌｨｰﾊﾞｰかぐや様は告らせたいR,0106,0.0,-1.1,-0.3,0,0,0,,1/134,1/24
東名,2026-10-02,,10/2 23:21,パチンコ,3615,②Pﾘﾝｸﾞ 呪いの7日間3 Light JVZ,0104,-3.2,-2.2,-0.6,2,3,1,1/193,1/88,1/87
東名,2026-10-02,,10/2 23:21,パチンコ,2579,②バジリスク2AB,0070,1.7,0.2,-0.1,10,11,23,1/27,1/79,1/59
東名,2026-10-02,,10/2 23:21,スロット,3379,L A-SLOT+このすば FX,0438,-1.1,-0.3,-0.7,0,0,2,1/667,1/183,1/529
東名,2026-10-02,,10/2 23:21,スロット,3379,L A-SLOT+このすば FX,0439,-0.7,0.1,-0.4,0,3,7,1/369,1/249,1/286
東名,2026-10-02,,10/2 23:21,スロット,3744,L 甲鉄城のｶﾊﾞﾈﾘ 海門決戦 XX,0591,2.0,-0.3,-4.0,42,32,18,1/61,1/91,1/189
東名,2026-10-02,,10/2 23:21,スロット,3744,L 甲鉄城のｶﾊﾞﾈﾘ 海門決戦 XX,0592,0.0,-0.4,-0.5,0,4,27,,1/152,1/97
東名,2026-10-02,,10/2 23:21,スロット,3744,L 甲鉄城のｶﾊﾞﾈﾘ 海門決戦 XX,0593,1.8,-0.6,-1.9,28,15,10,1/56,1/93,1/179
東名,2026-10-02,,10/2 23:21,スロット,3744,L 甲鉄城のｶﾊﾞﾈﾘ 海門決戦 XX,0594,0.0,-2.5,-1.6,0,6,16,,1/283,1/130
東名,2026-10-02,,10/2 23:21,スロット,3744,L 甲鉄城のｶﾊﾞﾈﾘ 海門決戦 XX,0595,1.4,-3.1,1.5,27,7,37,1/70,1/313,1/64
東名,2026-10-02,,10/2 23:21,スロット,3744,L 甲鉄城のｶﾊﾞﾈﾘ 海門決戦 XX,0596,-1.5,-0.2,0.0,8,9,36,1/180,1/107,1/89
東名,2026-10-02,,10/2 23:21,スロット,3744,L 甲鉄城のｶﾊﾞﾈﾘ 海門決戦 XX,0597,-0.8,0.2,-4.7,2,37,18,1/303,1/77,1/226
東名,2026-10-02,,10/2 23:21,スロット,3744,L 甲鉄城のｶﾊﾞﾈﾘ 海門決戦 XX,0598,-1.4,-0.5,-1.0,17,5,19,1/129,1/122,1/108
東名,2026-10-02,,10/2 23:21,スロット,3283,L 防振り FN,0654,-1.2,1.3,-0.3,0,5,0,1/674,1/95,1/295
東名,2026-10-02,,10/2 23:21,スロット,3283,L 防振り FN,0655,-0.8,0.0,-0.8,0,0,11,1/514,,1/243
東名,2026-10-02,,10/2 23:21,スロット,3283,L 防振り FN,0656,0.0,1.2,-0.6,10,9,4,1/199,1/102,1/253
東名,2026-10-02,,10/2 23:21,スロット,3828,L ｽﾏｽﾛ ﾘｺﾘｽ･ﾘｺｲﾙ KX,0637,1.3,-1.2,-0.9,46,43,91,1/86,1/125,1/91
東名,2026-10-02,,10/2 23:21,スロット,3828,L ｽﾏｽﾛ ﾘｺﾘｽ･ﾘｺｲﾙ KX,0638,-3.0,-2.8,3.8,49,50,68,1/112,1/114,1/82
東名,2026-10-02,,10/2 23:21,スロット,3828,L ｽﾏｽﾛ ﾘｺﾘｽ･ﾘｺｲﾙ KX,0639,-4.2,2.9,-2.0,42,55,72,1/123,1/86,1/101
東名,2026-10-02,,10/2 23:21,スロット,3828,L ｽﾏｽﾛ ﾘｺﾘｽ･ﾘｺｲﾙ KX,0640,5.6,0.0,-0.3,56,45,47,1/76,1/112,1/89
東名,2026-10-02,,10/2 23:21,スロット,3828,L ｽﾏｽﾛ ﾘｺﾘｽ･ﾘｺｲﾙ KX,0641,-0.2,-1.1,2.6,22,55,81,1/86,1/96,1/95
東名,2026-10-02,,10/2 23:21,スロット,3828,L ｽﾏｽﾛ ﾘｺﾘｽ･ﾘｺｲﾙ KX,0642,-0.8,-1.5,-0.5,47,82,63,1/105,1/98,1/105
東名,2026-10-02,,10/2 23:21,スロット,3708,L ｽﾏｽﾛ化物語 KH,0537,-0.5,-1.2,-1.6,5,2,5,1/148,1/399,1/256
東名,2026-10-02,,10/2 23:21,スロット,3708,L ｽﾏｽﾛ化物語 KH,0538,-4.3,-0.3,0.1,8,15,7,1/337,1/95,1/62
東名,2026-10-02,,10/2 23:21,スロット,3724,L ｽﾏｽﾛ北斗の拳 転生の章2 MW,0413,-1.2,0.1,14.0,15,19,89,1/135,1/85,1/26
東名,2026-10-02,,10/2 23:21,スロット,3724,L ｽﾏｽﾛ北斗の拳 転生の章2 MW,0414,1.7,-2.3,-3.0,26,6,10,1/61,1/292,1/255
東名,2026-10-02,,10/2 23:21,スロット,3724,L ｽﾏｽﾛ北斗の拳 転生の章2 MW,0415,-0.1,-0.6,-0.3,0,0,4,1/47,1/277,1/79
東名,2026-10-02,,10/2 23:21,スロット,3724,L ｽﾏｽﾛ北斗の拳 転生の章2 MW,0416,7.4,-0.2,-1.3,72,0,17,1/34,1/114,1/109
東名,2026-10-02,,10/2 23:21,スロット,3724,L ｽﾏｽﾛ北斗の拳 転生の章2 MW,0417,-2.3,1.6,6.1,16,17,48,1/165,1/45,1/32
東名,2026-10-02,,10/2 23:21,スロット,3724,L ｽﾏｽﾛ北斗の拳 転生の章2 MW,0418,0.5,-1.1,-1.1,33,2,3,1/78,1/377,1/265
東名,2026-10-02,,10/2 23:21,スロット,3724,L ｽﾏｽﾛ北斗の拳 転生の章2 MW,0419,-1.5,-2.3,-0.9,1,15,6,1/875,1/165,1/169
東名,2026-10-02,,10/2 23:21,スロット,3724,L ｽﾏｽﾛ北斗の拳 転生の章2 MW,0420,-0.2,-1.0,-1.9,0,6,12,1/79,1/179,1/165
東名,2026-10-02,,10/2 23:21,スロット,3724,L ｽﾏｽﾛ北斗の拳 転生の章2 MW,0421,-0.8,-1.1,2.4,5,19,48,1/188,1/120,1/60
東名,2026-10-02,,10/2 23:21,スロット,3724,L ｽﾏｽﾛ北斗の拳 転生の章2 MW,0422,-0.6,1.9,-0.1,0,39,0,1/277,1/37,1/45
東名,2026-10-02,,10/2 23:21,スロット,3724,L ｽﾏｽﾛ北斗の拳 転生の章2 MW,0423,-3.6,-1.2,9.7,16,20,92,1/199,1/117,1/49
東名,2026-10-02,,10/2 23:21,スロット,3736,L ｽﾏｽﾛ攻殻機動隊 ZS,0555,1.6,-0.2,0.9,10,3,16,1/70,1/148,1/133
東名,2026-10-02,,10/2 23:21,スロット,3416,L ｽﾏｽﾛ頭文字D2nd YR,0687,-1.2,0.0,-1.1,11,32,3,1/122,1/95,1/227
東名,2026-10-02,,10/2 23:21,スロット,3416,L ｽﾏｽﾛ頭文字D2nd YR,0688,-1.9,-0.5,-0.6,20,6,3,1/141,1/125,1/181
東名,2026-10-02,,10/2 23:21,スロット,3542,L ｽﾏｽﾛｶｲｼﾞ 狂宴 FJ,0660,0.9,-0.5,0.3,23,9,10,1/150,1/183,1/185
東名,2026-10-02,,10/2 23:21,スロット,3782,L ﾋﾞｯｸﾞﾄﾞﾘｰﾑ KR,0466,-0.3,4.6,0.0,7,36,0,1/111,1/21,
東名,2026-10-02,,10/2 23:21,スロット,3782,L ﾋﾞｯｸﾞﾄﾞﾘｰﾑ KR,0467,0.0,-0.4,0.0,0,3,0,,1/128,
東名,2026-10-02,,10/2 23:21,スロット,3782,L ﾋﾞｯｸﾞﾄﾞﾘｰﾑ KR,0468,0.0,-0.5,0.4,0,10,17,,1/97,1/72
東名,2026-10-02,,10/2 23:21,スロット,3533,L/SHAMANKING/SS,0679,-1.7,-1.8,0.7,5,2,9,1/246,1/527,1/243
東名,2026-10-02,,10/2 23:21,スロット,3609,L/いざ番長/SB8,0545,-0.2,-1.6,-1.3,0,5,11,1/109,1/228,1/146
東名,2026-10-02,,10/2 23:21,スロット,3609,L/いざ番長/SB8,0546,-0.5,-0.3,-1.3,7,2,11,1/112,1/146,1/159
東名,2026-10-02,,10/2 23:21,スロット,3609,L/いざ番長/SB8,0547,-0.2,0.6,-1.9,10,7,3,1/104,1/65,1/401
東名,2026-10-02,,10/2 23:21,スロット,3767,L/真打吉宗/A1,0644,0.1,-4.0,-1.2,66,21,40,1/83,1/176,1/90
東名,2026-10-02,,10/2 23:21,スロット,3767,L/真打吉宗/A1,0645,-0.4,0.8,1.0,43,50,59,1/87,1/79,1/76
東名,2026-10-02,,10/2 23:21,スロット,3715,L/ｵｷﾄﾞｷﾃﾞｭｵ2/FR,0689,-0.5,0.0,0.2,4,0,11,1/191,,1/138
東名,2026-10-02,,10/2 23:21,スロット,3715,L/ｵｷﾄﾞｷﾃﾞｭｵ2/FR,0690,-0.7,-0.1,-0.1,1,0,0,1/413,1/58,1/32
東名,2026-10-02,,10/2 23:21,スロット,3715,L/ｵｷﾄﾞｷﾃﾞｭｵ2/FR,0691,-0.1,0.0,-0.1,0,0,0,1/34,,1/33
東名,2026-10-02,,10/2 23:21,スロット,3715,L/ｵｷﾄﾞｷﾃﾞｭｵ2/FR,0692,-0.1,-0.1,-0.1,0,0,0,1/34,1/37,1/39
東名,2026-10-02,,10/2 23:21,スロット,3716,L/ｽﾏｽﾛ秘宝伝/PA7,0629,-0.6,0.0,-0.2,1,0,1,1/453,1/13,1/325
東名,2026-10-02,,10/2 23:21,スロット,3716,L/ｽﾏｽﾛ秘宝伝/PA7,0630,3.7,0.0,-1.6,13,0,0,1/51,,1/897
東名,2026-10-02,,10/2 23:21,スロット,3716,L/ｽﾏｽﾛ秘宝伝/PA7,0631,0.0,0.0,0.0,0,0,0,1/21,,
東名,2026-10-02,,10/2 23:21,スロット,3562,L/ｽﾏｽﾛﾏｷﾞｱﾚｺｰﾄﾞ/RN,0539,0.4,-0.4,-0.7,5,0,2,1/256,1/195,1/339
東名,2026-10-02,,10/2 23:21,スロット,3562,L/ｽﾏｽﾛﾏｷﾞｱﾚｺｰﾄﾞ/RN,0540,-0.2,-1.6,-3.5,2,5,20,1/423,1/271,1/244
東名,2026-10-02,,10/2 23:21,スロット,3562,L/ｽﾏｽﾛﾏｷﾞｱﾚｺｰﾄﾞ/RN,0541,0.0,0.7,2.7,0,2,4,,1/211,1/453
東名,2026-10-02,,10/2 23:21,スロット,3788,L/ｿｰﾄﾞｱｰﾄ･ｵﾝﾗｲﾝⅡ/PA1,0548,7.1,9.6,-2.8,105,61,53,1/100,1/103,1/113
東名,2026-10-02,,10/2 23:21,スロット,3788,L/ｿｰﾄﾞｱｰﾄ･ｵﾝﾗｲﾝⅡ/PA1,0549,-3.8,2.9,4.5,59,45,65,1/111,1/158,1/123
東名,2026-10-02,,10/2 23:21,スロット,3788,L/ｿｰﾄﾞｱｰﾄ･ｵﾝﾗｲﾝⅡ/PA1,0550,13.3,-4.8,-3.3,83,51,53,1/115,1/123,1/109
東名,2026-10-02,,10/2 23:21,スロット,3743,L/ﾊﾅﾋﾞ/KM,0479,-0.1,1.1,0.3,5,7,13,1/308,1/216,1/282
東名,2026-10-02,,10/2 23:21,スロット,3743,L/ﾊﾅﾋﾞ/KM,0480,1.8,0.7,-0.5,14,8,4,1/167,1/212,1/280
東名,2026-10-02,,10/2 23:21,スロット,3685,L/ﾊﾞﾍﾞﾙ/BA,0693,0.0,0.0,0.0,0,0,0,,,
東名,2026-10-02,,10/2 23:21,スロット,3771,L/ﾐﾘｵﾝｺﾞｯﾄﾞ/CX,0632,4.5,-1.7,-0.6,0,0,0,1/3162,1/3923,1/5604
東名,2026-10-02,,10/2 23:21,スロット,3771,L/ﾐﾘｵﾝｺﾞｯﾄﾞ/CX,0633,-0.9,-2.8,-1.5,0,0,0,1/772,1/1983,1/2866
東名,2026-10-02,,10/2 23:21,スロット,3771,L/ﾐﾘｵﾝｺﾞｯﾄﾞ/CX,0634,-1.3,-0.1,11.3,0,0,6,1/2272,1/1544,1/357
東名,2026-10-02,,10/2 23:21,スロット,3771,L/ﾐﾘｵﾝｺﾞｯﾄﾞ/CX,0635,-1.1,-4.6,-3.1,0,0,0,1/912,1/3897,1/4153
東名,2026-10-02,,10/2 23:21,スロット,3771,L/ﾐﾘｵﾝｺﾞｯﾄﾞ/CX,0636,-3.0,-1.9,3.5,2,0,0,1/1500,1/2438,1/4995
東名,2026-10-02,,10/2 23:21,スロット,3568,L/ﾖｼﾑﾈS/SC2,0625,0.0,0.7,0.8,0,6,5,1/22,1/436,1/402
東名,2026-10-02,,10/2 23:21,スロット,3568,L/ﾖｼﾑﾈS/SC2,0626,0.0,1.9,-1.0,0,5,1,1/2,1/271,1/981
東名,2026-10-02,,10/2 23:21,スロット,3568,L/ﾖｼﾑﾈS/SC2,0627,-0.7,0.3,-1.3,2,1,1,1/752,1/363,1/1281
東名,2026-10-02,,10/2 23:21,スロット,3568,L/ﾖｼﾑﾈS/SC2,0628,0.0,1.1,-3.1,0,5,1,1/5,1/365,1/2183
東名,2026-10-02,,10/2 23:21,スロット,3811,L/ﾜｰﾙﾄﾞﾀﾞｲｽﾀｰ/PA3,0557,-0.1,-0.9,-0.1,15,10,9,1/405,1/330,1/473
東名,2026-10-02,,10/2 23:21,スロット,3768,LB 異世界かるてっと KR,0681,-0.9,0.0,-2.2,1,10,6,1/626,1/129,1/359
東名,2026-10-02,,10/2 23:21,スロット,3674,LB/ｸﾚｱの秘宝伝ﾎﾞｰﾅｽﾄﾘｶﾞｰVER./A2,0682,-0.9,-1.2,-0.8,8,0,0,1/391,1/732,1/452
東名,2026-10-02,,10/2 23:21,スロット,3674,LB/ｸﾚｱの秘宝伝ﾎﾞｰﾅｽﾄﾘｶﾞｰVER./A2,0683,-0.8,-1.9,0.3,1,2,13,1/730,1/898,1/270
東名,2026-10-02,,10/2 23:21,スロット,3689,LB/ｼｪｲｸﾎﾞｰﾅｽﾄﾘｶﾞｰ/A1,0680,-3.1,0.2,3.2,5,7,27,1/988,1/474,1/269
東名,2026-10-02,,10/2 23:21,スロット,3745,LB/ｽﾏｽﾛｻﾝﾀﾞｰVHA,0673,-1.4,0.4,0.1,5,8,11,1/514,1/307,1/257
東名,2026-10-02,,10/2 23:21,スロット,3829,LB/ﾀｺｽﾛBD,0672,-0.9,1.5,-0.8,13,13,19,1/402,1/217,1/379
東名,2026-10-02,,10/2 23:21,スロット,3647,LBAREXBRIGHTBA,0671,-1.7,-0.9,-1.6,9,5,7,1/414,1/443,1/440
東名,2026-10-02,,10/2 23:21,スロット,3611,LB翔べ!ﾊｰﾚﾑｴｰｽCF,0667,0.4,1.4,-0.9,5,4,0,1/370,1/334,1/691
東名,2026-10-02,,10/2 23:21,スロット,3648,LBｴｳﾞｧﾝｹﾞﾘｵﾝsR,0670,-1.3,0.0,1.3,2,6,18,1/586,1/371,1/266
東名,2026-10-02,,10/2 23:21,スロット,3798,LBｹﾛｯﾄ5ND05H,0674,-2.4,0.8,3.3,6,16,37,1/488,1/228,1/190
東名,2026-10-02,,10/2 23:21,スロット,3798,LBｹﾛｯﾄ5ND05H,0675,-0.6,0.0,-0.4,7,6,1,1/263,1/250,1/444
東名,2026-10-02,,10/2 23:21,スロット,3610,LBﾆｭｰﾊﾟﾙｻｰBTC9,0429,0.0,-0.1,-0.3,0,0,0,1/6,1/28,1/269
東名,2026-10-02,,10/2 23:21,スロット,3612,LBﾌﾟﾚﾐｱﾑうまい棒S1,0666,-0.1,0.4,0.8,0,3,4,1/85,1/283,1/133
東名,2026-10-02,,10/2 23:21,スロット,3680,LBﾏｼﾞｶﾙﾊﾛｳｨﾝGS,0663,0.7,-0.5,0.0,3,0,2,1/232,1/334,1/215
東名,2026-10-02,,10/2 23:21,スロット,3185,LGⅠ優駿倶楽部黄金KD,0665,-0.4,-0.9,2.0,5,12,24,1/102,1/99,1/42
東名,2026-10-02,,10/2 23:21,スロット,3531,Lありふれた職業で世界最強jA,0457,-1.1,1.2,1.4,2,7,15,1/512,1/97,1/108
東名,2026-10-02,,10/2 23:21,スロット,3531,Lありふれた職業で世界最強jA,0458,-1.1,0.6,-1.5,1,5,2,1/699,1/88,1/531
東名,2026-10-02,,10/2 23:21,スロット,3378,Lかぐや様は告らせたいjA,0650,-1.0,-1.3,-0.8,1,0,5,1/637,1/674,1/232
東名,2026-10-02,,10/2 23:21,スロット,3378,Lかぐや様は告らせたいjA,0651,4.7,1.2,-3.6,16,9,1,1/48,1/110,1/2083
東名,2026-10-02,,10/2 23:21,スロット,3378,Lかぐや様は告らせたいjA,0652,-0.1,0.0,6.3,2,5,26,1/148,1/181,1/85
東名,2026-10-02,,10/2 23:21,スロット,3797,Lからくりｻｰｶｽ2jG,0506,0.1,-1.1,-0.3,29,7,5,1/75,1/144,1/109
東名,2026-10-02,,10/2 23:21,スロット,3797,Lからくりｻｰｶｽ2jG,0507,-0.6,3.6,-0.2,21,28,2,1/100,1/52,1/91
東名,2026-10-02,,10/2 23:21,スロット,3797,Lからくりｻｰｶｽ2jG,0508,1.1,-1.8,5.1,8,6,22,1/6,1/222,1/21
東名,2026-10-02,,10/2 23:21,スロット,3797,Lからくりｻｰｶｽ2jG,0509,-0.4,-0.6,-1.3,15,0,6,1/80,1/274,1/169
東名,2026-10-02,,10/2 23:21,スロット,2953,LからくりｻｰｶｽG,0517,2.8,0.0,-0.2,26,2,0,1/18,1/52,1/86
東名,2026-10-02,,10/2 23:21,スロット,2953,LからくりｻｰｶｽG,0518,-0.2,-0.1,10.1,0,0,69,1/92,1/64,1/34
東名,2026-10-02,,10/2 23:21,スロット,2953,LからくりｻｰｶｽG,0519,-0.2,-0.1,-0.2,0,0,0,1/96,1/50,1/92
東名,2026-10-02,,10/2 23:21,スロット,2953,LからくりｻｰｶｽG,0520,-0.9,-0.2,-0.1,16,0,0,1/96,1/87,1/66
東名,2026-10-02,,10/2 23:21,スロット,2953,LからくりｻｰｶｽG,0521,3.7,-0.1,-0.2,57,0,0,1/75,1/56,1/104
東名,2026-10-02,,10/2 23:21,スロット,3699,Lとある科学の超電磁砲2FV,0643,-1.4,-0.2,-0.4,4,7,6,1/271,1/181,1/180
東名,2026-10-02,,10/2 23:21,スロット,3813,Lとある魔術の禁書目録2FA,0646,0.0,-1.2,-3.4,9,13,34,1/177,1/136,1/183
東名,2026-10-02,,10/2 23:21,スロット,3813,Lとある魔術の禁書目録2FA,0647,-2.3,-2.7,-1.8,16,11,4,1/203,1/275,1/323
東名,2026-10-02,,10/2 23:21,スロット,3813,Lとある魔術の禁書目録2FA,0648,-1.7,1.5,-1.2,17,21,2,1/223,1/134,1/395
東名,2026-10-02,,10/2 23:21,スロット,3813,Lとある魔術の禁書目録2FA,0649,-4.4,-1.7,5.6,9,4,19,1/329,1/328,1/101
東名,2026-10-02,,10/2 23:21,スロット,3812,LとんでもｽｷﾙKM,0558,-2.1,0.1,2.5,19,38,51,1/104,1/47,1/36
東名,2026-10-02,,10/2 23:21,スロット,3808,Lやじきた道中記参る!BG,0551,-1.7,-0.1,6.5,7,4,11,1/434,1/784,1/272
東名,2026-10-02,,10/2 23:21,スロット,3646,Lわたしの幸せな結婚PN,0464,0.0,0.0,-3.4,0,0,5,,,1/476
東名,2026-10-02,,10/2 23:21,スロット,3646,Lわたしの幸せな結婚PN,0465,0.0,0.0,0.0,0,0,0,,,1/15
東名,2026-10-02,,10/2 23:21,スロット,3600,L七つの魔剣が支配するPU,0430,-0.4,0.0,0.4,15,3,10,1/63,1/49,1/42
東名,2026-10-02,,10/2 23:21,スロット,3417,L今日から俺は!!FE,0686,0.8,-0.3,-0.7,9,1,6,1/320,1/443,1/456
東名,2026-10-02,,10/2 23:21,スロット,3660,L咲-Saki-頂上決戦YR,0657,-0.7,3.3,0.7,9,30,26,1/127,1/17,1/69
東名,2026-10-02,,10/2 23:21,スロット,3005,L戦国乙女4S3,0697,-1.2,-0.4,-1.2,6,2,2,1/327,1/200,1/420
東名,2026-10-02,,10/2 23:21,スロット,3005,L戦国乙女4S3,0698,4.0,-0.8,-0.6,16,7,3,1/165,1/260,1/181
東名,2026-10-02,,10/2 23:21,スロット,3786,L戦国乙女5L8,0481,-4.0,-5.5,-1.3,28,28,30,1/160,1/157,1/118
東名,2026-10-02,,10/2 23:21,スロット,3786,L戦国乙女5L8,0482,-1.2,0.9,-3.8,23,61,32,1/98,1/75,1/134
東名,2026-10-02,,10/2 23:21,スロット,3786,L戦国乙女5L8,0483,2.4,-3.1,7.6,43,18,50,1/86,1/178,1/77
東名,2026-10-02,,10/2 23:21,スロット,3026,L戦国ｺﾚｸｼｮﾝ5GJ,0661,-1.0,-1.1,1.1,19,31,33,1/135,1/134,1/96
東名,2026-10-02,,10/2 23:21,スロット,3796,L戦国ｺﾚｸｼｮﾝ6KS,0478,-4.6,-0.2,-1.7,30,50,31,1/215,1/128,1/189
東名,2026-10-02,,10/2 23:21,スロット,3687,L新鬼武者3SA,0434,-1.2,-1.8,-0.2,2,2,0,1/384,1/590,1/114
東名,2026-10-02,,10/2 23:21,スロット,3687,L新鬼武者3SA,0435,-1.6,-0.3,-0.4,3,6,1,1/351,1/89,1/300
東名,2026-10-02,,10/2 23:21,スロット,3687,L新鬼武者3SA,0436,0.0,0.0,-0.1,0,0,0,,,1/51
東名,2026-10-02,,10/2 23:21,スロット,3687,L新鬼武者3SA,0437,-1.2,-0.8,-1.1,4,7,1,1/233,1/153,1/763
東名,2026-10-02,,10/2 23:21,スロット,3532,L東京喰種CT,0601,2.7,6.8,-7.1,24,47,27,1/135,1/97,1/233
東名,2026-10-02,,10/2 23:21,スロット,3532,L東京喰種CT,0602,-0.3,2.7,-4.7,1,27,17,1/251,1/126,1/251
東名,2026-10-02,,10/2 23:21,スロット,3532,L東京喰種CT,0603,0.2,-1.5,5.7,15,15,40,1/118,1/198,1/84
東名,2026-10-02,,10/2 23:21,スロット,3532,L東京喰種CT,0604,-2.2,-2.8,-2.4,13,21,19,1/206,1/169,1/186
東名,2026-10-02,,10/2 23:21,スロット,3532,L東京喰種CT,0605,-1.0,-2.8,-4.4,3,20,23,1/293,1/215,1/192
東名,2026-10-02,,10/2 23:21,スロット,3532,L東京喰種CT,0606,-4.4,2.0,-2.8,9,39,9,1/361,1/112,1/274
東名,2026-10-02,,10/2 23:21,スロット,3734,L炎炎ﾉ消防隊2,0599,-0.5,-1.9,-2.8,11,2,4,1/173,1/608,1/608
東名,2026-10-02,,10/2 23:21,スロット,3734,L炎炎ﾉ消防隊2,0600,1.7,-4.2,-1.5,12,5,19,1/140,1/600,1/188
東名,2026-10-02,,10/2 23:21,スロット,3263,L炎炎ﾉ消防隊jG,0684,-0.4,-1.4,-1.2,0,3,0,1/242,1/428,1/786
東名,2026-10-02,,10/2 23:21,スロット,3263,L炎炎ﾉ消防隊jG,0685,-0.3,-0.7,0.0,0,1,0,1/122,1/531,1/13
東名,2026-10-02,,10/2 23:21,スロット,3735,L範馬刃牙L5,0500,-0.4,0.0,-0.6,1,0,8,1/244,1/21,1/113
東名,2026-10-02,,10/2 23:21,スロット,3698,L絶対衝激ﾌｫｰｽFH,0653,0.0,-0.3,-1.1,0,1,16,,1/190,1/111
東名,2026-10-02,,10/2 23:21,スロット,3661,L転生したら剣でしたGT,0459,0.0,-0.1,-0.5,0,4,1,1/1,1/94,1/305
東名,2026-10-02,,10/2 23:21,スロット,3661,L転生したら剣でしたGT,0460,-0.3,0.0,0.0,3,0,0,1/151,,
東名,2026-10-02,,10/2 23:21,スロット,3810,L邪神ちゃんﾄﾞﾛｯﾌﾟｷｯｸTX,0554,-5.9,-1.7,-1.6,20,4,7,1/295,1/325,1/288
東名,2026-10-02,,10/2 23:21,スロット,3826,L青春ﾌﾞﾀ野郎L1,0484,1.9,3.4,1.4,49,63,34,1/111,1/74,1/134
東名,2026-10-02,,10/2 23:21,スロット,3826,L青春ﾌﾞﾀ野郎L1,0485,-4.0,-4.4,2.7,21,23,26,1/199,1/165,1/178
東名,2026-10-02,,10/2 23:21,スロット,3826,L青春ﾌﾞﾀ野郎L1,0486,-0.4,8.3,7.3,44,42,46,1/123,1/96,1/82
東名,2026-10-02,,10/2 23:21,スロット,3697,L革命機ｳﾞｧﾙｳﾞﾚｲｳﾞ2jF,0469,0.0,-0.1,0.3,0,8,13,,1/139,1/173
東名,2026-10-02,,10/2 23:21,スロット,3697,L革命機ｳﾞｧﾙｳﾞﾚｲｳﾞ2jF,0470,-3.7,1.5,-1.4,4,20,3,1/668,1/60,1/339
東名,2026-10-02,,10/2 23:21,スロット,3697,L革命機ｳﾞｧﾙｳﾞﾚｲｳﾞ2jF,0471,0.1,-0.9,1.2,14,1,27,1/64,1/823,1/120
東名,2026-10-02,,10/2 23:21,スロット,3697,L革命機ｳﾞｧﾙｳﾞﾚｲｳﾞ2jF,0472,-1.1,0.9,0.3,3,8,26,1/299,1/83,1/149
東名,2026-10-02,,10/2 23:21,スロット,3697,L革命機ｳﾞｧﾙｳﾞﾚｲｳﾞ2jF,0473,0.7,0.0,-0.6,11,0,12,1/62,,1/185
東名,2026-10-02,,10/2 23:21,スロット,3025,L麻雀格闘倶楽部覚醒KM,0668,-0.2,0.1,-1.0,3,2,4,1/241,1/73,1/466
東名,2026-10-02,,10/2 23:21,スロット,3025,L麻雀格闘倶楽部覚醒KM,0669,3.1,0.0,-0.9,14,0,3,1/89,1/129,1/354
東名,2026-10-02,,10/2 23:21,スロット,3765,LｱｸﾀﾞﾏﾄﾞﾗｲﾌﾞTP,0552,3.8,-4.6,-0.9,30,15,8,1/138,1/371,1/262
東名,2026-10-02,,10/2 23:21,スロット,3659,LｱｽﾞｰﾙﾚｰﾝTHE ANIMATION KN,0560,0.3,-0.1,-0.5,30,0,5,1/70,1/83,1/116
東名,2026-10-02,,10/2 23:21,スロット,3189,Lｺﾞｼﾞﾗ対ｴｳﾞｧﾝｹﾞﾘｵﾝjA,0440,-1.3,0.0,-0.5,4,0,10,1/302,,1/121
東名,2026-10-02,,10/2 23:21,スロット,3189,Lｺﾞｼﾞﾗ対ｴｳﾞｧﾝｹﾞﾘｵﾝjA,0441,-0.9,0.3,-1.3,2,2,1,1/273,1/80,1/781
東名,2026-10-02,,10/2 23:21,スロット,3540,LｼｽﾀｰｸｴｽﾄCA,0662,0.0,0.0,0.0,0,0,0,,,
東名,2026-10-02,,10/2 23:21,スロット,3530,LｽｰﾊﾟｰﾌﾞﾗｯｸｼﾞｬｯｸSLDC,0658,-1.5,-1.0,-1.3,3,7,2,1/360,1/144,1/409
東名,2026-10-02,,10/2 23:21,スロット,3530,LｽｰﾊﾟｰﾌﾞﾗｯｸｼﾞｬｯｸSLDC,0659,0.2,-0.3,0.2,8,0,12,1/58,1/176,1/55
東名,2026-10-02,,10/2 23:21,スロット,3809,Lｽﾄﾘｰﾄﾌｧｲﾀｰ6SB,0553,11.3,-5.9,0.7,40,10,25,1/50,1/411,1/108
東名,2026-10-02,,10/2 23:21,スロット,3300,Lｽﾛｯﾄ ｿｰﾄﾞｱｰﾄ･ｵﾝﾗｲﾝB2,0624,-1.8,0.3,-0.5,11,5,0,1/188,1/59,1/299
東名,2026-10-02,,10/2 23:21,スロット,3657,LﾀﾞｰﾘﾝｲﾝｻﾞﾌﾗﾝｷｽSA,0461,-0.9,-0.7,-0.7,11,4,12,1/187,1/176,1/151
東名,2026-10-02,,10/2 23:21,スロット,3657,LﾀﾞｰﾘﾝｲﾝｻﾞﾌﾗﾝｷｽSA,0462,0.0,2.4,-2.5,0,5,5,,1/74,1/440
東名,2026-10-02,,10/2 23:21,スロット,3657,LﾀﾞｰﾘﾝｲﾝｻﾞﾌﾗﾝｷｽSA,0463,-0.3,0.2,-0.2,0,1,2,1/164,1/172,1/216
東名,2026-10-02,,10/2 23:21,スロット,3486,Lﾀﾞﾝﾍﾞﾙ何ｷﾛ持てる?X,0431,-2.1,0.2,1.2,17,21,19,1/139,1/55,1/21
東名,2026-10-02,,10/2 23:21,スロット,3613,Lﾃﾞﾋﾞﾙﾒｲｸﾗｲ5ST XA,0694,-0.1,0.0,0.0,2,0,0,1/114,,
東名,2026-10-02,,10/2 23:21,スロット,3613,Lﾃﾞﾋﾞﾙﾒｲｸﾗｲ5ST XA,0695,-0.4,1.6,0.0,6,15,0,1/143,1/73,
東名,2026-10-02,,10/2 23:21,スロット,3613,Lﾃﾞﾋﾞﾙﾒｲｸﾗｲ5ST XA,0696,0.0,0.0,0.0,0,0,0,,,
東名,2026-10-02,,10/2 23:21,スロット,3702,LﾈｵﾌﾟﾗﾈｯﾄSLED,0499,-1.2,0.1,1.4,1,13,13,1/1122,1/278,1/198
東名,2026-10-02,,10/2 23:21,スロット,3787,LﾊﾞｰﾃﾞｨｰｳｲﾝｸﾞBC,0477,-0.8,-3.1,4.1,3,9,28,1/168,1/218,1/38
東名,2026-10-02,,10/2 23:21,スロット,3541,Lﾊﾞｲｵﾊｻﾞｰﾄﾞ5ZE,0676,1.6,-1.4,-1.2,24,1,2,1/97,1/800,1/438
東名,2026-10-02,,10/2 23:21,スロット,3541,Lﾊﾞｲｵﾊｻﾞｰﾄﾞ5ZE,0677,-1.8,-1.3,-1.1,4,2,1,1/290,1/393,1/625
東名,2026-10-02,,10/2 23:21,スロット,3541,Lﾊﾞｲｵﾊｻﾞｰﾄﾞ5ZE,0678,0.1,-0.5,0.2,13,15,18,1/111,1/196,1/135
東名,2026-10-02,,10/2 23:21,スロット,3781,LﾊﾞｲｵﾊｻﾞｰﾄﾞRE:3 ZD,0474,-0.7,-2.9,-0.4,2,16,3,1/224,1/151,1/131
東名,2026-10-02,,10/2 23:21,スロット,3781,LﾊﾞｲｵﾊｻﾞｰﾄﾞRE:3 ZD,0475,0.0,0.0,-0.5,0,0,4,,,1/148
東名,2026-10-02,,10/2 23:21,スロット,3781,LﾊﾞｲｵﾊｻﾞｰﾄﾞRE:3 ZD,0476,0.0,0.0,-1.5,0,0,1,,,1/824
東名,2026-10-02,,10/2 23:21,スロット,3084,Lﾊﾟﾁｽﾛひぐらしのなく頃に業SS,0664,-0.7,-0.9,0.9,0,0,5,1/494,1/768,1/446
東名,2026-10-02,,10/2 23:21,スロット,2853,Lﾊﾟﾁｽﾛ北斗の拳AD XR,0487,0.7,0.0,0.3,13,0,9,1/55,1/15,1/64
東名,2026-10-02,,10/2 23:21,スロット,2853,Lﾊﾟﾁｽﾛ北斗の拳AD XR,0488,-0.8,0.0,-0.1,1,14,8,1/578,1/82,1/94
東名,2026-10-02,,10/2 23:21,スロット,2853,Lﾊﾟﾁｽﾛ北斗の拳AD XR,0489,6.9,-0.8,0.9,78,3,11,1/38,1/220,1/51
東名,2026-10-02,,10/2 23:21,スロット,2853,Lﾊﾟﾁｽﾛ北斗の拳AD XR,0490,-0.1,-0.6,-0.5,1,2,12,1/183,1/241,1/113
東名,2026-10-02,,10/2 23:21,スロット,2853,Lﾊﾟﾁｽﾛ北斗の拳AD XR,0491,-1.5,0.0,-0.7,1,13,5,1/817,1/79,1/161
東名,2026-10-02,,10/2 23:21,スロット,2853,Lﾊﾟﾁｽﾛ北斗の拳AD XR,0492,-0.5,-0.4,4.9,3,1,63,1/193,1/322,1/42
東名,2026-10-02,,10/2 23:21,スロット,2853,Lﾊﾟﾁｽﾛ北斗の拳AD XR,0493,1.1,0.7,8.2,19,7,55,1/52,1/35,1/12
東名,2026-10-02,,10/2 23:21,スロット,2853,Lﾊﾟﾁｽﾛ北斗の拳AD XR,0494,-2.0,-0.1,0.5,3,8,9,1/464,1/100,1/70
東名,2026-10-02,,10/2 23:21,スロット,2853,Lﾊﾟﾁｽﾛ北斗の拳AD XR,0495,-1.2,-0.2,-0.5,4,4,8,1/262,1/143,1/152
東名,2026-10-02,,10/2 23:21,スロット,2853,Lﾊﾟﾁｽﾛ北斗の拳AD XR,0496,-2.7,-1.7,-0.6,10,10,2,1/253,1/190,1/261
東名,2026-10-02,,10/2 23:21,スロット,2853,Lﾊﾟﾁｽﾛ北斗の拳AD XR,0497,-0.6,-0.1,6.3,5,3,60,1/146,1/126,1/36
東名,2026-10-02,,10/2 23:21,スロット,2853,Lﾊﾟﾁｽﾛ北斗の拳AD XR,0498,-0.9,0.1,-1.0,17,1,1,1/126,1/66,1/762
東名,2026-10-02,,10/2 23:21,スロット,3821,Lﾊﾟﾁｽﾛ喰霊零Re/L3,0556,-2.2,0.1,0.4,15,11,24,1/286,1/287,1/187
東名,2026-10-02,,10/2 23:21,スロット,3725,Lﾊﾟﾁｽﾛ鉄拳6YD01H,0424,-1.0,-1.2,0.0,5,2,0,1/185,1/436,
東名,2026-10-02,,10/2 23:21,スロット,3725,Lﾊﾟﾁｽﾛ鉄拳6YD01H,0425,-0.2,-0.2,4.8,0,0,22,1/141,1/112,1/78
東名,2026-10-02,,10/2 23:21,スロット,3725,Lﾊﾟﾁｽﾛ鉄拳6YD01H,0426,-0.2,-2.0,-0.5,0,3,5,1/123,1/383,1/157
東名,2026-10-02,,10/2 23:21,スロット,3725,Lﾊﾟﾁｽﾛ鉄拳6YD01H,0427,3.4,-0.2,0.5,13,0,3,1/48,1/98,1/161
東名,2026-10-02,,10/2 23:21,スロット,3725,Lﾊﾟﾁｽﾛ鉄拳6YD01H,0428,-0.3,-0.1,-1.5,0,0,11,1/132,1/99,1/176
東名,2026-10-02,,10/2 23:21,スロット,3329,LﾊﾟﾁｽﾛｺﾞｯﾄﾞｲｰﾀｰﾘｻﾞﾚｸｼｮﾝSLED,0542,-0.9,0.8,-0.5,11,9,6,1/114,1/37,1/103
東名,2026-10-02,,10/2 23:21,スロット,3329,LﾊﾟﾁｽﾛｺﾞｯﾄﾞｲｰﾀｰﾘｻﾞﾚｸｼｮﾝSLED,0543,0.7,-0.1,-2.4,8,2,34,1/52,1/68,1/98
東名,2026-10-02,,10/2 23:21,スロット,3329,LﾊﾟﾁｽﾛｺﾞｯﾄﾞｲｰﾀｰﾘｻﾞﾚｸｼｮﾝSLED,0544,-0.5,-1.9,-0.3,5,7,5,1/102,1/162,1/84
東名,2026-10-02,,10/2 23:21,スロット,3780,Lﾊﾟﾁｽﾛｽｰﾊﾟｰﾘｵｴｰｽ2ND02H,0510,-1.9,-1.4,-0.3,3,3,4,1/395,1/306,1/187
東名,2026-10-02,,10/2 23:21,スロット,3780,Lﾊﾟﾁｽﾛｽｰﾊﾟｰﾘｵｴｰｽ2ND02H,0511,-0.2,-0.9,-0.1,6,2,0,1/120,1/293,1/62
東名,2026-10-02,,10/2 23:21,スロット,3766,LﾊﾟﾁｽﾛﾖﾙﾑﾝｶﾞﾝﾄﾞND01G,0433,-0.3,0.0,0.4,6,0,2,1/179,,1/116
東名,2026-10-02,,10/2 23:21,スロット,3709,LﾌﾟﾘｽﾞﾑﾅﾅCC,0432,-0.9,-1.8,-1.3,2,4,0,1/383,1/414,1/709
東名,2026-10-02,,10/2 23:21,スロット,3096,Lﾏｼﾞｶﾙﾊﾛｳｨﾝ8FE,0622,1.1,0.1,-1.3,19,10,18,1/146,1/181,1/215
東名,2026-10-02,,10/2 23:21,スロット,3096,Lﾏｼﾞｶﾙﾊﾛｳｨﾝ8FE,0623,-0.8,0.0,-0.5,6,0,6,1/274,1/71,1/185
東名,2026-10-02,,10/2 23:21,スロット,3098,Lﾓﾝｷｰﾀｰﾝ5CE,0512,-1.1,-1.2,-1.2,15,12,27,1/167,1/132,1/102
東名,2026-10-02,,10/2 23:21,スロット,3098,Lﾓﾝｷｰﾀｰﾝ5CE,0513,0.0,2.2,-2.7,2,31,11,1/95,1/49,1/201
東名,2026-10-02,,10/2 23:21,スロット,3098,Lﾓﾝｷｰﾀｰﾝ5CE,0514,-1.3,4.8,-2.9,1,46,27,1/712,1/61,1/153
東名,2026-10-02,,10/2 23:21,スロット,3098,Lﾓﾝｷｰﾀｰﾝ5CE,0515,-1.0,0.9,0.4,5,33,23,1/198,1/79,1/90
東名,2026-10-02,,10/2 23:21,スロット,3098,Lﾓﾝｷｰﾀｰﾝ5CE,0516,7.6,3.4,3.8,47,56,65,1/29,1/77,1/47
東名,2026-10-02,,10/2 23:21,スロット,3448,LﾓﾝｽﾀｰﾊﾝﾀｰﾗｲｽﾞXA,0501,-1.6,1.5,-1.4,8,33,6,1/210,1/57,1/205
東名,2026-10-02,,10/2 23:21,スロット,3448,LﾓﾝｽﾀｰﾊﾝﾀｰﾗｲｽﾞXA,0502,-0.2,0.0,-1.5,4,7,5,1/92,1/73,1/224
東名,2026-10-02,,10/2 23:21,スロット,3448,LﾓﾝｽﾀｰﾊﾝﾀｰﾗｲｽﾞXA,0503,-0.5,-0.3,0.1,0,15,9,1/263,1/108,1/62
東名,2026-10-02,,10/2 23:21,スロット,3448,LﾓﾝｽﾀｰﾊﾝﾀｰﾗｲｽﾞXA,0504,0.6,-1.6,3.1,10,21,38,1/45,1/116,1/53
東名,2026-10-02,,10/2 23:21,スロット,3448,LﾓﾝｽﾀｰﾊﾝﾀｰﾗｲｽﾞXA,0505,-0.7,0.0,0.3,0,2,19,1/357,1/91,1/81
東名,2026-10-02,,10/2 23:21,スロット,3827,Lﾚﾝﾀﾙ彼女bK,0559,-1.7,-1.9,-4.1,46,36,38,1/118,1/124,1/160
東名,2026-10-02,,10/2 23:21,スロット,3056,S ｴｳﾚｶｾﾌﾞﾝHIEVO XS,0699,0.2,0.4,3.9,7,2,30,1/196,1/120,1/131
東名,2026-10-02,,10/2 23:21,スロット,3056,S ｴｳﾚｶｾﾌﾞﾝHIEVO XS,0700,-0.3,0.2,-1.0,4,8,9,1/234,1/220,1/192
東名,2026-10-02,,10/2 23:21,スロット,2710,S/沖ﾄﾞｷ!GOLD/GS,0707,1.2,0.7,-0.3,5,14,0,1/36,1/150,1/124
東名,2026-10-02,,10/2 23:21,スロット,2710,S/沖ﾄﾞｷ!GOLD/GS,0708,2.2,-0.4,-0.5,13,0,0,1/74,1/211,1/229
東名,2026-10-02,,10/2 23:21,スロット,2710,S/沖ﾄﾞｷ!GOLD/GS,0709,-0.4,-0.1,-1.3,0,1,0,1/216,1/217,1/788
東名,2026-10-02,,10/2 23:21,スロット,2710,S/沖ﾄﾞｷ!GOLD/GS,0710,-0.2,-0.1,-0.3,0,0,0,1/90,1/49,1/139
東名,2026-10-02,,10/2 23:21,スロット,2874,S/ｱﾅｻﾞｰｺﾞｯﾄﾞﾊｰﾃﾞｽ/SL,0705,2.1,-0.2,-0.3,6,3,6,1/288,1/535,1/304
東名,2026-10-02,,10/2 23:21,スロット,3675,S/ﾄﾞﾙｱｰｶﾞの塔/ZU,0714,-0.9,-3.7,3.8,13,3,27,1/360,1/977,1/215
東名,2026-10-02,,10/2 23:21,スロット,3461,SｳﾙﾄﾗﾐﾗｸﾙｼﾞｬｸﾞﾗｰKT,0588,-0.6,-0.4,-0.4,4,2,3,1/343,1/357,1/353
東名,2026-10-02,,10/2 23:21,スロット,3461,SｳﾙﾄﾗﾐﾗｸﾙｼﾞｬｸﾞﾗｰKT,0589,-0.4,0.3,-1.2,0,8,4,1/203,1/243,1/443
東名,2026-10-02,,10/2 23:21,スロット,3461,SｳﾙﾄﾗﾐﾗｸﾙｼﾞｬｸﾞﾗｰKT,0590,2.1,0.0,-1.5,27,6,8,1/202,1/240,1/381
東名,2026-10-02,,10/2 23:21,スロット,2923,Sｺｰﾄﾞｷﾞｱｽ3C.C.FS,0703,0.0,0.0,-0.2,0,0,0,,,1/146
東名,2026-10-02,,10/2 23:21,スロット,2923,Sｺｰﾄﾞｷﾞｱｽ3C.C.FS,0704,0.0,0.0,0.2,0,0,3,,,1/249
東名,2026-10-02,,10/2 23:21,スロット,2952,Sｺﾞｰｺﾞｰｼﾞｬｸﾞﾗｰ3KA,0576,-0.4,-1.0,-0.6,3,0,3,1/368,1/737,1/365
東名,2026-10-02,,10/2 23:21,スロット,2952,Sｺﾞｰｺﾞｰｼﾞｬｸﾞﾗｰ3KA,0577,-1.9,0.9,-0.4,16,12,12,1/362,1/189,1/268
東名,2026-10-02,,10/2 23:21,スロット,2952,Sｺﾞｰｺﾞｰｼﾞｬｸﾞﾗｰ3KA,0578,-0.4,-0.8,-0.7,1,6,1,1/512,1/311,1/767
東名,2026-10-02,,10/2 23:21,スロット,2952,Sｺﾞｰｺﾞｰｼﾞｬｸﾞﾗｰ3KA,0579,-0.2,-0.2,-1.3,7,0,9,1/313,1/217,1/372
東名,2026-10-02,,10/2 23:21,スロット,2952,Sｺﾞｰｺﾞｰｼﾞｬｸﾞﾗｰ3KA,0580,0.8,-0.3,0.5,11,0,35,1/163,1/142,1/210
東名,2026-10-02,,10/2 23:21,スロット,2952,Sｺﾞｰｺﾞｰｼﾞｬｸﾞﾗｰ3KA,0581,-1.6,0.9,0.9,0,20,20,1/1133,1/218,1/214
東名,2026-10-02,,10/2 23:21,スロット,2952,Sｺﾞｰｺﾞｰｼﾞｬｸﾞﾗｰ3KA,0582,-1.2,2.5,-0.2,4,19,4,1/481,1/159,1/238
東名,2026-10-02,,10/2 23:21,スロット,2952,Sｺﾞｰｺﾞｰｼﾞｬｸﾞﾗｰ3KA,0583,0.1,-0.6,-0.8,4,7,3,1/187,1/464,1/486
東名,2026-10-02,,10/2 23:21,スロット,2952,Sｺﾞｰｺﾞｰｼﾞｬｸﾞﾗｰ3KA,0584,0.7,-0.7,-1.2,15,2,1,1/205,1/402,1/889
東名,2026-10-02,,10/2 23:21,スロット,3242,SｼﾞｬｸﾞﾗｰｶﾞｰﾙｽﾞSS-KH,0522,-0.9,-0.7,-0.7,1,2,0,1/824,1/521,1/539
東名,2026-10-02,,10/2 23:21,スロット,3242,SｼﾞｬｸﾞﾗｰｶﾞｰﾙｽﾞSS-KH,0523,-0.4,-0.2,-0.2,0,6,18,1/332,1/270,1/272
東名,2026-10-02,,10/2 23:21,スロット,3242,SｼﾞｬｸﾞﾗｰｶﾞｰﾙｽﾞSS-KH,0573,-1.7,-0.5,-0.9,11,0,3,1/385,1/437,1/563
東名,2026-10-02,,10/2 23:21,スロット,3242,SｼﾞｬｸﾞﾗｰｶﾞｰﾙｽﾞSS-KH,0574,-0.7,-0.3,1.3,1,9,11,1/669,1/321,1/146
東名,2026-10-02,,10/2 23:21,スロット,3242,SｼﾞｬｸﾞﾗｰｶﾞｰﾙｽﾞSS-KH,0575,-0.9,-0.4,-1.7,1,0,5,1/840,1/234,1/477
東名,2026-10-02,,10/2 23:21,スロット,3242,SｼﾞｬｸﾞﾗｰｶﾞｰﾙｽﾞSS-KH,0711,0.0,-0.1,-0.2,0,0,0,,1/30,1/212
東名,2026-10-02,,10/2 23:21,スロット,3242,SｼﾞｬｸﾞﾗｰｶﾞｰﾙｽﾞSS-KH,0712,-0.1,0.0,0.9,0,0,10,1/35,,1/204
東名,2026-10-02,,10/2 23:21,スロット,3242,SｼﾞｬｸﾞﾗｰｶﾞｰﾙｽﾞSS-KH,0713,-0.1,-0.2,-0.2,0,3,0,1/47,1/403,1/117
東名,2026-10-02,,10/2 23:21,スロット,3256,Sﾀﾞﾝまち2XZ,0706,-1.1,-0.4,-1.9,5,0,6,1/222,1/555,1/297
東名,2026-10-02,,10/2 23:21,スロット,3265,SﾆｭｰﾊﾟﾙｻｰSP4SLE8,0701,-0.1,0.4,-0.5,1,3,4,1/318,1/127,1/435
東名,2026-10-02,,10/2 23:21,スロット,3265,SﾆｭｰﾊﾟﾙｻｰSP4SLE8,0702,-0.1,-0.5,-0.3,3,0,13,1/262,1/365,1/261
東名,2026-10-02,,10/2 23:21,スロット,3672,SﾈｵｱｲﾑｼﾞｬｸﾞﾗｰEX-KK,0607,0.4,-0.8,-0.7,8,0,12,1/263,1/600,1/304
東名,2026-10-02,,10/2 23:21,スロット,3672,SﾈｵｱｲﾑｼﾞｬｸﾞﾗｰEX-KK,0608,1.3,-0.5,-1.2,8,4,1,1/157,1/314,1/1060
東名,2026-10-02,,10/2 23:21,スロット,3672,SﾈｵｱｲﾑｼﾞｬｸﾞﾗｰEX-KK,0609,-0.2,-0.1,-0.2,4,4,5,1/205,1/203,1/273
東名,2026-10-02,,10/2 23:21,スロット,3672,SﾈｵｱｲﾑｼﾞｬｸﾞﾗｰEX-KK,0610,-0.2,1.0,-0.3,5,13,4,1/295,1/257,1/321
東名,2026-10-02,,10/2 23:21,スロット,3672,SﾈｵｱｲﾑｼﾞｬｸﾞﾗｰEX-KK,0611,-0.4,-0.4,-0.7,3,0,3,1/483,1/319,1/364
東名,2026-10-02,,10/2 23:21,スロット,3672,SﾈｵｱｲﾑｼﾞｬｸﾞﾗｰEX-KK,0612,-0.4,0.6,-0.9,1,8,1,1/393,1/229,1/795
東名,2026-10-02,,10/2 23:21,スロット,3672,SﾈｵｱｲﾑｼﾞｬｸﾞﾗｰEX-KK,0613,-0.5,-0.3,-0.3,9,0,23,1/319,1/239,1/305
東名,2026-10-02,,10/2 23:21,スロット,3672,SﾈｵｱｲﾑｼﾞｬｸﾞﾗｰEX-KK,0614,-0.4,-0.3,0.8,2,12,14,1/342,1/274,1/248
東名,2026-10-02,,10/2 23:21,スロット,3672,SﾈｵｱｲﾑｼﾞｬｸﾞﾗｰEX-KK,0615,1.1,-0.2,0.6,21,1,13,1/187,1/350,1/234
東名,2026-10-02,,10/2 23:21,スロット,2609,SﾊｯﾋﾟｰｼﾞｬｸﾞﾗｰⅤⅢ,0616,-0.6,-0.1,-0.3,4,1,1,1/295,1/403,1/441
東名,2026-10-02,,10/2 23:21,スロット,2609,SﾊｯﾋﾟｰｼﾞｬｸﾞﾗｰⅤⅢ,0617,-0.5,-0.3,0.0,4,0,16,1/264,1/429,1/229
東名,2026-10-02,,10/2 23:21,スロット,2609,SﾊｯﾋﾟｰｼﾞｬｸﾞﾗｰⅤⅢ,0618,-1.0,-0.5,0.7,0,0,15,1/933,1/271,1/215
東名,2026-10-02,,10/2 23:21,スロット,2609,SﾊｯﾋﾟｰｼﾞｬｸﾞﾗｰⅤⅢ,0619,-1.1,0.3,-0.6,4,6,2,1/437,1/216,1/594
東名,2026-10-02,,10/2 23:21,スロット,2609,SﾊｯﾋﾟｰｼﾞｬｸﾞﾗｰⅤⅢ,0620,-0.2,-0.7,-0.4,1,2,9,1/428,1/534,1/341
東名,2026-10-02,,10/2 23:21,スロット,2609,SﾊｯﾋﾟｰｼﾞｬｸﾞﾗｰⅤⅢ,0621,1.5,-0.5,-0.7,25,4,2,1/214,1/346,1/510
東名,2026-10-02,,10/2 23:21,スロット,2318,Sﾌｧﾝｷｰｼﾞｬｸﾞﾗｰ2KT,0561,-1.0,-1.0,2.5,4,19,37,1/467,1/294,1/207
東名,2026-10-02,,10/2 23:21,スロット,2318,Sﾌｧﾝｷｰｼﾞｬｸﾞﾗｰ2KT,0562,-0.4,-0.1,1.3,12,4,34,1/245,1/251,1/278
東名,2026-10-02,,10/2 23:21,スロット,2318,Sﾌｧﾝｷｰｼﾞｬｸﾞﾗｰ2KT,0563,0.3,1.3,-0.9,15,12,0,1/209,1/171,1/604
東名,2026-10-02,,10/2 23:21,スロット,2318,Sﾌｧﾝｷｰｼﾞｬｸﾞﾗｰ2KT,0564,-0.8,-0.5,0.9,5,1,23,1/355,1/506,1/216
東名,2026-10-02,,10/2 23:21,スロット,2318,Sﾌｧﾝｷｰｼﾞｬｸﾞﾗｰ2KT,0565,-0.9,0.4,-0.7,5,15,8,1/397,1/219,1/354
東名,2026-10-02,,10/2 23:21,スロット,2318,Sﾌｧﾝｷｰｼﾞｬｸﾞﾗｰ2KT,0566,0.0,0.3,-0.6,3,4,1,1/199,1/229,1/952
東名,2026-10-02,,10/2 23:21,スロット,2318,Sﾌｧﾝｷｰｼﾞｬｸﾞﾗｰ2KT,0567,-0.1,-0.4,-0.7,10,17,14,1/247,1/322,1/301
東名,2026-10-02,,10/2 23:21,スロット,2318,Sﾌｧﾝｷｰｼﾞｬｸﾞﾗｰ2KT,0568,-0.1,0.3,-0.6,4,7,1,1/268,1/156,1/639
東名,2026-10-02,,10/2 23:21,スロット,2318,Sﾌｧﾝｷｰｼﾞｬｸﾞﾗｰ2KT,0569,-0.6,-0.4,-0.1,5,1,10,1/380,1/402,1/311
東名,2026-10-02,,10/2 23:21,スロット,2318,Sﾌｧﾝｷｰｼﾞｬｸﾞﾗｰ2KT,0570,-0.7,0.7,-0.9,2,15,8,1/456,1/229,1/335
東名,2026-10-02,,10/2 23:21,スロット,2318,Sﾌｧﾝｷｰｼﾞｬｸﾞﾗｰ2KT,0571,-0.1,0.7,-0.1,11,17,5,1/259,1/170,1/244
東名,2026-10-02,,10/2 23:21,スロット,2318,Sﾌｧﾝｷｰｼﾞｬｸﾞﾗｰ2KT,0572,-0.4,-0.7,0.3,10,2,22,1/286,1/628,1/201
東名,2026-10-02,,10/2 23:21,スロット,2357,SﾏｲｼﾞｬｸﾞﾗｰVKD,0524,-1.3,-0.3,2.5,7,6,32,1/445,1/279,1/218
東名,2026-10-02,,10/2 23:21,スロット,2357,SﾏｲｼﾞｬｸﾞﾗｰVKD,0525,-0.8,1.2,0.2,6,11,21,1/358,1/177,1/219
東名,2026-10-02,,10/2 23:21,スロット,2357,SﾏｲｼﾞｬｸﾞﾗｰVKD,0526,-0.6,2.5,-2.3,5,25,12,1/278,1/203,1/463
東名,2026-10-02,,10/2 23:21,スロット,2357,SﾏｲｼﾞｬｸﾞﾗｰVKD,0527,-0.7,-1.2,-1.9,14,7,11,1/340,1/403,1/376
東名,2026-10-02,,10/2 23:21,スロット,2357,SﾏｲｼﾞｬｸﾞﾗｰVKD,0528,-1.2,-0.5,-1.4,2,2,6,1/752,1/348,1/525
東名,2026-10-02,,10/2 23:21,スロット,2357,SﾏｲｼﾞｬｸﾞﾗｰVKD,0529,0.9,0.8,-0.2,21,17,34,1/219,1/235,1/240
東名,2026-10-02,,10/2 23:21,スロット,2357,SﾏｲｼﾞｬｸﾞﾗｰVKD,0530,0.2,-0.5,-1.1,15,2,5,1/220,1/487,1/421
東名,2026-10-02,,10/2 23:21,スロット,2357,SﾏｲｼﾞｬｸﾞﾗｰVKD,0531,2.1,-0.7,1.2,25,5,31,1/184,1/433,1/252
東名,2026-10-02,,10/2 23:21,スロット,2357,SﾏｲｼﾞｬｸﾞﾗｰVKD,0532,0.1,-1.0,2.0,7,0,33,1/260,1/766,1/225
東名,2026-10-02,,10/2 23:21,スロット,2357,SﾏｲｼﾞｬｸﾞﾗｰVKD,0533,1.0,0.8,-1.0,17,9,14,1/226,1/196,1/324
東名,2026-10-02,,10/2 23:21,スロット,2357,SﾏｲｼﾞｬｸﾞﾗｰVKD,0534,-0.7,-0.6,-0.2,1,1,8,1/641,1/537,1/287
東名,2026-10-02,,10/2 23:21,スロット,2357,SﾏｲｼﾞｬｸﾞﾗｰVKD,0535,-0.6,1.3,-0.2,15,28,21,1/301,1/222,1/262
東名,2026-10-02,,10/2 23:21,スロット,2357,SﾏｲｼﾞｬｸﾞﾗｰVKD,0536,-1.8,-0.6,1.3,3,1,29,1/731,1/579,1/235
東名,2026-10-02,,10/2 23:21,スロット,3326,SﾐｽﾀｰｼﾞｬｸﾞﾗｰKK,0585,-0.5,0.2,-0.4,1,2,9,1/449,1/176,1/320
東名,2026-10-02,,10/2 23:21,スロット,3326,SﾐｽﾀｰｼﾞｬｸﾞﾗｰKK,0586,-0.2,-0.5,-0.5,8,1,2,1/309,1/521,1/482
東名,2026-10-02,,10/2 23:21,スロット,3326,SﾐｽﾀｰｼﾞｬｸﾞﾗｰKK,0587,-1.0,-0.1,-0.9,0,13,13,1/585,1/238,1/260
東名,2026-10-02,,10/2 23:21,スロット,3814,⑤L/いざ番長/SB8,0715,-4.1,-3.5,1.3,28,9,21,1/164,1/271,1/83
東名,2026-10-02,,10/2 23:21,スロット,3690,⑤L/緑ﾄﾞﾝ5/FY,0716,-1.0,3.6,-1.2,9,11,18,1/212,1/145,1/171
東名,2026-10-02,,10/2 23:21,スロット,3832,⑤LBﾆｭｰﾊﾟﾙｻｰBTC9,0717,1.3,2.8,-0.2,4,17,0,1/246,1/199,1/76
東名,2026-10-02,,10/2 23:21,スロット,3831,⑤LからくりｻｰｶｽG,0719,0.4,-3.9,-2.1,25,18,12,1/68,1/167,1/157
東名,2026-10-02,,10/2 23:21,スロット,3830,⑤L革命機ｳﾞｧﾙｳﾞﾚｲｳﾞ2jF,0718,-0.3,-2.3,-0.2,17,15,24,1/174,1/266,1/192
東名,2026-10-02,,10/2 23:21,スロット,3303,⑤S ｴｳﾚｶｾﾌﾞﾝHIEVO XS,0723,2.5,-0.6,-0.5,42,1,2,1/178,1/503,1/333
東名,2026-10-02,,10/2 23:21,スロット,3311,⑤S ｶﾞﾒﾗ2 XR,0722,0.8,-0.8,-0.3,9,7,1,1/355,1/489,1/585
東名,2026-10-02,,10/2 23:21,スロット,3267,⑤S/沖ﾄﾞｷ!DUO/DH,0445,-0.2,2.5,2.2,12,20,12,1/162,1/88,1/45
東名,2026-10-02,,10/2 23:21,スロット,3310,⑤S/沖ﾄﾞｷ!GOLD/GS,0446,-0.1,-0.2,-0.7,5,0,0,1/184,1/76,1/347
東名,2026-10-02,,10/2 23:21,スロット,3310,⑤S/沖ﾄﾞｷ!GOLD/GS,0447,2.1,-0.3,-1.0,38,0,5,1/133,1/161,1/278
東名,2026-10-02,,10/2 23:21,スロット,3296,⑤S/ｸﾗﾝｷｰｸﾚｽﾄ/CR,0456,-0.7,-1.9,-0.8,10,7,5,1/291,1/390,1/416
東名,2026-10-02,,10/2 23:21,スロット,3299,⑤S/ﾊﾞｰｻｽﾘｳﾞｧｲｽﾞ/HS,0721,1.4,0.8,-0.1,17,10,7,1/230,1/214,1/301
東名,2026-10-02,,10/2 23:21,スロット,3308,⑤S炎炎ﾉ消防隊jS,0450,1.8,-0.1,0.2,24,9,29,1/85,1/147,1/139
東名,2026-10-02,,10/2 23:21,スロット,3308,⑤S炎炎ﾉ消防隊jS,0451,-1.6,-0.9,-1.1,2,10,0,1/609,1/214,1/760
東名,2026-10-02,,10/2 23:21,スロット,3308,⑤S炎炎ﾉ消防隊jS,0452,-2.1,2.5,-1.7,2,41,6,1/658,1/110,1/286
東名,2026-10-02,,10/2 23:21,スロット,3307,⑤SｸﾞﾗﾝﾍﾞﾙﾑZXZ,0720,-1.1,-0.5,0.1,28,11,51,1/77,1/71,1/52
東名,2026-10-02,,10/2 23:21,スロット,3480,⑤Sﾀﾞﾝまち2XZ,0443,-0.6,0.0,-0.9,15,12,2,1/184,1/118,1/546
東名,2026-10-02,,10/2 23:21,スロット,3480,⑤Sﾀﾞﾝまち2XZ,0444,-0.2,1.0,-1.2,0,12,6,1/113,1/198,1/228
東名,2026-10-02,,10/2 23:21,スロット,3302,⑤SﾊﾞｲｵﾊｻﾞｰﾄﾞRE:2 XB,0448,-1.5,-2.1,0.2,19,8,31,1/149,1/243,1/89
東名,2026-10-02,,10/2 23:21,スロット,3309,⑤Sﾊﾟﾁｽﾛ甲鉄城のｶﾊﾞﾈﾘZR,0453,0.9,-1.7,-0.6,22,10,2,1/82,1/168,1/221
東名,2026-10-02,,10/2 23:21,スロット,3309,⑤Sﾊﾟﾁｽﾛ甲鉄城のｶﾊﾞﾈﾘZR,0454,-0.6,0.6,-0.1,7,18,13,1/141,1/63,1/64
東名,2026-10-02,,10/2 23:21,スロット,3309,⑤Sﾊﾟﾁｽﾛ甲鉄城のｶﾊﾞﾈﾘZR,0455,-0.4,2.1,-0.3,17,36,0,1/110,1/64,1/125
東名,2026-10-02,,10/2 23:21,スロット,3479,⑤SﾊﾟﾁｽﾛｳﾙﾄﾗﾏﾝﾀﾛｳMG,0724,-2.2,-0.8,1.7,19,13,25,1/164,1/109,1/47
東名,2026-10-02,,10/2 23:21,スロット,2714,⑤ﾊﾟﾁｽﾛ頭文字D XR,0442,1.4,-0.2,-1.0,16,1,2,1/150,1/202,1/374
東名,2026-10-02,,10/2 23:21,スロット,2714,⑤ﾊﾟﾁｽﾛ頭文字D XR,0449,4.8,0.0,-0.2,25,5,0,1/102,1/128,1/133
野川,2026-10-02,,10/2 23:31,パチンコ,2802,e Re:ｾﾞﾛから始める異世界生活2,0323,-4.4,-0.7,-2.5,0,5,0,1/493,1/738,1/255
野川,2026-10-02,,10/2 23:31,パチンコ,2802,e Re:ｾﾞﾛから始める異世界生活2,0324,0.3,-1.5,-0.7,4,0,0,1/363,1/152,1/63
野川,2026-10-02,,10/2 23:31,パチンコ,3242,e 七つの大罪3GFEA,0459,-0.1,-0.8,3.7,0,2,4,1/9,1/198,1/88
野川,2026-10-02,,10/2 23:31,パチンコ,3070,e 新･必殺仕置人 超斬撃99,0469,-0.8,-2.1,-0.9,0,3,2,1/80,1/81,1/151
野川,2026-10-02,,10/2 23:31,パチンコ,3040,e 東京喰種,0478,-6.7,-2.0,-5.3,1,6,8,1/772,1/110,1/213
野川,2026-10-02,,10/2 23:31,パチンコ,3040,e 東京喰種,0479,1.8,-6.8,-0.9,6,4,3,1/312,1/246,1/197
野川,2026-10-02,,10/2 23:31,パチンコ,3040,e 東京喰種,0480,2.7,-3.0,2.9,8,6,4,1/149,1/129,1/54
野川,2026-10-02,,10/2 23:31,パチンコ,3040,e 東京喰種,0481,-5.0,-3.9,-4.4,2,1,1,1/330,1/448,1/493
野川,2026-10-02,,10/2 23:31,パチンコ,3040,e 東京喰種,0482,11.7,-2.8,-7.4,13,2,9,1/135,1/188,1/222
野川,2026-10-02,,10/2 23:31,パチンコ,3176,e 甲鉄城のｶﾊﾞﾈﾘ2GFEA,0317,-0.8,-0.4,-1.5,0,0,0,1/94,1/53,1/165
野川,2026-10-02,,10/2 23:31,パチンコ,3176,e 甲鉄城のｶﾊﾞﾈﾘ2GFEA,0318,-0.1,6.6,-0.1,0,5,0,1/5,1/3,1/15
野川,2026-10-02,,10/2 23:31,パチンコ,3178,e 魔法少女まどか☆ﾏｷﾞｶ3LPM1,0398,-1.5,-0.4,-0.6,1,1,0,1/212,1/69,1/67
野川,2026-10-02,,10/2 23:31,パチンコ,3178,e 魔法少女まどか☆ﾏｷﾞｶ3LPM1,0399,-1.0,-0.7,-0.3,0,0,0,1/124,1/90,1/40
野川,2026-10-02,,10/2 23:31,パチンコ,3240,e ｿｰﾄﾞｱｰﾄ･ｵﾝﾗｲﾝ ｱﾘｼｾﾞｰｼｮﾝYKJ11,0325,3.2,-7.5,-18.8,16,10,9,1/653,1/187,1/385
野川,2026-10-02,,10/2 23:31,パチンコ,3240,e ｿｰﾄﾞｱｰﾄ･ｵﾝﾗｲﾝ ｱﾘｼｾﾞｰｼｮﾝYKJ11,0326,-1.1,-9.7,3.5,10,7,18,1/283,1/270,1/271
野川,2026-10-02,,10/2 23:31,パチンコ,3086,e ﾏｷﾞｱﾚｺｰﾄﾞまどか☆ﾏｷﾞｶ外伝KRJ1,0391,0.0,0.0,-0.5,0,0,3,,,1/64
野川,2026-10-02,,10/2 23:31,パチンコ,3086,e ﾏｷﾞｱﾚｺｰﾄﾞまどか☆ﾏｷﾞｶ外伝KRJ1,0392,0.0,12.1,-0.2,0,15,0,1/3,1/60,1/18
野川,2026-10-02,,10/2 23:31,パチンコ,3241,e/押忍!番長 漢の頂/A03 99Ver,0402,3.1,-0.7,-1.7,12,1,4,1/61,1/84,1/72
野川,2026-10-02,,10/2 23:31,パチンコ,3241,e/押忍!番長 漢の頂/A03 99Ver,0403,-2.2,3.1,5.1,3,16,20,1/100,1/66,1/35
野川,2026-10-02,,10/2 23:31,パチンコ,3217,e/ｶﾞﾝｹﾞｲﾙ･ｵﾝﾗｲﾝ/M08,0387,-0.7,-0.7,-0.2,0,0,0,1/72,1/67,1/23
野川,2026-10-02,,10/2 23:31,パチンコ,3217,e/ｶﾞﾝｹﾞｲﾙ･ｵﾝﾗｲﾝ/M08,0388,-1.0,-1.3,-0.4,0,0,0,1/103,1/150,1/45
野川,2026-10-02,,10/2 23:31,パチンコ,3169,eいせれべFSZ,0381,-1.1,0.0,-1.0,0,0,1,1/181,,1/203
野川,2026-10-02,,10/2 23:31,パチンコ,3169,eいせれべFSZ,0382,-0.6,-2.0,-0.2,0,3,0,1/107,1/136,1/32
野川,2026-10-02,,10/2 23:31,パチンコ,3169,eいせれべFSZ,0383,-0.3,-0.7,-0.1,0,1,0,1/54,1/136,1/12
野川,2026-10-02,,10/2 23:31,パチンコ,3126,eとある科学の超電磁砲LT RSY,0350,11.6,3.3,-1.7,12,16,2,1/39,1/69,1/107
野川,2026-10-02,,10/2 23:31,パチンコ,2995,eぱちんこ押忍!番長 漢の頂,0393,10.3,-1.5,-0.2,30,1,1,1/58,1/161,1/64
野川,2026-10-02,,10/2 23:31,パチンコ,2995,eぱちんこ押忍!番長 漢の頂,0394,-0.4,-0.8,-0.6,0,0,0,1/42,1/72,1/58
野川,2026-10-02,,10/2 23:31,パチンコ,3201,eひきこまり吸血姫の悶々FHV,0395,-2.5,-1.5,4.6,3,0,4,1/113,1/165,1/103
野川,2026-10-02,,10/2 23:31,パチンコ,3201,eひきこまり吸血姫の悶々FHV,0396,-2.2,-1.5,-2.9,3,0,0,1/111,1/159,1/311
野川,2026-10-02,,10/2 23:31,パチンコ,3201,eひきこまり吸血姫の悶々FHV,0397,-2.3,-3.9,5.6,2,1,7,1/170,1/440,1/319
野川,2026-10-02,,10/2 23:31,パチンコ,3163,eバキ2LBM4,0389,0.0,-2.7,-1.0,0,2,0,,1/183,1/116
野川,2026-10-02,,10/2 23:31,パチンコ,3163,eバキ2LBM4,0390,-2.0,-0.8,-0.9,0,1,0,1/189,1/116,1/75
野川,2026-10-02,,10/2 23:31,パチンコ,3171,eフィーバーバスタードG,0353,-1.4,0.0,-1.7,1,0,0,1/244,,1/170
野川,2026-10-02,,10/2 23:31,パチンコ,3219,e冥妃転生,0348,1.1,-4.2,-0.3,3,6,0,1/232,1/180,1/32
野川,2026-10-02,,10/2 23:31,パチンコ,3146,e北斗の拳11暴凶星SHEA,0375,-0.1,-0.7,-1.8,1,0,1,1/75,1/82,1/277
野川,2026-10-02,,10/2 23:31,パチンコ,3146,e北斗の拳11暴凶星SHEA,0376,-0.2,-2.2,-2.0,0,0,0,1/15,1/240,1/212
野川,2026-10-02,,10/2 23:31,パチンコ,3146,e北斗の拳11暴凶星SHEA,0377,-0.6,-5.9,5.4,1,0,15,1/167,1/648,1/343
野川,2026-10-02,,10/2 23:31,パチンコ,3146,e北斗の拳11暴凶星SHEA,0378,-0.1,0.3,-0.3,0,1,0,1/7,1/56,1/43
野川,2026-10-02,,10/2 23:31,パチンコ,3146,e北斗の拳11暴凶星SHEA,0379,0.6,-3.5,-5.4,2,1,0,1/95,1/481,1/581
野川,2026-10-02,,10/2 23:31,パチンコ,3146,e北斗の拳11暴凶星SHEA,0380,-0.7,-0.1,-3.1,8,0,0,1/377,1/10,1/309
野川,2026-10-02,,10/2 23:31,パチンコ,3158,e吉宗 極乗3000ver.L06,0384,-1.3,0.0,-0.2,2,0,1,1/123,,1/62
野川,2026-10-02,,10/2 23:31,パチンコ,3158,e吉宗 極乗3000ver.L06,0385,-0.5,-0.1,-0.2,0,0,0,1/61,1/25,1/23
野川,2026-10-02,,10/2 23:31,パチンコ,3158,e吉宗 極乗3000ver.L06,0386,-0.2,0.0,-0.3,0,0,0,1/33,,1/32
野川,2026-10-02,,10/2 23:31,パチンコ,3099,e女神のｶﾌｪﾃﾗｽJLZ,0406,-3.3,-4.2,2.8,2,3,11,1/717,1/554,1/260
野川,2026-10-02,,10/2 23:31,パチンコ,3099,e女神のｶﾌｪﾃﾗｽJLZ,0407,0.0,-0.1,-1.2,0,0,0,,1/11,1/169
野川,2026-10-02,,10/2 23:31,パチンコ,3099,e女神のｶﾌｪﾃﾗｽJLZ,0408,4.9,-3.4,-3.8,10,0,0,1/140,1/561,1/650
野川,2026-10-02,,10/2 23:31,パチンコ,3232,e必殺仕事人ⅥM2,0356,14.7,-3.0,-2.7,27,0,13,1/298,1/359,1/283
野川,2026-10-02,,10/2 23:31,パチンコ,3153,e新世紀ｴｳﾞｧﾝｹﾞﾘｵﾝ はじまりの記憶,0332,5.3,17.1,7.1,9,20,9,1/95,1/94,1/112
野川,2026-10-02,,10/2 23:31,パチンコ,3153,e新世紀ｴｳﾞｧﾝｹﾞﾘｵﾝ はじまりの記憶,0333,3.4,-0.2,-4.6,6,0,0,1/107,1/16,1/494
野川,2026-10-02,,10/2 23:31,パチンコ,3153,e新世紀ｴｳﾞｧﾝｹﾞﾘｵﾝ はじまりの記憶,0334,-3.0,-5.8,-4.2,0,3,0,1/331,1/209,1/446
野川,2026-10-02,,10/2 23:31,パチンコ,3153,e新世紀ｴｳﾞｧﾝｹﾞﾘｵﾝ はじまりの記憶,0335,-1.8,2.4,4.3,0,5,7,1/206,1/266,1/361
野川,2026-10-02,,10/2 23:31,パチンコ,3153,e新世紀ｴｳﾞｧﾝｹﾞﾘｵﾝ はじまりの記憶,0336,-3.2,0.0,-0.4,0,0,0,1/337,,1/44
野川,2026-10-02,,10/2 23:31,パチンコ,3153,e新世紀ｴｳﾞｧﾝｹﾞﾘｵﾝ はじまりの記憶,0337,-4.1,22.9,-6.5,4,20,6,1/223,1/99,1/302
野川,2026-10-02,,10/2 23:31,パチンコ,3153,e新世紀ｴｳﾞｧﾝｹﾞﾘｵﾝ はじまりの記憶,0338,-0.3,3.4,4.2,0,5,5,1/31,1/201,1/93
野川,2026-10-02,,10/2 23:31,パチンコ,3153,e新世紀ｴｳﾞｧﾝｹﾞﾘｵﾝ はじまりの記憶,0339,12.0,-2.1,-7.3,19,6,4,1/135,1/231,1/605
野川,2026-10-02,,10/2 23:31,パチンコ,3216,e東京喰種MW,0319,12.7,1.2,2.1,29,19,12,1/174,1/251,1/272
野川,2026-10-02,,10/2 23:31,パチンコ,3216,e東京喰種MW,0320,-6.2,-4.8,-3.0,5,5,13,1/310,1/248,1/327
野川,2026-10-02,,10/2 23:31,パチンコ,3216,e東京喰種MW,0321,-1.9,1.0,-3.1,5,8,14,1/552,1/295,1/301
野川,2026-10-02,,10/2 23:31,パチンコ,3216,e東京喰種MW,0322,-6.3,-10.0,24.5,10,11,37,1/370,1/417,1/297
野川,2026-10-02,,10/2 23:31,パチンコ,3078,e東京ﾘﾍﾞﾝｼﾞｬｰｽﾞGFEC,0305,-0.4,10.7,-1.7,0,16,0,1/48,1/113,1/192
野川,2026-10-02,,10/2 23:31,パチンコ,3078,e東京ﾘﾍﾞﾝｼﾞｬｰｽﾞGFEC,0306,0.0,-2.8,-0.4,0,0,0,,1/309,1/38
野川,2026-10-02,,10/2 23:31,パチンコ,3078,e東京ﾘﾍﾞﾝｼﾞｬｰｽﾞGFEC,0307,2.6,0.0,0.0,5,0,0,1/141,,
野川,2026-10-02,,10/2 23:31,パチンコ,3233,e東京ﾘﾍﾞﾝｼﾞｬｰｽﾞ聖夜決戦編EREC,0474,-6.7,8.1,-0.1,2,15,0,1/339,1/276,1/15
野川,2026-10-02,,10/2 23:31,パチンコ,3233,e東京ﾘﾍﾞﾝｼﾞｬｰｽﾞ聖夜決戦編EREC,0475,-0.1,-0.6,-2.3,0,0,0,1/7,1/49,1/227
野川,2026-10-02,,10/2 23:31,パチンコ,3230,e無職転生異世界行ったら本気H2E,0308,-1.0,-0.3,1.6,0,0,4,1/103,1/29,1/25
野川,2026-10-02,,10/2 23:31,パチンコ,3230,e無職転生異世界行ったら本気H2E,0309,-3.5,-3.4,-3.9,0,1,2,1/378,1/412,1/285
野川,2026-10-02,,10/2 23:31,パチンコ,3094,e牙狼12XX-MJ,0314,2.1,-2.9,6.4,14,4,20,1/231,1/181,1/298
野川,2026-10-02,,10/2 23:31,パチンコ,3094,e牙狼12XX-MJ,0315,-3.0,-2.0,-11.7,0,0,1,1/322,1/210,1/1220
野川,2026-10-02,,10/2 23:31,パチンコ,3094,e牙狼12XX-MJ,0316,-9.4,-6.7,3.4,2,1,18,1/612,1/749,1/207
野川,2026-10-02,,10/2 23:31,パチンコ,3033,e牙狼神速神撃3000LT,0354,-0.5,3.5,0.0,0,4,0,1/57,1/129,
野川,2026-10-02,,10/2 23:31,パチンコ,3177,e牙狼ﾄﾘﾌﾟﾙﾊﾞｰｽﾄRF,0461,0.0,0.0,0.0,0,0,0,,,
野川,2026-10-02,,10/2 23:31,パチンコ,3177,e牙狼ﾄﾘﾌﾟﾙﾊﾞｰｽﾄRF,0462,-1.3,-0.1,-0.1,1,0,0,1/302,1/8,1/10
野川,2026-10-02,,10/2 23:31,パチンコ,3252,e甲鉄城のｶﾊﾞﾈﾘ2SCEA 119Ver,0345,6.0,-3.0,-0.7,10,4,1,1/117,1/101,1/92
野川,2026-10-02,,10/2 23:31,パチンコ,3170,e真北斗無双5 夢幻闘双SCEA,0453,-0.3,0.0,-0.1,0,0,0,1/37,,1/11
野川,2026-10-02,,10/2 23:31,パチンコ,3170,e真北斗無双5 夢幻闘双SCEA,0454,0.0,0.0,0.0,0,0,0,,,
野川,2026-10-02,,10/2 23:31,パチンコ,3170,e真北斗無双5 夢幻闘双SCEA,0455,-1.2,0.0,-0.1,1,0,0,1/108,,1/12
野川,2026-10-02,,10/2 23:31,パチンコ,3095,e真･一騎当千~軍神覚醒AM-TS,0330,-0.4,10.3,0.3,0,23,5,1/74,1/320,1/89
野川,2026-10-02,,10/2 23:31,パチンコ,3095,e真･一騎当千~軍神覚醒AM-TS,0331,-2.5,-0.6,-3.7,1,1,1,1/478,1/142,1/676
野川,2026-10-02,,10/2 23:31,パチンコ,3134,e花の慶次～黄金の一撃H4,0447,0.0,6.7,-0.3,0,9,0,,1/30,1/25
野川,2026-10-02,,10/2 23:31,パチンコ,3134,e花の慶次～黄金の一撃H4,0448,-0.2,-2.7,-0.4,0,0,0,1/23,1/280,1/49
野川,2026-10-02,,10/2 23:31,パチンコ,3134,e花の慶次～黄金の一撃H4,0449,-1.5,-0.3,-1.0,0,0,0,1/153,1/40,1/96
野川,2026-10-02,,10/2 23:31,パチンコ,3234,e虚構推理MHJT,0476,4.3,-0.8,-4.3,11,0,2,1/154,1/172,1/414
野川,2026-10-02,,10/2 23:31,パチンコ,3234,e虚構推理MHJT,0477,6.3,0.0,-0.6,9,0,1,1/7,,1/144
野川,2026-10-02,,10/2 23:31,パチンコ,3251,e魔女と野獣FKZ,0344,0.6,-1.1,3.5,31,11,19,1/465,1/442,1/466
野川,2026-10-02,,10/2 23:31,パチンコ,3231,e魔法少女ﾘﾘｶﾙなのはHTEZS2,0355,-3.3,0.3,-0.5,1,4,0,1/364,1/420,1/44
野川,2026-10-02,,10/2 23:31,パチンコ,3096,e黄門ちゃま9HC3,0346,-0.1,0.0,-0.1,0,0,0,1/22,,1/9
野川,2026-10-02,,10/2 23:31,パチンコ,3179,eｱｸﾀﾞﾏﾄﾞﾗｲﾌﾞEHLT,0471,-0.8,-1.0,-1.6,0,0,0,1/80,1/110,1/156
野川,2026-10-02,,10/2 23:31,パチンコ,3253,eｱｻﾙﾄﾘﾘｨZ,0456,-4.3,6.4,4.8,2,20,9,1/262,1/172,1/137
野川,2026-10-02,,10/2 23:31,パチンコ,3253,eｱｻﾙﾄﾘﾘｨZ,0457,-3.2,0.8,-0.9,5,7,13,1/88,1/208,1/160
野川,2026-10-02,,10/2 23:31,パチンコ,3243,eｴﾃﾞﾝｽﾞｾﾞﾛAIN,0470,-3.1,0.4,2.9,0,1,3,1/317,1/36,1/100
野川,2026-10-02,,10/2 23:31,パチンコ,3200,eｷﾞﾝﾊﾟﾗVIVA FESTA HTA2,0349,-4.0,-1.3,-0.7,1,0,0,1/647,1/160,1/111
野川,2026-10-02,,10/2 23:31,パチンコ,3132,eﾉｰｹﾞｰﾑ･ﾉｰﾗｲﾌV3C,0465,0.0,0.0,-0.3,0,0,0,,,1/28
野川,2026-10-02,,10/2 23:31,パチンコ,3132,eﾉｰｹﾞｰﾑ･ﾉｰﾗｲﾌV3C,0466,2.4,0.0,-0.4,7,0,0,1/256,,1/56
野川,2026-10-02,,10/2 23:31,パチンコ,2967,eﾌｨｰﾊﾞｰからくりｻｰｶｽ2 魔王ver.,0352,9.6,0.0,-0.7,10,0,0,1/131,,1/66
野川,2026-10-02,,10/2 23:31,パチンコ,3133,eﾌｨｰﾊﾞｰもののがたりF,0327,0.0,-1.5,-0.3,0,0,0,,1/163,1/31
野川,2026-10-02,,10/2 23:31,パチンコ,3133,eﾌｨｰﾊﾞｰもののがたりF,0328,-0.1,-0.1,0.3,0,0,3,1/17,1/19,1/45
野川,2026-10-02,,10/2 23:31,パチンコ,3133,eﾌｨｰﾊﾞｰもののがたりF,0329,0.0,-1.9,-1.8,0,1,0,,1/226,1/188
野川,2026-10-02,,10/2 23:31,パチンコ,2994,eﾌｨｰﾊﾞｰ戦姫絶唱ｼﾝﾌｫｷﾞｱ4 ｷｬﾛﾙver.,0460,-0.4,-3.0,-1.0,0,3,0,1/27,1/134,1/89
野川,2026-10-02,,10/2 23:31,パチンコ,3239,eﾌｨｰﾊﾞｰ機動戦士ｶﾞﾝﾀﾞﾑSEED2b,0310,13.5,-1.5,7.2,22,2,17,1/177,1/162,1/221
野川,2026-10-02,,10/2 23:31,パチンコ,3239,eﾌｨｰﾊﾞｰ機動戦士ｶﾞﾝﾀﾞﾑSEED2b,0311,8.3,-0.6,-1.7,18,0,0,1/610,1/59,1/187
野川,2026-10-02,,10/2 23:31,パチンコ,3239,eﾌｨｰﾊﾞｰ機動戦士ｶﾞﾝﾀﾞﾑSEED2b,0312,-7.2,4.8,6.0,4,16,16,1/583,1/160,1/353
野川,2026-10-02,,10/2 23:31,パチンコ,3239,eﾌｨｰﾊﾞｰ機動戦士ｶﾞﾝﾀﾞﾑSEED2b,0313,-2.4,-0.1,5.6,9,12,9,1/262,1/335,1/136
野川,2026-10-02,,10/2 23:31,パチンコ,2925,eﾌｨｰﾊﾞｰ機動戦士ｶﾞﾝﾀﾞﾑﾕﾆｺｰﾝ 再来,0463,-0.4,-0.1,-3.4,0,0,4,1/57,1/20,1/282
野川,2026-10-02,,10/2 23:31,パチンコ,2925,eﾌｨｰﾊﾞｰ機動戦士ｶﾞﾝﾀﾞﾑﾕﾆｺｰﾝ 再来,0464,-2.3,0.6,-2.5,1,4,3,1/455,1/360,1/190
野川,2026-10-02,,10/2 23:31,パチンコ,3079,eﾌｨｰﾊﾞｰ炎炎ﾉ消防隊2MS,0472,-0.7,-0.4,-0.5,1,0,1,1/85,1/35,1/124
野川,2026-10-02,,10/2 23:31,パチンコ,3079,eﾌｨｰﾊﾞｰ炎炎ﾉ消防隊2MS,0473,-0.3,0.0,-0.9,0,0,0,1/39,,1/94
野川,2026-10-02,,10/2 23:31,パチンコ,3218,eﾌｨｰﾊﾞｰﾃﾞｯﾄﾞﾏｳﾝﾄ･ﾃﾞｽﾌﾟﾚｲT,0404,1.8,-0.1,-0.3,2,0,0,1/63,1/4,1/39
野川,2026-10-02,,10/2 23:31,パチンコ,3218,eﾌｨｰﾊﾞｰﾃﾞｯﾄﾞﾏｳﾝﾄ･ﾃﾞｽﾌﾟﾚｲT,0405,-0.4,-0.2,-0.4,0,0,0,1/59,1/29,1/33
野川,2026-10-02,,10/2 23:31,パチンコ,3110,eﾌｨｰﾊﾞｰﾌﾞﾙｰﾛｯｸMZ,0467,-0.4,0.0,0.0,0,0,0,1/38,,
野川,2026-10-02,,10/2 23:31,パチンコ,3110,eﾌｨｰﾊﾞｰﾌﾞﾙｰﾛｯｸMZ,0468,-0.9,-9.5,24.3,0,1,17,1/92,1/1105,1/117
野川,2026-10-02,,10/2 23:31,パチンコ,3199,eﾗｲｻﾞのｱﾄﾘｴK3,0351,0.0,-0.5,1.7,0,0,11,,1/47,1/87
野川,2026-10-02,,10/2 23:31,パチンコ,3189,eﾗｸﾞﾅﾄﾞｰﾙCMB,0458,3.7,-0.3,-0.4,12,0,0,1/230,1/28,1/44
野川,2026-10-02,,10/2 23:31,パチンコ,3188,eﾘｺﾘｽ･ﾘｺｲﾙM3,0409,-11.0,-7.2,-11.8,5,5,7,1/311,1/168,1/229
野川,2026-10-02,,10/2 23:31,パチンコ,3188,eﾘｺﾘｽ･ﾘｺｲﾙM3,0410,3.6,14.9,12.4,44,55,43,1/324,1/98,1/434
野川,2026-10-02,,10/2 23:31,パチンコ,3192,eﾘﾝｸﾞ最恐領域RHA,0450,-1.8,0.0,3.0,3,0,13,1/144,,1/160
野川,2026-10-02,,10/2 23:31,パチンコ,3192,eﾘﾝｸﾞ最恐領域RHA,0451,-1.0,0.0,-1.8,0,0,0,1/94,,1/210
野川,2026-10-02,,10/2 23:31,パチンコ,3192,eﾘﾝｸﾞ最恐領域RHA,0452,-1.4,-0.3,0.4,0,0,6,1/162,1/40,1/541
野川,2026-10-02,,10/2 23:31,パチンコ,3135,eﾙﾊﾟﾝ三世VSｷｬｯﾂ･ｱｲMAH4,0347,0.0,0.0,9.9,0,0,18,,,1/356
野川,2026-10-02,,10/2 23:31,パチンコ,2975,P にゃんこ大戦争 多様性のﾈｺ,0238,-3.6,-0.1,-1.7,1,0,1,1/410,1/6,1/204
野川,2026-10-02,,10/2 23:31,パチンコ,2975,P にゃんこ大戦争 多様性のﾈｺ,0239,8.7,-0.1,-0.4,16,0,0,1/136,1/8,1/29
野川,2026-10-02,,10/2 23:31,パチンコ,2975,P にゃんこ大戦争 多様性のﾈｺ,0262,-0.9,-1.6,-0.2,0,1,1,1/95,1/210,1/55
野川,2026-10-02,,10/2 23:31,パチンコ,2975,P にゃんこ大戦争 多様性のﾈｺ,0263,-7.8,6.7,-0.2,4,13,0,1/216,1/52,1/27
野川,2026-10-02,,10/2 23:31,パチンコ,3050,P 宇宙戦艦ﾔﾏﾄ2202超波動森雪199LT,0256,-0.5,-0.3,0.0,1,0,0,1/118,1/30,
野川,2026-10-02,,10/2 23:31,パチンコ,3050,P 宇宙戦艦ﾔﾏﾄ2202超波動森雪199LT,0257,-0.7,0.0,-0.2,1,0,0,1/173,,1/20
野川,2026-10-02,,10/2 23:31,パチンコ,2838,P 新世紀ｴｳﾞｧﾝｹﾞﾘｵﾝ未来への咆哮Y,0170,-0.5,4.4,-0.4,0,15,5,1/51,1/69,1/166
野川,2026-10-02,,10/2 23:31,パチンコ,2838,P 新世紀ｴｳﾞｧﾝｹﾞﾘｵﾝ未来への咆哮Y,0196,0.5,-4.5,-0.9,3,8,8,1/122,1/147,1/111
野川,2026-10-02,,10/2 23:31,パチンコ,2978,P ｺﾞｼﾞﾗ対ｴｳﾞｧﾝｹﾞﾘｵﾝ ｾｶﾝﾄﾞｲﾝﾊﾟｸﾄ,0224,3.5,0.0,-0.7,8,0,0,1/244,,1/78
野川,2026-10-02,,10/2 23:31,パチンコ,2978,P ｺﾞｼﾞﾗ対ｴｳﾞｧﾝｹﾞﾘｵﾝ ｾｶﾝﾄﾞｲﾝﾊﾟｸﾄ,0225,-0.1,-1.1,-0.8,0,1,0,1/8,1/111,1/97
野川,2026-10-02,,10/2 23:31,パチンコ,2784,P ｺﾞｼﾞﾗ対ｴｳﾞｧﾝｹﾞﾘｵﾝG細胞覚醒ﾗｲﾄ,0193,0.3,-1.2,-0.9,6,12,1,1/44,1/178,1/102
野川,2026-10-02,,10/2 23:31,パチンコ,2795,P009 RE:CYBORG ACCELE 99ver,0148,0.0,-0.3,-2.4,0,0,0,1/3,1/30,1/265
野川,2026-10-02,,10/2 23:31,パチンコ,2795,P009 RE:CYBORG ACCELE 99ver,0149,0.5,1.9,-3.4,5,13,0,1/84,1/58,1/383
野川,2026-10-02,,10/2 23:31,パチンコ,3082,PA CYBORG009N2-K,0171,-2.8,-0.7,-2.2,21,3,0,1/96,1/60,1/229
野川,2026-10-02,,10/2 23:31,パチンコ,2957,PAわんわんﾊﾟﾗﾀﾞｲｽCELEBRATION,0208,-0.3,-2.5,3.2,10,31,20,1/66,1/115,1/53
野川,2026-10-02,,10/2 23:31,パチンコ,2957,PAわんわんﾊﾟﾗﾀﾞｲｽCELEBRATION,0209,-2.2,-0.4,-0.2,4,2,5,1/391,1/37,1/49
野川,2026-10-02,,10/2 23:31,パチンコ,2646,PAスーパー海物語IN沖縄５YBA,0201,-1.4,-1.9,4.3,9,15,50,1/141,1/63,1/59
野川,2026-10-02,,10/2 23:31,パチンコ,2646,PAスーパー海物語IN沖縄５YBA,0202,-1.2,-0.9,-0.7,17,24,0,1/181,1/62,1/89
野川,2026-10-02,,10/2 23:31,パチンコ,3121,PAフィーバーダンまち2YG,0187,-2.5,-0.1,-1.6,12,0,0,1/158,1/3,1/151
野川,2026-10-02,,10/2 23:31,パチンコ,3025,PA大海物語5ﾌﾞﾗｯｸLT99ver.,0203,3.4,1.0,0.5,44,24,29,1/107,1/111,1/66
野川,2026-10-02,,10/2 23:31,パチンコ,3025,PA大海物語5ﾌﾞﾗｯｸLT99ver.,0204,-6.1,-2.2,11.1,21,42,96,1/129,1/83,1/152
野川,2026-10-02,,10/2 23:31,パチンコ,3025,PA大海物語5ﾌﾞﾗｯｸLT99ver.,0205,10.4,1.2,-4.6,78,24,16,1/67,1/142,1/89
野川,2026-10-02,,10/2 23:31,パチンコ,3250,PA大海物語ｱｸﾞﾈｽﾌﾟﾚﾐｱRBA,0154,1.3,-2.2,-1.0,25,20,5,1/74,1/121,1/177
野川,2026-10-02,,10/2 23:31,パチンコ,3250,PA大海物語ｱｸﾞﾈｽﾌﾟﾚﾐｱRBA,0155,-0.9,0.2,-0.7,11,20,0,1/113,1/68,1/62
野川,2026-10-02,,10/2 23:31,パチンコ,3250,PA大海物語ｱｸﾞﾈｽﾌﾟﾚﾐｱRBA,0156,1.5,-0.9,-1.7,15,19,13,1/108,1/88,1/155
野川,2026-10-02,,10/2 23:31,パチンコ,3250,PA大海物語ｱｸﾞﾈｽﾌﾟﾚﾐｱRBA,0157,-0.9,-2.2,-0.4,13,5,6,1/77,1/109,1/116
野川,2026-10-02,,10/2 23:31,パチンコ,3250,PA大海物語ｱｸﾞﾈｽﾌﾟﾚﾐｱRBA,0158,-2.6,-2.8,-0.2,6,11,0,1/165,1/121,1/31
野川,2026-10-02,,10/2 23:31,パチンコ,3145,PA海物語極ジャパンHBD,0159,2.5,0.4,-1.3,14,7,13,1/57,1/153,1/86
野川,2026-10-02,,10/2 23:31,パチンコ,3145,PA海物語極ジャパンHBD,0160,-0.1,-1.3,1.0,0,6,18,1/8,1/72,1/112
野川,2026-10-02,,10/2 23:31,パチンコ,3145,PA海物語極ジャパンHBD,0161,-2.0,-1.0,4.1,11,6,30,1/86,1/240,1/68
野川,2026-10-02,,10/2 23:31,パチンコ,2828,PA激ﾃﾞｼﾞ牙狼月虹ﾉ旅人,0172,-2.3,-0.2,-2.3,15,11,14,1/58,1/86,1/77
野川,2026-10-02,,10/2 23:31,パチンコ,2511,PA真・花の慶次２N2-X1,0168,0.6,-2.2,-1.9,13,12,1,1/50,1/119,1/218
野川,2026-10-02,,10/2 23:31,パチンコ,3004,PA花の慶次 裂 99ver.,0213,2.8,-2.3,5.8,22,8,31,1/53,1/144,1/105
野川,2026-10-02,,10/2 23:31,パチンコ,3004,PA花の慶次 裂 99ver.,0214,2.6,-3.6,0.4,9,14,13,1/9,1/76,1/93
野川,2026-10-02,,10/2 23:31,パチンコ,3144,PA野生の王国6N2,0150,1.7,2.8,0.6,7,17,6,1/49,1/42,1/53
野川,2026-10-02,,10/2 23:31,パチンコ,3144,PA野生の王国6N2,0151,-2.8,-0.4,0.5,3,1,8,1/201,1/63,1/132
野川,2026-10-02,,10/2 23:31,パチンコ,3112,PAｱｽﾞｰﾙﾚｰﾝ異次元ﾄﾘｶﾞｰ 79ver.～M2,0163,1.4,-1.6,-0.5,17,1,0,1/90,1/172,1/68
野川,2026-10-02,,10/2 23:31,パチンコ,3112,PAｱｽﾞｰﾙﾚｰﾝ異次元ﾄﾘｶﾞｰ 79ver.～M2,0185,-1.4,2.3,-0.1,0,21,0,1/136,1/36,1/12
野川,2026-10-02,,10/2 23:31,パチンコ,3108,PAｼﾝ･ｴｳﾞｧﾝｹﾞﾘｵﾝY,0145,2.8,-5.1,-1.9,20,0,0,1/53,1/543,1/202
野川,2026-10-02,,10/2 23:31,パチンコ,3108,PAｼﾝ･ｴｳﾞｧﾝｹﾞﾘｵﾝY,0146,-0.2,-0.1,-1.3,1,0,0,1/36,1/2,1/146
野川,2026-10-02,,10/2 23:31,パチンコ,3108,PAｼﾝ･ｴｳﾞｧﾝｹﾞﾘｵﾝY,0147,-0.6,-1.7,-1.7,1,0,0,1/66,1/167,1/161
野川,2026-10-02,,10/2 23:31,パチンコ,3215,PAｽｰﾊﾟｰ海物語IN沖縄6RBD,0197,-2.4,-3.4,-1.4,13,10,7,1/108,1/163,1/122
野川,2026-10-02,,10/2 23:31,パチンコ,3215,PAｽｰﾊﾟｰ海物語IN沖縄6RBD,0198,4.0,0.1,1.7,25,2,9,1/73,1/64,1/134
野川,2026-10-02,,10/2 23:31,パチンコ,3215,PAｽｰﾊﾟｰ海物語IN沖縄6RBD,0199,2.2,-1.4,-0.9,14,8,1,1/55,1/66,1/143
野川,2026-10-02,,10/2 23:31,パチンコ,3215,PAｽｰﾊﾟｰ海物語IN沖縄6RBD,0200,1.1,-3.7,-3.2,34,11,27,1/109,1/242,1/93
野川,2026-10-02,,10/2 23:31,パチンコ,2875,PAﾊｲｽｸｰﾙ･ﾌﾘｰﾄ ｵｰﾙｽﾀｰ すい~とで,0165,1.7,-1.6,-1.8,14,5,4,1/79,1/68,1/181
野川,2026-10-02,,10/2 23:31,パチンコ,3203,PAﾌｨｰﾊﾞｰｸｨｰﾝⅡYS,0175,-0.1,0.3,0.7,0,2,8,1/12,1/61,1/28
野川,2026-10-02,,10/2 23:31,パチンコ,3203,PAﾌｨｰﾊﾞｰｸｨｰﾝⅡYS,0176,-0.1,-0.1,-0.4,0,0,0,1/11,1/3,1/39
野川,2026-10-02,,10/2 23:31,パチンコ,3072,PLT激ﾃﾞｼﾞ ｼﾞｭｰｼｰﾊﾆｰ極嬢,0190,-2.4,-0.1,-1.8,5,0,2,1/59,1/14,1/111
野川,2026-10-02,,10/2 23:31,パチンコ,3174,PRe:ｾﾞﾛから始めるseason2 249ver.,0278,-0.6,-0.7,-1.4,0,2,0,1/39,1/63,1/127
野川,2026-10-02,,10/2 23:31,パチンコ,3131,PRe:ｾﾞﾛから始める鬼がかり199ver.,0258,0.0,0.0,0.0,0,0,0,,,
野川,2026-10-02,,10/2 23:31,パチンコ,3131,PRe:ｾﾞﾛから始める鬼がかり199ver.,0259,-4.1,-0.7,1.5,6,1,3,1/84,1/110,1/99
野川,2026-10-02,,10/2 23:31,パチンコ,3130,Pいくさの子戦極最強GRPJ,0290,-0.4,-0.2,-0.1,0,0,0,1/56,1/32,1/10
野川,2026-10-02,,10/2 23:31,パチンコ,3130,Pいくさの子戦極最強GRPJ,0291,-0.3,-0.2,-0.6,0,0,0,1/50,1/29,1/89
野川,2026-10-02,,10/2 23:31,パチンコ,3130,Pいくさの子戦極最強GRPJ,0292,3.8,-0.3,-0.6,6,0,1,1/38,1/47,1/89
野川,2026-10-02,,10/2 23:31,パチンコ,3031,Pうまい棒2,0287,-1.4,-0.1,0.2,0,0,4,1/12,1/1,1/18
野川,2026-10-02,,10/2 23:31,パチンコ,3187,Pにゃんこ大戦争88ばーじょんM2,0177,-0.5,-2.2,-0.3,21,2,1,1/55,1/132,1/44
野川,2026-10-02,,10/2 23:31,パチンコ,3187,Pにゃんこ大戦争88ばーじょんM2,0178,-0.4,-3.1,-0.4,0,2,22,1/22,1/200,1/78
野川,2026-10-02,,10/2 23:31,パチンコ,2451,Pエヴァンゲリオン15未来への咆哮,0226,-3.5,1.6,-1.6,1,10,6,1/409,1/308,1/304
野川,2026-10-02,,10/2 23:31,パチンコ,2451,Pエヴァンゲリオン15未来への咆哮,0227,-6.9,-4.5,5.3,9,0,20,1/515,1/576,1/158
野川,2026-10-02,,10/2 23:31,パチンコ,2451,Pエヴァンゲリオン15未来への咆哮,0228,-0.2,-4.1,2.5,3,0,13,1/336,1/509,1/232
野川,2026-10-02,,10/2 23:31,パチンコ,2451,Pエヴァンゲリオン15未来への咆哮,0229,2.7,-5.1,-5.8,10,0,0,1/232,1/565,1/650
野川,2026-10-02,,10/2 23:31,パチンコ,2451,Pエヴァンゲリオン15未来への咆哮,0230,2.2,7.6,-4.4,14,29,0,1/184,1/152,1/522
野川,2026-10-02,,10/2 23:31,パチンコ,2451,Pエヴァンゲリオン15未来への咆哮,0231,11.7,-2.6,-0.3,19,0,8,1/131,1/320,1/319
野川,2026-10-02,,10/2 23:31,パチンコ,2451,Pエヴァンゲリオン15未来への咆哮,0232,-10.5,-6.7,1.9,10,1,14,1/220,1/878,1/286
野川,2026-10-02,,10/2 23:31,パチンコ,2451,Pエヴァンゲリオン15未来への咆哮,0269,-11.3,4.0,8.6,1,15,16,1/1350,1/342,1/362
野川,2026-10-02,,10/2 23:31,パチンコ,2451,Pエヴァンゲリオン15未来への咆哮,0270,-6.0,8.7,-12.5,2,22,1,1/407,1/425,1/1463
野川,2026-10-02,,10/2 23:31,パチンコ,2451,Pエヴァンゲリオン15未来への咆哮,0271,0.0,0.0,0.0,0,0,0,,,
野川,2026-10-02,,10/2 23:31,パチンコ,2451,Pエヴァンゲリオン15未来への咆哮,0272,-2.9,-2.4,-1.7,5,7,4,1/360,1/281,1/500
野川,2026-10-02,,10/2 23:31,パチンコ,2451,Pエヴァンゲリオン15未来への咆哮,0273,3.2,-0.9,-2.9,12,15,12,1/782,1/248,1/1524
野川,2026-10-02,,10/2 23:31,パチンコ,2451,Pエヴァンゲリオン15未来への咆哮,0274,-4.8,-5.4,-12.7,1,0,4,1/626,1/679,1/558
野川,2026-10-02,,10/2 23:31,パチンコ,2832,P中森明菜･歌姫伝説BLACKDIVA極,0254,0.0,0.0,-0.2,0,0,0,,,1/30
野川,2026-10-02,,10/2 23:31,パチンコ,2832,P中森明菜･歌姫伝説BLACKDIVA極,0255,-0.7,-0.9,-0.6,6,0,5,1/289,1/101,1/126
野川,2026-10-02,,10/2 23:31,パチンコ,3120,P冬のｿﾅﾀ My Memory MA2,0167,1.0,-0.4,1.9,7,0,11,1/50,1/35,1/39
野川,2026-10-02,,10/2 23:31,パチンコ,2855,P北斗の拳 強敵 LT,0179,-4.2,-3.5,-0.7,22,7,5,1/61,1/111,1/67
野川,2026-10-02,,10/2 23:31,パチンコ,2855,P北斗の拳 強敵 LT,0180,0.0,-0.3,0.0,0,0,0,,1/32,
野川,2026-10-02,,10/2 23:31,パチンコ,2855,P北斗の拳 強敵 LT,0181,-0.1,2.0,0.8,0,19,5,1/13,1/127,1/20
野川,2026-10-02,,10/2 23:31,パチンコ,2689,P北斗の拳暴凶星,0245,9.3,-0.5,-0.4,15,0,0,1/150,1/57,1/39
野川,2026-10-02,,10/2 23:31,パチンコ,2689,P北斗の拳暴凶星,0246,-3.1,-0.3,-2.0,2,0,1,1/253,1/37,1/291
野川,2026-10-02,,10/2 23:31,パチンコ,2689,P北斗の拳暴凶星,0247,-1.4,0.0,0.2,0,0,2,1/169,,1/186
野川,2026-10-02,,10/2 23:31,パチンコ,2497,P北斗の拳８究極乱世SSF,0174,0.0,-3.0,-1.3,0,11,3,,1/120,1/99
野川,2026-10-02,,10/2 23:31,パチンコ,2867,P大工の源さん超韋駄天2 極源LighT,0195,-0.6,-0.2,-2.7,5,19,12,1/65,1/112,1/89
野川,2026-10-02,,10/2 23:31,パチンコ,2705,P大海物語5,0283,-0.6,-0.4,-0.8,3,0,0,1/164,1/46,1/107
野川,2026-10-02,,10/2 23:31,パチンコ,2705,P大海物語5,0284,-2.0,0.0,0.9,2,0,2,1/409,,1/78
野川,2026-10-02,,10/2 23:31,パチンコ,2705,P大海物語5,0285,1.3,1.3,-0.1,9,4,0,1/158,1/227,1/15
野川,2026-10-02,,10/2 23:31,パチンコ,2705,P大海物語5,0286,-2.9,0.0,5.1,0,0,9,1/365,,1/104
野川,2026-10-02,,10/2 23:31,パチンコ,2809,P大海物語5 ﾌﾞﾗｯｸ,0217,3.8,-3.8,-0.2,15,6,10,1/114,1/324,1/143
野川,2026-10-02,,10/2 23:31,パチンコ,3204,P大海物語5ｽﾍﾟｼｬﾙALTA,0281,-0.8,0.0,-0.2,0,3,0,1/84,1/234,1/22
野川,2026-10-02,,10/2 23:31,パチンコ,3204,P大海物語5ｽﾍﾟｼｬﾙALTA,0282,-1.5,-4.6,-4.6,1,1,2,1/273,1/608,1/650
野川,2026-10-02,,10/2 23:31,パチンコ,3109,P戦国乙女7HOYZ3,0242,-0.5,-0.7,-1.3,1,0,1,1/106,1/94,1/229
野川,2026-10-02,,10/2 23:31,パチンコ,3109,P戦国乙女7HOYZ3,0243,-1.2,1.4,-1.1,1,6,2,1/226,1/159,1/108
野川,2026-10-02,,10/2 23:31,パチンコ,3109,P戦国乙女7HOYZ3,0244,-0.8,-0.1,-0.2,6,0,0,1/160,1/10,1/28
野川,2026-10-02,,10/2 23:31,パチンコ,3202,P戦国無双N,0169,6.3,0.1,-3.7,29,5,11,1/84,1/55,1/94
野川,2026-10-02,,10/2 23:31,パチンコ,2772,P新世紀ｴｳﾞｧﾝｹﾞﾘｵﾝ未来への咆哮Ｌ,0275,0.0,3.7,-0.6,0,13,0,,1/99,1/66
野川,2026-10-02,,10/2 23:31,パチンコ,2772,P新世紀ｴｳﾞｧﾝｹﾞﾘｵﾝ未来への咆哮Ｌ,0276,-1.5,-0.3,0.2,0,0,9,1/162,1/34,1/204
野川,2026-10-02,,10/2 23:31,パチンコ,2772,P新世紀ｴｳﾞｧﾝｹﾞﾘｵﾝ未来への咆哮Ｌ,0277,-2.0,-0.1,-3.6,3,4,0,1/332,1/57,1/396
野川,2026-10-02,,10/2 23:31,パチンコ,3056,P機動戦士ｶﾞﾝﾀﾞﾑﾕﾆｺｰﾝ 再来129ver.,0152,1.1,-2.4,-0.1,6,0,0,1/75,1/237,1/5
野川,2026-10-02,,10/2 23:31,パチンコ,3056,P機動戦士ｶﾞﾝﾀﾞﾑﾕﾆｺｰﾝ 再来129ver.,0153,-1.8,-0.3,2.3,0,1,17,1/177,1/37,1/177
野川,2026-10-02,,10/2 23:31,パチンコ,2997,P清流物語4 ﾇｼを求めて4000匹,0218,-0.6,-4.3,4.9,0,0,7,1/65,1/516,1/192
野川,2026-10-02,,10/2 23:31,パチンコ,2997,P清流物語4 ﾇｼを求めて4000匹,0219,-3.0,-1.3,-3.7,0,2,9,1/355,1/80,1/260
野川,2026-10-02,,10/2 23:31,パチンコ,2997,P清流物語4 ﾇｼを求めて4000匹,0220,-0.2,-1.1,-1.0,0,6,1,1/29,1/154,1/137
野川,2026-10-02,,10/2 23:31,パチンコ,2876,P牙狼11~冴島大河~XX,0248,0.0,0.0,-1.0,0,0,3,,,1/281
野川,2026-10-02,,10/2 23:31,パチンコ,2876,P牙狼11~冴島大河~XX,0249,-0.5,0.0,0.0,0,0,0,1/45,,
野川,2026-10-02,,10/2 23:31,パチンコ,2876,P牙狼11~冴島大河~XX,0250,-2.7,6.6,-0.1,0,12,1,1/300,1/69,1/28
野川,2026-10-02,,10/2 23:31,パチンコ,2876,P牙狼11~冴島大河~XX,0251,0.0,0.0,-1.2,0,0,8,,,1/335
野川,2026-10-02,,10/2 23:31,パチンコ,2876,P牙狼11~冴島大河~XX,0252,0.0,0.0,1.5,0,0,3,,,1/16
野川,2026-10-02,,10/2 23:31,パチンコ,2876,P牙狼11~冴島大河~XX,0253,0.0,0.0,-1.6,0,0,2,,,1/289
野川,2026-10-02,,10/2 23:31,パチンコ,2979,P盾の勇者の成り上がり,0296,-4.0,-1.5,-0.7,0,0,0,1/411,1/162,1/65
野川,2026-10-02,,10/2 23:31,パチンコ,2979,P盾の勇者の成り上がり,0297,-3.9,-1.0,1.2,1,0,5,1/418,1/85,1/90
野川,2026-10-02,,10/2 23:31,パチンコ,2459,P真北斗無双FWQG,0300,-0.9,-1.1,-1.4,1,0,4,1/128,1/127,1/134
野川,2026-10-02,,10/2 23:31,パチンコ,2459,P真北斗無双FWQG,0301,0.0,0.0,-0.1,0,0,0,,,1/13
野川,2026-10-02,,10/2 23:31,パチンコ,2459,P真北斗無双FWQG,0302,-0.6,1.1,-1.1,2,5,0,1/82,1/176,1/115
野川,2026-10-02,,10/2 23:31,パチンコ,2459,P真北斗無双FWQG,0303,0.5,0.0,-0.6,7,2,0,1/63,1/135,1/65
野川,2026-10-02,,10/2 23:31,パチンコ,2459,P真北斗無双FWQG,0304,-3.8,-5.3,-1.0,1,0,0,1/391,1/580,1/107
野川,2026-10-02,,10/2 23:31,パチンコ,2800,P真･北斗無双 第4章 下剋上闘,0279,-0.3,1.4,-1.5,0,6,0,1/30,1/179,1/129
野川,2026-10-02,,10/2 23:31,パチンコ,3229,P織田信奈の野望全国版V4A,0222,-1.4,-2.0,-0.4,6,0,1,1/127,1/446,1/190
野川,2026-10-02,,10/2 23:31,パチンコ,3229,P織田信奈の野望全国版V4A,0223,-0.6,-0.9,-1.5,0,3,1,1/126,1/128,1/359
野川,2026-10-02,,10/2 23:31,パチンコ,2422,P花満開　月光ZC,0280,5.1,-4.5,-3.1,13,0,0,1/120,1/543,1/368
野川,2026-10-02,,10/2 23:31,パチンコ,2910,P貞子,0298,-2.0,-2.2,-0.3,2,1,0,1/218,1/464,1/49
野川,2026-10-02,,10/2 23:31,パチンコ,2910,P貞子,0299,-2.2,-0.4,-1.7,2,2,3,1/236,1/62,1/140
野川,2026-10-02,,10/2 23:31,パチンコ,3038,P防振り,0260,8.0,-0.3,-0.5,13,0,1,1/34,1/22,1/67
野川,2026-10-02,,10/2 23:31,パチンコ,3038,P防振り,0261,1.2,-0.1,-0.6,3,0,0,1/29,1/10,1/60
野川,2026-10-02,,10/2 23:31,パチンコ,3214,P魔法少女まどか☆ﾏｷﾞｶ3MAJ1,0182,0.3,-1.3,-1.5,3,0,4,1/88,1/151,1/65
野川,2026-10-02,,10/2 23:31,パチンコ,3214,P魔法少女まどか☆ﾏｷﾞｶ3MAJ1,0183,-0.1,-0.3,2.7,0,2,10,1/19,1/92,1/36
野川,2026-10-02,,10/2 23:31,パチンコ,3214,P魔法少女まどか☆ﾏｷﾞｶ3MAJ1,0184,-0.7,-1.3,-0.4,1,1,1,1/56,1/138,1/44
野川,2026-10-02,,10/2 23:31,パチンコ,3034,Pｱﾅｻﾞｰｺﾞｯﾄﾞﾊｰﾃﾞｽ-獄炎-,0288,0.0,-0.7,0.0,0,0,0,,1/73,
野川,2026-10-02,,10/2 23:31,パチンコ,2821,Pｼﾝ･ｴｳﾞｧﾝｹﾞﾘｵﾝ Type ﾚｲ,0233,2.4,0.1,-2.3,9,6,0,1/416,1/426,1/258
野川,2026-10-02,,10/2 23:31,パチンコ,2821,Pｼﾝ･ｴｳﾞｧﾝｹﾞﾘｵﾝ Type ﾚｲ,0234,0.0,-0.1,-1.0,0,0,0,,1/13,1/116
野川,2026-10-02,,10/2 23:31,パチンコ,2821,Pｼﾝ･ｴｳﾞｧﾝｹﾞﾘｵﾝ Type ﾚｲ,0235,-0.1,-0.1,0.0,0,0,0,1/6,1/3,
野川,2026-10-02,,10/2 23:31,パチンコ,2821,Pｼﾝ･ｴｳﾞｧﾝｹﾞﾘｵﾝ Type ﾚｲ,0236,6.0,0.0,-1.1,11,0,0,1/102,,1/144
野川,2026-10-02,,10/2 23:31,パチンコ,2821,Pｼﾝ･ｴｳﾞｧﾝｹﾞﾘｵﾝ Type ﾚｲ,0237,-0.2,0.7,-1.6,3,2,0,1/58,1/28,1/158
野川,2026-10-02,,10/2 23:31,パチンコ,2821,Pｼﾝ･ｴｳﾞｧﾝｹﾞﾘｵﾝ Type ﾚｲ,0264,-0.5,-0.4,0.0,0,0,0,1/53,1/47,
野川,2026-10-02,,10/2 23:31,パチンコ,2821,Pｼﾝ･ｴｳﾞｧﾝｹﾞﾘｵﾝ Type ﾚｲ,0265,-1.9,4.1,0.0,2,7,0,1/273,1/83,
野川,2026-10-02,,10/2 23:31,パチンコ,2821,Pｼﾝ･ｴｳﾞｧﾝｹﾞﾘｵﾝ Type ﾚｲ,0266,0.0,0.0,0.0,0,0,0,,,
野川,2026-10-02,,10/2 23:31,パチンコ,2821,Pｼﾝ･ｴｳﾞｧﾝｹﾞﾘｵﾝ Type ﾚｲ,0267,0.6,0.0,0.0,4,0,0,1/186,,
野川,2026-10-02,,10/2 23:31,パチンコ,2821,Pｼﾝ･ｴｳﾞｧﾝｹﾞﾘｵﾝ Type ﾚｲ,0268,1.7,-0.3,-3.4,8,6,0,1/98,1/120,1/414
野川,2026-10-02,,10/2 23:31,パチンコ,3122,Pｽｰﾊﾟｰ海物語IN沖縄6LTP,0215,-2.0,-0.8,-1.5,0,0,0,1/252,1/94,1/179
野川,2026-10-02,,10/2 23:31,パチンコ,3122,Pｽｰﾊﾟｰ海物語IN沖縄6LTP,0216,2.1,0.0,-0.8,3,0,0,1/19,,1/93
野川,2026-10-02,,10/2 23:31,パチンコ,3039,Pｿﾞﾝﾋﾞﾗﾝﾄﾞｻｶﾞ,0221,-0.4,0.0,-1.5,1,0,0,1/34,,1/173
野川,2026-10-02,,10/2 23:31,パチンコ,2911,Pﾌｨｰﾊﾞｰありふれた職業でLight,0173,-10.0,0.0,0.0,5,0,0,1/208,1/2,
野川,2026-10-02,,10/2 23:31,パチンコ,3159,Pﾌｨｰﾊﾞｰうたわれるもの Y,0194,-2.3,5.9,-0.3,6,22,0,1/88,1/32,1/31
野川,2026-10-02,,10/2 23:31,パチンコ,2779,Pﾌｨｰﾊﾞｰかぐや様は告らせたい,0289,0.0,0.0,0.0,0,0,0,,,
野川,2026-10-02,,10/2 23:31,パチンコ,2940,Pﾌｨｰﾊﾞｰかぐや様は告らせたいLight,0210,-0.1,-0.4,-0.6,0,3,0,1/4,1/136,1/54
野川,2026-10-02,,10/2 23:31,パチンコ,2940,Pﾌｨｰﾊﾞｰかぐや様は告らせたいLight,0211,2.1,-1.7,-0.3,12,0,0,1/15,1/188,1/19
野川,2026-10-02,,10/2 23:31,パチンコ,2940,Pﾌｨｰﾊﾞｰかぐや様は告らせたいLight,0212,-0.6,2.4,-0.1,0,10,0,1/78,1/32,1/6
野川,2026-10-02,,10/2 23:31,パチンコ,2811,Pﾌｨｰﾊﾞｰからくりｻｰｶｽ Light ver.,0162,2.9,-0.9,-2.1,16,6,6,1/49,1/67,1/103
野川,2026-10-02,,10/2 23:31,パチンコ,3012,Pﾌｨｰﾊﾞｰ戦姫絶唱ｼﾝﾌｫｷﾞｱ4 199ver.,0340,2.3,0.0,0.0,6,0,0,1/194,,
野川,2026-10-02,,10/2 23:31,パチンコ,3012,Pﾌｨｰﾊﾞｰ戦姫絶唱ｼﾝﾌｫｷﾞｱ4 199ver.,0341,-2.0,0.0,0.0,0,0,0,1/208,,
野川,2026-10-02,,10/2 23:31,パチンコ,3012,Pﾌｨｰﾊﾞｰ戦姫絶唱ｼﾝﾌｫｷﾞｱ4 199ver.,0342,0.0,0.0,-1.9,0,0,1,,,1/256
野川,2026-10-02,,10/2 23:31,パチンコ,3012,Pﾌｨｰﾊﾞｰ戦姫絶唱ｼﾝﾌｫｷﾞｱ4 199ver.,0343,-0.5,-0.5,0.0,0,1,0,1/36,1/104,
野川,2026-10-02,,10/2 23:31,パチンコ,2886,Pﾌｨｰﾊﾞｰ炎炎ﾉ消防隊 Light ver.,0166,-0.1,-0.7,-1.4,1,0,1,1/16,1/62,1/126
野川,2026-10-02,,10/2 23:31,パチンコ,2749,PﾌｨｰﾊﾞｰｸｨｰﾝⅡV,0192,0.4,-1.2,-0.8,3,1,0,1/40,1/150,1/74
野川,2026-10-02,,10/2 23:31,パチンコ,2858,Pﾌｨｰﾊﾞｰﾊﾟﾜﾌﾙ（2024年）,0189,-1.2,-3.3,-0.6,0,4,0,1/108,1/418,1/53
野川,2026-10-02,,10/2 23:31,パチンコ,3005,Pﾌﾞﾗｯｸﾗｸﾞｰﾝ4 129ver.,0188,-2.8,-1.6,0.6,0,2,4,1/309,1/82,1/76
野川,2026-10-02,,10/2 23:31,パチンコ,3142,PﾒｲﾄﾞｲﾝｱﾋﾞｽSL,0164,-0.9,-1.8,-1.2,0,0,0,1/82,1/185,1/134
野川,2026-10-02,,10/2 23:31,パチンコ,2934,Pﾘﾝｸﾞ 呪いの7日間3 ﾗｯｷｰﾄﾘｶﾞｰVer.,0293,-1.4,8.5,-0.5,4,20,0,1/162,1/212,1/56
野川,2026-10-02,,10/2 23:31,パチンコ,2934,Pﾘﾝｸﾞ 呪いの7日間3 ﾗｯｷｰﾄﾘｶﾞｰVer.,0294,-0.8,-1.6,-1.6,3,3,2,1/69,1/311,1/104
野川,2026-10-02,,10/2 23:31,パチンコ,2934,Pﾘﾝｸﾞ 呪いの7日間3 ﾗｯｷｰﾄﾘｶﾞｰVer.,0295,0.2,-0.5,15.5,2,4,28,1/63,1/116,1/23
野川,2026-10-02,,10/2 23:31,パチンコ,2955,Pﾙﾊﾟﾝ三世 ONE COLLECTION,0240,-1.3,-0.3,-2.5,0,0,1,1/130,1/34,1/281
野川,2026-10-02,,10/2 23:31,パチンコ,2955,Pﾙﾊﾟﾝ三世 ONE COLLECTION,0241,0.0,0.0,-5.2,0,0,3,,,1/726
野川,2026-10-02,,10/2 23:31,パチンコ,2848,Pﾙﾊﾟﾝ三世 THE FIRST 99ver.,0191,1.4,-3.5,2.2,27,9,54,1/93,1/105,1/77
野川,2026-10-02,,10/2 23:31,パチンコ,2939,Pﾙﾊﾟﾝ三世 銭形招待状 77Sweet,0186,4.1,-0.6,-0.7,15,0,3,1/35,1/74,1/59
野川,2026-10-02,,10/2 23:31,パチンコ,3211,①e北斗の拳10GHEG,0140,9.2,-1.1,-1.9,20,0,0,1/71,1/126,1/184
野川,2026-10-02,,10/2 23:31,パチンコ,3197,①e蒼天の拳羅龍SREN,0142,-1.8,25.1,0.0,1,24,0,1/206,1/405,
野川,2026-10-02,,10/2 23:31,パチンコ,3212,①eｼｬｰﾏﾝｷﾝｸﾞMH,0141,-3.8,-0.6,-3.0,0,0,4,1/479,1/63,1/676
野川,2026-10-02,,10/2 23:31,パチンコ,3191,①eｿｰﾄﾞｱｰﾄ･ｵﾝﾗｲﾝ 閃光の軌跡K7,0144,-0.7,0.3,-6.1,8,28,3,1/216,1/173,1/228
野川,2026-10-02,,10/2 23:31,パチンコ,3198,①eﾌｨｰﾊﾞｰ炎炎ﾉ消防隊2MS,0143,0.4,8.9,-7.4,11,27,1,1/467,1/308,1/918
野川,2026-10-02,,10/2 23:31,パチンコ,3154,①P FAIRY TAIL七炎竜の力だFSA,0115,-2.2,-6.6,9.1,7,8,22,1/149,1/134,1/70
野川,2026-10-02,,10/2 23:31,パチンコ,3140,①PACYBORG009N2-K,0034,14.4,3.0,-2.9,76,34,26,1/272,1/212,1/96
野川,2026-10-02,,10/2 23:31,パチンコ,2958,①PAわんわんﾊﾟﾗﾀﾞｲｽCELEBRATION,0009,-5.1,-7.1,3.0,44,45,41,1/105,1/129,1/87
野川,2026-10-02,,10/2 23:31,パチンコ,2648,①PAスーパー海物語IN沖縄５SBA,0019,-2.6,-2.3,3.1,16,23,50,1/130,1/102,1/88
野川,2026-10-02,,10/2 23:31,パチンコ,2648,①PAスーパー海物語IN沖縄５SBA,0020,-1.5,-1.8,-4.5,7,1,6,1/102,1/254,1/116
野川,2026-10-02,,10/2 23:31,パチンコ,2648,①PAスーパー海物語IN沖縄５SBA,0021,-1.0,1.4,-0.6,0,18,27,1/107,1/59,1/109
野川,2026-10-02,,10/2 23:31,パチンコ,2748,①PA大海物語5ARBC,0048,-3.6,-3.5,0.3,21,33,42,1/85,1/100,1/81
野川,2026-10-02,,10/2 23:31,パチンコ,2748,①PA大海物語5ARBC,0049,2.1,0.1,-5.9,33,29,32,1/67,1/107,1/110
野川,2026-10-02,,10/2 23:31,パチンコ,2748,①PA大海物語5ARBC,0050,-0.9,6.2,-2.6,37,75,49,1/100,1/86,1/93
野川,2026-10-02,,10/2 23:31,パチンコ,2748,①PA大海物語5ARBC,0051,-2.2,6.0,0.9,27,56,62,1/157,1/75,1/79
野川,2026-10-02,,10/2 23:31,パチンコ,3057,①PA大海物語5ARBC,0017,-1.8,-0.9,-0.6,39,23,39,1/98,1/108,1/117
野川,2026-10-02,,10/2 23:31,パチンコ,3057,①PA大海物語5ARBC,0018,3.7,0.9,-1.5,46,43,29,1/56,1/104,1/87
野川,2026-10-02,,10/2 23:31,パチンコ,3209,①PA大海物語5HLD,0025,-5.2,5.5,-10.0,36,71,44,1/71,1/84,1/106
野川,2026-10-02,,10/2 23:31,パチンコ,3249,①PA大海物語ｱｸﾞﾈｽﾌﾟﾚﾐｱRBA,0059,-0.9,-1.5,-5.6,45,48,28,1/131,1/123,1/148
野川,2026-10-02,,10/2 23:31,パチンコ,2694,①PA巨人の星明子2000,0066,-4.1,2.4,3.8,38,58,54,1/97,1/84,1/64
野川,2026-10-02,,10/2 23:31,パチンコ,3064,①PA海物語3R3,0014,6.2,-1.6,1.4,38,26,43,1/41,1/93,1/68
野川,2026-10-02,,10/2 23:31,パチンコ,3208,①PA海物語3R3LBA,0022,7.0,-0.1,-0.5,53,22,67,1/58,1/88,1/101
野川,2026-10-02,,10/2 23:31,パチンコ,3208,①PA海物語3R3LBA,0023,2.1,-1.8,-4.5,38,28,30,1/67,1/96,1/138
野川,2026-10-02,,10/2 23:31,パチンコ,3208,①PA海物語3R3LBA,0024,-2.6,-2.1,1.7,30,30,32,1/117,1/87,1/76
野川,2026-10-02,,10/2 23:31,パチンコ,2718,①PA火曜ｻｽﾍﾟﾝｽ劇場3GSA,0036,1.6,4.0,-0.8,42,44,29,1/57,1/69,1/104
野川,2026-10-02,,10/2 23:31,パチンコ,3117,①PA花の慶次～裂N3-VY,0069,0.1,-2.1,0.9,36,46,31,1/114,1/84,1/54
野川,2026-10-02,,10/2 23:31,パチンコ,2941,①PAｺﾞｼﾞﾗ対ｴｳﾞｧﾝｹﾞﾘｵﾝG細胞覚醒,0005,9.5,1.5,2.0,54,23,40,1/91,1/276,1/91
野川,2026-10-02,,10/2 23:31,パチンコ,2941,①PAｺﾞｼﾞﾗ対ｴｳﾞｧﾝｹﾞﾘｵﾝG細胞覚醒,0042,0.7,-4.5,4.8,47,10,33,1/113,1/86,1/59
野川,2026-10-02,,10/2 23:31,パチンコ,3107,①PAｼﾝ･ｴｳﾞｧﾝｹﾞﾘｵﾝY,0040,2.5,-1.5,-5.6,51,27,21,1/93,1/98,1/313
野川,2026-10-02,,10/2 23:31,パチンコ,3007,①PAｽｰﾊﾟｰ海物語 IN 地中海2,0015,-3.0,-3.0,-4.6,54,39,35,1/62,1/66,1/91
野川,2026-10-02,,10/2 23:31,パチンコ,3007,①PAｽｰﾊﾟｰ海物語 IN 地中海2,0016,-2.5,10.1,-5.3,26,82,38,1/75,1/36,1/83
野川,2026-10-02,,10/2 23:31,パチンコ,3007,①PAｽｰﾊﾟｰ海物語 IN 地中海2,0055,5.5,-1.3,-7.5,54,52,28,1/61,1/87,1/92
野川,2026-10-02,,10/2 23:31,パチンコ,3007,①PAｽｰﾊﾟｰ海物語 IN 地中海2,0056,-3.5,-1.0,-8.2,4,13,18,1/120,1/95,1/101
野川,2026-10-02,,10/2 23:31,パチンコ,3007,①PAｽｰﾊﾟｰ海物語 IN 地中海2,0057,5.3,3.2,2.6,61,53,71,1/67,1/67,1/54
野川,2026-10-02,,10/2 23:31,パチンコ,3248,①PAｽｰﾊﾟｰ海物語IN沖縄6RBD,0012,-4.3,-3.8,-4.4,37,31,32,1/199,1/156,1/81
野川,2026-10-02,,10/2 23:31,パチンコ,3248,①PAｽｰﾊﾟｰ海物語IN沖縄6RBD,0013,2.4,-2.2,3.5,40,19,45,1/58,1/82,1/91
野川,2026-10-02,,10/2 23:31,パチンコ,3008,①PAｽｰﾊﾟｰ海物語沖縄5夜桜99ver.,0052,4.5,-1.6,0.5,77,56,121,1/115,1/100,1/83
野川,2026-10-02,,10/2 23:31,パチンコ,3008,①PAｽｰﾊﾟｰ海物語沖縄5夜桜99ver.,0053,-0.5,-3.1,-8.8,43,68,19,1/114,1/139,1/135
野川,2026-10-02,,10/2 23:31,パチンコ,3008,①PAｽｰﾊﾟｰ海物語沖縄5夜桜99ver.,0054,-4.9,-4.3,-2.5,2,95,51,1/297,1/90,1/146
野川,2026-10-02,,10/2 23:31,パチンコ,3008,①PAｽｰﾊﾟｰ海物語沖縄5夜桜99ver.,0058,1.5,-1.5,-2.8,51,33,17,1/115,1/116,1/204
野川,2026-10-02,,10/2 23:31,パチンコ,3077,①PAﾌｨｰﾊﾞｰﾊﾟﾜﾌﾙR（2024年）,0038,-2.8,0.0,0.3,27,14,7,1/122,1/90,1/95
野川,2026-10-02,,10/2 23:31,パチンコ,3148,①PLTｼﾞｭｰｼｰﾊﾆｰ極嬢MA,0080,-0.1,-1.6,-2.9,0,0,2,1/15,1/155,1/191
野川,2026-10-02,,10/2 23:31,パチンコ,3148,①PLTｼﾞｭｰｼｰﾊﾆｰ極嬢MA,0112,-1.4,4.1,-0.2,0,9,0,1/112,1/17,1/13
野川,2026-10-02,,10/2 23:31,パチンコ,3074,①Pありふれた職業で世界最強Light,0032,6.3,-2.8,-4.9,44,16,34,1/88,1/202,1/105
野川,2026-10-02,,10/2 23:31,パチンコ,3136,①Pうまい棒2おかわりちょちょV3,0114,-0.9,5.4,-4.3,4,14,4,1/27,1/18,1/69
野川,2026-10-02,,10/2 23:31,パチンコ,3156,①Pえとたま2MY,0134,0.7,10.2,-0.2,8,25,0,1/136,1/112,1/27
野川,2026-10-02,,10/2 23:31,パチンコ,2999,①Pとある魔術の禁書目録2,0129,6.2,-1.4,19.0,10,0,27,1/49,1/162,1/94
野川,2026-10-02,,10/2 23:31,パチンコ,2999,①Pとある魔術の禁書目録2,0130,-4.3,28.0,-0.7,0,39,0,1/459,1/113,1/74
野川,2026-10-02,,10/2 23:31,パチンコ,2999,①Pとある魔術の禁書目録2,0131,-2.7,-1.5,2.1,1,0,7,1/380,1/140,1/158
野川,2026-10-02,,10/2 23:31,パチンコ,2988,①Pひぐらしのなく頃に 輪廻転生,0136,-10.0,-2.1,-4.7,1,2,2,1/1087,1/375,1/293
野川,2026-10-02,,10/2 23:31,パチンコ,2677,①Pデビルマン疾風迅雷N2-X1,0062,-4.1,6.0,-2.4,24,50,21,1/95,1/65,1/128
野川,2026-10-02,,10/2 23:31,パチンコ,2677,①Pデビルマン疾風迅雷N2-X1,0063,0.0,0.0,0.0,0,0,0,,,
野川,2026-10-02,,10/2 23:31,パチンコ,2660,①PフィーバーダンまちF,0139,-5.0,0.4,-3.3,1,6,2,1/400,1/245,1/335
野川,2026-10-02,,10/2 23:31,パチンコ,2946,①P七つの大罪2 神千斬りVER.,0106,-0.3,2.9,6.3,6,22,50,1/167,1/59,1/94
野川,2026-10-02,,10/2 23:31,パチンコ,3076,①P世紀末･天才ﾊﾞｶﾎﾞﾝ~福神LTH-JH,0010,-2.6,3.2,-0.6,1,10,0,1/300,1/132,1/48
野川,2026-10-02,,10/2 23:31,パチンコ,3102,①P中森明菜･歌姫伝説極KM-TF,0135,-1.8,0.7,-0.1,6,12,12,1/155,1/274,1/447
野川,2026-10-02,,10/2 23:31,パチンコ,3227,①P俺の妹がこんなに可愛ﾜｹｶﾞﾅｲM3,0086,-1.4,-4.2,2.3,11,1,19,1/301,1/541,1/137
野川,2026-10-02,,10/2 23:31,パチンコ,3227,①P俺の妹がこんなに可愛ﾜｹｶﾞﾅｲM3,0087,-1.0,-8.3,-6.3,0,2,4,1/123,1/573,1/265
野川,2026-10-02,,10/2 23:31,パチンコ,3210,①P冬のｿﾅﾀ MyMemoryMA2,0026,-1.1,-0.7,2.8,37,11,62,1/95,1/172,1/63
野川,2026-10-02,,10/2 23:31,パチンコ,3210,①P冬のｿﾅﾀ MyMemoryMA2,0027,0.0,4.9,-2.2,38,62,45,1/77,1/53,1/114
野川,2026-10-02,,10/2 23:31,パチンコ,2944,①P化物語 319ver.,0079,-2.8,-1.0,-0.7,0,2,0,1/335,1/165,1/71
野川,2026-10-02,,10/2 23:31,パチンコ,3041,①P北斗の拳 強敵 LT,0046,-3.0,-3.7,-6.5,4,18,21,1/220,1/69,1/109
野川,2026-10-02,,10/2 23:31,パチンコ,3041,①P北斗の拳 強敵 LT,0047,0.4,-1.2,-7.9,36,0,11,1/142,1/135,1/143
野川,2026-10-02,,10/2 23:31,パチンコ,3041,①P北斗の拳 強敵 LT,0064,-2.9,2.1,-1.5,8,27,10,1/99,1/59,1/194
野川,2026-10-02,,10/2 23:31,パチンコ,3041,①P北斗の拳 強敵 LT,0065,-2.0,-4.6,-0.7,26,3,19,1/115,1/211,1/101
野川,2026-10-02,,10/2 23:31,パチンコ,3226,①P大海物語5HCL,0124,5.0,-10.8,-4.7,36,3,13,1/212,1/695,1/329
野川,2026-10-02,,10/2 23:31,パチンコ,3101,①P大海物語5MTE2,0097,0.5,5.8,-1.8,9,12,13,1/379,1/91,1/516
野川,2026-10-02,,10/2 23:31,パチンコ,3101,①P大海物語5MTE2,0098,-0.5,8.1,-4.7,9,19,11,1/191,1/191,1/477
野川,2026-10-02,,10/2 23:31,パチンコ,3101,①P大海物語5MTE2,0099,-2.6,-7.1,4.5,10,3,17,1/282,1/1130,1/149
野川,2026-10-02,,10/2 23:31,パチンコ,3101,①P大海物語5MTE2,0118,2.7,3.3,-6.1,18,17,3,1/320,1/265,1/432
野川,2026-10-02,,10/2 23:31,パチンコ,3101,①P大海物語5MTE2,0119,9.3,1.3,0.7,21,15,5,1/253,1/305,1/185
野川,2026-10-02,,10/2 23:31,パチンコ,3016,①P宇宙戦艦ﾔﾏﾄ2202 超波動,0108,-0.9,-1.5,0.9,6,19,5,1/221,1/245,1/161
野川,2026-10-02,,10/2 23:31,パチンコ,3016,①P宇宙戦艦ﾔﾏﾄ2202 超波動,0113,-4.4,-7.4,-5.3,0,7,8,1/504,1/554,1/519
野川,2026-10-02,,10/2 23:31,パチンコ,2973,①P弾球黙示録ｶｲｼﾞ沼5,0116,0.0,0.0,0.0,0,0,0,,,
野川,2026-10-02,,10/2 23:31,パチンコ,3100,①P愛の不時着MF,0084,5.6,-1.0,0.0,9,0,0,1/91,1/110,
野川,2026-10-02,,10/2 23:31,パチンコ,3100,①P愛の不時着MF,0085,-0.9,-1.5,-5.0,0,0,4,1/121,1/178,1/404
野川,2026-10-02,,10/2 23:31,パチンコ,2774,①P戦姫絶唱ｼﾝﾌｫｷﾞｱ3黄金絶唱L,0003,0.2,3.1,1.7,66,40,30,1/124,1/37,1/95
野川,2026-10-02,,10/2 23:31,パチンコ,2774,①P戦姫絶唱ｼﾝﾌｫｷﾞｱ3黄金絶唱L,0044,-2.0,0.1,2.0,22,20,27,1/85,1/52,1/58
野川,2026-10-02,,10/2 23:31,パチンコ,3149,①P攻殻機動隊SAC＿2045AH-RS,0078,-2.4,-3.1,-7.7,4,1,7,1/120,1/543,1/240
野川,2026-10-02,,10/2 23:31,パチンコ,2971,①P新世紀ｴｳﾞｧ未来への咆哮SP,0127,-7.5,11.2,-9.0,21,39,5,1/198,1/116,1/328
野川,2026-10-02,,10/2 23:31,パチンコ,2971,①P新世紀ｴｳﾞｧ未来への咆哮SP,0128,8.7,1.7,-0.6,41,17,15,1/166,1/341,1/172
野川,2026-10-02,,10/2 23:31,パチンコ,3157,①P江頭2:50inﾅﾅｼｰV3,0011,-0.1,0.9,-1.9,4,5,2,1/183,1/86,1/362
野川,2026-10-02,,10/2 23:31,パチンコ,3213,①P激ﾃﾞｼﾞ真･牙狼RBY4,0002,-6.4,2.4,-0.9,34,21,31,1/71,1/49,1/59
野川,2026-10-02,,10/2 23:31,パチンコ,2643,①P真・花の慶次２M3-VC,0077,-3.2,20.0,-2.3,1,32,0,1/364,1/47,1/244
野川,2026-10-02,,10/2 23:31,パチンコ,2598,①P真北斗無双FWQG,0088,-1.5,-6.9,-4.0,0,0,0,1/144,1/786,1/431
野川,2026-10-02,,10/2 23:31,パチンコ,2598,①P真北斗無双FWQG,0089,-2.6,-4.9,6.4,0,1,13,1/266,1/575,1/26
野川,2026-10-02,,10/2 23:31,パチンコ,2598,①P真北斗無双FWQG,0090,3.8,-0.6,-4.5,16,14,10,1/300,1/204,1/469
野川,2026-10-02,,10/2 23:31,パチンコ,3063,①P花の慶次 裂 蓮極129ver.,0028,1.3,-2.1,-8.4,18,3,0,1/58,1/152,1/801
野川,2026-10-02,,10/2 23:31,パチンコ,3063,①P花の慶次 裂 蓮極129ver.,0029,-3.1,-0.7,-4.2,3,0,2,1/106,1/56,1/199
野川,2026-10-02,,10/2 23:31,パチンコ,3063,①P花の慶次 裂 蓮極129ver.,0030,-1.7,-1.6,-3.1,2,5,3,1/115,1/124,1/123
野川,2026-10-02,,10/2 23:31,パチンコ,2721,①P革命機ｳﾞｧﾙｳﾞﾚｲｳﾞ2F,0039,-7.1,2.2,-3.0,10,56,12,1/125,1/63,1/80
野川,2026-10-02,,10/2 23:31,パチンコ,3093,①P魔王学院の不適合者FMY,0081,8.4,-5.6,-8.0,14,5,2,1/57,1/175,1/412
野川,2026-10-02,,10/2 23:31,パチンコ,2667,①P黄門ちゃま８L9AZ1,0107,3.1,-2.0,-3.8,13,0,2,1/230,1/249,1/248
野川,2026-10-02,,10/2 23:31,パチンコ,2577,①P００９ RE:CYBORG M4-K,0110,6.8,-3.5,-2.8,34,0,15,1/68,1/400,1/205
野川,2026-10-02,,10/2 23:31,パチンコ,3000,①PｱｽﾞｰﾙﾚｰﾝTHE異次元ﾄﾘｶﾞｰ,0076,-2.7,-4.6,-10.1,6,1,10,1/149,1/496,1/283
野川,2026-10-02,,10/2 23:31,パチンコ,3138,①Pｱｽﾞｰﾙﾚｰﾝ異次元ﾄﾘｶﾞｰ79ver.M2,0004,-2.9,0.3,-3.9,25,35,36,1/70,1/62,1/78
野川,2026-10-02,,10/2 23:31,パチンコ,3220,①Pｷﾞﾙﾃｨｸﾗｳﾝ2SB,0008,3.2,-3.9,1.1,14,0,16,1/101,1/478,1/266
野川,2026-10-02,,10/2 23:31,パチンコ,2959,①Pｺｰﾄﾞｷﾞｱｽ反逆のﾙﾙｰｼｭﾗｲﾄver,0006,-3.4,-2.1,0.9,22,19,28,1/111,1/67,1/90
野川,2026-10-02,,10/2 23:31,パチンコ,2959,①Pｺｰﾄﾞｷﾞｱｽ反逆のﾙﾙｰｼｭﾗｲﾄver,0067,-0.3,-0.3,0.1,12,24,21,1/64,1/126,1/92
野川,2026-10-02,,10/2 23:31,パチンコ,3058,①Pｼﾝ･ｴｳﾞｧﾝｹﾞﾘｵﾝX,0100,0.2,-7.1,-12.2,17,5,4,1/215,1/339,1/1493
野川,2026-10-02,,10/2 23:31,パチンコ,3058,①Pｼﾝ･ｴｳﾞｧﾝｹﾞﾘｵﾝX,0101,-2.8,8.4,-1.0,0,18,0,1/306,1/262,1/122
野川,2026-10-02,,10/2 23:31,パチンコ,3058,①Pｼﾝ･ｴｳﾞｧﾝｹﾞﾘｵﾝX,0102,7.3,-2.3,-5.3,16,0,2,1/74,1/250,1/658
野川,2026-10-02,,10/2 23:31,パチンコ,3058,①Pｼﾝ･ｴｳﾞｧﾝｹﾞﾘｵﾝX,0103,-7.0,8.8,-5.0,0,17,2,1/749,1/423,1/296
野川,2026-10-02,,10/2 23:31,パチンコ,3058,①Pｼﾝ･ｴｳﾞｧﾝｹﾞﾘｵﾝX,0104,-0.6,8.9,-0.2,6,20,3,1/152,1/186,1/235
野川,2026-10-02,,10/2 23:31,パチンコ,2790,①Pｽｰﾊﾟｰ海物語 IN 沖縄5,0091,-5.5,-0.3,-4.4,4,6,4,1/898,1/258,1/238
野川,2026-10-02,,10/2 23:31,パチンコ,2790,①Pｽｰﾊﾟｰ海物語 IN 沖縄5,0092,1.3,-2.9,3.8,14,2,9,1/238,1/552,1/47
野川,2026-10-02,,10/2 23:31,パチンコ,2790,①Pｽｰﾊﾟｰ海物語 IN 沖縄5,0093,3.2,0.8,-8.0,15,15,6,1/233,1/479,1/593
野川,2026-10-02,,10/2 23:31,パチンコ,2790,①Pｽｰﾊﾟｰ海物語 IN 沖縄5,0094,-1.6,-1.4,6.2,11,0,14,1/250,1/157,1/94
野川,2026-10-02,,10/2 23:31,パチンコ,2790,①Pｽｰﾊﾟｰ海物語 IN 沖縄5,0095,7.6,2.5,-3.0,17,10,2,1/219,1/168,1/245
野川,2026-10-02,,10/2 23:31,パチンコ,2790,①Pｽｰﾊﾟｰ海物語 IN 沖縄5,0096,0.8,2.6,2.0,9,8,6,1/167,1/295,1/143
野川,2026-10-02,,10/2 23:31,パチンコ,3225,①Pｽｰﾊﾟｰ海物語IN沖縄6LTP,0125,-0.4,-0.8,-1.0,4,8,2,1/364,1/616,1/182
野川,2026-10-02,,10/2 23:31,パチンコ,3225,①Pｽｰﾊﾟｰ海物語IN沖縄6LTP,0126,9.5,-2.7,-6.2,24,9,4,1/287,1/520,1/518
野川,2026-10-02,,10/2 23:31,パチンコ,2808,①Pｽｰﾊﾟｰ海物語沖縄5 夜桜超旋風,0120,7.7,4.0,-1.4,52,18,0,1/138,1/108,1/152
野川,2026-10-02,,10/2 23:31,パチンコ,2808,①Pｽｰﾊﾟｰ海物語沖縄5 夜桜超旋風,0121,-0.4,1.1,-0.9,0,14,5,1/44,1/261,1/172
野川,2026-10-02,,10/2 23:31,パチンコ,2808,①Pｽｰﾊﾟｰ海物語沖縄5 夜桜超旋風,0122,5.7,9.4,10.3,36,49,46,1/145,1/98,1/15
野川,2026-10-02,,10/2 23:31,パチンコ,2808,①Pｽｰﾊﾟｰ海物語沖縄5 夜桜超旋風,0123,10.5,-1.9,8.7,53,0,37,1/23,1/222,1/36
野川,2026-10-02,,10/2 23:31,パチンコ,3228,①PｿﾞﾝﾋﾞﾗﾝﾄﾞｻｶﾞSCPC,0138,-3.2,-0.9,-1.9,15,8,6,1/207,1/153,1/234
野川,2026-10-02,,10/2 23:31,パチンコ,3116,①PﾃﾞｼﾞﾊﾈﾓﾝｽﾀｰﾊﾝﾀｰﾗｲｽﾞGSPB,0001,0.7,-2.9,-3.0,12,14,12,1/40,1/98,1/180
野川,2026-10-02,,10/2 23:31,パチンコ,3116,①PﾃﾞｼﾞﾊﾈﾓﾝｽﾀｰﾊﾝﾀｰﾗｲｽﾞGSPB,0061,-2.8,1.4,-1.1,4,19,0,1/87,1/147,1/118
野川,2026-10-02,,10/2 23:31,パチンコ,3023,①Pﾄﾞﾗﾑだ!金ﾄﾞﾝ 花火外伝,0073,-2.1,6.2,-4.2,3,12,0,1/203,1/130,1/458
野川,2026-10-02,,10/2 23:31,パチンコ,3147,①Pﾄﾞﾗﾑだ!金ﾄﾞﾝSB,0060,-3.8,-2.0,1.0,6,1,10,1/103,1/233,1/47
野川,2026-10-02,,10/2 23:31,パチンコ,2825,①Pﾌｨｰﾊﾞｰ 機動戦士ｶﾞﾝﾀﾞﾑﾕﾆｺｰﾝ,0105,-3.3,-1.9,-0.1,2,1,0,1/516,1/205,1/13
野川,2026-10-02,,10/2 23:31,パチンコ,2882,①Pﾌｨｰﾊﾞｰかぐや様は告らせたい,0132,1.7,-2.6,-4.6,17,0,0,1/164,1/275,1/482
野川,2026-10-02,,10/2 23:31,パチンコ,2882,①Pﾌｨｰﾊﾞｰかぐや様は告らせたい,0133,-2.4,-2.5,-1.7,2,11,0,1/330,1/307,1/165
野川,2026-10-02,,10/2 23:31,パチンコ,3009,①Pﾌｨｰﾊﾞｰからくりｻｰｶｽ Light ver.,0043,-1.5,0.3,4.7,26,32,46,1/136,1/186,1/77
野川,2026-10-02,,10/2 23:31,パチンコ,2972,①Pﾌｨｰﾊﾞｰ三国戦騎7500,0074,-4.0,-4.3,9.7,1,1,20,1/464,1/482,1/306
野川,2026-10-02,,10/2 23:31,パチンコ,3155,①Pﾌｨｰﾊﾞｰ機動戦士ｶﾞﾝﾀﾞﾑﾕﾆｺｰﾝ2S,0111,18.8,-14.5,1.6,29,8,12,1/64,1/1118,1/159
野川,2026-10-02,,10/2 23:31,パチンコ,2881,①Pﾌｨｰﾊﾞｰ炎炎ﾉ消防隊,0082,-2.1,0.2,3.8,5,1,9,1/659,1/62,1/297
野川,2026-10-02,,10/2 23:31,パチンコ,2881,①Pﾌｨｰﾊﾞｰ炎炎ﾉ消防隊,0083,1.1,-0.5,-0.3,12,0,0,1/320,1/43,1/42
野川,2026-10-02,,10/2 23:31,パチンコ,3139,①Pﾌｨｰﾊﾞｰ炎炎ﾉ消防隊YR,0037,-8.2,7.8,5.2,19,29,33,1/148,1/73,1/102
野川,2026-10-02,,10/2 23:31,パチンコ,2885,①PﾌｨｰﾊﾞｰｸｨｰﾝⅡ 30thAE,0007,-3.4,-0.4,0.1,14,20,17,1/174,1/119,1/80
野川,2026-10-02,,10/2 23:31,パチンコ,2906,①Pﾌｨｰﾊﾞｰﾀﾞﾝﾍﾞﾙ何ｷﾛ持てる?Light,0045,-2.1,-12.4,-6.2,27,11,20,1/78,1/182,1/131
野川,2026-10-02,,10/2 23:31,パチンコ,2942,①Pﾌｨｰﾊﾞｰﾀﾞﾝﾍﾞﾙ何ｷﾛ持てる?Light,0031,1.4,-5.1,-1.1,30,4,13,1/80,1/171,1/130
野川,2026-10-02,,10/2 23:31,パチンコ,2907,①Pﾌｨｰﾊﾞｰﾏｸﾛｽﾌﾛﾝﾃｨｱ5,0137,-4.3,3.3,4.8,0,19,21,1/438,1/220,1/148
野川,2026-10-02,,10/2 23:31,パチンコ,3141,①Pﾌﾞﾗｯｸﾗｸﾞｰﾝ4GCPA,0041,-5.6,10.0,-3.5,3,23,2,1/228,1/62,1/194
野川,2026-10-02,,10/2 23:31,パチンコ,3043,①Pﾗﾌﾞ嬢　~極嬢のﾊｰﾚﾑ体験~,0075,-0.5,-1.8,0.5,0,0,2,1/49,1/199,1/49
野川,2026-10-02,,10/2 23:31,パチンコ,3043,①Pﾗﾌﾞ嬢　~極嬢のﾊｰﾚﾑ体験~,0117,-0.1,-0.7,-0.2,0,0,0,1/12,1/66,1/20
野川,2026-10-02,,10/2 23:31,パチンコ,3106,①Pﾙﾊﾟﾝ三世137YR2,0071,-4.0,-3.7,-2.1,14,8,30,1/81,1/122,1/68
野川,2026-10-02,,10/2 23:31,パチンコ,3106,①Pﾙﾊﾟﾝ三世137YR2,0072,-0.3,4.2,11.9,23,36,63,1/53,1/60,1/48
野川,2026-10-02,,10/2 23:31,パチンコ,3137,①Pﾙﾊﾟﾝ三世真速9YS1Y,0068,1.3,-3.8,0.2,53,36,33,1/97,1/113,1/54
野川,2026-10-02,,10/2 23:31,パチンコ,2717,①宇宙戦艦ﾔﾏﾄ2202bH,0035,1.6,-2.8,4.4,64,17,59,1/45,1/255,1/56
野川,2026-10-02,,10/2 23:31,パチンコ,2727,①ｻﾗﾘｰﾏﾝ金太郎FMY,0109,-6.3,-4.9,4.8,1,13,16,1/771,1/323,1/140
野川,2026-10-02,,10/2 23:31,パチンコ,2966,①ﾃﾞｼﾞﾊﾈP聖戦士ﾀﾞﾝﾊﾞｲﾝ2,0033,-3.3,-0.5,-2.5,22,25,4,1/156,1/64,1/135
野川,2026-10-02,,10/2 23:31,パチンコ,2966,①ﾃﾞｼﾞﾊﾈP聖戦士ﾀﾞﾝﾊﾞｲﾝ2,0070,-0.7,0.7,-0.2,1,8,12,1/101,1/29,1/72
野川,2026-10-02,,10/2 23:31,パチンコ,3087,ﾃﾞｶｽﾀe花の慶次~傾奇一転H6,0400,-0.3,-0.6,-0.6,1,0,0,1/112,1/128,1/105
野川,2026-10-02,,10/2 23:31,パチンコ,3087,ﾃﾞｶｽﾀe花の慶次~傾奇一転H6,0401,-0.4,-0.8,-0.1,2,0,1,1/101,1/123,1/103
野川,2026-10-02,,10/2 23:31,パチンコ,3055,ﾃﾞｼﾞﾊﾈP北斗の拳 慈母,0206,-0.1,-1.7,-0.6,0,8,3,1/16,1/81,1/124
野川,2026-10-02,,10/2 23:31,パチンコ,3055,ﾃﾞｼﾞﾊﾈP北斗の拳 慈母,0207,-0.1,0.7,-0.4,0,8,0,1/5,1/41,1/36
野川,2026-10-02,,10/2 23:31,スロット,3085,L ToLOVEるﾀﾞｰｸﾈｽ TRANCE ver.8.7,0687,1.4,-0.7,-1.0,9,6,13,1/64,1/204,1/177
野川,2026-10-02,,10/2 23:31,スロット,3011,L にゃんこ大戦争 超神速,0685,-1.0,0.3,-1.3,3,10,3,1/300,1/81,1/370
野川,2026-10-02,,10/2 23:31,スロット,3018,L 東京喰種,0501,3.5,-0.4,-0.1,27,2,9,1/77,1/403,1/119
野川,2026-10-02,,10/2 23:31,スロット,3018,L 東京喰種,0502,-0.5,-0.2,-1.0,6,39,3,1/184,1/135,1/325
野川,2026-10-02,,10/2 23:31,スロット,3018,L 東京喰種,0503,-0.3,0.5,1.9,10,21,30,1/137,1/118,1/124
野川,2026-10-02,,10/2 23:31,スロット,3018,L 東京喰種,0504,-0.9,-1.2,1.6,14,15,46,1/144,1/176,1/103
野川,2026-10-02,,10/2 23:31,スロット,3018,L 東京喰種,0505,0.2,-0.8,-0.7,2,4,1,1/26,1/220,1/564
野川,2026-10-02,,10/2 23:31,スロット,3018,L 東京喰種,0506,7.3,2.7,-4.2,54,17,24,1/67,1/88,1/218
野川,2026-10-02,,10/2 23:31,スロット,3018,L 東京喰種,0507,-0.7,-1.9,0.1,5,15,18,1/200,1/197,1/125
野川,2026-10-02,,10/2 23:31,スロット,3018,L 東京喰種,0508,-2.2,1.4,-0.3,7,30,4,1/351,1/103,1/140
野川,2026-10-02,,10/2 23:31,スロット,3018,L 東京喰種,0509,3.1,0.6,-2.6,20,13,11,1/70,1/113,1/272
野川,2026-10-02,,10/2 23:31,スロット,3018,L 東京喰種,0510,1.8,-2.0,-1.5,48,9,4,1/95,1/235,1/358
野川,2026-10-02,,10/2 23:31,スロット,3018,L 東京喰種,0511,-1.0,-4.4,-4.6,3,9,31,1/350,1/452,1/213
野川,2026-10-02,,10/2 23:31,スロット,3172,L 甲鉄城のｶﾊﾞﾈﾘ 海門決戦 XX,0581,-0.2,2.4,-0.6,8,59,3,1/124,1/62,1/193
野川,2026-10-02,,10/2 23:31,スロット,3172,L 甲鉄城のｶﾊﾞﾈﾘ 海門決戦 XX,0582,2.6,-2.1,-1.4,39,8,6,1/57,1/244,1/206
野川,2026-10-02,,10/2 23:31,スロット,3172,L 甲鉄城のｶﾊﾞﾈﾘ 海門決戦 XX,0583,-0.8,0.4,-0.3,7,45,8,1/157,1/84,1/120
野川,2026-10-02,,10/2 23:31,スロット,3172,L 甲鉄城のｶﾊﾞﾈﾘ 海門決戦 XX,0584,0.4,-0.9,0.6,8,22,27,1/51,1/107,1/71
野川,2026-10-02,,10/2 23:31,スロット,3172,L 甲鉄城のｶﾊﾞﾈﾘ 海門決戦 XX,0585,-1.0,0.0,0.0,20,11,15,1/117,1/73,1/84
野川,2026-10-02,,10/2 23:31,スロット,3172,L 甲鉄城のｶﾊﾞﾈﾘ 海門決戦 XX,0586,-0.4,-0.2,0.1,2,3,4,1/165,1/144,1/78
野川,2026-10-02,,10/2 23:31,スロット,3172,L 甲鉄城のｶﾊﾞﾈﾘ 海門決戦 XX,0587,3.3,-0.1,-1.6,24,16,7,1/43,1/95,1/230
野川,2026-10-02,,10/2 23:31,スロット,3172,L 甲鉄城のｶﾊﾞﾈﾘ 海門決戦 XX,0588,0.1,-0.9,-0.1,13,5,5,1/96,1/192,1/121
野川,2026-10-02,,10/2 23:31,スロット,3172,L 甲鉄城のｶﾊﾞﾈﾘ 海門決戦 XX,0589,3.2,-3.8,0.1,48,21,2,1/54,1/191,1/98
野川,2026-10-02,,10/2 23:31,スロット,3172,L 甲鉄城のｶﾊﾞﾈﾘ 海門決戦 XX,0590,-3.1,-1.3,-1.2,10,8,22,1/256,1/156,1/127
野川,2026-10-02,,10/2 23:31,スロット,3172,L 甲鉄城のｶﾊﾞﾈﾘ 海門決戦 XX,0591,-0.1,5.3,4.2,3,79,34,1/104,1/59,1/42
野川,2026-10-02,,10/2 23:31,スロット,3172,L 甲鉄城のｶﾊﾞﾈﾘ 海門決戦 XX,0592,-0.2,0.1,0.0,25,8,3,1/99,1/87,1/89
野川,2026-10-02,,10/2 23:31,スロット,3172,L 甲鉄城のｶﾊﾞﾈﾘ 海門決戦 XX,0593,0.1,-1.2,-1.5,6,8,10,1/109,1/186,1/176
野川,2026-10-02,,10/2 23:31,スロット,3172,L 甲鉄城のｶﾊﾞﾈﾘ 海門決戦 XX,0594,0.4,-0.7,-0.9,26,12,27,1/81,1/134,1/111
野川,2026-10-02,,10/2 23:31,スロット,3172,L 甲鉄城のｶﾊﾞﾈﾘ 海門決戦 XX,0595,-3.5,-0.4,1.0,12,14,29,1/266,1/116,1/66
野川,2026-10-02,,10/2 23:31,スロット,3091,L 転生したら剣でしたGT,0686,-0.4,-0.6,0.5,1,1,13,1/395,1/688,1/62
野川,2026-10-02,,10/2 23:31,スロット,3089,L ｱｽﾞｰﾙﾚｰﾝ THE ANIMATION　KN,0563,0.0,-1.1,-1.1,3,2,7,1/47,1/435,1/170
野川,2026-10-02,,10/2 23:31,スロット,3089,L ｱｽﾞｰﾙﾚｰﾝ THE ANIMATION　KN,0564,0.0,0.4,-0.5,0,26,3,,1/67,1/267
野川,2026-10-02,,10/2 23:31,スロット,3089,L ｱｽﾞｰﾙﾚｰﾝ THE ANIMATION　KN,0565,0.0,0.0,0.0,0,0,0,,,1/39
野川,2026-10-02,,10/2 23:31,スロット,3089,L ｱｽﾞｰﾙﾚｰﾝ THE ANIMATION　KN,0566,0.0,0.0,-0.2,0,0,8,,,1/81
野川,2026-10-02,,10/2 23:31,スロット,3244,L ｽﾏｽﾛ ﾘｺﾘｽ･ﾘｺｲﾙ KX,0637,-3.6,-1.3,0.1,42,19,62,1/135,1/118,1/104
野川,2026-10-02,,10/2 23:31,スロット,3244,L ｽﾏｽﾛ ﾘｺﾘｽ･ﾘｺｲﾙ KX,0638,-2.0,-3.6,-1.0,21,53,68,1/168,1/128,1/104
野川,2026-10-02,,10/2 23:31,スロット,3244,L ｽﾏｽﾛ ﾘｺﾘｽ･ﾘｺｲﾙ KX,0639,1.5,-0.7,2.6,55,44,78,1/79,1/83,1/90
野川,2026-10-02,,10/2 23:31,スロット,3244,L ｽﾏｽﾛ ﾘｺﾘｽ･ﾘｺｲﾙ KX,0640,3.3,6.5,-1.7,100,97,33,1/86,1/81,1/99
野川,2026-10-02,,10/2 23:31,スロット,3244,L ｽﾏｽﾛ ﾘｺﾘｽ･ﾘｺｲﾙ KX,0641,0.0,-2.1,-0.5,16,27,74,1/88,1/133,1/98
野川,2026-10-02,,10/2 23:31,スロット,3244,L ｽﾏｽﾛ ﾘｺﾘｽ･ﾘｺｲﾙ KX,0642,0.5,4.9,0.1,54,96,66,1/88,1/74,1/90
野川,2026-10-02,,10/2 23:31,スロット,3244,L ｽﾏｽﾛ ﾘｺﾘｽ･ﾘｺｲﾙ KX,0643,-0.9,1.1,-1.0,32,66,42,1/97,1/96,1/108
野川,2026-10-02,,10/2 23:31,スロット,3244,L ｽﾏｽﾛ ﾘｺﾘｽ･ﾘｺｲﾙ KX,0644,-1.3,1.4,-0.1,43,37,59,1/102,1/84,1/107
野川,2026-10-02,,10/2 23:31,スロット,3247,L ﾚﾝﾀﾙ彼女 BK,0576,-0.2,-1.9,4.8,20,26,50,1/102,1/147,1/37
野川,2026-10-02,,10/2 23:31,スロット,3247,L ﾚﾝﾀﾙ彼女 BK,0577,5.9,-3.3,-0.6,68,15,26,1/44,1/249,1/127
野川,2026-10-02,,10/2 23:31,スロット,3151,L/スマスロ秘宝伝/PA7,0572,-0.7,1.2,0.3,1,13,6,1/771,1/150,1/136
野川,2026-10-02,,10/2 23:31,スロット,3151,L/スマスロ秘宝伝/PA7,0573,-0.4,-0.9,-0.5,0,1,3,1/292,1/694,1/235
野川,2026-10-02,,10/2 23:31,スロット,3207,L/ｿｰﾄﾞｱｰﾄ・ｵﾝﾗｲﾝⅡ/PA,0578,1.3,9.6,-1.8,71,65,17,1/110,1/98,1/132
野川,2026-10-02,,10/2 23:31,スロット,3207,L/ｿｰﾄﾞｱｰﾄ・ｵﾝﾗｲﾝⅡ/PA,0579,0.9,7.5,6.1,53,38,71,1/106,1/96,1/96
野川,2026-10-02,,10/2 23:31,スロット,3207,L/ｿｰﾄﾞｱｰﾄ・ｵﾝﾗｲﾝⅡ/PA,0580,-1.6,6.4,5.2,53,43,48,1/105,1/115,1/87
野川,2026-10-02,,10/2 23:31,スロット,3168,L/ﾊﾅﾋﾞ/KM,0655,-0.4,-0.6,-0.4,7,0,1,1/415,1/419,1/578
野川,2026-10-02,,10/2 23:31,スロット,3168,L/ﾊﾅﾋﾞ/KM,0656,1.0,0.4,-0.2,11,5,5,1/202,1/172,1/348
野川,2026-10-02,,10/2 23:31,スロット,3168,L/ﾊﾅﾋﾞ/KM,0657,-0.6,1.2,-0.1,5,9,2,1/375,1/203,1/356
野川,2026-10-02,,10/2 23:31,スロット,3168,L/ﾊﾅﾋﾞ/KM,0658,0.5,-1.1,-0.5,6,3,10,1/204,1/603,1/314
野川,2026-10-02,,10/2 23:31,スロット,3173,LB/ｽﾏｽﾛｻﾝﾀﾞｰVHA,0654,-0.7,2.1,0.9,1,23,27,1/796,1/230,1/248
野川,2026-10-02,,10/2 23:31,スロット,3245,LB/ﾀｺｽﾛBD,0663,-1.6,0.6,-1.4,7,16,4,1/524,1/346,1/643
野川,2026-10-02,,10/2 23:31,スロット,3083,LBAREX BRIGHTBA,0653,1.1,-0.5,0.3,12,5,3,1/229,1/425,1/279
野川,2026-10-02,,10/2 23:31,スロット,3184,LB不二子M2,0659,-0.1,-0.5,-0.3,7,3,8,1/145,1/271,1/201
野川,2026-10-02,,10/2 23:31,スロット,3183,LB異世界かるてっとKR,0660,0.0,-2.0,0.1,6,9,7,1/138,1/275,1/157
野川,2026-10-02,,10/2 23:31,スロット,3185,LB／ｼｪｲｸﾎﾞｰﾅｽﾄﾘｶﾞｰ／A1,0661,-0.7,0.3,0.2,3,7,5,1/641,1/281,1/405
野川,2026-10-02,,10/2 23:31,スロット,3223,LBｹﾛｯﾄ5NDO5H,0662,0.6,-0.1,-0.9,6,8,5,1/180,1/247,1/470
野川,2026-10-02,,10/2 23:31,スロット,3060,Lいざ!番長,0601,-2.2,0.6,0.3,31,32,27,1/144,1/117,1/110
野川,2026-10-02,,10/2 23:31,スロット,3060,Lいざ!番長,0602,-3.1,-2.7,8.0,55,24,61,1/123,1/148,1/84
野川,2026-10-02,,10/2 23:31,スロット,3060,Lいざ!番長,0603,5.7,-2.4,-3.8,82,29,11,1/70,1/144,1/309
野川,2026-10-02,,10/2 23:31,スロット,3221,Lからくりｻｰｶｽ2jG,0614,-0.9,0.0,-0.1,7,0,51,1/131,,1/75
野川,2026-10-02,,10/2 23:31,スロット,3221,Lからくりｻｰｶｽ2jG,0615,-1.2,0.1,-0.2,2,2,13,1/430,1/25,1/93
野川,2026-10-02,,10/2 23:31,スロット,3221,Lからくりｻｰｶｽ2jG,0616,-3.0,-1.3,-0.2,4,14,10,1/589,1/125,1/82
野川,2026-10-02,,10/2 23:31,スロット,3221,Lからくりｻｰｶｽ2jG,0617,-1.0,-1.3,-0.6,12,3,16,1/112,1/370,1/129
野川,2026-10-02,,10/2 23:31,スロット,2708,LからくりｻｰｶｽG,0676,-0.1,-0.2,-0.2,0,0,0,1/87,1/90,1/86
野川,2026-10-02,,10/2 23:31,スロット,3238,Lとある魔術の禁書目録2FA,0567,0.3,-1.2,2.7,11,3,20,1/173,1/346,1/125
野川,2026-10-02,,10/2 23:31,スロット,3238,Lとある魔術の禁書目録2FA,0568,5.1,-0.2,0.2,39,4,5,1/104,1/191,1/150
野川,2026-10-02,,10/2 23:31,スロット,3238,Lとある魔術の禁書目録2FA,0569,-1.5,-2.1,10.2,5,4,46,1/301,1/417,1/69
野川,2026-10-02,,10/2 23:31,スロット,3236,Lやじきた道中記参る!BG,0667,6.7,-1.6,-1.1,11,7,9,1/147,1/482,1/462
野川,2026-10-02,,10/2 23:31,スロット,3114,L主役は銭形5L2,0541,-0.5,-2.6,1.4,2,6,16,1/227,1/357,1/132
野川,2026-10-02,,10/2 23:31,スロット,3114,L主役は銭形5L2,0542,1.7,-2.1,-1.6,7,12,8,1/80,1/230,1/245
野川,2026-10-02,,10/2 23:31,スロット,3160,L北斗の拳 転生の章2MW,0629,-2.0,-1.6,-0.3,10,68,5,1/224,1/100,1/122
野川,2026-10-02,,10/2 23:31,スロット,3160,L北斗の拳 転生の章2MW,0630,-0.2,-0.8,-0.4,2,7,2,1/145,1/159,1/213
野川,2026-10-02,,10/2 23:31,スロット,3160,L北斗の拳 転生の章2MW,0631,-0.2,0.6,0.3,1,18,20,1/270,1/54,1/83
野川,2026-10-02,,10/2 23:31,スロット,3160,L北斗の拳 転生の章2MW,0632,1.4,-0.2,0.3,35,19,12,1/62,1/83,1/80
野川,2026-10-02,,10/2 23:31,スロット,3160,L北斗の拳 転生の章2MW,0633,0.1,0.5,-0.9,3,10,2,1/59,1/55,1/369
野川,2026-10-02,,10/2 23:31,スロット,3160,L北斗の拳 転生の章2MW,0634,-0.2,-1.3,-2.0,6,11,23,1/106,1/156,1/145
野川,2026-10-02,,10/2 23:31,スロット,3160,L北斗の拳 転生の章2MW,0635,0.3,3.8,0.6,22,43,15,1/81,1/29,1/67
野川,2026-10-02,,10/2 23:31,スロット,3160,L北斗の拳 転生の章2MW,0636,1.0,-2.1,-1.6,41,32,17,1/68,1/134,1/151
野川,2026-10-02,,10/2 23:31,スロット,3090,L咲-Saki- 頂上決戦YR,0684,0.6,-0.2,-1.4,22,16,20,1/68,1/76,1/116
野川,2026-10-02,,10/2 23:31,スロット,3029,L回胴黙示録ｶｲｼﾞ 狂宴,0683,-0.8,0.9,1.3,6,5,13,1/244,1/146,1/112
野川,2026-10-02,,10/2 23:31,スロット,2767,L戦国乙女4 戦乱に閃く炯眼の軍師,0543,1.7,-2.3,-1.3,22,14,10,1/237,1/242,1/234
野川,2026-10-02,,10/2 23:31,スロット,2767,L戦国乙女4 戦乱に閃く炯眼の軍師,0544,-1.0,-1.8,3.0,8,2,16,1/319,1/718,1/190
野川,2026-10-02,,10/2 23:31,スロット,3205,L戦国乙女5L8,0560,0.4,0.6,4.6,28,38,60,1/103,1/79,1/58
野川,2026-10-02,,10/2 23:31,スロット,3205,L戦国乙女5L8,0561,13.0,-1.2,-1.9,84,49,29,1/34,1/105,1/124
野川,2026-10-02,,10/2 23:31,スロット,3205,L戦国乙女5L8,0562,0.1,-2.1,-5.7,21,26,47,1/93,1/145,1/161
野川,2026-10-02,,10/2 23:31,スロット,3224,L戦国ｺﾚｸｼｮﾝ6KS,0677,-0.3,-2.3,-2.0,36,30,20,1/124,1/168,1/165
野川,2026-10-02,,10/2 23:31,スロット,3165,L攻殻機動隊 ZS,0668,-1.5,-2.3,0.0,8,22,18,1/271,1/172,1/175
野川,2026-10-02,,10/2 23:31,スロット,3113,L新鬼武者3SA,0596,-1.2,-1.3,5.8,2,2,35,1/494,1/519,1/18
野川,2026-10-02,,10/2 23:31,スロット,3113,L新鬼武者3SA,0597,-0.3,-0.2,-1.2,7,6,17,1/95,1/93,1/128
野川,2026-10-02,,10/2 23:31,スロット,3113,L新鬼武者3SA,0598,-1.2,-1.0,-1.4,1,1,3,1/802,1/696,1/348
野川,2026-10-02,,10/2 23:31,スロット,3113,L新鬼武者3SA,0599,-0.1,0.5,1.1,6,19,22,1/122,1/45,1/82
野川,2026-10-02,,10/2 23:31,スロット,3113,L新鬼武者3SA,0600,0.2,-0.8,-0.6,23,9,1,1/68,1/123,1/447
野川,2026-10-02,,10/2 23:31,スロット,3167,L炎炎ﾉ消防隊2,0612,0.7,-0.6,-1.6,16,10,3,1/181,1/171,1/557
野川,2026-10-02,,10/2 23:31,スロット,3167,L炎炎ﾉ消防隊2,0613,-0.2,5.7,0.1,7,30,6,1/279,1/76,1/129
野川,2026-10-02,,10/2 23:31,スロット,3152,L無職転生 異世界行ったら本気だす,0679,-0.6,6.8,-2.7,20,86,28,1/126,1/35,1/166
野川,2026-10-02,,10/2 23:31,スロット,3166,L範馬刃牙L5,0681,0.0,-0.2,0.0,2,9,0,1/75,1/114,
野川,2026-10-02,,10/2 23:31,スロット,3237,L邪神ちゃんﾄﾞﾛｯﾌﾟｷｯｸTX,0672,-2.8,-2.9,-2.6,16,15,15,1/313,1/328,1/270
野川,2026-10-02,,10/2 23:31,スロット,3161,L鉄拳6YDO1H,0555,6.0,1.4,-0.3,36,10,2,1/76,1/120,1/361
野川,2026-10-02,,10/2 23:31,スロット,3161,L鉄拳6YDO1H,0556,0.6,0.0,4.6,4,0,14,1/109,,1/100
野川,2026-10-02,,10/2 23:31,スロット,3161,L鉄拳6YDO1H,0557,-1.8,-1.5,-1.3,6,5,4,1/257,1/285,1/277
野川,2026-10-02,,10/2 23:31,スロット,3161,L鉄拳6YDO1H,0558,0.0,-1.5,-2.1,0,8,6,1/22,1/222,1/296
野川,2026-10-02,,10/2 23:31,スロット,3161,L鉄拳6YDO1H,0559,-2.3,1.4,-0.6,5,17,4,1/368,1/107,1/206
野川,2026-10-02,,10/2 23:31,スロット,3246,L青春ﾌﾞﾀ野郎L1,0574,10.6,-4.2,-0.8,66,29,38,1/79,1/190,1/118
野川,2026-10-02,,10/2 23:31,スロット,3246,L青春ﾌﾞﾀ野郎L1,0575,-4.1,6.3,-2.5,29,52,23,1/152,1/80,1/149
野川,2026-10-02,,10/2 23:31,スロット,3128,L革命機ｳﾞｧﾙｳﾞﾚｲｳﾞ2jF,0539,2.4,3.1,0.7,44,45,13,1/77,1/45,1/127
野川,2026-10-02,,10/2 23:31,スロット,3128,L革命機ｳﾞｧﾙｳﾞﾚｲｳﾞ2jF,0540,3.8,-1.6,6.1,68,7,67,1/64,1/261,1/34
野川,2026-10-02,,10/2 23:31,スロット,3186,L／SHAMANKING／SS,0664,5.3,0.0,2.6,8,0,8,1/260,,1/103
野川,2026-10-02,,10/2 23:31,スロット,3162,L／オキドキデュオ2／FR,0670,-2.1,0.1,-0.4,11,5,5,1/219,1/122,1/171
野川,2026-10-02,,10/2 23:31,スロット,3190,L／ミリオンゴッド／CX,0531,-2.3,-1.0,-3.3,0,8,0,1/2371,1/596,1/3407
野川,2026-10-02,,10/2 23:31,スロット,3190,L／ミリオンゴッド／CX,0532,-0.1,-1.2,-1.6,0,0,0,1/686,1/2282,1/1723
野川,2026-10-02,,10/2 23:31,スロット,3190,L／ミリオンゴッド／CX,0533,-1.5,-0.2,0.1,0,0,0,1/1764,1/658,1/2627
野川,2026-10-02,,10/2 23:31,スロット,3190,L／ミリオンゴッド／CX,0534,1.2,0.5,-0.5,0,0,0,1/1844,1/1284,1/768
野川,2026-10-02,,10/2 23:31,スロット,3190,L／ミリオンゴッド／CX,0535,-0.6,0.7,-2.4,0,0,0,1/3159,1/1389,1/3149
野川,2026-10-02,,10/2 23:31,スロット,3180,L／真打吉宗／A1,0678,-1.7,-0.6,-2.7,17,51,35,1/146,1/87,1/127
野川,2026-10-02,,10/2 23:31,スロット,3182,LｱｸﾀﾞﾏﾄﾞﾗｲﾌﾞTP,0674,-0.2,0.6,-1.0,0,5,6,1/174,1/234,1/301
野川,2026-10-02,,10/2 23:31,スロット,3103,Lｸﾚｱの秘宝伝 ﾎﾞｰﾅｽﾄﾘｶﾞｰver./A2,0652,-2.0,-0.2,-0.5,8,6,4,1/464,1/277,1/321
野川,2026-10-02,,10/2 23:31,スロット,3164,LｺﾞﾌﾞﾘﾝｽﾚｲﾔｰⅡJZ,0682,-0.7,-2.0,0.3,3,2,3,1/308,1/707,1/73
野川,2026-10-02,,10/2 23:31,スロット,3196,Lｽｰﾊﾟｰﾘｵｴｰｽ2NDO2H,0545,2.4,6.6,-2.5,28,29,12,1/87,1/85,1/239
野川,2026-10-02,,10/2 23:31,スロット,3196,Lｽｰﾊﾟｰﾘｵｴｰｽ2NDO2H,0546,2.9,-1.3,-2.1,29,13,9,1/93,1/177,1/226
野川,2026-10-02,,10/2 23:31,スロット,3235,Lｽﾄﾘｰﾄﾌｧｲﾀｰ6SB,0665,-1.4,3.3,1.2,3,40,18,1/434,1/79,1/106
野川,2026-10-02,,10/2 23:31,スロット,3150,Lｽﾏｽﾛ 化物語KH,0536,-0.3,0.8,-1.1,4,10,2,1/131,1/58,1/397
野川,2026-10-02,,10/2 23:31,スロット,3150,Lｽﾏｽﾛ 化物語KH,0537,-0.6,-0.6,-0.8,1,1,3,1/498,1/454,1/256
野川,2026-10-02,,10/2 23:31,スロット,3150,Lｽﾏｽﾛ 化物語KH,0538,-0.1,2.2,1.9,2,22,19,1/117,1/60,1/58
野川,2026-10-02,,10/2 23:31,スロット,3105,Lｽﾏｽﾛ 東京ﾘﾍﾞﾝｼﾞｬｰｽﾞZF,0610,-0.9,-1.3,0.1,2,10,7,1/479,1/275,1/172
野川,2026-10-02,,10/2 23:31,スロット,3105,Lｽﾏｽﾛ 東京ﾘﾍﾞﾝｼﾞｬｰｽﾞZF,0611,0.0,-0.6,5.1,0,5,23,1/23,1/351,1/115
野川,2026-10-02,,10/2 23:31,スロット,3193,LﾀｸﾄｵｰﾊﾟｽM1,0673,-0.1,-0.9,-0.6,2,3,1,1/133,1/285,1/667
野川,2026-10-02,,10/2 23:31,スロット,3206,LﾊﾞｰﾃﾞｨｰｳｲﾝｸﾞBC,0675,1.7,-1.6,1.3,26,21,30,1/59,1/102,1/73
野川,2026-10-02,,10/2 23:31,スロット,3028,Lﾊﾞｲｵﾊｻﾞｰﾄﾞ5,0570,0.4,-0.1,-0.2,9,0,0,1/151,1/65,1/143
野川,2026-10-02,,10/2 23:31,スロット,3028,Lﾊﾞｲｵﾊｻﾞｰﾄﾞ5,0571,0.0,-0.2,-0.1,0,1,0,1/36,1/413,1/118
野川,2026-10-02,,10/2 23:31,スロット,3195,LﾊﾞｲｵﾊｻﾞｰﾄﾞRE:3 ZD,0604,-0.6,0.0,-0.4,2,0,3,1/261,,1/141
野川,2026-10-02,,10/2 23:31,スロット,3195,LﾊﾞｲｵﾊｻﾞｰﾄﾞRE:3 ZD,0605,-0.6,-3.2,0.2,10,7,6,1/114,1/352,1/63
野川,2026-10-02,,10/2 23:31,スロット,3195,LﾊﾞｲｵﾊｻﾞｰﾄﾞRE:3 ZD,0606,-2.5,0.0,2.3,10,0,29,1/233,,1/38
野川,2026-10-02,,10/2 23:31,スロット,2952,Lﾊﾟﾁｽﾛ かぐや様は告らせたい,0547,-1.6,1.4,-0.1,10,11,0,1/271,1/120,1/89
野川,2026-10-02,,10/2 23:31,スロット,2952,Lﾊﾟﾁｽﾛ かぐや様は告らせたい,0548,-0.8,-0.6,0.3,16,2,11,1/204,1/374,1/150
野川,2026-10-02,,10/2 23:31,スロット,2952,Lﾊﾟﾁｽﾛ かぐや様は告らせたい,0549,-1.8,-0.2,0.0,12,9,0,1/263,1/177,
野川,2026-10-02,,10/2 23:31,スロット,2952,Lﾊﾟﾁｽﾛ かぐや様は告らせたい,0550,-2.0,0.1,-0.4,12,4,5,1/305,1/197,1/265
野川,2026-10-02,,10/2 23:31,スロット,2892,Lﾊﾟﾁｽﾛ 炎炎ﾉ消防隊,0694,0.0,-0.5,0.0,0,0,9,,1/540,1/159
野川,2026-10-02,,10/2 23:31,スロット,2892,Lﾊﾟﾁｽﾛ 炎炎ﾉ消防隊,0695,0.5,-0.2,-0.9,15,0,3,1/110,1/122,1/324
野川,2026-10-02,,10/2 23:31,スロット,2682,Lﾊﾟﾁｽﾛ北斗の拳AD　XR,0618,-0.2,-0.9,-0.2,4,14,26,1/151,1/145,1/105
野川,2026-10-02,,10/2 23:31,スロット,2682,Lﾊﾟﾁｽﾛ北斗の拳AD　XR,0619,-0.9,0.5,0.2,4,18,12,1/224,1/68,1/66
野川,2026-10-02,,10/2 23:31,スロット,2682,Lﾊﾟﾁｽﾛ北斗の拳AD　XR,0620,-2.2,1.3,-0.2,20,18,11,1/179,1/38,1/107
野川,2026-10-02,,10/2 23:31,スロット,2682,Lﾊﾟﾁｽﾛ北斗の拳AD　XR,0621,-0.5,-1.3,-0.2,1,21,24,1/386,1/141,1/100
野川,2026-10-02,,10/2 23:31,スロット,2682,Lﾊﾟﾁｽﾛ北斗の拳AD　XR,0622,0.0,-0.5,-0.4,6,9,18,1/86,1/118,1/115
野川,2026-10-02,,10/2 23:31,スロット,2682,Lﾊﾟﾁｽﾛ北斗の拳AD　XR,0623,-0.1,-0.6,0.5,11,1,16,1/96,1/530,1/64
野川,2026-10-02,,10/2 23:31,スロット,2682,Lﾊﾟﾁｽﾛ北斗の拳AD　XR,0624,-0.6,0.4,-0.8,11,49,21,1/125,1/96,1/115
野川,2026-10-02,,10/2 23:31,スロット,2682,Lﾊﾟﾁｽﾛ北斗の拳AD　XR,0625,1.5,-0.6,-0.5,31,2,9,1/57,1/340,1/135
野川,2026-10-02,,10/2 23:31,スロット,2682,Lﾊﾟﾁｽﾛ北斗の拳AD　XR,0626,0.3,2.7,-1.2,5,57,1,1/65,1/51,1/965
野川,2026-10-02,,10/2 23:31,スロット,2682,Lﾊﾟﾁｽﾛ北斗の拳AD　XR,0627,-1.6,-0.1,0.1,21,3,15,1/142,1/137,1/92
野川,2026-10-02,,10/2 23:31,スロット,2682,Lﾊﾟﾁｽﾛ北斗の拳AD　XR,0628,-0.6,-1.4,-1.3,4,11,8,1/169,1/210,1/219
野川,2026-10-02,,10/2 23:31,スロット,3194,Lﾋﾞｯｸﾞﾄﾞﾘｰﾑ KR,0607,0.0,0.0,3.3,0,0,47,,,1/40
野川,2026-10-02,,10/2 23:31,スロット,3194,Lﾋﾞｯｸﾞﾄﾞﾘｰﾑ KR,0608,0.0,0.0,-1.1,0,0,3,,,1/279
野川,2026-10-02,,10/2 23:31,スロット,3194,Lﾋﾞｯｸﾞﾄﾞﾘｰﾑ KR,0609,0.0,0.0,-0.2,0,0,0,,,1/122
野川,2026-10-02,,10/2 23:31,スロット,3036,Lﾏｷﾞｱﾚｺｰﾄﾞ まどマギ外伝,0696,0.8,1.1,0.0,2,1,0,1/75,1/205,
野川,2026-10-02,,10/2 23:31,スロット,3036,Lﾏｷﾞｱﾚｺｰﾄﾞ まどマギ外伝,0697,1.3,0.0,1.4,9,0,15,1/271,,1/197
野川,2026-10-02,,10/2 23:31,スロット,3036,Lﾏｷﾞｱﾚｺｰﾄﾞ まどマギ外伝,0698,-0.4,0.0,0.0,4,0,0,1/191,,
野川,2026-10-02,,10/2 23:31,スロット,3036,Lﾏｷﾞｱﾚｺｰﾄﾞ まどマギ外伝,0699,-0.8,0.0,-1.1,5,0,3,1/198,,1/355
野川,2026-10-02,,10/2 23:31,スロット,3036,Lﾏｷﾞｱﾚｺｰﾄﾞ まどマギ外伝,0700,-0.3,2.1,-1.3,9,7,4,1/196,1/235,1/246
野川,2026-10-02,,10/2 23:31,スロット,3222,LﾔﾊﾞﾁﾊﾞZM,0669,-1.3,4.5,-1.8,3,15,6,1/381,1/151,1/287
野川,2026-10-02,,10/2 23:31,スロット,2984,Lﾙﾊﾟﾝ三世 大航海者の秘宝,0688,0.3,-1.3,1.0,9,2,14,1/59,1/512,1/109
野川,2026-10-02,,10/2 23:31,スロット,2510,Sこの素晴らしい世界に祝福を！ZR,0516,-0.1,0.6,-0.4,2,16,7,1/82,1/24,1/75
野川,2026-10-02,,10/2 23:31,スロット,2678,SキングハナハナSP-30,0518,2.4,-0.3,-0.6,23,12,4,1/215,1/276,1/286
野川,2026-10-02,,10/2 23:31,スロット,2678,SキングハナハナSP-30,0519,2.6,0.1,-0.4,21,8,3,1/140,1/216,1/406
野川,2026-10-02,,10/2 23:31,スロット,2595,SバイオハザードRE：２ XB,0514,0.0,0.0,0.0,0,0,0,,,
野川,2026-10-02,,10/2 23:31,スロット,2494,S押忍！番長ZERO PC1,0512,2.6,0.6,-0.5,64,22,3,1/56,1/62,1/194
野川,2026-10-02,,10/2 23:31,スロット,2554,S甲鉄城のカバネリ ZR,0513,0.0,-0.4,-0.6,0,2,6,,1/209,1/169
野川,2026-10-02,,10/2 23:31,スロット,2799,Sｴｳﾚｶｾﾌﾞﾝ ﾊｲｴﾎﾞｾﾞﾛ TYPE-ART,0515,-0.8,1.1,-0.3,15,12,1,1/214,1/222,1/529
野川,2026-10-02,,10/2 23:31,スロット,3111,SﾈｵｱｲﾑｼﾞｬｸﾞﾗｰEX-KK,0362,-0.6,2.3,-0.8,20,27,3,1/263,1/193,1/386
野川,2026-10-02,,10/2 23:31,スロット,3111,SﾈｵｱｲﾑｼﾞｬｸﾞﾗｰEX-KK,0414,-0.2,0.0,-0.3,3,8,17,1/342,1/212,1/273
野川,2026-10-02,,10/2 23:31,スロット,3111,SﾈｵｱｲﾑｼﾞｬｸﾞﾗｰEX-KK,0426,-0.7,-0.2,-0.2,13,9,2,1/294,1/255,1/263
野川,2026-10-02,,10/2 23:31,スロット,3111,SﾈｵｱｲﾑｼﾞｬｸﾞﾗｰEX-KK,0442,1.6,-0.7,0.7,27,1,27,1/222,1/724,1/224
野川,2026-10-02,,10/2 23:31,スロット,3111,SﾈｵｱｲﾑｼﾞｬｸﾞﾗｰEX-KK,0483,-1.2,-0.6,-1.5,6,2,20,1/482,1/492,1/357
野川,2026-10-02,,10/2 23:31,スロット,3111,SﾈｵｱｲﾑｼﾞｬｸﾞﾗｰEX-KK,0498,0.0,-0.4,-0.6,3,3,6,1/247,1/317,1/378
野川,2026-10-02,,10/2 23:31,スロット,3054,七つの魔剣が支配する,0666,0.3,7.7,-0.2,7,45,3,1/71,1/10,1/99
野川,2026-10-02,,10/2 23:31,スロット,2617,各　SハッピージャグラーVⅢEA,0360,-0.3,-0.4,0.0,3,0,9,1/326,1/529,1/256
野川,2026-10-02,,10/2 23:31,スロット,2617,各　SハッピージャグラーVⅢEA,0370,-1.1,1.2,0.2,5,17,6,1/446,1/172,1/177
野川,2026-10-02,,10/2 23:31,スロット,2617,各　SハッピージャグラーVⅢEA,0418,0.6,-0.7,0.0,12,2,3,1/184,1/583,1/326
野川,2026-10-02,,10/2 23:31,スロット,2617,各　SハッピージャグラーVⅢEA,0423,-0.3,-0.7,0.2,1,2,6,1/566,1/595,1/187
野川,2026-10-02,,10/2 23:31,スロット,2617,各　SハッピージャグラーVⅢEA,0427,-0.4,0.2,-0.4,2,11,10,1/430,1/199,1/296
野川,2026-10-02,,10/2 23:31,スロット,2617,各　SハッピージャグラーVⅢEA,0435,-0.5,-0.4,-0.5,2,4,0,1/466,1/303,1/541
野川,2026-10-02,,10/2 23:31,スロット,2617,各　SハッピージャグラーVⅢEA,0443,-1.2,-0.5,1.3,0,4,24,1/898,1/381,1/222
野川,2026-10-02,,10/2 23:31,スロット,2617,各　SハッピージャグラーVⅢEA,0484,0.2,0.0,0.6,7,8,9,1/227,1/251,1/188
野川,2026-10-02,,10/2 23:31,スロット,2617,各　SハッピージャグラーVⅢEA,0495,0.3,0.0,-0.8,7,2,6,1/239,1/329,1/365
野川,2026-10-02,,10/2 23:31,スロット,2424,各　Sファンキージャグラー２/KT,0358,-0.1,-0.6,0.3,5,4,16,1/254,1/351,1/213
野川,2026-10-02,,10/2 23:31,スロット,2424,各　Sファンキージャグラー２/KT,0364,0.6,-0.3,-0.4,14,19,0,1/178,1/264,1/300
野川,2026-10-02,,10/2 23:31,スロット,2424,各　Sファンキージャグラー２/KT,0368,0.8,-0.9,-0.4,27,8,2,1/199,1/363,1/477
野川,2026-10-02,,10/2 23:31,スロット,2424,各　Sファンキージャグラー２/KT,0412,0.2,-0.2,-0.8,11,4,0,1/238,1/226,1/632
野川,2026-10-02,,10/2 23:31,スロット,2424,各　Sファンキージャグラー２/KT,0417,0.0,0.2,0.1,5,14,9,1/253,1/243,1/248
野川,2026-10-02,,10/2 23:31,スロット,2424,各　Sファンキージャグラー２/KT,0421,-0.6,-0.6,0.1,7,13,7,1/327,1/263,1/238
野川,2026-10-02,,10/2 23:31,スロット,2424,各　Sファンキージャグラー２/KT,0425,-0.6,0.7,1.5,2,22,27,1/603,1/205,1/197
野川,2026-10-02,,10/2 23:31,スロット,2424,各　Sファンキージャグラー２/KT,0430,-0.5,0.9,-1.5,3,21,5,1/421,1/206,1/545
野川,2026-10-02,,10/2 23:31,スロット,2424,各　Sファンキージャグラー２/KT,0438,0.2,0.7,-0.2,16,13,10,1/241,1/211,1/288
野川,2026-10-02,,10/2 23:31,スロット,2424,各　Sファンキージャグラー２/KT,0441,-0.5,-0.1,-0.7,3,23,0,1/388,1/257,1/633
野川,2026-10-02,,10/2 23:31,スロット,2424,各　Sファンキージャグラー２/KT,0445,-0.5,0.1,-0.2,4,7,12,1/406,1/254,1/271
野川,2026-10-02,,10/2 23:31,スロット,2424,各　Sファンキージャグラー２/KT,0486,3.1,-0.5,-0.4,30,7,4,1/149,1/367,1/318
野川,2026-10-02,,10/2 23:31,スロット,2424,各　Sファンキージャグラー２/KT,0488,-0.5,-0.4,0.1,4,4,10,1/338,1/260,1/237
野川,2026-10-02,,10/2 23:31,スロット,2424,各　Sファンキージャグラー２/KT,0493,-0.4,-0.5,-0.5,3,5,0,1/408,1/342,1/380
野川,2026-10-02,,10/2 23:31,スロット,2424,各　Sファンキージャグラー２/KT,0496,-1.0,-1.1,-0.6,1,15,6,1/1332,1/329,1/324
野川,2026-10-02,,10/2 23:31,スロット,2437,各　SマイジャグラーⅤ KD,0359,1.0,1.1,-0.5,33,30,6,1/245,1/205,1/279
野川,2026-10-02,,10/2 23:31,スロット,2437,各　SマイジャグラーⅤ KD,0363,-0.6,-1.2,0.7,0,2,23,1/574,1/749,1/232
野川,2026-10-02,,10/2 23:31,スロット,2437,各　SマイジャグラーⅤ KD,0367,-0.2,-0.3,0.6,7,10,21,1/313,1/274,1/192
野川,2026-10-02,,10/2 23:31,スロット,2437,各　SマイジャグラーⅤ KD,0371,1.1,-0.6,-1.0,17,13,3,1/212,1/307,1/464
野川,2026-10-02,,10/2 23:31,スロット,2437,各　SマイジャグラーⅤ KD,0411,0.0,0.9,-0.9,18,27,17,1/257,1/227,1/260
野川,2026-10-02,,10/2 23:31,スロット,2437,各　SマイジャグラーⅤ KD,0415,-0.2,-0.5,-1.0,2,3,1,1/256,1/404,1/974
野川,2026-10-02,,10/2 23:31,スロット,2437,各　SマイジャグラーⅤ KD,0420,-0.4,0.0,-0.6,21,15,12,1/265,1/219,1/285
野川,2026-10-02,,10/2 23:31,スロット,2437,各　SマイジャグラーⅤ KD,0424,1.0,-0.1,-0.7,25,8,2,1/244,1/250,1/647
野川,2026-10-02,,10/2 23:31,スロット,2437,各　SマイジャグラーⅤ KD,0433,-0.3,-0.4,0.8,13,7,12,1/255,1/292,1/189
野川,2026-10-02,,10/2 23:31,スロット,2437,各　SマイジャグラーⅤ KD,0436,-0.6,-0.9,1.3,13,5,19,1/322,1/507,1/255
野川,2026-10-02,,10/2 23:31,スロット,2437,各　SマイジャグラーⅤ KD,0439,-0.5,0.1,0.5,10,10,14,1/303,1/214,1/216
野川,2026-10-02,,10/2 23:31,スロット,2437,各　SマイジャグラーⅤ KD,0446,-0.3,-0.3,-0.8,11,13,6,1/285,1/315,1/322
野川,2026-10-02,,10/2 23:31,スロット,2437,各　SマイジャグラーⅤ KD,0485,-1.1,-1.0,0.3,7,1,15,1/479,1/1328,1/226
野川,2026-10-02,,10/2 23:31,スロット,2437,各　SマイジャグラーⅤ KD,0489,1.6,-0.6,-0.8,25,4,2,1/209,1/486,1/533
野川,2026-10-02,,10/2 23:31,スロット,2437,各　SマイジャグラーⅤ KD,0492,-2.0,-1.2,-0.5,8,7,26,1/518,1/434,1/246
野川,2026-10-02,,10/2 23:31,スロット,2437,各　SマイジャグラーⅤ KD,0497,-0.8,-0.5,-0.5,16,5,10,1/311,1/386,1/350
野川,2026-10-02,,10/2 23:31,スロット,2707,各　Sｺﾞｰｺﾞｰｼﾞｬｸﾞﾗｰ3KA,0357,0.6,-0.2,-0.1,11,6,19,1/139,1/273,1/238
野川,2026-10-02,,10/2 23:31,スロット,2707,各　Sｺﾞｰｺﾞｰｼﾞｬｸﾞﾗｰ3KA,0361,-0.4,-0.7,-1.0,4,4,5,1/310,1/407,1/464
野川,2026-10-02,,10/2 23:31,スロット,2707,各　Sｺﾞｰｺﾞｰｼﾞｬｸﾞﾗｰ3KA,0365,-0.8,-0.5,0.0,5,3,25,1/391,1/302,1/256
野川,2026-10-02,,10/2 23:31,スロット,2707,各　Sｺﾞｰｺﾞｰｼﾞｬｸﾞﾗｰ3KA,0369,-0.4,-0.2,-0.3,4,6,19,1/260,1/296,1/253
野川,2026-10-02,,10/2 23:31,スロット,2707,各　Sｺﾞｰｺﾞｰｼﾞｬｸﾞﾗｰ3KA,0373,0.1,-0.5,-0.5,29,6,6,1/237,1/287,1/323
野川,2026-10-02,,10/2 23:31,スロット,2707,各　Sｺﾞｰｺﾞｰｼﾞｬｸﾞﾗｰ3KA,0413,-0.2,-0.3,-0.6,15,16,15,1/270,1/294,1/307
野川,2026-10-02,,10/2 23:31,スロット,2707,各　Sｺﾞｰｺﾞｰｼﾞｬｸﾞﾗｰ3KA,0416,0.6,-1.4,-0.9,32,5,12,1/224,1/474,1/368
野川,2026-10-02,,10/2 23:31,スロット,2707,各　Sｺﾞｰｺﾞｰｼﾞｬｸﾞﾗｰ3KA,0419,-1.0,-1.8,0.8,4,3,35,1/611,1/679,1/210
野川,2026-10-02,,10/2 23:31,スロット,2707,各　Sｺﾞｰｺﾞｰｼﾞｬｸﾞﾗｰ3KA,0422,-0.5,-0.1,0.2,9,5,24,1/283,1/223,1/222
野川,2026-10-02,,10/2 23:31,スロット,2707,各　Sｺﾞｰｺﾞｰｼﾞｬｸﾞﾗｰ3KA,0432,-0.7,0.1,-0.8,1,7,9,1/835,1/214,1/318
野川,2026-10-02,,10/2 23:31,スロット,2707,各　Sｺﾞｰｺﾞｰｼﾞｬｸﾞﾗｰ3KA,0434,-0.7,-0.3,1.5,5,8,22,1/337,1/248,1/162
野川,2026-10-02,,10/2 23:31,スロット,2707,各　Sｺﾞｰｺﾞｰｼﾞｬｸﾞﾗｰ3KA,0437,0.3,-0.7,0.5,15,9,16,1/229,1/338,1/203
野川,2026-10-02,,10/2 23:31,スロット,2707,各　Sｺﾞｰｺﾞｰｼﾞｬｸﾞﾗｰ3KA,0440,-0.8,-0.4,-0.7,2,1,7,1/647,1/627,1/317
野川,2026-10-02,,10/2 23:31,スロット,2707,各　Sｺﾞｰｺﾞｰｼﾞｬｸﾞﾗｰ3KA,0444,-1.1,-0.7,0.2,5,10,6,1/526,1/321,1/194
野川,2026-10-02,,10/2 23:31,スロット,2707,各　Sｺﾞｰｺﾞｰｼﾞｬｸﾞﾗｰ3KA,0487,-0.6,-0.8,-0.5,2,10,7,1/473,1/285,1/254
野川,2026-10-02,,10/2 23:31,スロット,2707,各　Sｺﾞｰｺﾞｰｼﾞｬｸﾞﾗｰ3KA,0490,-0.3,-0.6,-0.8,2,18,7,1/318,1/341,1/358
野川,2026-10-02,,10/2 23:31,スロット,2707,各　Sｺﾞｰｺﾞｰｼﾞｬｸﾞﾗｰ3KA,0494,-0.6,-0.8,0.1,1,8,22,1/920,1/315,1/233
野川,2026-10-02,,10/2 23:31,スロット,2707,各　Sｺﾞｰｺﾞｰｼﾞｬｸﾞﾗｰ3KA,0500,-0.1,-0.7,-0.8,22,7,10,1/244,1/324,1/277
野川,2026-10-02,,10/2 23:31,スロット,2878,押忍!番長4,0671,-0.3,-0.3,2.9,10,0,15,1/94,1/154,1/53
野川,2026-10-02,,10/2 23:31,スロット,2916,沖ﾄﾞｷ!BLACK,0520,0.6,1.7,-2.0,6,10,11,1/91,1/91,1/276
野川,2026-10-02,,10/2 23:31,スロット,2916,沖ﾄﾞｷ!BLACK,0521,-2.3,-4.6,-3.7,19,2,8,1/245,1/1774,1/480
野川,2026-10-02,,10/2 23:31,スロット,2916,沖ﾄﾞｷ!BLACK,0522,-1.3,0.0,-0.9,12,3,0,1/223,1/168,1/611
野川,2026-10-02,,10/2 23:31,スロット,2916,沖ﾄﾞｷ!BLACK,0523,0.7,0.2,-1.2,3,15,10,1/39,1/141,1/255
野川,2026-10-02,,10/2 23:31,スロット,2916,沖ﾄﾞｷ!BLACK,0524,2.2,1.3,-0.2,15,7,6,1/63,1/46,1/196
野川,2026-10-02,,10/2 23:31,スロット,2987,ｳﾙﾄﾗﾐﾗｸﾙｼﾞｬｸﾞﾗｰ,0374,0.7,1.1,0.0,22,17,16,1/183,1/164,1/277
野川,2026-10-02,,10/2 23:31,スロット,2987,ｳﾙﾄﾗﾐﾗｸﾙｼﾞｬｸﾞﾗｰ,0429,-0.3,0.2,-0.2,23,13,16,1/268,1/247,1/262
野川,2026-10-02,,10/2 23:31,スロット,2987,ｳﾙﾄﾗﾐﾗｸﾙｼﾞｬｸﾞﾗｰ,0491,1.0,-0.9,0.4,39,32,13,1/226,1/255,1/208
野川,2026-10-02,,10/2 23:31,スロット,2814,ｸﾗﾝｷｰｸﾚｽﾄ,0517,-0.4,1.1,0.6,1,10,7,1/609,1/197,1/157
野川,2026-10-02,,10/2 23:31,スロット,2879,ｼﾞｬｸﾞﾗｰｶﾞｰﾙｽﾞSS,0372,-1.0,1.4,-1.3,7,22,14,1/488,1/246,1/361
野川,2026-10-02,,10/2 23:31,スロット,2879,ｼﾞｬｸﾞﾗｰｶﾞｰﾙｽﾞSS,0499,0.3,-0.3,-0.9,9,5,6,1/209,1/305,1/411
野川,2026-10-02,,10/2 23:31,スロット,3044,ｽﾏｽﾛ 吉宗,0690,-0.3,-0.2,-0.3,0,0,0,1/185,1/131,1/191
野川,2026-10-02,,10/2 23:31,スロット,3044,ｽﾏｽﾛ 吉宗,0691,-0.3,0.2,-5.2,0,1,3,1/187,1/378,1/1773
野川,2026-10-02,,10/2 23:31,スロット,3044,ｽﾏｽﾛ 吉宗,0692,0.0,0.5,-0.6,3,3,0,1/511,1/357,1/417
野川,2026-10-02,,10/2 23:31,スロット,3044,ｽﾏｽﾛ 吉宗,0693,7.3,2.0,-0.3,15,4,0,1/157,1/138,1/193
野川,2026-10-02,,10/2 23:31,スロット,2919,ｽﾏｽﾛ ｺﾞｯﾄﾞｲｰﾀｰ ﾘｻﾞﾚｸｼｮﾝ,0689,-1.1,-0.6,0.4,33,11,15,1/90,1/106,1/66
野川,2026-10-02,,10/2 23:31,スロット,2974,ｽﾏｽﾛ ﾓﾝｽﾀｰﾊﾝﾀｰﾗｲｽﾞ,0525,-2.5,-0.8,1.0,6,8,26,1/369,1/129,1/70
野川,2026-10-02,,10/2 23:31,スロット,2974,ｽﾏｽﾛ ﾓﾝｽﾀｰﾊﾝﾀｰﾗｲｽﾞ,0526,-1.1,0.4,0.4,7,11,11,1/183,1/80,1/41
野川,2026-10-02,,10/2 23:31,スロット,2974,ｽﾏｽﾛ ﾓﾝｽﾀｰﾊﾝﾀｰﾗｲｽﾞ,0527,3.3,0.0,1.1,42,19,23,1/45,1/131,1/48
野川,2026-10-02,,10/2 23:31,スロット,2974,ｽﾏｽﾛ ﾓﾝｽﾀｰﾊﾝﾀｰﾗｲｽﾞ,0528,-0.5,2.6,-1.4,31,27,22,1/94,1/20,1/117
野川,2026-10-02,,10/2 23:31,スロット,2974,ｽﾏｽﾛ ﾓﾝｽﾀｰﾊﾝﾀｰﾗｲｽﾞ,0529,-0.4,3.8,-0.4,2,43,6,1/199,1/31,1/132
野川,2026-10-02,,10/2 23:31,スロット,2974,ｽﾏｽﾛ ﾓﾝｽﾀｰﾊﾝﾀｰﾗｲｽﾞ,0530,-0.9,-1.3,-2.2,2,1,10,1/360,1/850,1/221
野川,2026-10-02,,10/2 23:31,スロット,2901,ｽﾏｽﾛ防振り,0680,2.8,-0.2,0.7,33,5,6,1/152,1/224,1/120
野川,2026-10-02,,10/2 23:31,スロット,3017,ｽﾏｽﾛｽｰﾊﾟｰﾌﾞﾗｯｸｼﾞｬｯｸ,0551,0.6,-0.8,-0.5,24,4,3,1/62,1/241,1/255
野川,2026-10-02,,10/2 23:31,スロット,3017,ｽﾏｽﾛｽｰﾊﾟｰﾌﾞﾗｯｸｼﾞｬｯｸ,0552,0.0,-1.2,0.1,0,2,3,1/9,1/399,1/86
野川,2026-10-02,,10/2 23:31,スロット,3017,ｽﾏｽﾛｽｰﾊﾟｰﾌﾞﾗｯｸｼﾞｬｯｸ,0553,-0.1,2.5,-0.9,15,27,5,1/88,1/36,1/153
野川,2026-10-02,,10/2 23:31,スロット,3017,ｽﾏｽﾛｽｰﾊﾟｰﾌﾞﾗｯｸｼﾞｬｯｸ,0554,-0.3,-0.7,-0.2,0,7,2,1/161,1/146,1/177
野川,2026-10-02,,10/2 23:31,スロット,2816,ｽﾏｽﾛﾓﾝｷｰﾀｰﾝⅤ,0645,-0.1,-1.5,-1.4,27,18,2,1/87,1/142,1/522
野川,2026-10-02,,10/2 23:31,スロット,2816,ｽﾏｽﾛﾓﾝｷｰﾀｰﾝⅤ,0646,-0.1,-0.1,-0.7,14,5,27,1/79,1/186,1/111
野川,2026-10-02,,10/2 23:31,スロット,2816,ｽﾏｽﾛﾓﾝｷｰﾀｰﾝⅤ,0647,0.0,4.8,-1.0,4,56,4,1/69,1/47,1/261
野川,2026-10-02,,10/2 23:31,スロット,2816,ｽﾏｽﾛﾓﾝｷｰﾀｰﾝⅤ,0648,-0.9,-1.0,1.4,7,24,35,1/190,1/118,1/83
野川,2026-10-02,,10/2 23:31,スロット,2816,ｽﾏｽﾛﾓﾝｷｰﾀｰﾝⅤ,0649,-0.8,-0.5,-0.4,19,6,1,1/125,1/137,1/322
野川,2026-10-02,,10/2 23:31,スロット,2816,ｽﾏｽﾛﾓﾝｷｰﾀｰﾝⅤ,0650,-0.2,-0.6,-0.5,1,5,1,1/185,1/159,1/387
野川,2026-10-02,,10/2 23:31,スロット,2816,ｽﾏｽﾛﾓﾝｷｰﾀｰﾝⅤ,0651,1.7,-0.5,1.9,52,36,58,1/67,1/95,1/80
野川,2026-10-02,,10/2 23:31,スロット,2917,ﾐｽﾀｰｼﾞｬｸﾞﾗｰ,0366,-1.3,-0.2,-1.5,3,20,13,1/597,1/292,1/382
野川,2026-10-02,,10/2 23:31,スロット,2917,ﾐｽﾀｰｼﾞｬｸﾞﾗｰ,0428,0.5,-1.0,-1.7,19,8,8,1/206,1/363,1/367
野川,2026-10-02,,10/2 23:31,スロット,2917,ﾐｽﾀｰｼﾞｬｸﾞﾗｰ,0431,0.6,1.4,-0.6,18,19,5,1/196,1/207,1/413
東名,2026-10-03,,10/3 23:35,パチンコ,3807,e/押忍番長漢の頂/A03,0401,-0.3,3.7,-3.6,0,20,2,1/21,1/58,1/190
東名,2026-10-03,,10/3 23:35,パチンコ,3807,e/押忍番長漢の頂/A03,0402,-0.1,-0.3,-1.0,0,2,2,1/6,1/35,1/67
東名,2026-10-03,,10/3 23:35,パチンコ,3794,e/ﾜｰﾙﾄﾞﾀﾞｲｽﾀｰ/L04,0398,-4.0,0.1,-0.6,1,2,0,1/409,1/30,1/52
東名,2026-10-03,,10/3 23:35,パチンコ,3825,etakt op. DestinyH6,0404,-0.6,-0.2,16.5,9,16,20,1/142,1/188,1/114
東名,2026-10-03,,10/3 23:35,パチンコ,3733,eいせれべFSZ,0357,-0.9,7.4,-1.3,0,8,1,1/93,1/65,1/158
東名,2026-10-03,,10/3 23:35,パチンコ,3683,eとある科学の超電磁砲 LTRSY,0389,9.4,-0.2,8.7,7,2,11,1/12,1/189,1/136
東名,2026-10-03,,10/3 23:35,パチンコ,3640,eとある魔術の禁書目録 一方通行,0406,7.9,-3.7,-2.7,10,1,1,1/108,1/508,1/431
東名,2026-10-03,,10/3 23:35,パチンコ,3640,eとある魔術の禁書目録 一方通行,0407,-0.1,-0.9,-2.8,0,2,0,1/16,1/97,1/305
東名,2026-10-03,,10/3 23:35,パチンコ,3777,eひきこまり吸血姫の悶々FHV,0361,-7.8,-3.6,6.1,13,16,16,1/196,1/182,1/409
東名,2026-10-03,,10/3 23:35,パチンコ,3806,e七つの大罪3GFEA,0370,-6.4,-12.6,-5.0,0,1,1,1/580,1/1184,1/504
東名,2026-10-03,,10/3 23:35,パチンコ,3414,e乃木坂46ⅡK4,0411,0.0,-0.1,-0.2,0,0,0,,1/12,1/23
東名,2026-10-03,,10/3 23:35,パチンコ,3595,e仮面ﾗｲﾀﾞｰBLACK-KRJ2,0354,-2.8,-0.4,5.6,5,0,12,1/320,1/49,1/365
東名,2026-10-03,,10/3 23:35,パチンコ,3785,e化物語2GSED,0360,-2.0,-1.2,-0.8,3,2,0,1/143,1/70,1/64
東名,2026-10-03,,10/3 23:35,パチンコ,3705,e北斗の拳11暴凶星SHEF,0247,23.6,-0.3,-0.3,36,0,0,1/367,1/31,1/29
東名,2026-10-03,,10/3 23:35,パチンコ,3705,e北斗の拳11暴凶星SHEF,0248,-3.7,-3.5,-1.4,1,0,1,1/315,1/254,1/212
東名,2026-10-03,,10/3 23:35,パチンコ,3705,e北斗の拳11暴凶星SHEF,0249,-0.8,-1.5,-1.9,0,0,3,1/87,1/133,1/404
東名,2026-10-03,,10/3 23:35,パチンコ,3705,e北斗の拳11暴凶星SHEF,0250,-0.2,-0.1,-1.2,0,3,0,1/25,1/237,1/117
東名,2026-10-03,,10/3 23:35,パチンコ,3705,e北斗の拳11暴凶星SHEF,0251,-1.1,-1.7,-3.0,0,0,0,1/95,1/154,1/293
東名,2026-10-03,,10/3 23:35,パチンコ,3706,e地獄少女7500Ver.RHZ,0246,0.4,5.6,-4.5,7,17,6,1/85,1/301,1/599
東名,2026-10-03,,10/3 23:35,パチンコ,3728,e女神のｶﾌｪﾃﾗｽJLZ,0184,-4.4,-3.4,-8.0,3,3,7,1/301,1/247,1/508
東名,2026-10-03,,10/3 23:35,パチンコ,3728,e女神のｶﾌｪﾃﾗｽJLZ,0185,-3.2,-4.3,6.0,1,1,12,1/386,1/493,1/158
東名,2026-10-03,,10/3 23:35,パチンコ,3713,e新世紀ｴｳﾞｧﾝｹﾞﾘｵﾝ17,0237,-4.3,-7.1,19.1,0,3,19,1/462,1/246,1/113
東名,2026-10-03,,10/3 23:35,パチンコ,3713,e新世紀ｴｳﾞｧﾝｹﾞﾘｵﾝ17,0238,-5.7,-6.4,-4.3,0,4,3,1/540,1/1004,1/281
東名,2026-10-03,,10/3 23:35,パチンコ,3713,e新世紀ｴｳﾞｧﾝｹﾞﾘｵﾝ17,0239,-0.8,0.3,3.6,0,3,9,1/87,1/222,1/278
東名,2026-10-03,,10/3 23:35,パチンコ,3713,e新世紀ｴｳﾞｧﾝｹﾞﾘｵﾝ17,0240,0.9,4.4,-7.2,6,10,1,1/230,1/307,1/702
東名,2026-10-03,,10/3 23:35,パチンコ,3713,e新世紀ｴｳﾞｧﾝｹﾞﾘｵﾝ17,0241,-4.3,-2.4,-4.5,3,0,3,1/152,1/235,1/308
東名,2026-10-03,,10/3 23:35,パチンコ,3713,e新世紀ｴｳﾞｧﾝｹﾞﾘｵﾝ17,0242,-0.4,9.6,2.6,0,16,9,1/34,1/229,1/322
東名,2026-10-03,,10/3 23:35,パチンコ,3713,e新世紀ｴｳﾞｧﾝｹﾞﾘｵﾝ17,0243,11.0,4.5,-0.3,14,6,0,1/51,1/178,1/27
東名,2026-10-03,,10/3 23:35,パチンコ,3713,e新世紀ｴｳﾞｧﾝｹﾞﾘｵﾝ17,0244,15.0,15.9,-5.7,14,14,5,1/124,1/44,1/283
東名,2026-10-03,,10/3 23:35,パチンコ,3803,e東京喰種MW,0181,-10.1,4.4,-7.5,18,26,8,1/313,1/310,1/744
東名,2026-10-03,,10/3 23:35,パチンコ,3803,e東京喰種MW,0182,-2.5,-16.3,-11.9,22,6,17,1/298,1/622,1/422
東名,2026-10-03,,10/3 23:35,パチンコ,3803,e東京喰種MW,0183,0.7,14.4,10.9,13,31,31,1/967,1/1047,1/319
東名,2026-10-03,,10/3 23:35,パチンコ,3565,e東京喰種W,0186,-3.4,-10.5,-8.5,6,9,13,1/208,1/188,1/118
東名,2026-10-03,,10/3 23:35,パチンコ,3565,e東京喰種W,0187,4.5,13.2,3.3,6,11,13,1/377,1/80,1/119
東名,2026-10-03,,10/3 23:35,パチンコ,3565,e東京喰種W,0188,-4.4,7.1,-9.0,3,9,9,1/166,1/104,1/150
東名,2026-10-03,,10/3 23:35,パチンコ,3565,e東京喰種W,0189,0.7,7.2,-9.2,5,7,4,1/250,1/284,1/261
東名,2026-10-03,,10/3 23:35,パチンコ,3565,e東京喰種W,0190,4.9,0.4,-8.2,7,2,7,1/186,1/202,1/182
東名,2026-10-03,,10/3 23:35,パチンコ,3565,e東京喰種W,0191,-2.8,4.6,8.8,11,9,18,1/211,1/359,1/136
東名,2026-10-03,,10/3 23:35,パチンコ,3644,e東京ﾘﾍﾞﾝｼﾞｬｰｽﾞGFEC,0380,-0.1,-1.0,-1.0,0,0,0,1/13,1/95,1/96
東名,2026-10-03,,10/3 23:35,パチンコ,3644,e東京ﾘﾍﾞﾝｼﾞｬｰｽﾞGFEC,0381,-1.1,-1.7,2.2,2,0,4,1/57,1/145,1/25
東名,2026-10-03,,10/3 23:35,パチンコ,3644,e東京ﾘﾍﾞﾝｼﾞｬｰｽﾞGFEC,0382,-2.3,5.8,-0.1,0,10,1,1/225,1/119,1/24
東名,2026-10-03,,10/3 23:35,パチンコ,3791,e東京ﾘﾍﾞﾝｼﾞｬｰｽﾞ聖夜決戦編EREC,0366,0.0,-2.3,2.5,0,2,17,,1/132,1/190
東名,2026-10-03,,10/3 23:35,パチンコ,3791,e東京ﾘﾍﾞﾝｼﾞｬｰｽﾞ聖夜決戦編EREC,0367,15.6,-1.7,-11.3,25,3,8,1/277,1/59,1/140
東名,2026-10-03,,10/3 23:35,パチンコ,3792,e無職転生異世界行ったら本気だす,0368,-3.3,-5.8,-11.1,9,4,0,1/500,1/271,1/1028
東名,2026-10-03,,10/3 23:35,パチンコ,3656,e牙狼12XX-MJ,0233,-5.2,-3.3,23.5,1,3,39,1/620,1/299,1/165
東名,2026-10-03,,10/3 23:35,パチンコ,3656,e牙狼12XX-MJ,0234,8.8,-3.7,-0.5,12,1,0,1/71,1/485,1/52
東名,2026-10-03,,10/3 23:35,パチンコ,3656,e牙狼12XX-MJ,0235,1.4,-2.0,-5.7,7,0,4,1/460,1/253,1/214
東名,2026-10-03,,10/3 23:35,パチンコ,3656,e牙狼12XX-MJ,0236,-5.6,-8.9,-8.5,1,3,5,1/539,1/585,1/235
東名,2026-10-03,,10/3 23:35,パチンコ,3746,e牙狼ﾄﾘﾌﾟﾙﾊﾞｰｽﾄRF,0177,0.0,-0.4,-2.7,0,1,6,,1/155,1/215
東名,2026-10-03,,10/3 23:35,パチンコ,3747,e甲鉄城のｶﾊﾞﾈﾘ2GFEA,0371,-2.6,-3.1,6.7,0,0,8,1/248,1/324,1/27
東名,2026-10-03,,10/3 23:35,パチンコ,3720,e盾の勇者の成り上がりEREF,0245,6.1,0.0,-1.9,10,0,2,1/97,,1/110
東名,2026-10-03,,10/3 23:35,パチンコ,3731,e真北斗無双5夢幻闘双SCEA,0231,-0.1,-1.4,-1.3,0,2,0,1/10,1/88,1/142
東名,2026-10-03,,10/3 23:35,パチンコ,3731,e真北斗無双5夢幻闘双SCEA,0232,-0.3,-2.6,-0.5,0,1,1,1/25,1/268,1/67
東名,2026-10-03,,10/3 23:35,パチンコ,3653,e真･一騎当千~軍神覚醒~AM-TS,0408,9.5,-3.7,7.0,36,6,25,1/198,1/288,1/462
東名,2026-10-03,,10/3 23:35,パチンコ,3793,e結城友奈は勇者であるMP,0369,-0.1,3.0,-2.6,0,5,3,1/17,1/66,1/193
東名,2026-10-03,,10/3 23:35,パチンコ,3650,e花の慶次~傾奇一転H6,0355,-2.3,-0.9,-5.3,2,1,1,1/196,1/158,1/637
東名,2026-10-03,,10/3 23:35,パチンコ,3650,e花の慶次~傾奇一転H6,0356,0.0,-0.5,-1.8,0,0,1,,1/62,1/257
東名,2026-10-03,,10/3 23:35,パチンコ,3696,e花の慶次~黄金の一撃H4,0372,-0.3,-3.7,-0.9,0,0,1,1/27,1/372,1/157
東名,2026-10-03,,10/3 23:35,パチンコ,3696,e花の慶次~黄金の一撃H4,0373,1.4,27.4,0.0,12,33,0,1/984,1/156,
東名,2026-10-03,,10/3 23:35,パチンコ,3696,e花の慶次~黄金の一撃H4,0374,0.0,-11.6,-3.9,0,1,6,,1/1277,1/166
東名,2026-10-03,,10/3 23:35,パチンコ,3822,e魔女と野獣FKZ,0178,2.4,-0.9,-3.2,17,14,27,1/295,1/539,1/227
東名,2026-10-03,,10/3 23:35,パチンコ,3750,e魔法少女まどか☆ﾏｷﾞｶ3LPM1,0378,0.0,1.0,-1.2,0,3,0,,1/5,1/137
東名,2026-10-03,,10/3 23:35,パチンコ,3750,e魔法少女まどか☆ﾏｷﾞｶ3LPM1,0379,-0.1,-0.8,-2.7,0,0,2,1/6,1/82,1/162
東名,2026-10-03,,10/3 23:35,パチンコ,3654,e黄門ちゃま9HC3,0412,0.0,-0.1,13.6,0,0,10,,1/8,1/63
東名,2026-10-03,,10/3 23:35,パチンコ,3761,eｱｸﾀﾞﾏﾄﾞﾗｲﾌﾞEHLT,0394,-0.2,-0.3,-1.1,0,0,0,1/21,1/27,1/112
東名,2026-10-03,,10/3 23:35,パチンコ,3823,eｱｻﾙﾄﾘﾘｨZ,0179,-5.0,-5.6,-6.9,12,3,16,1/69,1/205,1/271
東名,2026-10-03,,10/3 23:35,パチンコ,3823,eｱｻﾙﾄﾘﾘｨZ,0180,-5.7,-11.2,-8.5,3,3,6,1/226,1/436,1/174
東名,2026-10-03,,10/3 23:35,パチンコ,3684,eｶﾞｰﾙｽﾞ&ﾊﾟﾝﾂｧｰ3LAH1,0390,0.0,0.0,2.3,0,0,5,,,1/17
東名,2026-10-03,,10/3 23:35,パチンコ,3778,eｷﾞﾝﾊﾟﾗVIVAFESTAHTA2,0358,-1.7,-0.1,0.2,0,0,2,1/180,1/8,1/91
東名,2026-10-03,,10/3 23:35,パチンコ,3805,eｿｰﾄﾞｱｰﾄ･ｵﾝﾗｲﾝ ｱﾘｼｾﾞｰｼｮﾝYKJ11,0359,6.5,21.8,13.7,27,40,43,1/174,1/265,1/124
東名,2026-10-03,,10/3 23:35,パチンコ,3483,eｿｰﾄﾞｱｰﾄ･ｵﾝﾗｲﾝ~閃光の軌跡~K7,0391,-1.8,-4.7,-3.1,0,1,5,1/175,1/435,1/142
東名,2026-10-03,,10/3 23:35,パチンコ,3483,eｿｰﾄﾞｱｰﾄ･ｵﾝﾗｲﾝ~閃光の軌跡~K7,0392,0.0,-1.0,-2.4,0,0,0,,1/95,1/236
東名,2026-10-03,,10/3 23:35,パチンコ,3820,eｿﾞﾝ100MA,0393,-1.4,-1.6,-6.0,1,5,9,1/214,1/151,1/106
東名,2026-10-03,,10/3 23:35,パチンコ,3693,eﾉｰｹﾞｰﾑ･ﾉｰﾗｲﾌV3C,0353,-1.7,0.0,-1.1,2,0,0,1/102,,1/101
東名,2026-10-03,,10/3 23:35,パチンコ,3779,eﾊﾞｲｵﾊｻﾞｰﾄﾞ6APN,0365,0.0,-0.5,0.4,0,4,3,,1/175,1/33
東名,2026-10-03,,10/3 23:35,パチンコ,3553,eﾌｨｰﾊﾞｰうたわれるものZ,0409,-2.2,-0.8,8.2,2,1,13,1/147,1/95,1/203
東名,2026-10-03,,10/3 23:35,パチンコ,3553,eﾌｨｰﾊﾞｰうたわれるものZ,0410,0.0,0.0,-0.4,0,1,0,,1/81,1/45
東名,2026-10-03,,10/3 23:35,パチンコ,3425,eﾌｨｰﾊﾞｰからくりｻｰｶｽ2R,0396,0.0,-6.3,-4.7,0,1,3,,1/651,1/189
東名,2026-10-03,,10/3 23:35,パチンコ,3425,eﾌｨｰﾊﾞｰからくりｻｰｶｽ2R,0397,0.0,0.4,11.8,0,1,12,,1/20,1/98
東名,2026-10-03,,10/3 23:35,パチンコ,3694,eﾌｨｰﾊﾞｰもののがたりF,0385,0.0,-0.7,-2.8,0,0,6,,1/81,1/66
東名,2026-10-03,,10/3 23:35,パチンコ,3694,eﾌｨｰﾊﾞｰもののがたりF,0386,-1.5,-0.6,1.5,0,6,6,1/155,1/199,1/168
東名,2026-10-03,,10/3 23:35,パチンコ,3606,eﾌｨｰﾊﾞｰ彼女、お借りしますH,0405,2.8,-0.9,-12.3,18,8,5,1/133,1/169,1/630
東名,2026-10-03,,10/3 23:35,パチンコ,3804,eﾌｨｰﾊﾞｰ機動戦士ｶﾞﾝﾀﾞﾑSEED2bF,0226,-2.7,4.7,4.5,1,10,11,1/342,1/255,1/121
東名,2026-10-03,,10/3 23:35,パチンコ,3804,eﾌｨｰﾊﾞｰ機動戦士ｶﾞﾝﾀﾞﾑSEED2bF,0227,-1.8,-5.7,-8.7,7,1,2,1/320,1/621,1/465
東名,2026-10-03,,10/3 23:35,パチンコ,3804,eﾌｨｰﾊﾞｰ機動戦士ｶﾞﾝﾀﾞﾑSEED2bF,0228,-9.9,1.0,-0.1,5,11,10,1/247,1/203,1/322
東名,2026-10-03,,10/3 23:35,パチンコ,3639,eﾌｨｰﾊﾞｰ炎炎ﾉ消防隊2MS,0222,0.8,-3.5,-3.3,5,2,0,1/140,1/502,1/325
東名,2026-10-03,,10/3 23:35,パチンコ,3639,eﾌｨｰﾊﾞｰ炎炎ﾉ消防隊2MS,0223,-0.6,-3.6,17.8,0,1,25,1/54,1/424,1/35
東名,2026-10-03,,10/3 23:35,パチンコ,3639,eﾌｨｰﾊﾞｰ炎炎ﾉ消防隊2MS,0224,-0.3,-1.7,-0.6,0,1,0,1/31,1/265,1/62
東名,2026-10-03,,10/3 23:35,パチンコ,3639,eﾌｨｰﾊﾞｰ炎炎ﾉ消防隊2MS,0225,-0.2,-1.8,-1.9,0,1,0,1/19,1/268,1/195
東名,2026-10-03,,10/3 23:35,パチンコ,3760,eﾌｨｰﾊﾞｰﾀﾞﾝﾍﾞﾙ何ｷﾛ持てる?2F,0387,2.0,-1.5,-0.8,4,1,1,1/54,1/171,1/100
東名,2026-10-03,,10/3 23:35,パチンコ,3760,eﾌｨｰﾊﾞｰﾀﾞﾝﾍﾞﾙ何ｷﾛ持てる?2F,0388,-2.1,-0.9,-1.0,0,0,3,1/209,1/91,1/48
東名,2026-10-03,,10/3 23:35,パチンコ,3730,eﾌｨｰﾊﾞｰﾊﾞｽﾀｰﾄﾞG,0403,-2.0,0.0,-6.7,0,0,2,1/194,,1/397
東名,2026-10-03,,10/3 23:35,パチンコ,3670,eﾌｨｰﾊﾞｰﾌﾞﾙｰﾛｯｸMZ,0375,-3.4,-2.9,3.2,1,0,3,1/388,1/286,1/40
東名,2026-10-03,,10/3 23:35,パチンコ,3670,eﾌｨｰﾊﾞｰﾌﾞﾙｰﾛｯｸMZ,0376,-2.6,-0.5,-1.1,0,0,0,1/288,1/46,1/112
東名,2026-10-03,,10/3 23:35,パチンコ,3795,eﾌｨｰﾊﾞｰﾌﾞﾙｰﾛｯｸY,0399,0.0,2.0,-2.3,0,8,9,,1/42,1/135
東名,2026-10-03,,10/3 23:35,パチンコ,3795,eﾌｨｰﾊﾞｰﾌﾞﾙｰﾛｯｸY,0400,1.5,-1.4,0.6,8,2,14,1/57,1/97,1/51
東名,2026-10-03,,10/3 23:35,パチンコ,3801,eﾍﾞﾙｾﾙｸ無双2HM4,0395,0.7,8.4,-1.3,3,16,0,1/53,1/76,1/176
東名,2026-10-03,,10/3 23:35,パチンコ,3649,eﾏｷﾞｱﾚｺｰﾄﾞ魔法少女まどか☆外伝,0383,-4.0,-0.6,-0.4,0,0,0,1/379,1/57,1/45
東名,2026-10-03,,10/3 23:35,パチンコ,3649,eﾏｷﾞｱﾚｺｰﾄﾞ魔法少女まどか☆外伝,0384,0.0,-1.0,-1.0,0,0,0,,1/105,1/104
東名,2026-10-03,,10/3 23:35,パチンコ,3764,eﾗｸﾞﾅﾄﾞｰﾙCMB,0362,0.9,-2.1,0.0,10,0,0,1/97,1/211,
東名,2026-10-03,,10/3 23:35,パチンコ,3763,eﾘｺﾘｽ･ﾘｺｲﾙM3,0363,-7.3,-14.9,0.4,33,9,31,1/311,1/214,1/270
東名,2026-10-03,,10/3 23:35,パチンコ,3763,eﾘｺﾘｽ･ﾘｺｲﾙM3,0364,-5.2,38.3,-1.5,22,126,0,1/137,1/136,1/136
東名,2026-10-03,,10/3 23:35,パチンコ,3770,eﾘﾝｸﾞ 最恐領域RHA,0229,6.0,-2.5,0.2,11,3,3,1/239,1/174,1/124
東名,2026-10-03,,10/3 23:35,パチンコ,3770,eﾘﾝｸﾞ 最恐領域RHA,0230,-0.6,-2.7,-0.6,0,2,8,1/77,1/193,1/403
東名,2026-10-03,,10/3 23:35,パチンコ,3695,eﾙﾊﾟﾝ三世VSｷｬｯﾂｱｲMAH4,0377,1.8,-0.9,-4.6,5,0,6,1/131,1/87,1/113
東名,2026-10-03,,10/3 23:35,パチンコ,2371,P Re:ｾﾞﾛ鬼がかりver.M08,0147,-4.2,-1.3,-2.6,8,0,3,1/402,1/128,1/285
東名,2026-10-03,,10/3 23:35,パチンコ,2371,P Re:ｾﾞﾛ鬼がかりver.M08,0148,-7.8,-0.3,9.8,1,1,12,1/909,1/114,1/153
東名,2026-10-03,,10/3 23:35,パチンコ,3749,P/Re:ｾﾞﾛseason2/M04,0336,-6.8,-6.8,0.3,0,1,9,1/653,1/710,1/210
東名,2026-10-03,,10/3 23:35,パチンコ,3692,P/Re:ｾﾞﾛから始める異世界生活L07,0310,-2.9,-4.5,1.0,3,5,10,1/121,1/419,1/110
東名,2026-10-03,,10/3 23:35,パチンコ,2831,P009 RE:CYBORG N3-K,0087,3.9,-0.4,-0.6,29,0,0,1/60,1/30,1/68
東名,2026-10-03,,10/3 23:35,パチンコ,2320,P009RE:CYBORGM4-K,0352,11.2,-0.2,-0.2,33,3,0,1/99,1/100,1/22
東名,2026-10-03,,10/3 23:35,パチンコ,3641,PACYBORG009N2-K,0258,3.1,-0.4,-0.4,21,0,0,1/69,1/42,1/39
東名,2026-10-03,,10/3 23:35,パチンコ,3548,PAひぐらしのなく頃に･輪廻転生99,0315,-1.1,0.5,0.6,6,13,12,1/75,1/49,1/112
東名,2026-10-03,,10/3 23:35,パチンコ,3409,PAわんわんｾﾚﾌﾞﾚｰｼｮﾝAGBD,0081,-1.4,0.3,-2.5,26,9,9,1/127,1/126,1/111
東名,2026-10-03,,10/3 23:35,パチンコ,3409,PAわんわんｾﾚﾌﾞﾚｰｼｮﾝAGBD,0082,3.1,-0.2,-3.4,44,0,14,1/94,1/23,1/138
東名,2026-10-03,,10/3 23:35,パチンコ,3409,PAわんわんｾﾚﾌﾞﾚｰｼｮﾝAGBD,0083,0.6,-4.5,1.8,14,3,35,1/77,1/180,1/85
東名,2026-10-03,,10/3 23:35,パチンコ,3409,PAわんわんｾﾚﾌﾞﾚｰｼｮﾝAGBD,0084,-1.7,-1.0,2.8,14,16,14,1/83,1/59,1/16
東名,2026-10-03,,10/3 23:35,パチンコ,3729,PA乗物娘2N,0132,0.0,0.6,0.7,0,4,5,,1/21,1/42
東名,2026-10-03,,10/3 23:35,パチンコ,3538,PA大海物語5HLD,0215,-1.6,-0.3,-3.1,0,0,11,1/187,1/32,1/81
東名,2026-10-03,,10/3 23:35,パチンコ,3538,PA大海物語5HLD,0216,-1.0,0.4,-0.7,2,3,2,1/66,1/6,1/52
東名,2026-10-03,,10/3 23:35,パチンコ,3824,PA大海物語ｱｸﾞﾈｽﾌﾟﾚﾐｱRBA,0207,1.4,-0.3,-1.1,6,0,20,1/23,1/40,1/76
東名,2026-10-03,,10/3 23:35,パチンコ,3824,PA大海物語ｱｸﾞﾈｽﾌﾟﾚﾐｱRBA,0208,-0.3,-0.7,1.6,3,8,11,1/161,1/61,1/51
東名,2026-10-03,,10/3 23:35,パチンコ,3824,PA大海物語ｱｸﾞﾈｽﾌﾟﾚﾐｱRBA,0209,-1.4,-0.6,0.1,4,5,8,1/90,1/136,1/86
東名,2026-10-03,,10/3 23:35,パチンコ,3824,PA大海物語ｱｸﾞﾈｽﾌﾟﾚﾐｱRBA,0210,0.4,0.6,-1.2,5,2,9,1/72,1/23,1/81
東名,2026-10-03,,10/3 23:35,パチンコ,2530,PA新海物語AR BB,0218,-0.3,-0.1,2.2,0,1,15,1/26,1/33,1/39
東名,2026-10-03,,10/3 23:35,パチンコ,2530,PA新海物語AR BB,0219,-1.5,0.0,0.0,2,0,0,1/357,,
東名,2026-10-03,,10/3 23:35,パチンコ,3601,PA海物語3R3LBA,0194,-5.0,0.0,-6.0,22,0,16,1/170,,1/136
東名,2026-10-03,,10/3 23:35,パチンコ,3601,PA海物語3R3LBA,0195,1.1,0.0,-1.4,15,0,0,1/75,,1/133
東名,2026-10-03,,10/3 23:35,パチンコ,2275,PA海物語INｼﾞｬﾊﾟﾝ2RA,0217,0.3,-0.2,0.0,2,0,0,1/68,1/21,
東名,2026-10-03,,10/3 23:35,パチンコ,3712,PA海物語極ｼﾞｬﾊﾟﾝHBD,0192,-0.4,0.0,1.5,1,0,6,1/66,,1/39
東名,2026-10-03,,10/3 23:35,パチンコ,3712,PA海物語極ｼﾞｬﾊﾟﾝHBD,0193,2.6,-0.1,0.0,10,0,0,1/16,1/6,
東名,2026-10-03,,10/3 23:35,パチンコ,3727,PA清流物語4HBB,0196,-1.1,-1.0,3.3,4,0,10,1/45,1/150,1/99
東名,2026-10-03,,10/3 23:35,パチンコ,2476,PA激ﾃﾞｼﾞｼﾞｭｰｼｰﾊﾆｰ3NCY,0290,0.5,-1.0,-5.8,19,14,8,1/120,1/60,1/123
東名,2026-10-03,,10/3 23:35,パチンコ,3784,PA花の慶次~傾奇一転N,0272,2.1,-0.7,-0.2,9,3,1,1/12,1/65,1/37
東名,2026-10-03,,10/3 23:35,パチンコ,3784,PA花の慶次~傾奇一転N,0273,1.8,-0.3,-0.1,10,6,0,1/87,1/84,1/12
東名,2026-10-03,,10/3 23:35,パチンコ,3784,PA花の慶次~傾奇一転N,0274,0.7,0.2,-0.5,3,4,2,1/40,1/45,1/48
東名,2026-10-03,,10/3 23:35,パチンコ,2183,PA花の慶次~蓮N-V,0282,2.8,3.1,-0.4,14,11,0,1/27,1/59,1/42
東名,2026-10-03,,10/3 23:35,パチンコ,2183,PA花の慶次~蓮N-V,0283,-0.6,-1.1,0.5,0,14,3,1/47,1/59,1/53
東名,2026-10-03,,10/3 23:35,パチンコ,2183,PA花の慶次~蓮N-V,0284,-2.2,-1.7,0.6,6,2,6,1/60,1/234,1/107
東名,2026-10-03,,10/3 23:35,パチンコ,3081,PA豊丸ととある企業の最新作2V1,0316,-1.3,0.2,0.0,1,3,0,1/137,1/41,
東名,2026-10-03,,10/3 23:35,パチンコ,3081,PA豊丸ととある企業の最新作2V1,0345,0.4,-1.2,-0.3,5,9,0,1/104,1/171,1/22
東名,2026-10-03,,10/3 23:35,パチンコ,2338,PA野生の王国5N-K,0324,-1.1,0.0,4.5,5,0,27,1/129,,1/77
東名,2026-10-03,,10/3 23:35,パチンコ,3707,PA野生の王国6N2,0285,-0.3,-0.3,-0.4,0,9,0,1/28,1/106,1/35
東名,2026-10-03,,10/3 23:35,パチンコ,2425,PA野生の王国どらむN-K1 YT299,0296,-3.3,-3.8,5.9,3,5,26,1/134,1/552,1/23
東名,2026-10-03,,10/3 23:35,パチンコ,3666,PAｱｽﾞｰﾙﾚｰﾝ~異次元ﾄﾘｶﾞｰ79Ver.~M2,0311,-1.0,0.7,-1.3,11,16,3,1/89,1/66,1/173
東名,2026-10-03,,10/3 23:35,パチンコ,2395,PAｷﾞﾝﾊﾟﾗ夢幻ｶｰﾆﾊﾞﾙHBA,0092,-3.1,-0.1,-1.8,4,0,8,1/222,1/10,1/110
東名,2026-10-03,,10/3 23:35,パチンコ,3372,PAｺﾏｺﾏ倶楽部with坂本冬美LOOP1,0291,0.8,0.0,-0.4,10,4,6,1/57,1/48,1/64
東名,2026-10-03,,10/3 23:35,パチンコ,3668,PAｼﾝ･ｴｳﾞｧﾝｹﾞﾘｵﾝY,0318,-0.5,-1.0,1.0,12,2,5,1/98,1/147,1/145
東名,2026-10-03,,10/3 23:35,パチンコ,3668,PAｼﾝ･ｴｳﾞｧﾝｹﾞﾘｵﾝY,0319,0.7,1.8,-0.4,12,8,13,1/119,1/81,1/51
東名,2026-10-03,,10/3 23:35,パチンコ,3338,PAｽｰﾊﾟｰ海物語IN地中海2HLA,0213,-0.6,-0.2,0.6,2,1,10,1/123,1/46,1/142
東名,2026-10-03,,10/3 23:35,パチンコ,3338,PAｽｰﾊﾟｰ海物語IN地中海2HLA,0214,-0.8,-0.6,-1.5,0,1,8,1/76,1/83,1/65
東名,2026-10-03,,10/3 23:35,パチンコ,2716,PAｽｰﾊﾟｰ海物語IN沖縄5YBA,0197,0.8,-1.5,0.0,8,11,0,1/33,1/99,
東名,2026-10-03,,10/3 23:35,パチンコ,2716,PAｽｰﾊﾟｰ海物語IN沖縄5YBA,0198,-0.6,-0.9,-0.3,9,1,0,1/69,1/140,1/34
東名,2026-10-03,,10/3 23:35,パチンコ,3783,PAｽｰﾊﾟｰ海物語IN沖縄6RBD,0220,-0.3,-1.1,-1.6,0,2,5,1/36,1/238,1/97
東名,2026-10-03,,10/3 23:35,パチンコ,3783,PAｽｰﾊﾟｰ海物語IN沖縄6RBD,0221,0.3,-0.3,-0.1,3,5,3,1/51,1/92,1/87
東名,2026-10-03,,10/3 23:35,パチンコ,3723,PAﾌｨｰﾊﾞｰうたわれるものY,0288,10.6,-0.3,1.5,37,0,11,1/27,1/25,1/50
東名,2026-10-03,,10/3 23:35,パチンコ,3643,PAﾌｨｰﾊﾞｰ機動戦士ｶﾞﾝﾀﾞﾑﾕﾆｺｰﾝ2 AR,0329,-0.4,-0.7,-0.6,0,1,1,1/45,1/101,1/103
東名,2026-10-03,,10/3 23:35,パチンコ,2913,PAﾌｨｰﾊﾞｰ起動戦士ｶﾞﾝﾀﾞﾑﾕﾆｺｰﾝbY,0077,-1.4,-2.8,-0.7,25,2,33,1/75,1/152,1/75
東名,2026-10-03,,10/3 23:35,パチンコ,3776,PAﾌｨｰﾊﾞｰｸｨｰﾝⅡYS,0292,-1.3,-2.8,3.4,0,0,21,1/135,1/306,1/65
東名,2026-10-03,,10/3 23:35,パチンコ,3202,PAﾌｨｰﾊﾞｰﾊﾟﾜﾌﾙR,0095,-4.1,0.2,-1.0,3,2,2,1/247,1/26,1/127
東名,2026-10-03,,10/3 23:35,パチンコ,3202,PAﾌｨｰﾊﾞｰﾊﾟﾜﾌﾙR,0096,-1.6,2.7,1.6,4,19,16,1/143,1/47,1/71
東名,2026-10-03,,10/3 23:35,パチンコ,3411,PCYBORG009VS3-K,0337,-3.1,0.0,-3.8,1,0,0,1/352,,1/403
東名,2026-10-03,,10/3 23:35,パチンコ,2976,PGO!GO!ﾏﾘﾝ3000HCD,0350,-7.6,3.2,-0.8,2,7,4,1/396,1/258,1/96
東名,2026-10-03,,10/3 23:35,パチンコ,3534,PLT OVERLORD魔導王光臨ARC,0343,-1.1,-0.1,-1.0,1,0,0,1/138,1/6,1/115
東名,2026-10-03,,10/3 23:35,パチンコ,3599,PLT世界でいちばん強くなりたいMQ,0330,-0.6,0.0,-0.4,0,0,0,1/74,,1/41
東名,2026-10-03,,10/3 23:35,パチンコ,3592,PToLOVEるﾀﾞｰｸﾈｽL0YU1,0255,-1.1,0.1,-0.2,0,4,0,1/117,1/36,1/19
東名,2026-10-03,,10/3 23:35,パチンコ,3457,PToLOVEるﾀﾞｰｸﾈｽL9YZ4,0151,1.2,-2.8,-1.5,10,0,0,1/172,1/282,1/168
東名,2026-10-03,,10/3 23:35,パチンコ,3546,Pうまい棒2おかわりちょちょちょ,0308,-1.3,-0.5,-0.5,0,0,0,1/5,1/1,1/3
東名,2026-10-03,,10/3 23:35,パチンコ,3546,Pうまい棒2おかわりちょちょちょ,0309,-0.2,0.1,2.7,4,4,6,1/24,1/26,1/23
東名,2026-10-03,,10/3 23:35,パチンコ,3762,Pえとたま2SE,0320,3.3,-1.0,2.0,18,2,19,1/43,1/66,1/28
東名,2026-10-03,,10/3 23:35,パチンコ,2833,Pとある科学 最強御坂VerRXZ,0347,-1.2,4.7,2.3,23,61,28,1/70,1/84,1/53
東名,2026-10-03,,10/3 23:35,パチンコ,3374,Pとある科学の超電磁砲2JMB,0263,-0.9,-1.5,-0.1,0,0,0,1/75,1/147,1/10
東名,2026-10-03,,10/3 23:35,パチンコ,3374,Pとある科学の超電磁砲2JMB,0264,0.0,-1.0,-3.5,0,0,0,,1/108,1/402
東名,2026-10-03,,10/3 23:35,パチンコ,3150,Pとある魔術の禁書目録2JMZ,0304,0.0,-0.1,-0.8,4,0,1,1/322,1/2,1/180
東名,2026-10-03,,10/3 23:35,パチンコ,3150,Pとある魔術の禁書目録2JMZ,0305,-0.6,1.4,-3.9,0,2,0,1/68,1/16,1/383
東名,2026-10-03,,10/3 23:35,パチンコ,3447,Pにゃんこ大戦争~多様性のﾈｺ~M4,0137,-0.3,-0.2,-3.3,0,5,2,1/22,1/69,1/203
東名,2026-10-03,,10/3 23:35,パチンコ,3447,Pにゃんこ大戦争~多様性のﾈｺ~M4,0138,0.9,-0.4,-2.7,2,0,1,1/78,1/40,1/295
東名,2026-10-03,,10/3 23:35,パチンコ,3500,P世界最高の暗殺者JMB,0307,-0.6,0.0,-1.4,0,0,0,1/55,,1/148
東名,2026-10-03,,10/3 23:35,パチンコ,3413,P中森明菜･歌姫伝説愛KD-NS,0079,0.4,2.6,-1.5,2,13,13,1/35,1/70,1/107
東名,2026-10-03,,10/3 23:35,パチンコ,3148,P中森明菜･歌姫伝説極KM-TF,0331,0.9,0.0,-0.2,2,0,0,1/44,,1/24
東名,2026-10-03,,10/3 23:35,パチンコ,3539,P俺の妹がこんなに可愛いわけが,0333,0.0,0.0,-0.1,0,0,0,,,1/4
東名,2026-10-03,,10/3 23:35,パチンコ,2443,P元祖ｷﾞﾝｷﾞﾗﾊﾟﾗﾀﾞｲｽHCB,0091,-0.3,0.0,0.0,1,0,0,1/54,,
東名,2026-10-03,,10/3 23:35,パチンコ,2167,P冬のｿﾅﾀForeverM2,0141,-0.8,1.1,-0.1,4,5,0,1/290,1/152,1/5
東名,2026-10-03,,10/3 23:35,パチンコ,3234,P化物語2GRPA,0300,-0.2,-1.3,-2.9,0,0,12,1/14,1/116,1/280
東名,2026-10-03,,10/3 23:35,パチンコ,2408,P北斗の拳8究極乱世SSF,0293,-0.3,0.3,-1.1,1,29,3,1/55,1/141,1/43
東名,2026-10-03,,10/3 23:35,パチンコ,3200,P北斗の拳強敵SSPA,0128,-0.1,-1.8,-0.1,0,9,2,1/16,1/99,1/56
東名,2026-10-03,,10/3 23:35,パチンコ,3200,P北斗の拳強敵SSPA,0129,-0.1,-0.1,-0.4,0,1,0,1/13,1/28,1/45
東名,2026-10-03,,10/3 23:35,パチンコ,3200,P北斗の拳強敵SSPA,0130,0.4,8.0,-1.7,3,33,2,1/34,1/47,1/123
東名,2026-10-03,,10/3 23:35,パチンコ,3200,P北斗の拳強敵SSPA,0131,-0.4,-1.0,-1.0,0,0,0,1/44,1/82,1/103
東名,2026-10-03,,10/3 23:35,パチンコ,2896,P北斗の拳暴凶星SFPA,0125,-0.6,-0.2,-0.8,0,0,0,1/59,1/17,1/73
東名,2026-10-03,,10/3 23:35,パチンコ,2896,P北斗の拳暴凶星SFPA,0126,-1.8,-8.4,-3.3,0,1,0,1/177,1/947,1/333
東名,2026-10-03,,10/3 23:35,パチンコ,2896,P北斗の拳暴凶星SFPA,0127,-0.5,0.0,0.4,0,0,1,1/53,,1/53
東名,2026-10-03,,10/3 23:35,パチンコ,2803,P地獄少女覚醒3000Ver FHZ,0289,0.0,0.0,0.0,0,0,0,,,
東名,2026-10-03,,10/3 23:35,パチンコ,3424,P大海物語5ｽﾍﾟｼｬﾙALTA,0203,1.1,4.9,-0.2,7,14,14,1/159,1/154,1/402
東名,2026-10-03,,10/3 23:35,パチンコ,3424,P大海物語5ｽﾍﾟｼｬﾙALTA,0204,-0.4,0.9,-1.3,0,4,0,1/47,1/267,1/142
東名,2026-10-03,,10/3 23:35,パチンコ,3424,P大海物語5ｽﾍﾟｼｬﾙALTA,0205,0.0,-4.5,-2.1,0,1,3,,1/625,1/239
東名,2026-10-03,,10/3 23:35,パチンコ,3424,P大海物語5ｽﾍﾟｼｬﾙALTA,0206,-3.8,-5.7,1.2,8,9,10,1/386,1/467,1/358
東名,2026-10-03,,10/3 23:35,パチンコ,2770,P天才ﾊﾞｶﾎﾞﾝ6FD-RS,0351,-1.0,-2.3,-1.3,1,1,4,1/119,1/224,1/82
東名,2026-10-03,,10/3 23:35,パチンコ,3203,P天才ﾊﾞｶﾎﾞﾝ7~福神ｽﾍﾟｯｸ~LTH-JH,0302,-2.9,-4.4,-3.5,3,8,5,1/97,1/79,1/151
東名,2026-10-03,,10/3 23:35,パチンコ,2494,P宇宙戦艦ﾔﾏﾄ2022 ONLYONE R,0317,2.2,-6.3,-1.0,17,1,24,1/131,1/646,1/206
東名,2026-10-03,,10/3 23:35,パチンコ,3410,P宇宙戦艦ﾔﾏﾄ2202-3G,0265,-1.3,-0.3,-0.3,0,0,0,1/152,1/38,1/34
東名,2026-10-03,,10/3 23:35,パチンコ,3410,P宇宙戦艦ﾔﾏﾄ2202-3G,0266,-0.1,-0.4,-0.2,0,0,0,1/4,1/38,1/20
東名,2026-10-03,,10/3 23:35,パチンコ,3591,P宇宙戦艦ﾔﾏﾄ2202-3MF,0140,-0.6,0.0,-1.0,1,0,0,1/179,,1/98
東名,2026-10-03,,10/3 23:35,パチンコ,2266,P宇宙戦艦ﾔﾏﾄ2202bS,0299,-0.7,-0.6,-0.4,1,0,0,1/89,1/50,1/41
東名,2026-10-03,,10/3 23:35,パチンコ,3161,P弾球黙示録ｶｲｼﾞ沼5V1U,0261,0.0,-0.1,-3.1,0,0,1,,1/16,1/307
東名,2026-10-03,,10/3 23:35,パチンコ,3161,P弾球黙示録ｶｲｼﾞ沼5V1U,0262,8.9,-0.7,-0.6,13,1,1,1/51,1/93,1/72
東名,2026-10-03,,10/3 23:35,パチンコ,3669,P戦国乙女7H0YZ3,0252,-0.9,-2.3,-6.0,1,0,2,1/185,1/381,1/630
東名,2026-10-03,,10/3 23:35,パチンコ,3748,P戦国乙女7L0YU1,0268,-0.7,-0.8,0.7,0,1,11,1/77,1/96,1/57
東名,2026-10-03,,10/3 23:35,パチンコ,3748,P戦国乙女7L0YU1,0269,-2.6,-0.4,1.7,2,0,8,1/151,1/47,1/9
東名,2026-10-03,,10/3 23:35,パチンコ,3748,P戦国乙女7L0YU1,0270,-0.4,-0.3,-1.6,1,0,2,1/61,1/37,1/101
東名,2026-10-03,,10/3 23:35,パチンコ,2767,P戦国乙女ﾚｼﾞｪﾝﾄﾞﾊﾞﾄﾙ9YU1Y,0294,-0.2,-1.0,-3.3,0,5,21,1/22,1/77,1/73
東名,2026-10-03,,10/3 23:35,パチンコ,3617,P戦国無双HM3,0278,5.2,0.0,0.0,12,0,0,1/43,,
東名,2026-10-03,,10/3 23:35,パチンコ,3617,P戦国無双HM3,0279,-0.3,0.1,-2.0,0,2,0,1/71,1/84,1/409
東名,2026-10-03,,10/3 23:35,パチンコ,2361,P新世紀ｴｳﾞｧﾝｹﾞﾘｵﾝ15 未来への咆哮,0169,-0.6,-4.9,-9.3,3,2,3,1/253,1/309,1/575
東名,2026-10-03,,10/3 23:35,パチンコ,2361,P新世紀ｴｳﾞｧﾝｹﾞﾘｵﾝ15 未来への咆哮,0170,-0.6,-0.9,-0.5,0,0,0,1/60,1/88,1/58
東名,2026-10-03,,10/3 23:35,パチンコ,2361,P新世紀ｴｳﾞｧﾝｹﾞﾘｵﾝ15 未来への咆哮,0171,0.0,-1.1,-3.5,0,0,2,1/1,1/130,1/456
東名,2026-10-03,,10/3 23:35,パチンコ,2361,P新世紀ｴｳﾞｧﾝｹﾞﾘｵﾝ15 未来への咆哮,0172,-2.5,8.4,8.5,1,14,12,1/314,1/196,1/25
東名,2026-10-03,,10/3 23:35,パチンコ,2361,P新世紀ｴｳﾞｧﾝｹﾞﾘｵﾝ15 未来への咆哮,0173,-4.5,0.8,-1.2,3,2,2,1/264,1/22,1/231
東名,2026-10-03,,10/3 23:35,パチンコ,2361,P新世紀ｴｳﾞｧﾝｹﾞﾘｵﾝ15 未来への咆哮,0174,-0.5,-2.1,0.4,0,0,4,1/54,1/230,1/83
東名,2026-10-03,,10/3 23:35,パチンコ,2361,P新世紀ｴｳﾞｧﾝｹﾞﾘｵﾝ15 未来への咆哮,0175,-1.3,4.7,-2.2,9,8,0,1/433,1/129,1/259
東名,2026-10-03,,10/3 23:35,パチンコ,2361,P新世紀ｴｳﾞｧﾝｹﾞﾘｵﾝ15 未来への咆哮,0176,-6.2,4.9,-3.8,2,14,2,1/694,1/152,1/470
東名,2026-10-03,,10/3 23:35,パチンコ,3022,P新世紀ｴｳﾞｧﾝｹﾞﾘｵﾝ15未来への咆哮F,0257,-0.1,-1.0,-2.0,0,0,0,1/4,1/93,1/207
東名,2026-10-03,,10/3 23:35,パチンコ,3181,P新世紀ｴｳﾞｧﾝｹﾞﾘｵﾝ15未来への咆哮Y,0123,-1.7,-0.4,0.4,0,0,7,1/166,1/43,1/92
東名,2026-10-03,,10/3 23:35,パチンコ,3181,P新世紀ｴｳﾞｧﾝｹﾞﾘｵﾝ15未来への咆哮Y,0124,1.7,-0.2,-1.4,7,7,0,1/109,1/259,1/126
東名,2026-10-03,,10/3 23:35,パチンコ,3420,P江頭2:50 inﾅﾅｼｰV3,0303,-1.2,-0.2,-0.5,1,0,0,1/155,1/10,1/44
東名,2026-10-03,,10/3 23:35,パチンコ,3714,P沖ﾄﾞｷ!LG,0286,-5.6,-0.6,7.3,2,0,11,1/38,1/5,1/8
東名,2026-10-03,,10/3 23:35,パチンコ,2157,P海物語E,0089,0.0,0.0,-5.3,0,0,0,,,1/1032
東名,2026-10-03,,10/3 23:35,パチンコ,2157,P海物語E,0090,0.0,0.0,-0.2,0,0,0,,,1/25
東名,2026-10-03,,10/3 23:35,パチンコ,2157,P海物語E,0146,-0.1,0.0,-0.3,0,0,5,1/12,,1/253
東名,2026-10-03,,10/3 23:35,パチンコ,2157,P海物語E,0211,2.0,-0.5,5.6,4,0,10,1/121,1/65,1/240
東名,2026-10-03,,10/3 23:35,パチンコ,2157,P海物語E,0212,-0.1,-0.1,0.0,6,0,0,1/495,1/4,
東名,2026-10-03,,10/3 23:35,パチンコ,3024,P消されたﾙﾊﾟﾝ9YU1Y,0287,-0.5,1.9,-1.2,0,24,13,1/43,1/53,1/66
東名,2026-10-03,,10/3 23:35,パチンコ,3252,P牙狼11~冴島大河~XX-MU,0159,1.3,3.6,11.3,3,7,17,1/37,1/34,1/37
東名,2026-10-03,,10/3 23:35,パチンコ,3252,P牙狼11~冴島大河~XX-MU,0160,16.3,-0.1,-0.5,23,0,0,1/8,1/14,1/57
東名,2026-10-03,,10/3 23:35,パチンコ,3252,P牙狼11~冴島大河~XX-MU,0161,-0.8,-0.3,-3.6,0,0,0,1/93,1/21,1/368
東名,2026-10-03,,10/3 23:35,パチンコ,2412,P真北斗無双3ｼﾞｬｷﾞの逆襲GEE,0325,-2.7,-1.0,-0.6,0,3,2,1/306,1/106,1/135
東名,2026-10-03,,10/3 23:35,パチンコ,2391,P真北斗無双FWQG,0162,-3.4,0.6,-2.8,0,2,0,1/314,1/55,1/257
東名,2026-10-03,,10/3 23:35,パチンコ,2391,P真北斗無双FWQG,0163,4.4,0.0,4.8,11,0,10,1/122,,1/92
東名,2026-10-03,,10/3 23:35,パチンコ,2391,P真北斗無双FWQG,0164,-2.3,-0.8,5.9,0,0,15,1/229,1/85,1/153
東名,2026-10-03,,10/3 23:35,パチンコ,2391,P真北斗無双FWQG,0165,0.0,-0.3,-0.1,0,0,0,,1/42,1/5
東名,2026-10-03,,10/3 23:35,パチンコ,2391,P真北斗無双FWQG,0166,0.0,-1.2,-4.5,0,0,1,,1/125,1/497
東名,2026-10-03,,10/3 23:35,パチンコ,2391,P真北斗無双FWQG,0167,0.0,-0.3,-0.1,0,0,0,,1/26,1/7
東名,2026-10-03,,10/3 23:35,パチンコ,2391,P真北斗無双FWQG,0168,-0.3,-0.1,0.0,0,0,0,1/31,1/16,
東名,2026-10-03,,10/3 23:35,パチンコ,2978,P真･一騎当千~桃園の誓い~FM-JT,0139,0.0,0.0,-0.1,0,0,0,,,1/7
東名,2026-10-03,,10/3 23:35,パチンコ,2978,P真･一騎当千~桃園の誓い~FM-JT,0154,0.0,-0.2,-0.6,0,0,0,,1/29,1/59
東名,2026-10-03,,10/3 23:35,パチンコ,3453,P真･一騎当千~桃園の誓い~LTH-FH,0332,-0.5,-0.3,-1.0,1,0,2,1/89,1/28,1/105
東名,2026-10-03,,10/3 23:35,パチンコ,3162,P真･花の慶次3N-K,0097,-0.3,-0.6,2.9,6,0,13,1/153,1/69,1/54
東名,2026-10-03,,10/3 23:35,パチンコ,3162,P真･花の慶次3N-K,0098,-0.5,0.0,-0.7,0,0,0,1/52,,1/78
東名,2026-10-03,,10/3 23:35,パチンコ,3162,P真･花の慶次3N-K,0099,-0.4,0.0,4.9,0,0,22,1/44,,1/140
東名,2026-10-03,,10/3 23:35,パチンコ,3205,P緋弾のｱﾘｱ ~緋緋神降臨~LT搭載FSZ,0088,7.6,0.0,-3.0,10,0,0,1/12,,1/326
東名,2026-10-03,,10/3 23:35,パチンコ,3535,P緋弾のｱﾘｱ~緋緋神降臨~199Ver.FQU,0328,-4.7,2.4,4.2,1,10,14,1/525,1/285,1/136
東名,2026-10-03,,10/3 23:35,パチンコ,3596,P織田信奈の野望全国版V1D,0271,-1.9,-0.1,-0.1,0,0,0,1/233,1/18,1/17
東名,2026-10-03,,10/3 23:35,パチンコ,3596,P織田信奈の野望全国版V1D,0348,-1.2,-0.1,-0.2,4,0,0,1/125,1/4,1/16
東名,2026-10-03,,10/3 23:35,パチンコ,3790,P織田信奈の野望全国版V4A,0297,-2.3,-3.7,-1.7,3,2,3,1/257,1/470,1/221
東名,2026-10-03,,10/3 23:35,パチンコ,3513,P花の慶次~裂N2-VC,0259,2.7,-0.1,-1.2,10,0,0,1/121,1/4,1/124
東名,2026-10-03,,10/3 23:35,パチンコ,3513,P花の慶次~裂N2-VC,0260,-0.1,-0.4,-0.1,1,5,0,1/28,1/48,1/12
東名,2026-10-03,,10/3 23:35,パチンコ,3314,P貞子FMD,0253,-0.3,-3.8,-0.3,0,3,0,1/37,1/262,1/55
東名,2026-10-03,,10/3 23:35,パチンコ,3667,P頭文字D2GCPC,0313,-1.9,3.9,-2.3,2,46,2,1/106,1/95,1/135
東名,2026-10-03,,10/3 23:35,パチンコ,3278,P魔法少女まどか☆ﾏｷﾞｶ3LM3,0155,-0.1,6.2,-0.2,0,9,0,1/6,1/25,1/8
東名,2026-10-03,,10/3 23:35,パチンコ,3278,P魔法少女まどか☆ﾏｷﾞｶ3LM3,0156,0.0,-0.5,-0.4,0,0,0,,1/51,1/42
東名,2026-10-03,,10/3 23:35,パチンコ,3278,P魔法少女まどか☆ﾏｷﾞｶ3LM3,0157,-1.4,0.0,-0.4,1,0,0,1/144,,1/37
東名,2026-10-03,,10/3 23:35,パチンコ,3278,P魔法少女まどか☆ﾏｷﾞｶ3LM3,0158,-0.9,-0.6,-0.6,1,1,0,1/120,1/88,1/54
東名,2026-10-03,,10/3 23:35,パチンコ,3732,P黄門ちゃま9AD2,0267,-0.8,0.0,-3.6,0,1,2,1/96,1/9,1/234
東名,2026-10-03,,10/3 23:35,パチンコ,3316,PｱｽﾞｰﾙﾚｰﾝTHE ANIMATION~ﾄﾘｶﾞｰ199~,0149,0.0,-1.0,1.2,0,0,5,,1/103,1/118
東名,2026-10-03,,10/3 23:35,パチンコ,3316,PｱｽﾞｰﾙﾚｰﾝTHE ANIMATION~ﾄﾘｶﾞｰ199~,0150,-1.1,-1.0,-1.7,0,0,0,1/101,1/100,1/179
東名,2026-10-03,,10/3 23:35,パチンコ,3552,Pｱﾅｻﾞｰｺﾞｯﾄﾞﾊｰﾃﾞｽ3SB,0342,-0.6,-2.1,-1.8,2,4,1,1/85,1/146,1/256
東名,2026-10-03,,10/3 23:35,パチンコ,3276,Pｸｲｰﾝｽﾞﾌﾞﾚｲﾄﾞ4V1D,0145,-3.1,0.0,-0.1,0,0,0,1/290,,1/12
東名,2026-10-03,,10/3 23:35,パチンコ,3655,Pｸｲｰﾝｽﾞﾌﾞﾚｲﾄﾞ奈落V1C,0326,0.1,0.0,-0.2,1,0,0,1/68,,1/25
東名,2026-10-03,,10/3 23:35,パチンコ,3201,Pｺｰﾄﾞｷﾞｱｽ 反逆のﾙﾙｰｼｭ3Y,0086,4.4,2.6,-2.1,41,25,24,1/61,1/88,1/72
東名,2026-10-03,,10/3 23:35,パチンコ,2695,Pｺﾞｼﾞﾗ対ｴｳﾞｧﾝｹﾞﾘｵﾝ G細胞覚醒L,0298,-0.3,5.2,-1.4,1,8,0,1/94,1/96,1/128
東名,2026-10-03,,10/3 23:35,パチンコ,3721,Pｺﾞｼﾞﾗ対ｴｳﾞｧﾝｹﾞﾘｵﾝ2LV,0280,1.7,-5.8,0.2,22,4,29,1/186,1/455,1/150
東名,2026-10-03,,10/3 23:35,パチンコ,3259,Pｺﾞﾌﾞﾘﾝｽﾚｲﾔｰ ﾗｯｷｰﾄﾘｶﾞｰVerJVR,0256,0.3,0.0,-0.2,6,0,0,1/247,,1/18
東名,2026-10-03,,10/3 23:35,パチンコ,3141,Pｼﾝ･ｴｳﾞｧﾝｹﾞﾘｵﾝX,0117,8.9,-1.4,-0.4,13,0,0,1/52,1/164,1/41
東名,2026-10-03,,10/3 23:35,パチンコ,3141,Pｼﾝ･ｴｳﾞｧﾝｹﾞﾘｵﾝX,0118,0.0,0.0,0.0,0,0,0,,,
東名,2026-10-03,,10/3 23:35,パチンコ,3141,Pｼﾝ･ｴｳﾞｧﾝｹﾞﾘｵﾝX,0119,0.0,0.0,11.5,0,0,29,,,1/120
東名,2026-10-03,,10/3 23:35,パチンコ,3141,Pｼﾝ･ｴｳﾞｧﾝｹﾞﾘｵﾝX,0120,-0.3,10.0,0.0,0,16,0,1/36,1/64,
東名,2026-10-03,,10/3 23:35,パチンコ,3141,Pｼﾝ･ｴｳﾞｧﾝｹﾞﾘｵﾝX,0121,0.0,0.0,-1.7,0,0,0,,,1/187
東名,2026-10-03,,10/3 23:35,パチンコ,3141,Pｼﾝ･ｴｳﾞｧﾝｹﾞﾘｵﾝX,0122,-1.3,-1.4,-2.1,0,0,0,1/141,1/142,1/206
東名,2026-10-03,,10/3 23:35,パチンコ,3603,Pｼﾞｭｰｼｰﾊﾆｰ極嬢77LT-ARB,0078,-1.1,-0.1,-0.8,0,1,0,1/102,1/14,1/88
東名,2026-10-03,,10/3 23:35,パチンコ,3501,Pｼﾞｭｰｼｰﾊﾆｰ極嬢MA,0344,-0.8,-0.1,-0.1,0,0,0,1/92,1/22,1/11
東名,2026-10-03,,10/3 23:35,パチンコ,3681,Pｽｰﾊﾟｰ海物語IN沖縄6LTP,0199,7.8,-2.2,6.8,16,0,11,1/59,1/257,1/96
東名,2026-10-03,,10/3 23:35,パチンコ,3681,Pｽｰﾊﾟｰ海物語IN沖縄6LTP,0200,3.0,-0.8,2.6,10,0,4,1/280,1/79,1/52
東名,2026-10-03,,10/3 23:35,パチンコ,3681,Pｽｰﾊﾟｰ海物語IN沖縄6LTP,0201,-1.2,-1.9,0.1,0,0,1,1/135,1/236,1/77
東名,2026-10-03,,10/3 23:35,パチンコ,3681,Pｽｰﾊﾟｰ海物語IN沖縄6LTP,0202,1.5,4.3,0.0,4,9,0,1/222,1/127,
東名,2026-10-03,,10/3 23:35,パチンコ,3564,PｿﾞﾝﾋﾞﾗﾝﾄﾞｻｶﾞSCPC,0093,0.0,0.0,-1.0,0,0,1,,,1/143
東名,2026-10-03,,10/3 23:35,パチンコ,3564,PｿﾞﾝﾋﾞﾗﾝﾄﾞｻｶﾞSCPC,0094,0.0,0.0,-2.6,0,0,3,,,1/112
東名,2026-10-03,,10/3 23:35,パチンコ,3593,Pﾃﾞｼﾞﾊﾈ北斗の拳慈母SSPC,0100,0.0,0.0,-2.9,0,0,5,,,1/113
東名,2026-10-03,,10/3 23:35,パチンコ,3593,Pﾃﾞｼﾞﾊﾈ北斗の拳慈母SSPC,0101,-0.1,0.0,1.1,1,0,13,1/50,,1/80
東名,2026-10-03,,10/3 23:35,パチンコ,3593,Pﾃﾞｼﾞﾊﾈ北斗の拳慈母SSPC,0102,-0.2,0.0,2.7,5,2,19,1/83,1/32,1/33
東名,2026-10-03,,10/3 23:35,パチンコ,3593,Pﾃﾞｼﾞﾊﾈ北斗の拳慈母SSPC,0103,1.3,0.0,-1.3,12,0,1,1/68,,1/196
東名,2026-10-03,,10/3 23:35,パチンコ,3176,Pﾃﾞｼﾞﾊﾈ聖戦士ﾀﾞﾝﾊﾞｲﾝ2SSPB,0321,0.1,0.0,-0.2,6,0,1,1/27,,1/30
東名,2026-10-03,,10/3 23:35,パチンコ,3176,Pﾃﾞｼﾞﾊﾈ聖戦士ﾀﾞﾝﾊﾞｲﾝ2SSPB,0322,-0.5,0.0,-0.5,6,0,0,1/112,,1/59
東名,2026-10-03,,10/3 23:35,パチンコ,3602,PﾃﾞｼﾞﾊﾈﾓﾝｽﾀｰﾊﾝﾀｰﾗｲｽﾞGSPB,0152,-3.4,-0.1,-1.2,4,0,0,1/148,1/12,1/134
東名,2026-10-03,,10/3 23:35,パチンコ,3602,PﾃﾞｼﾞﾊﾈﾓﾝｽﾀｰﾊﾝﾀｰﾗｲｽﾞGSPB,0153,-0.3,0.0,-0.1,0,0,0,1/35,,1/8
東名,2026-10-03,,10/3 23:35,パチンコ,2996,Pﾃﾞﾋﾞﾙﾏﾝ黄金黙示録N-K1 YT250,0312,-0.6,-1.3,0.0,8,10,23,1/41,1/67,1/77
東名,2026-10-03,,10/3 23:35,パチンコ,3642,Pﾄﾞﾗﾑだ!金ﾄﾞﾝSB,0301,0.0,-0.2,0.0,0,0,0,,1/11,
東名,2026-10-03,,10/3 23:35,パチンコ,3179,PﾆｭｰﾄｷｵGREENV1,0341,-1.4,0.7,-0.3,14,14,2,1/26,1/27,1/37
東名,2026-10-03,,10/3 23:35,パチンコ,3515,PﾊﾈﾓﾉﾌｧﾐﾘｰｽﾀｼﾞｱﾑMD,0338,1.3,-0.4,0.9,12,0,11,1/24,1/45,1/17
東名,2026-10-03,,10/3 23:35,パチンコ,3515,PﾊﾈﾓﾉﾌｧﾐﾘｰｽﾀｼﾞｱﾑMD,0339,-0.1,0.7,-0.1,1,7,3,1/59,1/15,1/17
東名,2026-10-03,,10/3 23:35,パチンコ,3235,PﾊﾞｲｵﾊｻﾞｰﾄﾞRE2L9YZ4,0346,-1.3,-1.4,-0.4,1,6,1,1/145,1/250,1/61
東名,2026-10-03,,10/3 23:35,パチンコ,3361,PﾊﾞﾝﾄﾞﾘH1YZ4,0327,1.8,-2.7,6.8,8,7,20,1/109,1/304,1/333
東名,2026-10-03,,10/3 23:35,パチンコ,3537,PﾊﾞﾝﾄﾞﾘL1AU1,0306,-1.8,-4.2,2.7,0,2,35,1/194,1/494,1/88
東名,2026-10-03,,10/3 23:35,パチンコ,3090,PﾌｨｰﾊﾞｰからくりｻｰｶｽY,0323,-0.1,0.7,-1.9,0,6,0,1/7,1/28,1/204
東名,2026-10-03,,10/3 23:35,パチンコ,3722,Pﾌｨｰﾊﾞｰ彼女、お借りしますLR,0281,-1.3,-1.6,-0.7,2,1,1,1/277,1/312,1/142
東名,2026-10-03,,10/3 23:35,パチンコ,3526,Pﾌｨｰﾊﾞｰ戦姫絶唱ｼﾝﾌｫｷﾞｱ4Z,0133,-0.1,-4.2,-0.2,0,2,0,1/6,1/270,1/28
東名,2026-10-03,,10/3 23:35,パチンコ,3526,Pﾌｨｰﾊﾞｰ戦姫絶唱ｼﾝﾌｫｷﾞｱ4Z,0134,0.0,0.0,0.0,0,0,0,,,
東名,2026-10-03,,10/3 23:35,パチンコ,3526,Pﾌｨｰﾊﾞｰ戦姫絶唱ｼﾝﾌｫｷﾞｱ4Z,0135,0.0,-1.0,-0.1,0,0,0,,1/83,1/17
東名,2026-10-03,,10/3 23:35,パチンコ,3526,Pﾌｨｰﾊﾞｰ戦姫絶唱ｼﾝﾌｫｷﾞｱ4Z,0136,-0.2,-0.1,-0.8,1,0,1,1/69,1/10,1/160
東名,2026-10-03,,10/3 23:35,パチンコ,3597,Pﾌｨｰﾊﾞｰ機動戦士ｶﾞﾝﾀﾞﾑﾕﾆｺｰﾝ2 Y,0254,-1.4,4.8,-1.3,0,18,1,1/162,1/111,1/165
東名,2026-10-03,,10/3 23:35,パチンコ,2872,Pﾌｨｰﾊﾞｰ炎炎ﾉ消防隊G,0275,-1.3,6.1,-0.1,1,11,7,1/227,1/88,1/342
東名,2026-10-03,,10/3 23:35,パチンコ,2872,Pﾌｨｰﾊﾞｰ炎炎ﾉ消防隊G,0276,-0.8,-2.2,-3.3,0,1,3,1/90,1/271,1/306
東名,2026-10-03,,10/3 23:35,パチンコ,2872,Pﾌｨｰﾊﾞｰ炎炎ﾉ消防隊G,0277,-0.8,-1.0,0.6,0,0,5,1/86,1/98,1/179
東名,2026-10-03,,10/3 23:35,パチンコ,3261,Pﾌｨｰﾊﾞｰ炎炎ﾉ消防隊YR,0076,-0.1,-1.6,-3.0,0,1,0,1/16,1/189,1/326
東名,2026-10-03,,10/3 23:35,パチンコ,2967,PﾌｨｰﾊﾞｰｸｨｰﾝⅡV,0295,-0.1,-0.7,-0.1,6,0,0,1/61,1/62,1/7
東名,2026-10-03,,10/3 23:35,パチンコ,3514,Pﾌﾞﾗｯｸﾗｸﾞｰﾝ4GCPA,0334,-1.7,2.9,-0.7,0,10,0,1/154,1/49,1/79
東名,2026-10-03,,10/3 23:35,パチンコ,2949,Pﾌﾞﾗｯｸﾗｸﾞｰﾝ4GFPJ,0349,-0.1,-0.2,1.8,0,0,8,1/9,1/22,1/209
東名,2026-10-03,,10/3 23:35,パチンコ,3152,Pﾎﾟﾁｯと一発おだてﾌﾞﾀ2V1,0340,-0.7,-0.7,2.4,13,17,56,1/27,1/24,1/22
東名,2026-10-03,,10/3 23:35,パチンコ,3703,PﾒｲﾄﾞｲﾝｱﾋﾞｽSL,0335,1.1,-0.4,-0.7,7,0,1,1/92,1/47,1/110
東名,2026-10-03,,10/3 23:35,パチンコ,3427,Pﾘﾝｸﾞ 呪いの7日間3 Light JVZ,0085,-4.6,-0.3,0.0,4,6,0,1/188,1/251,
東名,2026-10-03,,10/3 23:35,パチンコ,3360,Pﾘﾝｸﾞ 呪いの7日間3 LT搭載 JSG,0142,-2.2,1.4,-3.1,0,3,1,1/244,1/4,1/344
東名,2026-10-03,,10/3 23:35,パチンコ,3360,Pﾘﾝｸﾞ 呪いの7日間3 LT搭載 JSG,0143,-1.7,-0.6,0.0,3,0,0,1/132,1/58,
東名,2026-10-03,,10/3 23:35,パチンコ,3360,Pﾘﾝｸﾞ 呪いの7日間3 LT搭載 JSG,0144,-0.5,-0.5,0.0,0,0,0,1/52,1/52,
東名,2026-10-03,,10/3 23:35,パチンコ,3375,Pﾙﾊﾟﾝ三世137YR2,0080,-0.7,-0.3,-1.7,1,0,2,1/108,1/38,1/104
東名,2026-10-03,,10/3 23:35,パチンコ,3679,Pﾙﾊﾟﾝ三世14L0YU1,0314,-0.9,-0.2,-0.4,5,1,0,1/58,1/43,1/42
東名,2026-10-03,,10/3 23:35,パチンコ,3816,①e/吉宗極乗3000ver/L06,0055,-0.4,1.9,-5.2,1,7,3,1/73,1/190,1/203
東名,2026-10-03,,10/3 23:35,パチンコ,3816,①e/吉宗極乗3000ver/L06,0056,-5.8,0.6,-3.3,0,14,3,1/563,1/316,1/147
東名,2026-10-03,,10/3 23:35,パチンコ,3800,①e/押忍番長漢の頂/L09,0054,-1.3,-1.6,12.9,16,3,44,1/190,1/73,1/95
東名,2026-10-03,,10/3 23:35,パチンコ,3739,①e牙狼神速神撃3000LT-RB,0059,-10.3,3.0,-10.1,12,10,4,1/152,1/163,1/263
東名,2026-10-03,,10/3 23:35,パチンコ,3739,①e牙狼神速神撃3000LT-RB,0060,-2.2,-3.7,4.7,0,5,10,1/204,1/157,1/134
東名,2026-10-03,,10/3 23:35,パチンコ,3818,①e甲鉄城のｶﾊﾞﾈﾘ2GFEA,0058,4.0,-5.8,-7.4,8,1,2,1/122,1/643,1/453
東名,2026-10-03,,10/3 23:35,パチンコ,3817,①e花の慶次~黄金の一撃H4,0053,-4.2,-9.2,-17.2,0,4,3,1/413,1/389,1/585
東名,2026-10-03,,10/3 23:35,パチンコ,3754,①eｺﾞｼﾞﾗ対ｴｳﾞｧﾝｹﾞﾘｵﾝ2bA,0057,7.7,-3.8,22.8,16,1,41,1/207,1/425,1/149
東名,2026-10-03,,10/3 23:35,パチンコ,2641,①PAぱちんこ仮面ﾗｲﾀﾞｰ轟音MA1,0001,-2.3,-2.7,-3.0,7,31,18,1/78,1/76,1/112
東名,2026-10-03,,10/3 23:35,パチンコ,3139,①PAぱちんこ冬のｿﾅﾀForeverMA1,0034,-0.5,1.1,-5.2,0,39,31,1/43,1/79,1/107
東名,2026-10-03,,10/3 23:35,パチンコ,2554,①PA大海物語4ｽﾍﾟｼｬﾙRBA,0009,-0.2,-1.1,-0.5,7,4,2,1/77,1/110,1/109
東名,2026-10-03,,10/3 23:35,パチンコ,3137,①PA大海物語4ｽﾍﾟｼｬﾙRBA,0023,-1.2,-4.8,0.1,20,17,4,1/100,1/128,1/41
東名,2026-10-03,,10/3 23:35,パチンコ,3137,①PA大海物語4ｽﾍﾟｼｬﾙRBA,0027,-1.7,0.2,-0.3,3,9,0,1/86,1/52,1/39
東名,2026-10-03,,10/3 23:35,パチンコ,3614,①PA大海物語5ARBC,0026,-1.7,1.8,-1.9,3,29,14,1/150,1/69,1/195
東名,2026-10-03,,10/3 23:35,パチンコ,3614,①PA大海物語5ARBC,0049,0.7,-1.0,-3.4,24,3,28,1/70,1/94,1/112
東名,2026-10-03,,10/3 23:35,パチンコ,3652,①PA海物語3R2ｽﾍﾟｼｬﾙMBA,0010,-1.1,-1.1,-1.4,1,1,18,1/147,1/128,1/66
東名,2026-10-03,,10/3 23:35,パチンコ,3652,①PA海物語3R2ｽﾍﾟｼｬﾙMBA,0024,2.4,0.0,-5.2,25,0,14,1/45,,1/178
東名,2026-10-03,,10/3 23:35,パチンコ,3549,①PA激ﾃﾞｼﾞ牙狼月虹ﾉ旅人-RL,0042,2.1,-0.5,-1.0,21,35,16,1/69,1/82,1/54
東名,2026-10-03,,10/3 23:35,パチンコ,3347,①PA真･暴れん坊将軍99Ver.FWZ,0033,-2.1,1.1,-0.3,8,14,8,1/200,1/69,1/83
東名,2026-10-03,,10/3 23:35,パチンコ,3431,①PA真･花の慶次2N2-X1,0006,5.9,1.9,-0.8,41,36,16,1/98,1/53,1/93
東名,2026-10-03,,10/3 23:35,パチンコ,3431,①PA真･花の慶次2N2-X1,0008,-2.1,0.8,-6.1,13,38,8,1/74,1/48,1/133
東名,2026-10-03,,10/3 23:35,パチンコ,3226,①PAｽｰﾊﾟｰ海物語INｼﾞｬﾊﾟﾝ2RA,0021,0.2,-0.3,1.5,4,0,22,1/104,1/32,1/45
東名,2026-10-03,,10/3 23:35,パチンコ,3756,①PAﾌｨｰﾊﾞｰﾀﾞﾝﾍﾞﾙ何ｷﾛ持てる?Y,0018,5.5,2.7,-0.4,39,31,19,1/80,1/91,1/193
東名,2026-10-03,,10/3 23:35,パチンコ,3662,①PGO!GO!ﾏﾘﾝ3000HCD,0048,7.9,6.0,1.3,18,11,27,1/129,1/61,1/151
東名,2026-10-03,,10/3 23:35,パチンコ,3628,①Pうまい棒4500から10500V1,0046,-1.9,-1.1,2.1,0,0,10,1/18,1/8,1/25
東名,2026-10-03,,10/3 23:35,パチンコ,3449,①Pぱちんこ水戸黄門4KC1,0044,5.6,-1.9,-2.4,9,1,1,1/70,1/259,1/330
東名,2026-10-03,,10/3 23:35,パチンコ,3758,①PわんﾆｬﾝｱﾄﾞﾍﾞﾝﾁｬｰHCB,0043,6.2,-0.6,-0.4,18,1,8,1/63,1/91,1/200
東名,2026-10-03,,10/3 23:35,パチンコ,3544,①P元祖ｷﾞﾝｷﾞﾗﾊﾟﾗﾀﾞｲｽHCB,0013,-0.6,0.4,-1.3,5,9,0,1/137,1/188,1/145
東名,2026-10-03,,10/3 23:35,パチンコ,3620,①P天才ﾊﾞｶﾎﾞﾝ7~福神ｽﾍﾟｯｸ~LTH-JH,0047,4.5,-4.7,16.0,25,8,59,1/52,1/187,1/102
東名,2026-10-03,,10/3 23:35,パチンコ,3678,①P宇宙戦艦ﾔﾏﾄ2202-3MF,0041,-2.8,14.2,0.8,1,32,11,1/385,1/128,1/195
東名,2026-10-03,,10/3 23:35,パチンコ,3406,①P宇宙戦艦ﾔﾏﾄ2202bH,0037,-1.3,-2.1,2.4,19,35,54,1/84,1/179,1/70
東名,2026-10-03,,10/3 23:35,パチンコ,3574,①P新･遠山の金さん 77Ver.JWZ,0020,1.9,1.7,-0.2,19,33,9,1/57,1/36,1/43
東名,2026-10-03,,10/3 23:35,パチンコ,2988,①P海物語E,0014,-1.9,0.0,0.0,0,0,0,1/237,,
東名,2026-10-03,,10/3 23:35,パチンコ,2988,①P海物語E,0015,-1.3,-1.0,-1.7,0,1,1,1/162,1/202,1/256
東名,2026-10-03,,10/3 23:35,パチンコ,2988,①P海物語E,0030,-1.4,0.0,5.1,3,0,11,1/493,,1/122
東名,2026-10-03,,10/3 23:35,パチンコ,3136,①P海物語E,0028,-0.4,-2.5,-0.7,4,1,3,1/430,1/407,1/194
東名,2026-10-03,,10/3 23:35,パチンコ,3136,①P海物語E,0029,-0.4,-1.3,0.0,0,0,0,1/36,1/145,
東名,2026-10-03,,10/3 23:35,パチンコ,3627,①P清流物語4HLC,0025,-3.4,-3.0,-5.9,3,1,2,1/153,1/359,1/836
東名,2026-10-03,,10/3 23:35,パチンコ,3129,①P激ﾃﾞｼﾞ真･牙狼RBY4,0039,1.3,4.1,-3.7,26,23,24,1/54,1/40,1/91
東名,2026-10-03,,10/3 23:35,パチンコ,3429,①P百花繚乱FM-JF,0017,5.1,-2.1,-8.6,11,2,0,1/124,1/313,1/832
東名,2026-10-03,,10/3 23:35,パチンコ,3633,①P盾の勇者の成り上がりGFPC,0052,-2.1,-5.7,-10.6,7,1,12,1/88,1/610,1/398
東名,2026-10-03,,10/3 23:35,パチンコ,2734,①P真･花の慶次2M3-VC,0038,-3.6,2.6,3.1,2,7,12,1/198,1/197,1/100
東名,2026-10-03,,10/3 23:35,パチンコ,2730,①P真･花の慶次3L12-K,0012,-7.0,-0.8,0.0,2,16,20,1/390,1/578,1/221
東名,2026-10-03,,10/3 23:35,パチンコ,3433,①P銀河鉄道99929YU1Y,0002,-1.0,8.6,-0.9,9,26,11,1/100,1/43,1/80
東名,2026-10-03,,10/3 23:35,パチンコ,3466,①P魔王学院の不適合者FMY,0035,-1.6,10.7,4.8,3,25,13,1/68,1/235,1/115
東名,2026-10-03,,10/3 23:35,パチンコ,2591,①Pｶﾞｰﾙｽﾞ&ﾊﾟﾝﾂｧｰ28YQ1Y,0050,-0.7,-3.6,-1.7,13,8,11,1/115,1/105,1/81
東名,2026-10-03,,10/3 23:35,パチンコ,3404,①Pｺﾞｼﾞﾗ対ｴｳﾞｧﾝｹﾞﾘｵﾝ G細胞覚醒YR,0022,-7.8,-7.5,-3.3,19,23,44,1/90,1/127,1/110
東名,2026-10-03,,10/3 23:35,パチンコ,3624,①Pｽｰﾊﾟｰ海物語IN沖縄5YTC,0004,-2.8,0.0,-5.2,0,0,6,1/346,,1/920
東名,2026-10-03,,10/3 23:35,パチンコ,3624,①Pｽｰﾊﾟｰ海物語IN沖縄5YTC,0036,-3.8,-0.8,-5.1,0,0,0,1/385,1/97,1/577
東名,2026-10-03,,10/3 23:35,パチンコ,3676,①Pﾃﾞｼﾞﾊﾈｴｳﾚｶｾﾌﾞﾝﾊｲｴﾎﾞ2SSPB,0031,-2.6,-0.6,-3.0,23,18,33,1/184,1/92,1/78
東名,2026-10-03,,10/3 23:35,パチンコ,3700,①Pﾊﾞｷ319H1YZ2,0016,-0.6,-0.1,-4.2,0,0,5,1/76,1/14,1/270
東名,2026-10-03,,10/3 23:35,パチンコ,2790,①PﾌｨｰﾊﾞｰからくりｻｰｶｽV,0005,8.4,-11.2,0.2,16,0,14,1/443,1/1243,1/586
東名,2026-10-03,,10/3 23:35,パチンコ,3403,①Pﾌﾞﾗｯｸﾗｸﾞｰﾝ4GFPJ,0019,6.6,-1.2,-10.4,7,0,7,1/129,1/121,1/238
東名,2026-10-03,,10/3 23:35,パチンコ,3130,①PﾓﾓｷｭﾝｿｰﾄﾞGC250A,0040,-0.4,-1.5,0.3,15,8,21,1/144,1/121,1/102
東名,2026-10-03,,10/3 23:35,パチンコ,3619,①Pﾗﾌﾞ嬢3H1YZ6,0045,-2.4,-8.6,-0.9,0,1,12,1/255,1/967,1/342
東名,2026-10-03,,10/3 23:35,パチンコ,3009,①Pﾘｱﾙ鬼ごっこ2V3A,0003,2.6,-2.6,-2.7,54,7,20,1/52,1/148,1/90
東名,2026-10-03,,10/3 23:35,パチンコ,3508,①Pﾘﾝｸﾞ 呪いの7日間3 JMA,0051,-3.6,-7.3,1.0,1,7,4,1/484,1/1112,1/213
東名,2026-10-03,,10/3 23:35,パチンコ,2791,①Pﾘﾝｸﾞ呪いの7日間2 FWA,0011,-8.4,-1.1,1.0,4,15,32,1/318,1/58,1/90
東名,2026-10-03,,10/3 23:35,パチンコ,3757,①Pﾙﾊﾟﾝ三世137YR2,0032,-2.6,2.3,7.8,9,28,39,1/130,1/56,1/65
東名,2026-10-03,,10/3 23:35,パチンコ,3634,①Pﾙﾊﾟﾝ三世14H1YZ4,0007,-1.3,1.1,5.2,3,5,12,1/355,1/359,1/244
東名,2026-10-03,,10/3 23:35,パチンコ,3815,②e/押忍番長漢の頂/L09,0113,7.5,-0.1,19.6,23,0,41,1/73,1/9,1/27
東名,2026-10-03,,10/3 23:35,パチンコ,3819,②eいせれべFSZ,0111,0.0,0.0,0.0,0,0,0,,,
東名,2026-10-03,,10/3 23:35,パチンコ,3819,②eいせれべFSZ,0112,0.0,0.0,0.0,0,0,0,,,
東名,2026-10-03,,10/3 23:35,パチンコ,3789,②e仮面ﾗｲﾀﾞｰBLACK-KRJ2,0114,-0.1,-0.3,-2.2,0,2,1,1/18,1/43,1/312
東名,2026-10-03,,10/3 23:35,パチンコ,3740,②eﾌｨｰﾊﾞｰからくりｻｰｶｽ2R,0115,-3.2,-3.0,-5.5,0,2,6,1/359,1/179,1/221
東名,2026-10-03,,10/3 23:35,パチンコ,3773,②eﾌｨｰﾊﾞｰ戦姫絶唱ｼﾝﾌｫｷﾞｱ4F,0116,5.3,-4.2,-4.9,16,4,2,1/138,1/123,1/255
東名,2026-10-03,,10/3 23:35,パチンコ,3246,②P009 RE:CYBORG N3-K,0065,0.9,-0.4,1.0,22,16,14,1/44,1/133,1/49
東名,2026-10-03,,10/3 23:35,パチンコ,3438,②PA緋弾のｱﾘｱ~緋弾覚醒編~FRA,0061,-3.0,-1.0,-3.1,16,9,10,1/124,1/87,1/115
東名,2026-10-03,,10/3 23:35,パチンコ,3759,②PAﾌｨｰﾊﾞｰかぐや様は告らせたいYG,0071,-0.9,-1.0,0.5,3,0,16,1/51,1/116,1/60
東名,2026-10-03,,10/3 23:35,パチンコ,3491,②PGⅠ優駿倶楽部2HT,0110,-1.1,-1.4,-1.5,0,3,1,1/140,1/118,1/211
東名,2026-10-03,,10/3 23:35,パチンコ,3472,②Psin七つの大罪V3B,0062,-2.6,-2.7,-2.3,0,1,3,1/319,1/306,1/167
東名,2026-10-03,,10/3 23:35,パチンコ,3630,②Pうまい棒4500から10500V1,0075,-0.1,-1.0,2.0,0,0,6,,1/6,1/17
東名,2026-10-03,,10/3 23:35,パチンコ,3638,②Pえとたま2MY,0105,-0.6,0.9,1.4,0,8,3,1/73,1/129,1/20
東名,2026-10-03,,10/3 23:35,パチンコ,3581,②Pとある科学の超電磁砲2JMB,0109,-2.2,-1.4,-2.0,3,1,2,1/498,1/158,1/280
東名,2026-10-03,,10/3 23:35,パチンコ,3560,②Pとある魔術の禁書目録2JMZ,0068,1.6,-0.8,3.0,6,4,9,1/114,1/198,1/227
東名,2026-10-03,,10/3 23:35,パチンコ,3622,②P俺の妹がこんなに可愛いわけが,0066,-0.3,-0.1,-0.5,0,2,9,1/29,1/44,1/121
東名,2026-10-03,,10/3 23:35,パチンコ,3621,②P愛の不時着MF,0072,0.0,0.0,0.0,0,0,0,,,
東名,2026-10-03,,10/3 23:35,パチンコ,3475,②P牙狼11~冴島大河~XX-MU,0067,1.3,-1.1,5.1,5,0,12,1/225,1/131,1/435
東名,2026-10-03,,10/3 23:35,パチンコ,3270,②P真･花の慶次3TL5-MX,0064,-1.7,-1.5,-2.8,1,0,2,1/178,1/183,1/181
東名,2026-10-03,,10/3 23:35,パチンコ,3579,②Pｴｳﾞｧﾝｹﾞﾘｵﾝ15未来への咆哮F,0074,-1.1,1.5,-14.7,7,9,4,1/236,1/353,1/431
東名,2026-10-03,,10/3 23:35,パチンコ,3387,②Pｺﾞｼﾞﾗ対ｴｳﾞｧﾝｹﾞﾘｵﾝ G細胞覚醒YR,0107,1.0,-3.6,0.8,22,19,33,1/114,1/72,1/74
東名,2026-10-03,,10/3 23:35,パチンコ,3629,②Pｺﾞｼﾞﾗ対ｴｳﾞｧﾝｹﾞﾘｵﾝ2R,0108,4.0,9.5,-3.9,9,16,2,1/265,1/185,1/562
東名,2026-10-03,,10/3 23:35,パチンコ,3710,②Pｺﾞﾌﾞﾘﾝｽﾚｲﾔｰ ﾗｯｷｰﾄﾘｶﾞｰVer,0069,-0.8,-0.4,2.8,0,0,11,1/87,1/46,1/64
東名,2026-10-03,,10/3 23:35,パチンコ,3473,②Pｻﾗﾘｰﾏﾝ金太郎 FVE,0063,-1.3,0.3,-0.3,0,4,0,1/121,1/82,1/28
東名,2026-10-03,,10/3 23:35,パチンコ,3584,②Pﾃﾞｼﾞﾊﾈ聖戦士ﾀﾞﾝﾊﾞｲﾝ2SSPB,0073,-1.1,0.3,3.0,8,6,38,1/93,1/55,1/87
東名,2026-10-03,,10/3 23:35,パチンコ,3631,②Pﾌｨｰﾊﾞｰかぐや様は告らせたいR,0106,-1.1,-0.3,4.1,0,0,7,1/134,1/24,1/68
東名,2026-10-03,,10/3 23:35,パチンコ,3615,②Pﾘﾝｸﾞ 呪いの7日間3 Light JVZ,0104,-2.2,-0.6,-5.2,3,1,3,1/88,1/87,1/213
東名,2026-10-03,,10/3 23:35,パチンコ,2579,②バジリスク2AB,0070,0.2,-0.1,5.1,11,23,23,1/79,1/59,1/51
東名,2026-10-03,,10/3 23:35,スロット,3379,L A-SLOT+このすば FX,0438,-0.3,-0.7,-0.4,0,2,1,1/183,1/529,1/445
東名,2026-10-03,,10/3 23:35,スロット,3379,L A-SLOT+このすば FX,0439,0.1,-0.4,-0.4,3,7,3,1/249,1/286,1/481
東名,2026-10-03,,10/3 23:35,スロット,3744,L 甲鉄城のｶﾊﾞﾈﾘ 海門決戦 XX,0591,-0.3,-4.0,-1.3,32,18,21,1/91,1/189,1/123
東名,2026-10-03,,10/3 23:35,スロット,3744,L 甲鉄城のｶﾊﾞﾈﾘ 海門決戦 XX,0592,-0.4,-0.5,-2.4,4,27,7,1/152,1/97,1/261
東名,2026-10-03,,10/3 23:35,スロット,3744,L 甲鉄城のｶﾊﾞﾈﾘ 海門決戦 XX,0593,-0.6,-1.9,-1.5,15,10,22,1/93,1/179,1/137
東名,2026-10-03,,10/3 23:35,スロット,3744,L 甲鉄城のｶﾊﾞﾈﾘ 海門決戦 XX,0594,-2.5,-1.6,-0.7,6,16,18,1/283,1/130,1/114
東名,2026-10-03,,10/3 23:35,スロット,3744,L 甲鉄城のｶﾊﾞﾈﾘ 海門決戦 XX,0595,-3.1,1.5,-2.0,7,37,6,1/313,1/64,1/245
東名,2026-10-03,,10/3 23:35,スロット,3744,L 甲鉄城のｶﾊﾞﾈﾘ 海門決戦 XX,0596,-0.2,0.0,-0.2,9,36,2,1/107,1/89,1/144
東名,2026-10-03,,10/3 23:35,スロット,3744,L 甲鉄城のｶﾊﾞﾈﾘ 海門決戦 XX,0597,0.2,-4.7,-4.3,37,18,20,1/77,1/226,1/186
東名,2026-10-03,,10/3 23:35,スロット,3744,L 甲鉄城のｶﾊﾞﾈﾘ 海門決戦 XX,0598,-0.5,-1.0,-0.2,5,19,4,1/122,1/108,1/152
東名,2026-10-03,,10/3 23:35,スロット,3283,L 防振り FN,0654,1.3,-0.3,0.9,5,0,8,1/95,1/295,1/144
東名,2026-10-03,,10/3 23:35,スロット,3283,L 防振り FN,0655,0.0,-0.8,-0.4,0,11,0,,1/243,1/192
東名,2026-10-03,,10/3 23:35,スロット,3283,L 防振り FN,0656,1.2,-0.6,-0.6,9,4,0,1/102,1/253,1/313
東名,2026-10-03,,10/3 23:35,スロット,3828,L ｽﾏｽﾛ ﾘｺﾘｽ･ﾘｺｲﾙ KX,0637,-1.2,-0.9,2.5,43,91,71,1/125,1/91,1/82
東名,2026-10-03,,10/3 23:35,スロット,3828,L ｽﾏｽﾛ ﾘｺﾘｽ･ﾘｺｲﾙ KX,0638,-2.8,3.8,-2.7,50,68,31,1/114,1/82,1/145
東名,2026-10-03,,10/3 23:35,スロット,3828,L ｽﾏｽﾛ ﾘｺﾘｽ･ﾘｺｲﾙ KX,0639,2.9,-2.0,3.3,55,72,91,1/86,1/101,1/86
東名,2026-10-03,,10/3 23:35,スロット,3828,L ｽﾏｽﾛ ﾘｺﾘｽ･ﾘｺｲﾙ KX,0640,0.0,-0.3,-1.4,45,47,21,1/112,1/89,1/114
東名,2026-10-03,,10/3 23:35,スロット,3828,L ｽﾏｽﾛ ﾘｺﾘｽ･ﾘｺｲﾙ KX,0641,-1.1,2.6,0.8,55,81,83,1/96,1/95,1/98
東名,2026-10-03,,10/3 23:35,スロット,3828,L ｽﾏｽﾛ ﾘｺﾘｽ･ﾘｺｲﾙ KX,0642,-1.5,-0.5,0.9,82,63,64,1/98,1/105,1/89
東名,2026-10-03,,10/3 23:35,スロット,3708,L ｽﾏｽﾛ化物語 KH,0537,-1.2,-1.6,1.9,2,5,25,1/399,1/256,1/49
東名,2026-10-03,,10/3 23:35,スロット,3708,L ｽﾏｽﾛ化物語 KH,0538,-0.3,0.1,2.9,15,7,19,1/95,1/62,1/43
東名,2026-10-03,,10/3 23:35,スロット,3724,L ｽﾏｽﾛ北斗の拳 転生の章2 MW,0413,0.1,14.0,-0.9,19,89,5,1/85,1/26,1/175
東名,2026-10-03,,10/3 23:35,スロット,3724,L ｽﾏｽﾛ北斗の拳 転生の章2 MW,0414,-2.3,-3.0,-1.4,6,10,1,1/292,1/255,1/833
東名,2026-10-03,,10/3 23:35,スロット,3724,L ｽﾏｽﾛ北斗の拳 転生の章2 MW,0415,-0.6,-0.3,0.5,0,4,31,1/277,1/79,1/84
東名,2026-10-03,,10/3 23:35,スロット,3724,L ｽﾏｽﾛ北斗の拳 転生の章2 MW,0416,-0.2,-1.3,-0.1,0,17,0,1/114,1/109,1/49
東名,2026-10-03,,10/3 23:35,スロット,3724,L ｽﾏｽﾛ北斗の拳 転生の章2 MW,0417,1.6,6.1,-1.8,17,48,20,1/45,1/32,1/133
東名,2026-10-03,,10/3 23:35,スロット,3724,L ｽﾏｽﾛ北斗の拳 転生の章2 MW,0418,-1.1,-1.1,-1.3,2,3,3,1/377,1/265,1/324
東名,2026-10-03,,10/3 23:35,スロット,3724,L ｽﾏｽﾛ北斗の拳 転生の章2 MW,0419,-2.3,-0.9,-1.3,15,6,2,1/165,1/169,1/424
東名,2026-10-03,,10/3 23:35,スロット,3724,L ｽﾏｽﾛ北斗の拳 転生の章2 MW,0420,-1.0,-1.9,-0.1,6,12,0,1/179,1/165,1/49
東名,2026-10-03,,10/3 23:35,スロット,3724,L ｽﾏｽﾛ北斗の拳 転生の章2 MW,0421,-1.1,2.4,2.0,19,48,51,1/120,1/60,1/70
東名,2026-10-03,,10/3 23:35,スロット,3724,L ｽﾏｽﾛ北斗の拳 転生の章2 MW,0422,1.9,-0.1,0.3,39,0,37,1/37,1/45,1/86
東名,2026-10-03,,10/3 23:35,スロット,3724,L ｽﾏｽﾛ北斗の拳 転生の章2 MW,0423,-1.2,9.7,-1.0,20,92,6,1/117,1/49,1/173
東名,2026-10-03,,10/3 23:35,スロット,3736,L ｽﾏｽﾛ攻殻機動隊 ZS,0555,-0.2,0.9,0.0,3,16,2,1/148,1/133,1/78
東名,2026-10-03,,10/3 23:35,スロット,3416,L ｽﾏｽﾛ頭文字D2nd YR,0687,0.0,-1.1,-0.5,32,3,1,1/95,1/227,1/263
東名,2026-10-03,,10/3 23:35,スロット,3416,L ｽﾏｽﾛ頭文字D2nd YR,0688,-0.5,-0.6,2.7,6,3,38,1/125,1/181,1/102
東名,2026-10-03,,10/3 23:35,スロット,3542,L ｽﾏｽﾛｶｲｼﾞ 狂宴 FJ,0660,-0.5,0.3,0.1,9,10,2,1/183,1/185,1/241
東名,2026-10-03,,10/3 23:35,スロット,3782,L ﾋﾞｯｸﾞﾄﾞﾘｰﾑ KR,0466,4.6,0.0,0.0,36,0,0,1/21,,
東名,2026-10-03,,10/3 23:35,スロット,3782,L ﾋﾞｯｸﾞﾄﾞﾘｰﾑ KR,0467,-0.4,0.0,2.2,3,0,45,1/128,,1/60
東名,2026-10-03,,10/3 23:35,スロット,3782,L ﾋﾞｯｸﾞﾄﾞﾘｰﾑ KR,0468,-0.5,0.4,0.0,10,17,0,1/97,1/72,
東名,2026-10-03,,10/3 23:35,スロット,3533,L/SHAMANKING/SS,0679,-1.8,0.7,-2.0,2,9,3,1/527,1/243,1/392
東名,2026-10-03,,10/3 23:35,スロット,3609,L/いざ番長/SB8,0545,-1.6,-1.3,1.0,5,11,26,1/228,1/146,1/59
東名,2026-10-03,,10/3 23:35,スロット,3609,L/いざ番長/SB8,0546,-0.3,-1.3,-0.2,2,11,0,1/146,1/159,1/108
東名,2026-10-03,,10/3 23:35,スロット,3609,L/いざ番長/SB8,0547,0.6,-1.9,-0.4,7,3,8,1/65,1/401,1/112
東名,2026-10-03,,10/3 23:35,スロット,3767,L/真打吉宗/A1,0644,-4.0,-1.2,0.4,21,40,33,1/176,1/90,1/78
東名,2026-10-03,,10/3 23:35,スロット,3767,L/真打吉宗/A1,0645,0.8,1.0,-5.2,50,59,22,1/79,1/76,1/197
東名,2026-10-03,,10/3 23:35,スロット,3715,L/ｵｷﾄﾞｷﾃﾞｭｵ2/FR,0689,0.0,0.2,-0.2,0,11,0,,1/138,1/76
東名,2026-10-03,,10/3 23:35,スロット,3715,L/ｵｷﾄﾞｷﾃﾞｭｵ2/FR,0690,-0.1,-0.1,-1.2,0,0,4,1/58,1/32,1/270
東名,2026-10-03,,10/3 23:35,スロット,3715,L/ｵｷﾄﾞｷﾃﾞｭｵ2/FR,0691,0.0,-0.1,-2.8,0,0,10,,1/33,1/242
東名,2026-10-03,,10/3 23:35,スロット,3715,L/ｵｷﾄﾞｷﾃﾞｭｵ2/FR,0692,-0.1,-0.1,-3.4,0,0,32,1/37,1/39,1/164
東名,2026-10-03,,10/3 23:35,スロット,3716,L/ｽﾏｽﾛ秘宝伝/PA7,0629,0.0,-0.2,-0.2,0,1,4,1/13,1/325,1/214
東名,2026-10-03,,10/3 23:35,スロット,3716,L/ｽﾏｽﾛ秘宝伝/PA7,0630,0.0,-1.6,-0.8,0,0,4,,1/897,1/354
東名,2026-10-03,,10/3 23:35,スロット,3716,L/ｽﾏｽﾛ秘宝伝/PA7,0631,0.0,0.0,-0.8,0,0,4,,,1/249
東名,2026-10-03,,10/3 23:35,スロット,3562,L/ｽﾏｽﾛﾏｷﾞｱﾚｺｰﾄﾞ/RN,0539,-0.4,-0.7,-2.5,0,2,11,1/195,1/339,1/285
東名,2026-10-03,,10/3 23:35,スロット,3562,L/ｽﾏｽﾛﾏｷﾞｱﾚｺｰﾄﾞ/RN,0540,-1.6,-3.5,7.8,5,20,11,1/271,1/244,1/196
東名,2026-10-03,,10/3 23:35,スロット,3562,L/ｽﾏｽﾛﾏｷﾞｱﾚｺｰﾄﾞ/RN,0541,0.7,2.7,-0.1,2,4,1,1/211,1/453,1/96
東名,2026-10-03,,10/3 23:35,スロット,3788,L/ｿｰﾄﾞｱｰﾄ･ｵﾝﾗｲﾝⅡ/PA1,0548,9.6,-2.8,-2.5,61,53,62,1/103,1/113,1/105
東名,2026-10-03,,10/3 23:35,スロット,3788,L/ｿｰﾄﾞｱｰﾄ･ｵﾝﾗｲﾝⅡ/PA1,0549,2.9,4.5,2.1,45,65,80,1/158,1/123,1/108
東名,2026-10-03,,10/3 23:35,スロット,3788,L/ｿｰﾄﾞｱｰﾄ･ｵﾝﾗｲﾝⅡ/PA1,0550,-4.8,-3.3,-3.7,51,53,55,1/123,1/109,1/120
東名,2026-10-03,,10/3 23:35,スロット,3743,L/ﾊﾅﾋﾞ/KM,0479,1.1,0.3,2.0,7,13,22,1/216,1/282,1/243
東名,2026-10-03,,10/3 23:35,スロット,3743,L/ﾊﾅﾋﾞ/KM,0480,0.7,-0.5,1.5,8,4,22,1/212,1/280,1/228
東名,2026-10-03,,10/3 23:35,スロット,3685,L/ﾊﾞﾍﾞﾙ/BA,0693,0.0,0.0,0.0,0,0,0,,,
東名,2026-10-03,,10/3 23:35,スロット,3771,L/ﾐﾘｵﾝｺﾞｯﾄﾞ/CX,0632,-1.7,-0.6,-1.6,0,0,0,1/3923,1/5604,1/5846
東名,2026-10-03,,10/3 23:35,スロット,3771,L/ﾐﾘｵﾝｺﾞｯﾄﾞ/CX,0633,-2.8,-1.5,-5.7,0,0,0,1/1983,1/2866,1/5292
東名,2026-10-03,,10/3 23:35,スロット,3771,L/ﾐﾘｵﾝｺﾞｯﾄﾞ/CX,0634,-0.1,11.3,-3.2,0,6,0,1/1544,1/357,1/2367
東名,2026-10-03,,10/3 23:35,スロット,3771,L/ﾐﾘｵﾝｺﾞｯﾄﾞ/CX,0635,-4.6,-3.1,-2.6,0,0,2,1/3897,1/4153,1/2502
東名,2026-10-03,,10/3 23:35,スロット,3771,L/ﾐﾘｵﾝｺﾞｯﾄﾞ/CX,0636,-1.9,3.5,-2.4,0,0,0,1/2438,1/4995,1/3680
東名,2026-10-03,,10/3 23:35,スロット,3568,L/ﾖｼﾑﾈS/SC2,0625,0.7,0.8,3.6,6,5,11,1/436,1/402,1/350
東名,2026-10-03,,10/3 23:35,スロット,3568,L/ﾖｼﾑﾈS/SC2,0626,1.9,-1.0,-0.7,5,1,1,1/271,1/981,1/987
東名,2026-10-03,,10/3 23:35,スロット,3568,L/ﾖｼﾑﾈS/SC2,0627,0.3,-1.3,0.6,1,1,4,1/363,1/1281,1/420
東名,2026-10-03,,10/3 23:35,スロット,3568,L/ﾖｼﾑﾈS/SC2,0628,1.1,-3.1,-1.2,5,1,3,1/365,1/2183,1/708
東名,2026-10-03,,10/3 23:35,スロット,3811,L/ﾜｰﾙﾄﾞﾀﾞｲｽﾀｰ/PA3,0557,-0.9,-0.1,1.3,10,9,9,1/330,1/473,1/593
東名,2026-10-03,,10/3 23:35,スロット,3768,LB 異世界かるてっと KR,0681,0.0,-2.2,1.5,10,6,9,1/129,1/359,1/65
東名,2026-10-03,,10/3 23:35,スロット,3674,LB/ｸﾚｱの秘宝伝ﾎﾞｰﾅｽﾄﾘｶﾞｰVER./A2,0682,-1.2,-0.8,-0.5,0,0,3,1/732,1/452,1/355
東名,2026-10-03,,10/3 23:35,スロット,3674,LB/ｸﾚｱの秘宝伝ﾎﾞｰﾅｽﾄﾘｶﾞｰVER./A2,0683,-1.9,0.3,-1.6,2,13,3,1/898,1/270,1/546
東名,2026-10-03,,10/3 23:35,スロット,3689,LB/ｼｪｲｸﾎﾞｰﾅｽﾄﾘｶﾞｰ/A1,0680,0.2,3.2,-0.6,7,27,17,1/474,1/269,1/352
東名,2026-10-03,,10/3 23:35,スロット,3745,LB/ｽﾏｽﾛｻﾝﾀﾞｰVHA,0673,0.4,0.1,-0.8,8,11,11,1/307,1/257,1/304
東名,2026-10-03,,10/3 23:35,スロット,3829,LB/ﾀｺｽﾛBD,0672,1.5,-0.8,2.2,13,19,17,1/217,1/379,1/256
東名,2026-10-03,,10/3 23:35,スロット,3647,LBAREXBRIGHTBA,0671,-0.9,-1.6,2.8,5,7,21,1/443,1/440,1/250
東名,2026-10-03,,10/3 23:35,スロット,3611,LB翔べ!ﾊｰﾚﾑｴｰｽCF,0667,1.4,-0.9,0.2,4,0,5,1/334,1/691,1/225
東名,2026-10-03,,10/3 23:35,スロット,3648,LBｴｳﾞｧﾝｹﾞﾘｵﾝsR,0670,0.0,1.3,0.6,6,18,4,1/371,1/266,1/267
東名,2026-10-03,,10/3 23:35,スロット,3798,LBｹﾛｯﾄ5ND05H,0674,0.8,3.3,0.2,16,37,4,1/228,1/190,1/188
東名,2026-10-03,,10/3 23:35,スロット,3798,LBｹﾛｯﾄ5ND05H,0675,0.0,-0.4,0.2,6,1,8,1/250,1/444,1/241
東名,2026-10-03,,10/3 23:35,スロット,3610,LBﾆｭｰﾊﾟﾙｻｰBTC9,0429,-0.1,-0.3,0.0,0,0,2,1/28,1/269,1/322
東名,2026-10-03,,10/3 23:35,スロット,3612,LBﾌﾟﾚﾐｱﾑうまい棒S1,0666,0.4,0.8,-0.1,3,4,1,1/283,1/133,1/268
東名,2026-10-03,,10/3 23:35,スロット,3680,LBﾏｼﾞｶﾙﾊﾛｳｨﾝGS,0663,-0.5,0.0,0.0,0,2,9,1/334,1/215,1/342
東名,2026-10-03,,10/3 23:35,スロット,3185,LGⅠ優駿倶楽部黄金KD,0665,-0.9,2.0,-0.3,12,24,19,1/99,1/42,1/107
東名,2026-10-03,,10/3 23:35,スロット,3531,Lありふれた職業で世界最強jA,0457,1.2,1.4,2.8,7,15,7,1/97,1/108,1/60
東名,2026-10-03,,10/3 23:35,スロット,3531,Lありふれた職業で世界最強jA,0458,0.6,-1.5,-2.4,5,2,4,1/88,1/531,1/480
東名,2026-10-03,,10/3 23:35,スロット,3378,Lかぐや様は告らせたいjA,0650,-1.3,-0.8,11.0,0,5,37,1/674,1/232,1/54
東名,2026-10-03,,10/3 23:35,スロット,3378,Lかぐや様は告らせたいjA,0651,1.2,-3.6,-1.3,9,1,5,1/110,1/2083,1/299
東名,2026-10-03,,10/3 23:35,スロット,3378,Lかぐや様は告らせたいjA,0652,0.0,6.3,-0.9,5,26,9,1/181,1/85,1/249
東名,2026-10-03,,10/3 23:35,スロット,3797,Lからくりｻｰｶｽ2jG,0506,-1.1,-0.3,2.9,7,5,21,1/144,1/109,1/84
東名,2026-10-03,,10/3 23:35,スロット,3797,Lからくりｻｰｶｽ2jG,0507,3.6,-0.2,-2.0,28,2,8,1/52,1/91,1/189
東名,2026-10-03,,10/3 23:35,スロット,3797,Lからくりｻｰｶｽ2jG,0508,-1.8,5.1,-0.4,6,22,4,1/222,1/21,1/114
東名,2026-10-03,,10/3 23:35,スロット,3797,Lからくりｻｰｶｽ2jG,0509,-0.6,-1.3,-4.7,0,6,11,1/274,1/169,1/286
東名,2026-10-03,,10/3 23:35,スロット,2953,LからくりｻｰｶｽG,0517,0.0,-0.2,-0.2,2,0,0,1/52,1/86,1/79
東名,2026-10-03,,10/3 23:35,スロット,2953,LからくりｻｰｶｽG,0518,-0.1,10.1,-0.2,0,69,0,1/64,1/34,1/92
東名,2026-10-03,,10/3 23:35,スロット,2953,LからくりｻｰｶｽG,0519,-0.1,-0.2,-0.1,0,0,0,1/50,1/92,1/63
東名,2026-10-03,,10/3 23:35,スロット,2953,LからくりｻｰｶｽG,0520,-0.2,-0.1,-0.2,0,0,0,1/87,1/66,1/89
東名,2026-10-03,,10/3 23:35,スロット,2953,LからくりｻｰｶｽG,0521,-0.1,-0.2,-1.1,0,0,11,1/56,1/104,1/117
東名,2026-10-03,,10/3 23:35,スロット,3699,Lとある科学の超電磁砲2FV,0643,-0.2,-0.4,-0.5,7,6,12,1/181,1/180,1/158
東名,2026-10-03,,10/3 23:35,スロット,3813,Lとある魔術の禁書目録2FA,0646,-1.2,-3.4,-2.2,13,34,25,1/136,1/183,1/194
東名,2026-10-03,,10/3 23:35,スロット,3813,Lとある魔術の禁書目録2FA,0647,-2.7,-1.8,-0.7,11,4,16,1/275,1/323,1/150
東名,2026-10-03,,10/3 23:35,スロット,3813,Lとある魔術の禁書目録2FA,0648,1.5,-1.2,-0.5,21,2,10,1/134,1/395,1/150
東名,2026-10-03,,10/3 23:35,スロット,3813,Lとある魔術の禁書目録2FA,0649,-1.7,5.6,-1.3,4,19,23,1/328,1/101,1/159
東名,2026-10-03,,10/3 23:35,スロット,3812,LとんでもｽｷﾙKM,0558,0.1,2.5,0.9,38,51,51,1/47,1/36,1/44
東名,2026-10-03,,10/3 23:35,スロット,3808,Lやじきた道中記参る!BG,0551,-0.1,6.5,3.8,4,11,16,1/784,1/272,1/256
東名,2026-10-03,,10/3 23:35,スロット,3646,Lわたしの幸せな結婚PN,0464,0.0,-3.4,0.0,0,5,0,,1/476,
東名,2026-10-03,,10/3 23:35,スロット,3646,Lわたしの幸せな結婚PN,0465,0.0,0.0,0.0,0,0,0,,1/15,
東名,2026-10-03,,10/3 23:35,スロット,3600,L七つの魔剣が支配するPU,0430,0.0,0.4,-0.4,3,10,26,1/49,1/42,1/78
東名,2026-10-03,,10/3 23:35,スロット,3417,L今日から俺は!!FE,0686,-0.3,-0.7,-2.0,1,6,2,1/443,1/456,1/933
東名,2026-10-03,,10/3 23:35,スロット,3660,L咲-Saki-頂上決戦YR,0657,3.3,0.7,0.4,30,26,9,1/17,1/69,1/43
東名,2026-10-03,,10/3 23:35,スロット,3005,L戦国乙女4S3,0697,-0.4,-1.2,-0.9,2,2,1,1/200,1/420,1/486
東名,2026-10-03,,10/3 23:35,スロット,3005,L戦国乙女4S3,0698,-0.8,-0.6,-2.9,7,3,9,1/260,1/181,1/390
東名,2026-10-03,,10/3 23:35,スロット,3786,L戦国乙女5L8,0481,-5.5,-1.3,-2.3,28,30,18,1/157,1/118,1/167
東名,2026-10-03,,10/3 23:35,スロット,3786,L戦国乙女5L8,0482,0.9,-3.8,0.3,61,32,38,1/75,1/134,1/92
東名,2026-10-03,,10/3 23:35,スロット,3786,L戦国乙女5L8,0483,-3.1,7.6,-1.8,18,50,39,1/178,1/77,1/109
東名,2026-10-03,,10/3 23:35,スロット,3026,L戦国ｺﾚｸｼｮﾝ5GJ,0661,-1.1,1.1,0.8,31,33,38,1/134,1/96,1/105
東名,2026-10-03,,10/3 23:35,スロット,3796,L戦国ｺﾚｸｼｮﾝ6KS,0478,-0.2,-1.7,-2.9,50,31,28,1/128,1/189,1/219
東名,2026-10-03,,10/3 23:35,スロット,3687,L新鬼武者3SA,0434,-1.8,-0.2,-0.3,2,0,30,1/590,1/114,1/79
東名,2026-10-03,,10/3 23:35,スロット,3687,L新鬼武者3SA,0435,-0.3,-0.4,-0.7,6,1,8,1/89,1/300,1/125
東名,2026-10-03,,10/3 23:35,スロット,3687,L新鬼武者3SA,0436,0.0,-0.1,1.7,0,0,5,,1/51,1/56
東名,2026-10-03,,10/3 23:35,スロット,3687,L新鬼武者3SA,0437,-0.8,-1.1,-0.6,7,1,17,1/153,1/763,1/90
東名,2026-10-03,,10/3 23:35,スロット,3532,L東京喰種CT,0601,6.8,-7.1,10.7,47,27,43,1/97,1/233,1/36
東名,2026-10-03,,10/3 23:35,スロット,3532,L東京喰種CT,0602,2.7,-4.7,-2.1,27,17,10,1/126,1/251,1/214
東名,2026-10-03,,10/3 23:35,スロット,3532,L東京喰種CT,0603,-1.5,5.7,4.1,15,40,28,1/198,1/84,1/111
東名,2026-10-03,,10/3 23:35,スロット,3532,L東京喰種CT,0604,-2.8,-2.4,-2.0,21,19,5,1/169,1/186,1/281
東名,2026-10-03,,10/3 23:35,スロット,3532,L東京喰種CT,0605,-2.8,-4.4,21.2,20,23,57,1/215,1/192,1/5
東名,2026-10-03,,10/3 23:35,スロット,3532,L東京喰種CT,0606,2.0,-2.8,-1.2,39,9,4,1/112,1/274,1/306
東名,2026-10-03,,10/3 23:35,スロット,3734,L炎炎ﾉ消防隊2,0599,-1.9,-2.8,10.5,2,4,64,1/608,1/608,1/85
東名,2026-10-03,,10/3 23:35,スロット,3734,L炎炎ﾉ消防隊2,0600,-4.2,-1.5,0.2,5,19,5,1/600,1/188,1/125
東名,2026-10-03,,10/3 23:35,スロット,3263,L炎炎ﾉ消防隊jG,0684,-1.4,-1.2,1.0,3,0,11,1/428,1/786,1/108
東名,2026-10-03,,10/3 23:35,スロット,3263,L炎炎ﾉ消防隊jG,0685,-0.7,0.0,-1.1,1,0,0,1/531,1/13,1/683
東名,2026-10-03,,10/3 23:35,スロット,3735,L範馬刃牙L5,0500,0.0,-0.6,0.9,0,8,3,1/21,1/113,1/79
東名,2026-10-03,,10/3 23:35,スロット,3698,L絶対衝激ﾌｫｰｽFH,0653,-0.3,-1.1,-0.7,1,16,2,1/190,1/111,1/239
東名,2026-10-03,,10/3 23:35,スロット,3661,L転生したら剣でしたGT,0459,-0.1,-0.5,0.9,4,1,12,1/94,1/305,1/38
東名,2026-10-03,,10/3 23:35,スロット,3661,L転生したら剣でしたGT,0460,0.0,0.0,0.0,0,0,0,,,
東名,2026-10-03,,10/3 23:35,スロット,3810,L邪神ちゃんﾄﾞﾛｯﾌﾟｷｯｸTX,0554,-1.7,-1.6,-0.8,4,7,19,1/325,1/288,1/317
東名,2026-10-03,,10/3 23:35,スロット,3826,L青春ﾌﾞﾀ野郎L1,0484,3.4,1.4,-3.7,63,34,29,1/74,1/134,1/148
東名,2026-10-03,,10/3 23:35,スロット,3826,L青春ﾌﾞﾀ野郎L1,0485,-4.4,2.7,-1.3,23,26,45,1/165,1/178,1/114
東名,2026-10-03,,10/3 23:35,スロット,3826,L青春ﾌﾞﾀ野郎L1,0486,8.3,7.3,3.1,42,46,51,1/96,1/82,1/96
東名,2026-10-03,,10/3 23:35,スロット,3697,L革命機ｳﾞｧﾙｳﾞﾚｲｳﾞ2jF,0469,-0.1,0.3,1.7,8,13,19,1/139,1/173,1/126
東名,2026-10-03,,10/3 23:35,スロット,3697,L革命機ｳﾞｧﾙｳﾞﾚｲｳﾞ2jF,0470,1.5,-1.4,-2.1,20,3,26,1/60,1/339,1/123
東名,2026-10-03,,10/3 23:35,スロット,3697,L革命機ｳﾞｧﾙｳﾞﾚｲｳﾞ2jF,0471,-0.9,1.2,0.2,1,27,14,1/823,1/120,1/99
東名,2026-10-03,,10/3 23:35,スロット,3697,L革命機ｳﾞｧﾙｳﾞﾚｲｳﾞ2jF,0472,0.9,0.3,-1.5,8,26,1,1/83,1/149,1/953
東名,2026-10-03,,10/3 23:35,スロット,3697,L革命機ｳﾞｧﾙｳﾞﾚｲｳﾞ2jF,0473,0.0,-0.6,-1.4,0,12,14,,1/185,1/147
東名,2026-10-03,,10/3 23:35,スロット,3025,L麻雀格闘倶楽部覚醒KM,0668,0.1,-1.0,0.4,2,4,13,1/73,1/466,1/134
東名,2026-10-03,,10/3 23:35,スロット,3025,L麻雀格闘倶楽部覚醒KM,0669,0.0,-0.9,-1.1,0,3,3,1/129,1/354,1/403
東名,2026-10-03,,10/3 23:35,スロット,3765,LｱｸﾀﾞﾏﾄﾞﾗｲﾌﾞTP,0552,-4.6,-0.9,-1.9,15,8,4,1/371,1/262,1/380
東名,2026-10-03,,10/3 23:35,スロット,3659,LｱｽﾞｰﾙﾚｰﾝTHE ANIMATION KN,0560,-0.1,-0.5,-2.8,0,5,12,1/83,1/116,1/191
東名,2026-10-03,,10/3 23:35,スロット,3189,Lｺﾞｼﾞﾗ対ｴｳﾞｧﾝｹﾞﾘｵﾝjA,0440,0.0,-0.5,-2.1,0,10,9,,1/121,1/194
東名,2026-10-03,,10/3 23:35,スロット,3189,Lｺﾞｼﾞﾗ対ｴｳﾞｧﾝｹﾞﾘｵﾝjA,0441,0.3,-1.3,-0.2,2,1,0,1/80,1/781,1/112
東名,2026-10-03,,10/3 23:35,スロット,3540,LｼｽﾀｰｸｴｽﾄCA,0662,0.0,0.0,0.0,0,0,0,,,
東名,2026-10-03,,10/3 23:35,スロット,3530,LｽｰﾊﾟｰﾌﾞﾗｯｸｼﾞｬｯｸSLDC,0658,-1.0,-1.3,-1.3,7,2,29,1/144,1/409,1/93
東名,2026-10-03,,10/3 23:35,スロット,3530,LｽｰﾊﾟｰﾌﾞﾗｯｸｼﾞｬｯｸSLDC,0659,-0.3,0.2,-2.6,0,12,16,1/176,1/55,1/153
東名,2026-10-03,,10/3 23:35,スロット,3809,Lｽﾄﾘｰﾄﾌｧｲﾀｰ6SB,0553,-5.9,0.7,-1.6,10,25,17,1/411,1/108,1/168
東名,2026-10-03,,10/3 23:35,スロット,3300,Lｽﾛｯﾄ ｿｰﾄﾞｱｰﾄ･ｵﾝﾗｲﾝB2,0624,0.3,-0.5,0.0,5,0,2,1/59,1/299,1/75
東名,2026-10-03,,10/3 23:35,スロット,3657,LﾀﾞｰﾘﾝｲﾝｻﾞﾌﾗﾝｷｽSA,0461,-0.7,-0.7,1.4,4,12,12,1/176,1/151,1/34
東名,2026-10-03,,10/3 23:35,スロット,3657,LﾀﾞｰﾘﾝｲﾝｻﾞﾌﾗﾝｷｽSA,0462,2.4,-2.5,-0.4,5,5,0,1/74,1/440,1/256
東名,2026-10-03,,10/3 23:35,スロット,3657,LﾀﾞｰﾘﾝｲﾝｻﾞﾌﾗﾝｷｽSA,0463,0.2,-0.2,-2.1,1,2,7,1/172,1/216,1/280
東名,2026-10-03,,10/3 23:35,スロット,3486,Lﾀﾞﾝﾍﾞﾙ何ｷﾛ持てる?X,0431,0.2,1.2,0.0,21,19,45,1/55,1/21,1/54
東名,2026-10-03,,10/3 23:35,スロット,3613,Lﾃﾞﾋﾞﾙﾒｲｸﾗｲ5ST XA,0694,0.0,0.0,-0.4,0,0,0,,,1/258
東名,2026-10-03,,10/3 23:35,スロット,3613,Lﾃﾞﾋﾞﾙﾒｲｸﾗｲ5ST XA,0695,1.6,0.0,5.0,15,0,33,1/73,,1/84
東名,2026-10-03,,10/3 23:35,スロット,3613,Lﾃﾞﾋﾞﾙﾒｲｸﾗｲ5ST XA,0696,0.0,0.0,0.0,0,0,0,,,
東名,2026-10-03,,10/3 23:35,スロット,3702,LﾈｵﾌﾟﾗﾈｯﾄSLED,0499,0.1,1.4,5.2,13,13,28,1/278,1/198,1/185
東名,2026-10-03,,10/3 23:35,スロット,3787,LﾊﾞｰﾃﾞｨｰｳｲﾝｸﾞBC,0477,-3.1,4.1,0.0,9,28,0,1/218,1/38,
東名,2026-10-03,,10/3 23:35,スロット,3541,Lﾊﾞｲｵﾊｻﾞｰﾄﾞ5ZE,0676,-1.4,-1.2,-0.5,1,2,24,1/800,1/438,1/129
東名,2026-10-03,,10/3 23:35,スロット,3541,Lﾊﾞｲｵﾊｻﾞｰﾄﾞ5ZE,0677,-1.3,-1.1,-0.4,2,1,1,1/393,1/625,1/371
東名,2026-10-03,,10/3 23:35,スロット,3541,Lﾊﾞｲｵﾊｻﾞｰﾄﾞ5ZE,0678,-0.5,0.2,-0.8,15,18,1,1/196,1/135,1/567
東名,2026-10-03,,10/3 23:35,スロット,3781,LﾊﾞｲｵﾊｻﾞｰﾄﾞRE:3 ZD,0474,-2.9,-0.4,-2.1,16,3,4,1/151,1/131,1/341
東名,2026-10-03,,10/3 23:35,スロット,3781,LﾊﾞｲｵﾊｻﾞｰﾄﾞRE:3 ZD,0475,0.0,-0.5,-0.5,0,4,19,,1/148,1/91
東名,2026-10-03,,10/3 23:35,スロット,3781,LﾊﾞｲｵﾊｻﾞｰﾄﾞRE:3 ZD,0476,0.0,-1.5,-0.9,0,1,1,,1/824,1/534
東名,2026-10-03,,10/3 23:35,スロット,3084,Lﾊﾟﾁｽﾛひぐらしのなく頃に業SS,0664,-0.9,0.9,-0.5,0,5,2,1/768,1/446,1/585
東名,2026-10-03,,10/3 23:35,スロット,2853,Lﾊﾟﾁｽﾛ北斗の拳AD XR,0487,0.0,0.3,0.6,0,9,21,1/15,1/64,1/77
東名,2026-10-03,,10/3 23:35,スロット,2853,Lﾊﾟﾁｽﾛ北斗の拳AD XR,0488,0.0,-0.1,0.3,14,8,7,1/82,1/94,1/65
東名,2026-10-03,,10/3 23:35,スロット,2853,Lﾊﾟﾁｽﾛ北斗の拳AD XR,0489,-0.8,0.9,-0.8,3,11,22,1/220,1/51,1/108
東名,2026-10-03,,10/3 23:35,スロット,2853,Lﾊﾟﾁｽﾛ北斗の拳AD XR,0490,-0.6,-0.5,-1.8,2,12,4,1/241,1/113,1/357
東名,2026-10-03,,10/3 23:35,スロット,2853,Lﾊﾟﾁｽﾛ北斗の拳AD XR,0491,0.0,-0.7,-2.4,13,5,5,1/79,1/161,1/340
東名,2026-10-03,,10/3 23:35,スロット,2853,Lﾊﾟﾁｽﾛ北斗の拳AD XR,0492,-0.4,4.9,2.4,1,63,23,1/322,1/42,1/23
東名,2026-10-03,,10/3 23:35,スロット,2853,Lﾊﾟﾁｽﾛ北斗の拳AD XR,0493,0.7,8.2,3.5,7,55,66,1/35,1/12,1/70
東名,2026-10-03,,10/3 23:35,スロット,2853,Lﾊﾟﾁｽﾛ北斗の拳AD XR,0494,-0.1,0.5,0.4,8,9,6,1/100,1/70,1/62
東名,2026-10-03,,10/3 23:35,スロット,2853,Lﾊﾟﾁｽﾛ北斗の拳AD XR,0495,-0.2,-0.5,-0.4,4,8,9,1/143,1/152,1/106
東名,2026-10-03,,10/3 23:35,スロット,2853,Lﾊﾟﾁｽﾛ北斗の拳AD XR,0496,-1.7,-0.6,-0.3,10,2,11,1/190,1/261,1/112
東名,2026-10-03,,10/3 23:35,スロット,2853,Lﾊﾟﾁｽﾛ北斗の拳AD XR,0497,-0.1,6.3,-1.1,3,60,13,1/126,1/36,1/137
東名,2026-10-03,,10/3 23:35,スロット,2853,Lﾊﾟﾁｽﾛ北斗の拳AD XR,0498,0.1,-1.0,-1.0,1,1,10,1/66,1/762,1/136
東名,2026-10-03,,10/3 23:35,スロット,3821,Lﾊﾟﾁｽﾛ喰霊零Re/L3,0556,0.1,0.4,-0.5,11,24,12,1/287,1/187,1/193
東名,2026-10-03,,10/3 23:35,スロット,3725,Lﾊﾟﾁｽﾛ鉄拳6YD01H,0424,-1.2,0.0,0.1,2,0,3,1/436,,1/177
東名,2026-10-03,,10/3 23:35,スロット,3725,Lﾊﾟﾁｽﾛ鉄拳6YD01H,0425,-0.2,4.8,-1.8,0,22,8,1/112,1/78,1/217
東名,2026-10-03,,10/3 23:35,スロット,3725,Lﾊﾟﾁｽﾛ鉄拳6YD01H,0426,-2.0,-0.5,-0.6,3,5,2,1/383,1/157,1/202
東名,2026-10-03,,10/3 23:35,スロット,3725,Lﾊﾟﾁｽﾛ鉄拳6YD01H,0427,-0.2,0.5,-1.1,0,3,2,1/98,1/161,1/373
東名,2026-10-03,,10/3 23:35,スロット,3725,Lﾊﾟﾁｽﾛ鉄拳6YD01H,0428,-0.1,-1.5,-0.6,0,11,1,1/99,1/176,1/417
東名,2026-10-03,,10/3 23:35,スロット,3329,LﾊﾟﾁｽﾛｺﾞｯﾄﾞｲｰﾀｰﾘｻﾞﾚｸｼｮﾝSLED,0542,0.8,-0.5,-1.3,9,6,9,1/37,1/103,1/170
東名,2026-10-03,,10/3 23:35,スロット,3329,LﾊﾟﾁｽﾛｺﾞｯﾄﾞｲｰﾀｰﾘｻﾞﾚｸｼｮﾝSLED,0543,-0.1,-2.4,-0.7,2,34,16,1/68,1/98,1/113
東名,2026-10-03,,10/3 23:35,スロット,3329,LﾊﾟﾁｽﾛｺﾞｯﾄﾞｲｰﾀｰﾘｻﾞﾚｸｼｮﾝSLED,0544,-1.9,-0.3,-1.3,7,5,13,1/162,1/84,1/130
東名,2026-10-03,,10/3 23:35,スロット,3780,Lﾊﾟﾁｽﾛｽｰﾊﾟｰﾘｵｴｰｽ2ND02H,0510,-1.4,-0.3,-0.9,3,4,2,1/306,1/187,1/285
東名,2026-10-03,,10/3 23:35,スロット,3780,Lﾊﾟﾁｽﾛｽｰﾊﾟｰﾘｵｴｰｽ2ND02H,0511,-0.9,-0.1,0.1,2,0,4,1/293,1/62,1/223
東名,2026-10-03,,10/3 23:35,スロット,3766,LﾊﾟﾁｽﾛﾖﾙﾑﾝｶﾞﾝﾄﾞND01G,0433,0.0,0.4,2.5,0,2,19,,1/116,1/137
東名,2026-10-03,,10/3 23:35,スロット,3709,LﾌﾟﾘｽﾞﾑﾅﾅCC,0432,-1.8,-1.3,0.0,4,0,0,1/414,1/709,
東名,2026-10-03,,10/3 23:35,スロット,3096,Lﾏｼﾞｶﾙﾊﾛｳｨﾝ8FE,0622,0.1,-1.3,0.0,10,18,2,1/181,1/215,1/344
東名,2026-10-03,,10/3 23:35,スロット,3096,Lﾏｼﾞｶﾙﾊﾛｳｨﾝ8FE,0623,0.0,-0.5,-0.8,0,6,2,1/71,1/185,1/432
東名,2026-10-03,,10/3 23:35,スロット,3098,Lﾓﾝｷｰﾀｰﾝ5CE,0512,-1.2,-1.2,-3.0,12,27,5,1/132,1/102,1/394
東名,2026-10-03,,10/3 23:35,スロット,3098,Lﾓﾝｷｰﾀｰﾝ5CE,0513,2.2,-2.7,6.1,31,11,47,1/49,1/201,1/41
東名,2026-10-03,,10/3 23:35,スロット,3098,Lﾓﾝｷｰﾀｰﾝ5CE,0514,4.8,-2.9,-1.3,46,27,7,1/61,1/153,1/172
東名,2026-10-03,,10/3 23:35,スロット,3098,Lﾓﾝｷｰﾀｰﾝ5CE,0515,0.9,0.4,-2.1,33,23,4,1/79,1/90,1/351
東名,2026-10-03,,10/3 23:35,スロット,3098,Lﾓﾝｷｰﾀｰﾝ5CE,0516,3.4,3.8,-2.9,56,65,11,1/77,1/47,1/201
東名,2026-10-03,,10/3 23:35,スロット,3448,LﾓﾝｽﾀｰﾊﾝﾀｰﾗｲｽﾞXA,0501,1.5,-1.4,-0.1,33,6,1,1/57,1/205,1/120
東名,2026-10-03,,10/3 23:35,スロット,3448,LﾓﾝｽﾀｰﾊﾝﾀｰﾗｲｽﾞXA,0502,0.0,-1.5,-1.0,7,5,26,1/73,1/224,1/92
東名,2026-10-03,,10/3 23:35,スロット,3448,LﾓﾝｽﾀｰﾊﾝﾀｰﾗｲｽﾞXA,0503,-0.3,0.1,4.6,15,9,34,1/108,1/62,1/51
東名,2026-10-03,,10/3 23:35,スロット,3448,LﾓﾝｽﾀｰﾊﾝﾀｰﾗｲｽﾞXA,0504,-1.6,3.1,-0.5,21,38,12,1/116,1/53,1/96
東名,2026-10-03,,10/3 23:35,スロット,3448,LﾓﾝｽﾀｰﾊﾝﾀｰﾗｲｽﾞXA,0505,0.0,0.3,4.2,2,19,26,1/91,1/81,1/27
東名,2026-10-03,,10/3 23:35,スロット,3827,Lﾚﾝﾀﾙ彼女bK,0559,-1.9,-4.1,2.6,36,38,51,1/124,1/160,1/104
東名,2026-10-03,,10/3 23:35,スロット,3056,S ｴｳﾚｶｾﾌﾞﾝHIEVO XS,0699,0.4,3.9,-1.8,2,30,25,1/120,1/131,1/237
東名,2026-10-03,,10/3 23:35,スロット,3056,S ｴｳﾚｶｾﾌﾞﾝHIEVO XS,0700,0.2,-1.0,-2.1,8,9,9,1/220,1/192,1/319
東名,2026-10-03,,10/3 23:35,スロット,2710,S/沖ﾄﾞｷ!GOLD/GS,0707,0.7,-0.3,-0.6,14,0,1,1/150,1/124,1/503
東名,2026-10-03,,10/3 23:35,スロット,2710,S/沖ﾄﾞｷ!GOLD/GS,0708,-0.4,-0.5,-0.5,0,0,4,1/211,1/229,1/217
東名,2026-10-03,,10/3 23:35,スロット,2710,S/沖ﾄﾞｷ!GOLD/GS,0709,-0.1,-1.3,0.6,1,0,16,1/217,1/788,1/128
東名,2026-10-03,,10/3 23:35,スロット,2710,S/沖ﾄﾞｷ!GOLD/GS,0710,-0.1,-0.3,-1.7,0,0,5,1/49,1/139,1/366
東名,2026-10-03,,10/3 23:35,スロット,2874,S/ｱﾅｻﾞｰｺﾞｯﾄﾞﾊｰﾃﾞｽ/SL,0705,-0.2,-0.3,-2.9,3,6,1,1/535,1/304,1/1642
東名,2026-10-03,,10/3 23:35,スロット,3675,S/ﾄﾞﾙｱｰｶﾞの塔/ZU,0714,-3.7,3.8,-0.2,3,27,10,1/977,1/215,1/311
東名,2026-10-03,,10/3 23:35,スロット,3461,SｳﾙﾄﾗﾐﾗｸﾙｼﾞｬｸﾞﾗｰKT,0588,-0.4,-0.4,-0.1,2,3,7,1/357,1/353,1/257
東名,2026-10-03,,10/3 23:35,スロット,3461,SｳﾙﾄﾗﾐﾗｸﾙｼﾞｬｸﾞﾗｰKT,0589,0.3,-1.2,0.6,8,4,18,1/243,1/443,1/213
東名,2026-10-03,,10/3 23:35,スロット,3461,SｳﾙﾄﾗﾐﾗｸﾙｼﾞｬｸﾞﾗｰKT,0590,0.0,-1.5,-0.1,6,8,13,1/240,1/381,1/251
東名,2026-10-03,,10/3 23:35,スロット,2923,Sｺｰﾄﾞｷﾞｱｽ3C.C.FS,0703,0.0,-0.2,1.5,0,0,10,,1/146,1/247
東名,2026-10-03,,10/3 23:35,スロット,2923,Sｺｰﾄﾞｷﾞｱｽ3C.C.FS,0704,0.0,0.2,-0.7,0,3,3,,1/249,1/511
東名,2026-10-03,,10/3 23:35,スロット,2952,Sｺﾞｰｺﾞｰｼﾞｬｸﾞﾗｰ3KA,0576,-1.0,-0.6,0.5,0,3,22,1/737,1/365,1/214
東名,2026-10-03,,10/3 23:35,スロット,2952,Sｺﾞｰｺﾞｰｼﾞｬｸﾞﾗｰ3KA,0577,0.9,-0.4,0.1,12,12,7,1/189,1/268,1/213
東名,2026-10-03,,10/3 23:35,スロット,2952,Sｺﾞｰｺﾞｰｼﾞｬｸﾞﾗｰ3KA,0578,-0.8,-0.7,-0.5,6,1,1,1/311,1/767,1/526
東名,2026-10-03,,10/3 23:35,スロット,2952,Sｺﾞｰｺﾞｰｼﾞｬｸﾞﾗｰ3KA,0579,-0.2,-1.3,0.4,0,9,25,1/217,1/372,1/233
東名,2026-10-03,,10/3 23:35,スロット,2952,Sｺﾞｰｺﾞｰｼﾞｬｸﾞﾗｰ3KA,0580,-0.3,0.5,0.0,0,35,4,1/142,1/210,1/235
東名,2026-10-03,,10/3 23:35,スロット,2952,Sｺﾞｰｺﾞｰｼﾞｬｸﾞﾗｰ3KA,0581,0.9,0.9,-0.8,20,20,2,1/218,1/214,1/546
東名,2026-10-03,,10/3 23:35,スロット,2952,Sｺﾞｰｺﾞｰｼﾞｬｸﾞﾗｰ3KA,0582,2.5,-0.2,-0.2,19,4,8,1/159,1/238,1/249
東名,2026-10-03,,10/3 23:35,スロット,2952,Sｺﾞｰｺﾞｰｼﾞｬｸﾞﾗｰ3KA,0583,-0.6,-0.8,-1.8,7,3,17,1/464,1/486,1/350
東名,2026-10-03,,10/3 23:35,スロット,2952,Sｺﾞｰｺﾞｰｼﾞｬｸﾞﾗｰ3KA,0584,-0.7,-1.2,-1.6,2,1,3,1/402,1/889,1/766
東名,2026-10-03,,10/3 23:35,スロット,3242,SｼﾞｬｸﾞﾗｰｶﾞｰﾙｽﾞSS-KH,0522,-0.7,-0.7,-0.9,2,0,11,1/521,1/539,1/284
東名,2026-10-03,,10/3 23:35,スロット,3242,SｼﾞｬｸﾞﾗｰｶﾞｰﾙｽﾞSS-KH,0523,-0.2,-0.2,-0.2,6,18,11,1/270,1/272,1/238
東名,2026-10-03,,10/3 23:35,スロット,3242,SｼﾞｬｸﾞﾗｰｶﾞｰﾙｽﾞSS-KH,0573,-0.5,-0.9,1.8,0,3,19,1/437,1/563,1/183
東名,2026-10-03,,10/3 23:35,スロット,3242,SｼﾞｬｸﾞﾗｰｶﾞｰﾙｽﾞSS-KH,0574,-0.3,1.3,-0.2,9,11,9,1/321,1/146,1/240
東名,2026-10-03,,10/3 23:35,スロット,3242,SｼﾞｬｸﾞﾗｰｶﾞｰﾙｽﾞSS-KH,0575,-0.4,-1.7,-0.7,0,5,3,1/234,1/477,1/392
東名,2026-10-03,,10/3 23:35,スロット,3242,SｼﾞｬｸﾞﾗｰｶﾞｰﾙｽﾞSS-KH,0711,-0.1,-0.2,-0.3,0,0,0,1/30,1/212,1/245
東名,2026-10-03,,10/3 23:35,スロット,3242,SｼﾞｬｸﾞﾗｰｶﾞｰﾙｽﾞSS-KH,0712,0.0,0.9,-0.1,0,10,0,,1/204,1/66
東名,2026-10-03,,10/3 23:35,スロット,3242,SｼﾞｬｸﾞﾗｰｶﾞｰﾙｽﾞSS-KH,0713,-0.2,-0.2,-0.4,3,0,1,1/403,1/117,1/606
東名,2026-10-03,,10/3 23:35,スロット,3256,Sﾀﾞﾝまち2XZ,0706,-0.4,-1.9,-0.1,0,6,0,1/555,1/297,1/64
東名,2026-10-03,,10/3 23:35,スロット,3265,SﾆｭｰﾊﾟﾙｻｰSP4SLE8,0701,0.4,-0.5,-0.3,3,4,6,1/127,1/435,1/310
東名,2026-10-03,,10/3 23:35,スロット,3265,SﾆｭｰﾊﾟﾙｻｰSP4SLE8,0702,-0.5,-0.3,-0.2,0,13,1,1/365,1/261,1/494
東名,2026-10-03,,10/3 23:35,スロット,3672,SﾈｵｱｲﾑｼﾞｬｸﾞﾗｰEX-KK,0607,-0.8,-0.7,2.0,0,12,16,1/600,1/304,1/184
東名,2026-10-03,,10/3 23:35,スロット,3672,SﾈｵｱｲﾑｼﾞｬｸﾞﾗｰEX-KK,0608,-0.5,-1.2,0.7,4,1,26,1/314,1/1060,1/225
東名,2026-10-03,,10/3 23:35,スロット,3672,SﾈｵｱｲﾑｼﾞｬｸﾞﾗｰEX-KK,0609,-0.1,-0.2,-0.4,4,5,1,1/203,1/273,1/584
東名,2026-10-03,,10/3 23:35,スロット,3672,SﾈｵｱｲﾑｼﾞｬｸﾞﾗｰEX-KK,0610,1.0,-0.3,-1.5,13,4,22,1/257,1/321,1/305
東名,2026-10-03,,10/3 23:35,スロット,3672,SﾈｵｱｲﾑｼﾞｬｸﾞﾗｰEX-KK,0611,-0.4,-0.7,-0.4,0,3,4,1/319,1/364,1/263
東名,2026-10-03,,10/3 23:35,スロット,3672,SﾈｵｱｲﾑｼﾞｬｸﾞﾗｰEX-KK,0612,0.6,-0.9,-1.0,8,1,0,1/229,1/795,1/728
東名,2026-10-03,,10/3 23:35,スロット,3672,SﾈｵｱｲﾑｼﾞｬｸﾞﾗｰEX-KK,0613,-0.3,-0.3,-1.1,0,23,13,1/239,1/305,1/318
東名,2026-10-03,,10/3 23:35,スロット,3672,SﾈｵｱｲﾑｼﾞｬｸﾞﾗｰEX-KK,0614,-0.3,0.8,-0.5,12,14,6,1/274,1/248,1/316
東名,2026-10-03,,10/3 23:35,スロット,3672,SﾈｵｱｲﾑｼﾞｬｸﾞﾗｰEX-KK,0615,-0.2,0.6,-0.7,1,13,2,1/350,1/234,1/541
東名,2026-10-03,,10/3 23:35,スロット,2609,SﾊｯﾋﾟｰｼﾞｬｸﾞﾗｰⅤⅢ,0616,-0.1,-0.3,0.0,1,1,11,1/403,1/441,1/260
東名,2026-10-03,,10/3 23:35,スロット,2609,SﾊｯﾋﾟｰｼﾞｬｸﾞﾗｰⅤⅢ,0617,-0.3,0.0,-0.4,0,16,1,1/429,1/229,1/545
東名,2026-10-03,,10/3 23:35,スロット,2609,SﾊｯﾋﾟｰｼﾞｬｸﾞﾗｰⅤⅢ,0618,-0.5,0.7,-0.2,0,15,13,1/271,1/215,1/233
東名,2026-10-03,,10/3 23:35,スロット,2609,SﾊｯﾋﾟｰｼﾞｬｸﾞﾗｰⅤⅢ,0619,0.3,-0.6,-0.3,6,2,6,1/216,1/594,1/254
東名,2026-10-03,,10/3 23:35,スロット,2609,SﾊｯﾋﾟｰｼﾞｬｸﾞﾗｰⅤⅢ,0620,-0.7,-0.4,-0.3,2,9,5,1/534,1/341,1/365
東名,2026-10-03,,10/3 23:35,スロット,2609,SﾊｯﾋﾟｰｼﾞｬｸﾞﾗｰⅤⅢ,0621,-0.5,-0.7,-0.2,4,2,18,1/346,1/510,1/240
東名,2026-10-03,,10/3 23:35,スロット,2318,Sﾌｧﾝｷｰｼﾞｬｸﾞﾗｰ2KT,0561,-1.0,2.5,-1.6,19,37,10,1/294,1/207,1/363
東名,2026-10-03,,10/3 23:35,スロット,2318,Sﾌｧﾝｷｰｼﾞｬｸﾞﾗｰ2KT,0562,-0.1,1.3,-0.6,4,34,0,1/251,1/278,1/462
東名,2026-10-03,,10/3 23:35,スロット,2318,Sﾌｧﾝｷｰｼﾞｬｸﾞﾗｰ2KT,0563,1.3,-0.9,-1.6,12,0,32,1/171,1/604,1/309
東名,2026-10-03,,10/3 23:35,スロット,2318,Sﾌｧﾝｷｰｼﾞｬｸﾞﾗｰ2KT,0564,-0.5,0.9,-0.5,1,23,4,1/506,1/216,1/384
東名,2026-10-03,,10/3 23:35,スロット,2318,Sﾌｧﾝｷｰｼﾞｬｸﾞﾗｰ2KT,0565,0.4,-0.7,-0.7,15,8,3,1/219,1/354,1/343
東名,2026-10-03,,10/3 23:35,スロット,2318,Sﾌｧﾝｷｰｼﾞｬｸﾞﾗｰ2KT,0566,0.3,-0.6,0.2,4,1,9,1/229,1/952,1/198
東名,2026-10-03,,10/3 23:35,スロット,2318,Sﾌｧﾝｷｰｼﾞｬｸﾞﾗｰ2KT,0567,-0.4,-0.7,-0.3,17,14,10,1/322,1/301,1/291
東名,2026-10-03,,10/3 23:35,スロット,2318,Sﾌｧﾝｷｰｼﾞｬｸﾞﾗｰ2KT,0568,0.3,-0.6,1.1,7,1,11,1/156,1/639,1/171
東名,2026-10-03,,10/3 23:35,スロット,2318,Sﾌｧﾝｷｰｼﾞｬｸﾞﾗｰ2KT,0569,-0.4,-0.1,-0.4,1,10,5,1/402,1/311,1/251
東名,2026-10-03,,10/3 23:35,スロット,2318,Sﾌｧﾝｷｰｼﾞｬｸﾞﾗｰ2KT,0570,0.7,-0.9,0.4,15,8,9,1/229,1/335,1/273
東名,2026-10-03,,10/3 23:35,スロット,2318,Sﾌｧﾝｷｰｼﾞｬｸﾞﾗｰ2KT,0571,0.7,-0.1,-0.7,17,5,8,1/170,1/244,1/322
東名,2026-10-03,,10/3 23:35,スロット,2318,Sﾌｧﾝｷｰｼﾞｬｸﾞﾗｰ2KT,0572,-0.7,0.3,-0.5,2,22,0,1/628,1/201,1/380
東名,2026-10-03,,10/3 23:35,スロット,2357,SﾏｲｼﾞｬｸﾞﾗｰVKD,0524,-0.3,2.5,-1.3,6,32,3,1/279,1/218,1/530
東名,2026-10-03,,10/3 23:35,スロット,2357,SﾏｲｼﾞｬｸﾞﾗｰVKD,0525,1.2,0.2,0.2,11,21,5,1/177,1/219,1/205
東名,2026-10-03,,10/3 23:35,スロット,2357,SﾏｲｼﾞｬｸﾞﾗｰVKD,0526,2.5,-2.3,3.5,25,12,42,1/203,1/463,1/200
東名,2026-10-03,,10/3 23:35,スロット,2357,SﾏｲｼﾞｬｸﾞﾗｰVKD,0527,-1.2,-1.9,-0.6,7,11,21,1/403,1/376,1/290
東名,2026-10-03,,10/3 23:35,スロット,2357,SﾏｲｼﾞｬｸﾞﾗｰVKD,0528,-0.5,-1.4,-0.8,2,6,4,1/348,1/525,1/352
東名,2026-10-03,,10/3 23:35,スロット,2357,SﾏｲｼﾞｬｸﾞﾗｰVKD,0529,0.8,-0.2,-1.6,17,34,14,1/235,1/240,1/396
東名,2026-10-03,,10/3 23:35,スロット,2357,SﾏｲｼﾞｬｸﾞﾗｰVKD,0530,-0.5,-1.1,0.3,2,5,11,1/487,1/421,1/219
東名,2026-10-03,,10/3 23:35,スロット,2357,SﾏｲｼﾞｬｸﾞﾗｰVKD,0531,-0.7,1.2,-0.2,5,31,3,1/433,1/252,1/316
東名,2026-10-03,,10/3 23:35,スロット,2357,SﾏｲｼﾞｬｸﾞﾗｰVKD,0532,-1.0,2.0,-0.8,0,33,14,1/766,1/225,1/301
東名,2026-10-03,,10/3 23:35,スロット,2357,SﾏｲｼﾞｬｸﾞﾗｰVKD,0533,0.8,-1.0,1.9,9,14,36,1/196,1/324,1/272
東名,2026-10-03,,10/3 23:35,スロット,2357,SﾏｲｼﾞｬｸﾞﾗｰVKD,0534,-0.6,-0.2,0.1,1,8,9,1/537,1/287,1/244
東名,2026-10-03,,10/3 23:35,スロット,2357,SﾏｲｼﾞｬｸﾞﾗｰVKD,0535,1.3,-0.2,-0.4,28,21,10,1/222,1/262,1/285
東名,2026-10-03,,10/3 23:35,スロット,2357,SﾏｲｼﾞｬｸﾞﾗｰVKD,0536,-0.6,1.3,-0.7,1,29,18,1/579,1/235,1/276
東名,2026-10-03,,10/3 23:35,スロット,3326,SﾐｽﾀｰｼﾞｬｸﾞﾗｰKK,0585,0.2,-0.4,-0.9,2,9,1,1/176,1/320,1/1430
東名,2026-10-03,,10/3 23:35,スロット,3326,SﾐｽﾀｰｼﾞｬｸﾞﾗｰKK,0586,-0.5,-0.5,0.1,1,2,14,1/521,1/482,1/281
東名,2026-10-03,,10/3 23:35,スロット,3326,SﾐｽﾀｰｼﾞｬｸﾞﾗｰKK,0587,-0.1,-0.9,0.3,13,13,14,1/238,1/260,1/214
東名,2026-10-03,,10/3 23:35,スロット,3814,⑤L/いざ番長/SB8,0715,-3.5,1.3,-2.3,9,21,28,1/271,1/83,1/142
東名,2026-10-03,,10/3 23:35,スロット,3690,⑤L/緑ﾄﾞﾝ5/FY,0716,3.6,-1.2,-1.4,11,18,15,1/145,1/171,1/184
東名,2026-10-03,,10/3 23:35,スロット,3832,⑤LBﾆｭｰﾊﾟﾙｻｰBTC9,0717,2.8,-0.2,-0.2,17,0,1,1/199,1/76,1/450
東名,2026-10-03,,10/3 23:35,スロット,3831,⑤LからくりｻｰｶｽG,0719,-3.9,-2.1,6.7,18,12,85,1/167,1/157,1/44
東名,2026-10-03,,10/3 23:35,スロット,3830,⑤L革命機ｳﾞｧﾙｳﾞﾚｲｳﾞ2jF,0718,-2.3,-0.2,3.7,15,24,63,1/266,1/192,1/86
東名,2026-10-03,,10/3 23:35,スロット,3303,⑤S ｴｳﾚｶｾﾌﾞﾝHIEVO XS,0723,-0.6,-0.5,-1.3,1,2,8,1/503,1/333,1/348
東名,2026-10-03,,10/3 23:35,スロット,3311,⑤S ｶﾞﾒﾗ2 XR,0722,-0.8,-0.3,-1.0,7,1,1,1/489,1/585,1/1015
東名,2026-10-03,,10/3 23:35,スロット,3267,⑤S/沖ﾄﾞｷ!DUO/DH,0445,2.5,2.2,-0.3,20,12,6,1/88,1/45,1/154
東名,2026-10-03,,10/3 23:35,スロット,3310,⑤S/沖ﾄﾞｷ!GOLD/GS,0446,-0.2,-0.7,-0.2,0,0,0,1/76,1/347,1/83
東名,2026-10-03,,10/3 23:35,スロット,3310,⑤S/沖ﾄﾞｷ!GOLD/GS,0447,-0.3,-1.0,-3.0,0,5,5,1/161,1/278,1/469
東名,2026-10-03,,10/3 23:35,スロット,3296,⑤S/ｸﾗﾝｷｰｸﾚｽﾄ/CR,0456,-1.9,-0.8,2.5,7,5,24,1/390,1/416,1/195
東名,2026-10-03,,10/3 23:35,スロット,3299,⑤S/ﾊﾞｰｻｽﾘｳﾞｧｲｽﾞ/HS,0721,0.8,-0.1,-0.7,10,7,4,1/214,1/301,1/405
東名,2026-10-03,,10/3 23:35,スロット,3308,⑤S炎炎ﾉ消防隊jS,0450,-0.1,0.2,1.9,9,29,19,1/147,1/139,1/137
東名,2026-10-03,,10/3 23:35,スロット,3308,⑤S炎炎ﾉ消防隊jS,0451,-0.9,-1.1,-1.7,10,0,8,1/214,1/760,1/253
東名,2026-10-03,,10/3 23:35,スロット,3308,⑤S炎炎ﾉ消防隊jS,0452,2.5,-1.7,4.0,41,6,20,1/110,1/286,1/61
東名,2026-10-03,,10/3 23:35,スロット,3307,⑤SｸﾞﾗﾝﾍﾞﾙﾑZXZ,0720,-0.5,0.1,-4.1,11,51,37,1/71,1/52,1/122
東名,2026-10-03,,10/3 23:35,スロット,3480,⑤Sﾀﾞﾝまち2XZ,0443,0.0,-0.9,1.3,12,2,14,1/118,1/546,1/171
東名,2026-10-03,,10/3 23:35,スロット,3480,⑤Sﾀﾞﾝまち2XZ,0444,1.0,-1.2,-0.8,12,6,4,1/198,1/228,1/290
東名,2026-10-03,,10/3 23:35,スロット,3302,⑤SﾊﾞｲｵﾊｻﾞｰﾄﾞRE:2 XB,0448,-2.1,0.2,0.4,8,31,25,1/243,1/89,1/93
東名,2026-10-03,,10/3 23:35,スロット,3309,⑤Sﾊﾟﾁｽﾛ甲鉄城のｶﾊﾞﾈﾘZR,0453,-1.7,-0.6,1.3,10,2,12,1/168,1/221,1/53
東名,2026-10-03,,10/3 23:35,スロット,3309,⑤Sﾊﾟﾁｽﾛ甲鉄城のｶﾊﾞﾈﾘZR,0454,0.6,-0.1,-2.0,18,13,5,1/63,1/64,1/274
東名,2026-10-03,,10/3 23:35,スロット,3309,⑤Sﾊﾟﾁｽﾛ甲鉄城のｶﾊﾞﾈﾘZR,0455,2.1,-0.3,2.0,36,0,31,1/64,1/125,1/61
東名,2026-10-03,,10/3 23:35,スロット,3479,⑤SﾊﾟﾁｽﾛｳﾙﾄﾗﾏﾝﾀﾛｳMG,0724,-0.8,1.7,-0.5,13,25,24,1/109,1/47,1/111
東名,2026-10-03,,10/3 23:35,スロット,2714,⑤ﾊﾟﾁｽﾛ頭文字D XR,0442,-0.2,-1.0,0.2,1,2,11,1/202,1/374,1/194
東名,2026-10-03,,10/3 23:35,スロット,2714,⑤ﾊﾟﾁｽﾛ頭文字D XR,0449,0.0,-0.2,0.0,5,0,19,1/128,1/133,1/174
野川,2026-10-03,,10/3 23:31,パチンコ,2802,e Re:ｾﾞﾛから始める異世界生活2,0323,-0.7,-2.5,1.7,5,0,9,1/738,1/255,1/514
野川,2026-10-03,,10/3 23:31,パチンコ,2802,e Re:ｾﾞﾛから始める異世界生活2,0324,-1.5,-0.7,0.0,0,0,0,1/152,1/63,
野川,2026-10-03,,10/3 23:31,パチンコ,3242,e 七つの大罪3GFEA,0459,-0.8,3.7,-10.1,2,4,3,1/198,1/88,1/1340
野川,2026-10-03,,10/3 23:31,パチンコ,3070,e 新･必殺仕置人 超斬撃99,0469,-2.1,-0.9,-3.0,3,2,4,1/81,1/151,1/89
野川,2026-10-03,,10/3 23:31,パチンコ,3040,e 東京喰種,0478,-2.0,-5.3,7.4,6,8,15,1/110,1/213,1/251
野川,2026-10-03,,10/3 23:31,パチンコ,3040,e 東京喰種,0479,-6.8,-0.9,5.1,4,3,12,1/246,1/197,1/254
野川,2026-10-03,,10/3 23:31,パチンコ,3040,e 東京喰種,0480,-3.0,2.9,27.6,6,4,24,1/129,1/54,1/115
野川,2026-10-03,,10/3 23:31,パチンコ,3040,e 東京喰種,0481,-3.9,-4.4,-4.3,1,1,5,1/448,1/493,1/605
野川,2026-10-03,,10/3 23:31,パチンコ,3040,e 東京喰種,0482,-2.8,-7.4,-4.8,2,9,7,1/188,1/222,1/182
野川,2026-10-03,,10/3 23:31,パチンコ,3176,e 甲鉄城のｶﾊﾞﾈﾘ2GFEA,0317,-0.4,-1.5,-1.3,0,0,1,1/53,1/165,1/165
野川,2026-10-03,,10/3 23:31,パチンコ,3176,e 甲鉄城のｶﾊﾞﾈﾘ2GFEA,0318,6.6,-0.1,-0.6,5,0,0,1/3,1/15,1/77
野川,2026-10-03,,10/3 23:31,パチンコ,3178,e 魔法少女まどか☆ﾏｷﾞｶ3LPM1,0398,-0.4,-0.6,1.7,1,0,16,1/69,1/67,1/558
野川,2026-10-03,,10/3 23:31,パチンコ,3178,e 魔法少女まどか☆ﾏｷﾞｶ3LPM1,0399,-0.7,-0.3,-4.9,0,0,1,1/90,1/40,1/674
野川,2026-10-03,,10/3 23:31,パチンコ,3240,e ｿｰﾄﾞｱｰﾄ･ｵﾝﾗｲﾝ ｱﾘｼｾﾞｰｼｮﾝYKJ11,0325,-7.5,-18.8,-1.5,10,9,30,1/187,1/385,1/191
野川,2026-10-03,,10/3 23:31,パチンコ,3240,e ｿｰﾄﾞｱｰﾄ･ｵﾝﾗｲﾝ ｱﾘｼｾﾞｰｼｮﾝYKJ11,0326,-9.7,3.5,-13.8,7,18,5,1/270,1/271,1/548
野川,2026-10-03,,10/3 23:31,パチンコ,3086,e ﾏｷﾞｱﾚｺｰﾄﾞまどか☆ﾏｷﾞｶ外伝KRJ1,0391,0.0,-0.5,-4.1,0,3,0,,1/64,1/425
野川,2026-10-03,,10/3 23:31,パチンコ,3086,e ﾏｷﾞｱﾚｺｰﾄﾞまどか☆ﾏｷﾞｶ外伝KRJ1,0392,12.1,-0.2,2.2,15,0,11,1/60,1/18,1/250
野川,2026-10-03,,10/3 23:31,パチンコ,3241,e/押忍!番長 漢の頂/A03 99Ver,0402,-0.7,-1.7,-3.0,1,4,3,1/84,1/72,1/115
野川,2026-10-03,,10/3 23:31,パチンコ,3241,e/押忍!番長 漢の頂/A03 99Ver,0403,3.1,5.1,4.2,16,20,17,1/66,1/35,1/45
野川,2026-10-03,,10/3 23:31,パチンコ,3217,e/ｶﾞﾝｹﾞｲﾙ･ｵﾝﾗｲﾝ/M08,0387,-0.7,-0.2,-2.3,0,0,0,1/67,1/23,1/232
野川,2026-10-03,,10/3 23:31,パチンコ,3217,e/ｶﾞﾝｹﾞｲﾙ･ｵﾝﾗｲﾝ/M08,0388,-1.3,-0.4,-2.3,0,0,2,1/150,1/45,1/144
野川,2026-10-03,,10/3 23:31,パチンコ,3169,eいせれべFSZ,0381,0.0,-1.0,-0.1,0,1,0,,1/203,1/8
野川,2026-10-03,,10/3 23:31,パチンコ,3169,eいせれべFSZ,0382,-2.0,-0.2,-1.6,3,0,1,1/136,1/32,1/291
野川,2026-10-03,,10/3 23:31,パチンコ,3169,eいせれべFSZ,0383,-0.7,-0.1,-0.4,1,0,0,1/136,1/12,1/55
野川,2026-10-03,,10/3 23:31,パチンコ,3126,eとある科学の超電磁砲LT RSY,0350,3.3,-1.7,8.3,16,2,12,1/69,1/107,1/108
野川,2026-10-03,,10/3 23:31,パチンコ,2995,eぱちんこ押忍!番長 漢の頂,0393,-1.5,-0.2,-5.4,1,1,2,1/161,1/64,1/319
野川,2026-10-03,,10/3 23:31,パチンコ,2995,eぱちんこ押忍!番長 漢の頂,0394,-0.8,-0.6,-6.0,0,0,3,1/72,1/58,1/257
野川,2026-10-03,,10/3 23:31,パチンコ,3201,eひきこまり吸血姫の悶々FHV,0395,-1.5,4.6,6.3,0,4,7,1/165,1/103,1/244
野川,2026-10-03,,10/3 23:31,パチンコ,3201,eひきこまり吸血姫の悶々FHV,0396,-1.5,-2.9,-7.7,0,0,1,1/159,1/311,1/868
野川,2026-10-03,,10/3 23:31,パチンコ,3201,eひきこまり吸血姫の悶々FHV,0397,-3.9,5.6,-0.6,1,7,6,1/440,1/319,1/97
野川,2026-10-03,,10/3 23:31,パチンコ,3163,eバキ2LBM4,0389,-2.7,-1.0,-4.9,2,0,2,1/183,1/116,1/289
野川,2026-10-03,,10/3 23:31,パチンコ,3163,eバキ2LBM4,0390,-0.8,-0.9,-0.8,1,0,0,1/116,1/75,1/84
野川,2026-10-03,,10/3 23:31,パチンコ,3171,eフィーバーバスタードG,0353,0.0,-1.7,-5.4,0,0,4,,1/170,1/312
野川,2026-10-03,,10/3 23:31,パチンコ,3219,e冥妃転生,0348,-4.2,-0.3,-5.6,6,0,5,1/180,1/32,1/197
野川,2026-10-03,,10/3 23:31,パチンコ,3146,e北斗の拳11暴凶星SHEA,0375,-0.7,-1.8,33.2,0,1,48,1/82,1/277,1/89
野川,2026-10-03,,10/3 23:31,パチンコ,3146,e北斗の拳11暴凶星SHEA,0376,-2.2,-2.0,4.0,0,0,9,1/240,1/212,1/158
野川,2026-10-03,,10/3 23:31,パチンコ,3146,e北斗の拳11暴凶星SHEA,0377,-5.9,5.4,-3.2,0,15,1,1/648,1/343,1/484
野川,2026-10-03,,10/3 23:31,パチンコ,3146,e北斗の拳11暴凶星SHEA,0378,0.3,-0.3,-4.3,1,0,0,1/56,1/43,1/492
野川,2026-10-03,,10/3 23:31,パチンコ,3146,e北斗の拳11暴凶星SHEA,0379,-3.5,-5.4,-6.6,1,0,2,1/481,1/581,1/416
野川,2026-10-03,,10/3 23:31,パチンコ,3146,e北斗の拳11暴凶星SHEA,0380,-0.1,-3.1,-2.4,0,0,3,1/10,1/309,1/225
野川,2026-10-03,,10/3 23:31,パチンコ,3158,e吉宗 極乗3000ver.L06,0384,0.0,-0.2,-0.9,0,1,1,,1/62,1/143
野川,2026-10-03,,10/3 23:31,パチンコ,3158,e吉宗 極乗3000ver.L06,0385,-0.1,-0.2,-2.7,0,0,2,1/25,1/23,1/193
野川,2026-10-03,,10/3 23:31,パチンコ,3158,e吉宗 極乗3000ver.L06,0386,0.0,-0.3,-1.1,0,0,0,,1/32,1/127
野川,2026-10-03,,10/3 23:31,パチンコ,3099,e女神のｶﾌｪﾃﾗｽJLZ,0406,-4.2,2.8,3.2,3,11,10,1/554,1/260,1/214
野川,2026-10-03,,10/3 23:31,パチンコ,3099,e女神のｶﾌｪﾃﾗｽJLZ,0407,-0.1,-1.2,-6.5,0,0,4,1/11,1/169,1/278
野川,2026-10-03,,10/3 23:31,パチンコ,3099,e女神のｶﾌｪﾃﾗｽJLZ,0408,-3.4,-3.8,-2.1,0,0,5,1/561,1/650,1/453
野川,2026-10-03,,10/3 23:31,パチンコ,3232,e必殺仕事人ⅥM2,0356,-3.0,-2.7,-7.5,0,13,14,1/359,1/283,1/277
野川,2026-10-03,,10/3 23:31,パチンコ,3153,e新世紀ｴｳﾞｧﾝｹﾞﾘｵﾝ はじまりの記憶,0332,17.1,7.1,24.2,20,9,26,1/94,1/112,1/105
野川,2026-10-03,,10/3 23:31,パチンコ,3153,e新世紀ｴｳﾞｧﾝｹﾞﾘｵﾝ はじまりの記憶,0333,-0.2,-4.6,0.8,0,0,5,1/16,1/494,1/466
野川,2026-10-03,,10/3 23:31,パチンコ,3153,e新世紀ｴｳﾞｧﾝｹﾞﾘｵﾝ はじまりの記憶,0334,-5.8,-4.2,-3.1,3,0,4,1/209,1/446,1/331
野川,2026-10-03,,10/3 23:31,パチンコ,3153,e新世紀ｴｳﾞｧﾝｹﾞﾘｵﾝ はじまりの記憶,0335,2.4,4.3,-3.6,5,7,10,1/266,1/361,1/450
野川,2026-10-03,,10/3 23:31,パチンコ,3153,e新世紀ｴｳﾞｧﾝｹﾞﾘｵﾝ はじまりの記憶,0336,0.0,-0.4,1.9,0,0,6,,1/44,1/483
野川,2026-10-03,,10/3 23:31,パチンコ,3153,e新世紀ｴｳﾞｧﾝｹﾞﾘｵﾝ はじまりの記憶,0337,22.9,-6.5,-6.0,20,6,1,1/99,1/302,1/765
野川,2026-10-03,,10/3 23:31,パチンコ,3153,e新世紀ｴｳﾞｧﾝｹﾞﾘｵﾝ はじまりの記憶,0338,3.4,4.2,-5.9,5,5,1,1/201,1/93,1/712
野川,2026-10-03,,10/3 23:31,パチンコ,3153,e新世紀ｴｳﾞｧﾝｹﾞﾘｵﾝ はじまりの記憶,0339,-2.1,-7.3,-7.0,6,4,8,1/231,1/605,1/360
野川,2026-10-03,,10/3 23:31,パチンコ,3216,e東京喰種MW,0319,1.2,2.1,0.9,19,12,29,1/251,1/272,1/265
野川,2026-10-03,,10/3 23:31,パチンコ,3216,e東京喰種MW,0320,-4.8,-3.0,-12.1,5,13,7,1/248,1/327,1/381
野川,2026-10-03,,10/3 23:31,パチンコ,3216,e東京喰種MW,0321,1.0,-3.1,7.7,8,14,35,1/295,1/301,1/501
野川,2026-10-03,,10/3 23:31,パチンコ,3216,e東京喰種MW,0322,-10.0,24.5,-13.8,11,37,9,1/417,1/297,1/486
野川,2026-10-03,,10/3 23:31,パチンコ,3078,e東京ﾘﾍﾞﾝｼﾞｬｰｽﾞGFEC,0305,10.7,-1.7,-1.8,16,0,4,1/113,1/192,1/465
野川,2026-10-03,,10/3 23:31,パチンコ,3078,e東京ﾘﾍﾞﾝｼﾞｬｰｽﾞGFEC,0306,-2.8,-0.4,-2.5,0,0,1,1/309,1/38,1/274
野川,2026-10-03,,10/3 23:31,パチンコ,3078,e東京ﾘﾍﾞﾝｼﾞｬｰｽﾞGFEC,0307,0.0,0.0,-0.9,0,0,0,,,1/79
野川,2026-10-03,,10/3 23:31,パチンコ,3233,e東京ﾘﾍﾞﾝｼﾞｬｰｽﾞ聖夜決戦編EREC,0474,8.1,-0.1,8.6,15,0,17,1/276,1/15,1/179
野川,2026-10-03,,10/3 23:31,パチンコ,3233,e東京ﾘﾍﾞﾝｼﾞｬｰｽﾞ聖夜決戦編EREC,0475,-0.6,-2.3,-4.4,0,0,2,1/49,1/227,1/245
野川,2026-10-03,,10/3 23:31,パチンコ,3230,e無職転生異世界行ったら本気H2E,0308,-0.3,1.6,-9.6,0,4,4,1/29,1/25,1/288
野川,2026-10-03,,10/3 23:31,パチンコ,3230,e無職転生異世界行ったら本気H2E,0309,-3.4,-3.9,-5.7,1,2,4,1/412,1/285,1/224
野川,2026-10-03,,10/3 23:31,パチンコ,3094,e牙狼12XX-MJ,0314,-2.9,6.4,16.0,4,20,33,1/181,1/298,1/335
野川,2026-10-03,,10/3 23:31,パチンコ,3094,e牙狼12XX-MJ,0315,-2.0,-11.7,-14.2,0,1,5,1/210,1/1220,1/331
野川,2026-10-03,,10/3 23:31,パチンコ,3094,e牙狼12XX-MJ,0316,-6.7,3.4,3.3,1,18,24,1/749,1/207,1/268
野川,2026-10-03,,10/3 23:31,パチンコ,3033,e牙狼神速神撃3000LT,0354,3.5,0.0,-4.4,4,0,1,1/129,,1/525
野川,2026-10-03,,10/3 23:31,パチンコ,3177,e牙狼ﾄﾘﾌﾟﾙﾊﾞｰｽﾄRF,0461,0.0,0.0,-0.5,0,0,0,,,1/78
野川,2026-10-03,,10/3 23:31,パチンコ,3177,e牙狼ﾄﾘﾌﾟﾙﾊﾞｰｽﾄRF,0462,-0.1,-0.1,0.1,0,0,5,1/8,1/10,1/252
野川,2026-10-03,,10/3 23:31,パチンコ,3252,e甲鉄城のｶﾊﾞﾈﾘ2SCEA 119Ver,0345,-3.0,-0.7,13.3,4,1,30,1/101,1/92,1/64
野川,2026-10-03,,10/3 23:31,パチンコ,3170,e真北斗無双5 夢幻闘双SCEA,0453,0.0,-0.1,-4.1,0,0,1,,1/11,1/447
野川,2026-10-03,,10/3 23:31,パチンコ,3170,e真北斗無双5 夢幻闘双SCEA,0454,0.0,0.0,-1.4,0,0,6,,,1/65
野川,2026-10-03,,10/3 23:31,パチンコ,3170,e真北斗無双5 夢幻闘双SCEA,0455,0.0,-0.1,-2.5,0,0,0,,1/12,1/273
野川,2026-10-03,,10/3 23:31,パチンコ,3095,e真･一騎当千~軍神覚醒AM-TS,0330,10.3,0.3,-2.6,23,5,4,1/320,1/89,1/199
野川,2026-10-03,,10/3 23:31,パチンコ,3095,e真･一騎当千~軍神覚醒AM-TS,0331,-0.6,-3.7,-0.7,1,1,1,1/142,1/676,1/141
野川,2026-10-03,,10/3 23:31,パチンコ,3134,e花の慶次～黄金の一撃H4,0447,6.7,-0.3,-9.7,9,0,1,1/30,1/25,1/1044
野川,2026-10-03,,10/3 23:31,パチンコ,3134,e花の慶次～黄金の一撃H4,0448,-2.7,-0.4,5.6,0,0,9,1/280,1/49,1/324
野川,2026-10-03,,10/3 23:31,パチンコ,3134,e花の慶次～黄金の一撃H4,0449,-0.3,-1.0,-4.0,0,0,1,1/40,1/96,1/432
野川,2026-10-03,,10/3 23:31,パチンコ,3234,e虚構推理MHJT,0476,-0.8,-4.3,0.4,0,2,6,1/172,1/414,1/154
野川,2026-10-03,,10/3 23:31,パチンコ,3234,e虚構推理MHJT,0477,0.0,-0.6,0.2,0,1,3,,1/144,1/78
野川,2026-10-03,,10/3 23:31,パチンコ,3251,e魔女と野獣FKZ,0344,-1.1,3.5,6.9,11,19,19,1/442,1/466,1/398
野川,2026-10-03,,10/3 23:31,パチンコ,3231,e魔法少女ﾘﾘｶﾙなのはHTEZS2,0355,0.3,-0.5,-0.8,4,0,6,1/420,1/44,1/224
野川,2026-10-03,,10/3 23:31,パチンコ,3096,e黄門ちゃま9HC3,0346,0.0,-0.1,-1.5,0,0,1,,1/9,1/306
野川,2026-10-03,,10/3 23:31,パチンコ,3179,eｱｸﾀﾞﾏﾄﾞﾗｲﾌﾞEHLT,0471,-1.0,-1.6,2.4,0,0,6,1/110,1/156,1/105
野川,2026-10-03,,10/3 23:31,パチンコ,3253,eｱｻﾙﾄﾘﾘｨZ,0456,6.4,4.8,-1.5,20,9,3,1/172,1/137,1/186
野川,2026-10-03,,10/3 23:31,パチンコ,3253,eｱｻﾙﾄﾘﾘｨZ,0457,0.8,-0.9,-19.8,7,13,8,1/208,1/160,1/314
野川,2026-10-03,,10/3 23:31,パチンコ,3243,eｴﾃﾞﾝｽﾞｾﾞﾛAIN,0470,0.4,2.9,6.9,1,3,4,1/36,1/100,1/174
野川,2026-10-03,,10/3 23:31,パチンコ,3200,eｷﾞﾝﾊﾟﾗVIVA FESTA HTA2,0349,-1.3,-0.7,0.9,0,0,6,1/160,1/111,1/397
野川,2026-10-03,,10/3 23:31,パチンコ,3132,eﾉｰｹﾞｰﾑ･ﾉｰﾗｲﾌV3C,0465,0.0,-0.3,0.0,0,0,0,,1/28,
野川,2026-10-03,,10/3 23:31,パチンコ,3132,eﾉｰｹﾞｰﾑ･ﾉｰﾗｲﾌV3C,0466,0.0,-0.4,1.2,0,0,10,,1/56,1/110
野川,2026-10-03,,10/3 23:31,パチンコ,2967,eﾌｨｰﾊﾞｰからくりｻｰｶｽ2 魔王ver.,0352,0.0,-0.7,-5.9,0,0,2,,1/66,1/379
野川,2026-10-03,,10/3 23:31,パチンコ,3133,eﾌｨｰﾊﾞｰもののがたりF,0327,-1.5,-0.3,-5.1,0,0,5,1/163,1/31,1/115
野川,2026-10-03,,10/3 23:31,パチンコ,3133,eﾌｨｰﾊﾞｰもののがたりF,0328,-0.1,0.3,-1.8,0,3,1,1/19,1/45,1/203
野川,2026-10-03,,10/3 23:31,パチンコ,3133,eﾌｨｰﾊﾞｰもののがたりF,0329,-1.9,-1.8,1.9,1,0,3,1/226,1/188,1/126
野川,2026-10-03,,10/3 23:31,パチンコ,2994,eﾌｨｰﾊﾞｰ戦姫絶唱ｼﾝﾌｫｷﾞｱ4 ｷｬﾛﾙver.,0460,-3.0,-1.0,4.0,3,0,5,1/134,1/89,1/88
野川,2026-10-03,,10/3 23:31,パチンコ,3239,eﾌｨｰﾊﾞｰ機動戦士ｶﾞﾝﾀﾞﾑSEED2b,0310,-1.5,7.2,-4.2,2,17,8,1/162,1/221,1/201
野川,2026-10-03,,10/3 23:31,パチンコ,3239,eﾌｨｰﾊﾞｰ機動戦士ｶﾞﾝﾀﾞﾑSEED2b,0311,-0.6,-1.7,-5.1,0,0,18,1/59,1/187,1/316
野川,2026-10-03,,10/3 23:31,パチンコ,3239,eﾌｨｰﾊﾞｰ機動戦士ｶﾞﾝﾀﾞﾑSEED2b,0312,4.8,6.0,-7.0,16,16,2,1/160,1/353,1/477
野川,2026-10-03,,10/3 23:31,パチンコ,3239,eﾌｨｰﾊﾞｰ機動戦士ｶﾞﾝﾀﾞﾑSEED2b,0313,-0.1,5.6,-12.4,12,9,5,1/335,1/136,1/346
野川,2026-10-03,,10/3 23:31,パチンコ,2925,eﾌｨｰﾊﾞｰ機動戦士ｶﾞﾝﾀﾞﾑﾕﾆｺｰﾝ 再来,0463,-0.1,-3.4,0.8,0,4,4,1/20,1/282,1/280
野川,2026-10-03,,10/3 23:31,パチンコ,2925,eﾌｨｰﾊﾞｰ機動戦士ｶﾞﾝﾀﾞﾑﾕﾆｺｰﾝ 再来,0464,0.6,-2.5,-1.0,4,3,0,1/360,1/190,1/180
野川,2026-10-03,,10/3 23:31,パチンコ,3079,eﾌｨｰﾊﾞｰ炎炎ﾉ消防隊2MS,0472,-0.4,-0.5,4.4,0,1,8,1/35,1/124,1/189
野川,2026-10-03,,10/3 23:31,パチンコ,3079,eﾌｨｰﾊﾞｰ炎炎ﾉ消防隊2MS,0473,0.0,-0.9,-5.4,0,0,3,,1/94,1/384
野川,2026-10-03,,10/3 23:31,パチンコ,3218,eﾌｨｰﾊﾞｰﾃﾞｯﾄﾞﾏｳﾝﾄ･ﾃﾞｽﾌﾟﾚｲT,0404,-0.1,-0.3,-4.2,0,0,1,1/4,1/39,1/530
野川,2026-10-03,,10/3 23:31,パチンコ,3218,eﾌｨｰﾊﾞｰﾃﾞｯﾄﾞﾏｳﾝﾄ･ﾃﾞｽﾌﾟﾚｲT,0405,-0.2,-0.4,-1.5,0,0,0,1/29,1/33,1/179
野川,2026-10-03,,10/3 23:31,パチンコ,3110,eﾌｨｰﾊﾞｰﾌﾞﾙｰﾛｯｸMZ,0467,0.0,0.0,-1.2,0,0,0,,,1/152
野川,2026-10-03,,10/3 23:31,パチンコ,3110,eﾌｨｰﾊﾞｰﾌﾞﾙｰﾛｯｸMZ,0468,-9.5,24.3,-0.2,1,17,0,1/1105,1/117,1/22
野川,2026-10-03,,10/3 23:31,パチンコ,3199,eﾗｲｻﾞのｱﾄﾘｴK3,0351,-0.5,1.7,-0.7,0,11,1,1/47,1/87,1/111
野川,2026-10-03,,10/3 23:31,パチンコ,3189,eﾗｸﾞﾅﾄﾞｰﾙCMB,0458,-0.3,-0.4,-2.2,0,0,1,1/28,1/44,1/268
野川,2026-10-03,,10/3 23:31,パチンコ,3188,eﾘｺﾘｽ･ﾘｺｲﾙM3,0409,-7.2,-11.8,-1.2,5,7,14,1/168,1/229,1/308
野川,2026-10-03,,10/3 23:31,パチンコ,3188,eﾘｺﾘｽ･ﾘｺｲﾙM3,0410,14.9,12.4,-11.8,55,43,3,1/98,1/434,1/432
野川,2026-10-03,,10/3 23:31,パチンコ,3192,eﾘﾝｸﾞ最恐領域RHA,0450,0.0,3.0,-2.0,0,13,0,,1/160,1/218
野川,2026-10-03,,10/3 23:31,パチンコ,3192,eﾘﾝｸﾞ最恐領域RHA,0451,0.0,-1.8,-0.5,0,0,7,,1/210,1/375
野川,2026-10-03,,10/3 23:31,パチンコ,3192,eﾘﾝｸﾞ最恐領域RHA,0452,-0.3,0.4,-2.7,0,6,1,1/40,1/541,1/356
野川,2026-10-03,,10/3 23:31,パチンコ,3135,eﾙﾊﾟﾝ三世VSｷｬｯﾂ･ｱｲMAH4,0347,0.0,9.9,-6.8,0,18,2,,1/356,1/396
野川,2026-10-03,,10/3 23:31,パチンコ,2975,P にゃんこ大戦争 多様性のﾈｺ,0238,-0.1,-1.7,-8.4,0,1,15,1/6,1/204,1/125
野川,2026-10-03,,10/3 23:31,パチンコ,2975,P にゃんこ大戦争 多様性のﾈｺ,0239,-0.1,-0.4,1.1,0,0,5,1/8,1/29,1/83
野川,2026-10-03,,10/3 23:31,パチンコ,2975,P にゃんこ大戦争 多様性のﾈｺ,0262,-1.6,-0.2,3.2,1,1,14,1/210,1/55,1/103
野川,2026-10-03,,10/3 23:31,パチンコ,2975,P にゃんこ大戦争 多様性のﾈｺ,0263,6.7,-0.2,1.5,13,0,13,1/52,1/27,1/108
野川,2026-10-03,,10/3 23:31,パチンコ,3050,P 宇宙戦艦ﾔﾏﾄ2202超波動森雪199LT,0256,-0.3,0.0,-0.1,0,0,2,1/30,,1/79
野川,2026-10-03,,10/3 23:31,パチンコ,3050,P 宇宙戦艦ﾔﾏﾄ2202超波動森雪199LT,0257,0.0,-0.2,-1.1,0,0,0,,1/20,1/129
野川,2026-10-03,,10/3 23:31,パチンコ,2838,P 新世紀ｴｳﾞｧﾝｹﾞﾘｵﾝ未来への咆哮Y,0170,4.4,-0.4,-4.2,15,5,8,1/69,1/166,1/212
野川,2026-10-03,,10/3 23:31,パチンコ,2838,P 新世紀ｴｳﾞｧﾝｹﾞﾘｵﾝ未来への咆哮Y,0196,-4.5,-0.9,-1.4,8,8,35,1/147,1/111,1/117
野川,2026-10-03,,10/3 23:31,パチンコ,2978,P ｺﾞｼﾞﾗ対ｴｳﾞｧﾝｹﾞﾘｵﾝ ｾｶﾝﾄﾞｲﾝﾊﾟｸﾄ,0224,0.0,-0.7,-0.3,0,0,1,,1/78,1/39
野川,2026-10-03,,10/3 23:31,パチンコ,2978,P ｺﾞｼﾞﾗ対ｴｳﾞｧﾝｹﾞﾘｵﾝ ｾｶﾝﾄﾞｲﾝﾊﾟｸﾄ,0225,-1.1,-0.8,-3.1,1,0,5,1/111,1/97,1/304
野川,2026-10-03,,10/3 23:31,パチンコ,2784,P ｺﾞｼﾞﾗ対ｴｳﾞｧﾝｹﾞﾘｵﾝG細胞覚醒ﾗｲﾄ,0193,-1.2,-0.9,3.3,12,1,30,1/178,1/102,1/360
野川,2026-10-03,,10/3 23:31,パチンコ,2795,P009 RE:CYBORG ACCELE 99ver,0148,-0.3,-2.4,-0.8,0,0,6,1/30,1/265,1/128
野川,2026-10-03,,10/3 23:31,パチンコ,2795,P009 RE:CYBORG ACCELE 99ver,0149,1.9,-3.4,-0.9,13,0,2,1/58,1/383,1/102
野川,2026-10-03,,10/3 23:31,パチンコ,3082,PA CYBORG009N2-K,0171,-0.7,-2.2,4.0,3,0,29,1/60,1/229,1/134
野川,2026-10-03,,10/3 23:31,パチンコ,2957,PAわんわんﾊﾟﾗﾀﾞｲｽCELEBRATION,0208,-2.5,3.2,-4.6,31,20,11,1/115,1/53,1/114
野川,2026-10-03,,10/3 23:31,パチンコ,2957,PAわんわんﾊﾟﾗﾀﾞｲｽCELEBRATION,0209,-0.4,-0.2,-1.0,2,5,18,1/37,1/49,1/96
野川,2026-10-03,,10/3 23:31,パチンコ,2646,PAスーパー海物語IN沖縄５YBA,0201,-1.9,4.3,-2.1,15,50,11,1/63,1/59,1/163
野川,2026-10-03,,10/3 23:31,パチンコ,2646,PAスーパー海物語IN沖縄５YBA,0202,-0.9,-0.7,-0.5,24,0,33,1/62,1/89,1/156
野川,2026-10-03,,10/3 23:31,パチンコ,3121,PAフィーバーダンまち2YG,0187,-0.1,-1.6,-3.7,0,0,1,1/3,1/151,1/359
野川,2026-10-03,,10/3 23:31,パチンコ,3025,PA大海物語5ﾌﾞﾗｯｸLT99ver.,0203,1.0,0.5,0.9,24,29,43,1/111,1/66,1/79
野川,2026-10-03,,10/3 23:31,パチンコ,3025,PA大海物語5ﾌﾞﾗｯｸLT99ver.,0204,-2.2,11.1,8.9,42,96,62,1/83,1/152,1/65
野川,2026-10-03,,10/3 23:31,パチンコ,3025,PA大海物語5ﾌﾞﾗｯｸLT99ver.,0205,1.2,-4.6,-12.0,24,16,46,1/142,1/89,1/88
野川,2026-10-03,,10/3 23:31,パチンコ,3250,PA大海物語ｱｸﾞﾈｽﾌﾟﾚﾐｱRBA,0154,-2.2,-1.0,-0.2,20,5,17,1/121,1/177,1/114
野川,2026-10-03,,10/3 23:31,パチンコ,3250,PA大海物語ｱｸﾞﾈｽﾌﾟﾚﾐｱRBA,0155,0.2,-0.7,-0.3,20,0,12,1/68,1/62,1/131
野川,2026-10-03,,10/3 23:31,パチンコ,3250,PA大海物語ｱｸﾞﾈｽﾌﾟﾚﾐｱRBA,0156,-0.9,-1.7,-2.8,19,13,9,1/88,1/155,1/133
野川,2026-10-03,,10/3 23:31,パチンコ,3250,PA大海物語ｱｸﾞﾈｽﾌﾟﾚﾐｱRBA,0157,-2.2,-0.4,-0.1,5,6,26,1/109,1/116,1/69
野川,2026-10-03,,10/3 23:31,パチンコ,3250,PA大海物語ｱｸﾞﾈｽﾌﾟﾚﾐｱRBA,0158,-2.8,-0.2,2.7,11,0,19,1/121,1/31,1/65
野川,2026-10-03,,10/3 23:31,パチンコ,3145,PA海物語極ジャパンHBD,0159,0.4,-1.3,3.4,7,13,35,1/153,1/86,1/63
野川,2026-10-03,,10/3 23:31,パチンコ,3145,PA海物語極ジャパンHBD,0160,-1.3,1.0,-0.3,6,18,0,1/72,1/112,1/42
野川,2026-10-03,,10/3 23:31,パチンコ,3145,PA海物語極ジャパンHBD,0161,-1.0,4.1,-0.9,6,30,3,1/240,1/68,1/76
野川,2026-10-03,,10/3 23:31,パチンコ,2828,PA激ﾃﾞｼﾞ牙狼月虹ﾉ旅人,0172,-0.2,-2.3,2.0,11,14,17,1/86,1/77,1/263
野川,2026-10-03,,10/3 23:31,パチンコ,2511,PA真・花の慶次２N2-X1,0168,-2.2,-1.9,0.0,12,1,14,1/119,1/218,1/80
野川,2026-10-03,,10/3 23:31,パチンコ,3004,PA花の慶次 裂 99ver.,0213,-2.3,5.8,-0.6,8,31,2,1/144,1/105,1/45
野川,2026-10-03,,10/3 23:31,パチンコ,3004,PA花の慶次 裂 99ver.,0214,-3.6,0.4,-5.4,14,13,16,1/76,1/93,1/121
野川,2026-10-03,,10/3 23:31,パチンコ,3144,PA野生の王国6N2,0150,2.8,0.6,-1.7,17,6,5,1/42,1/53,1/130
野川,2026-10-03,,10/3 23:31,パチンコ,3144,PA野生の王国6N2,0151,-0.4,0.5,-3.2,1,8,9,1/63,1/132,1/120
野川,2026-10-03,,10/3 23:31,パチンコ,3112,PAｱｽﾞｰﾙﾚｰﾝ異次元ﾄﾘｶﾞｰ 79ver.～M2,0163,-1.6,-0.5,0.3,1,0,12,1/172,1/68,1/43
野川,2026-10-03,,10/3 23:31,パチンコ,3112,PAｱｽﾞｰﾙﾚｰﾝ異次元ﾄﾘｶﾞｰ 79ver.～M2,0185,2.3,-0.1,-2.2,21,0,3,1/36,1/12,1/91
野川,2026-10-03,,10/3 23:31,パチンコ,3108,PAｼﾝ･ｴｳﾞｧﾝｹﾞﾘｵﾝY,0145,-5.1,-1.9,-0.5,0,0,3,1/543,1/202,1/147
野川,2026-10-03,,10/3 23:31,パチンコ,3108,PAｼﾝ･ｴｳﾞｧﾝｹﾞﾘｵﾝY,0146,-0.1,-1.3,0.5,0,0,5,1/2,1/146,1/68
野川,2026-10-03,,10/3 23:31,パチンコ,3108,PAｼﾝ･ｴｳﾞｧﾝｹﾞﾘｵﾝY,0147,-1.7,-1.7,2.4,0,0,15,1/167,1/161,1/79
野川,2026-10-03,,10/3 23:31,パチンコ,3215,PAｽｰﾊﾟｰ海物語IN沖縄6RBD,0197,-3.4,-1.4,-1.1,10,7,3,1/163,1/122,1/105
野川,2026-10-03,,10/3 23:31,パチンコ,3215,PAｽｰﾊﾟｰ海物語IN沖縄6RBD,0198,0.1,1.7,-0.9,2,9,8,1/64,1/134,1/73
野川,2026-10-03,,10/3 23:31,パチンコ,3215,PAｽｰﾊﾟｰ海物語IN沖縄6RBD,0199,-1.4,-0.9,3.6,8,1,21,1/66,1/143,1/37
野川,2026-10-03,,10/3 23:31,パチンコ,3215,PAｽｰﾊﾟｰ海物語IN沖縄6RBD,0200,-3.7,-3.2,4.6,11,27,22,1/242,1/93,1/151
野川,2026-10-03,,10/3 23:31,パチンコ,2875,PAﾊｲｽｸｰﾙ･ﾌﾘｰﾄ ｵｰﾙｽﾀｰ すい~とで,0165,-1.6,-1.8,-0.6,5,4,1,1/68,1/181,1/70
野川,2026-10-03,,10/3 23:31,パチンコ,3203,PAﾌｨｰﾊﾞｰｸｨｰﾝⅡYS,0175,0.3,0.7,-1.6,2,8,2,1/61,1/28,1/226
野川,2026-10-03,,10/3 23:31,パチンコ,3203,PAﾌｨｰﾊﾞｰｸｨｰﾝⅡYS,0176,-0.1,-0.4,1.0,0,0,12,1/3,1/39,1/76
野川,2026-10-03,,10/3 23:31,パチンコ,3072,PLT激ﾃﾞｼﾞ ｼﾞｭｰｼｰﾊﾆｰ極嬢,0190,-0.1,-1.8,-2.2,0,2,3,1/14,1/111,1/94
野川,2026-10-03,,10/3 23:31,パチンコ,3174,PRe:ｾﾞﾛから始めるseason2 249ver.,0278,-0.7,-1.4,-1.1,2,0,1,1/63,1/127,1/129
野川,2026-10-03,,10/3 23:31,パチンコ,3131,PRe:ｾﾞﾛから始める鬼がかり199ver.,0258,0.0,0.0,0.0,0,0,0,,,
野川,2026-10-03,,10/3 23:31,パチンコ,3131,PRe:ｾﾞﾛから始める鬼がかり199ver.,0259,-0.7,1.5,-2.5,1,3,1,1/110,1/99,1/270
野川,2026-10-03,,10/3 23:31,パチンコ,3130,Pいくさの子戦極最強GRPJ,0290,-0.2,-0.1,-0.6,0,0,0,1/32,1/10,1/79
野川,2026-10-03,,10/3 23:31,パチンコ,3130,Pいくさの子戦極最強GRPJ,0291,-0.2,-0.6,-0.7,0,0,0,1/29,1/89,1/121
野川,2026-10-03,,10/3 23:31,パチンコ,3130,Pいくさの子戦極最強GRPJ,0292,-0.3,-0.6,-0.6,0,1,0,1/47,1/89,1/103
野川,2026-10-03,,10/3 23:31,パチンコ,3031,Pうまい棒2,0287,-0.1,0.2,-3.5,0,4,0,1/1,1/18,1/24
野川,2026-10-03,,10/3 23:31,パチンコ,3187,Pにゃんこ大戦争88ばーじょんM2,0177,-2.2,-0.3,-2.1,2,1,4,1/132,1/44,1/317
野川,2026-10-03,,10/3 23:31,パチンコ,3187,Pにゃんこ大戦争88ばーじょんM2,0178,-3.1,-0.4,-0.7,2,22,4,1/200,1/78,1/52
野川,2026-10-03,,10/3 23:31,パチンコ,2451,Pエヴァンゲリオン15未来への咆哮,0226,1.6,-1.6,13.0,10,6,36,1/308,1/304,1/161
野川,2026-10-03,,10/3 23:31,パチンコ,2451,Pエヴァンゲリオン15未来への咆哮,0227,-4.5,5.3,-3.8,0,20,5,1/576,1/158,1/435
野川,2026-10-03,,10/3 23:31,パチンコ,2451,Pエヴァンゲリオン15未来への咆哮,0228,-4.1,2.5,-3.4,0,13,10,1/509,1/232,1/389
野川,2026-10-03,,10/3 23:31,パチンコ,2451,Pエヴァンゲリオン15未来への咆哮,0229,-5.1,-5.8,-7.4,0,0,3,1/565,1/650,1/488
野川,2026-10-03,,10/3 23:31,パチンコ,2451,Pエヴァンゲリオン15未来への咆哮,0230,7.6,-4.4,-3.7,29,0,14,1/152,1/522,1/196
野川,2026-10-03,,10/3 23:31,パチンコ,2451,Pエヴァンゲリオン15未来への咆哮,0231,-2.6,-0.3,-3.6,0,8,3,1/320,1/319,1/300
野川,2026-10-03,,10/3 23:31,パチンコ,2451,Pエヴァンゲリオン15未来への咆哮,0232,-6.7,1.9,14.3,1,14,35,1/878,1/286,1/202
野川,2026-10-03,,10/3 23:31,パチンコ,2451,Pエヴァンゲリオン15未来への咆哮,0269,4.0,8.6,-0.8,15,16,12,1/342,1/362,1/330
野川,2026-10-03,,10/3 23:31,パチンコ,2451,Pエヴァンゲリオン15未来への咆哮,0270,8.7,-12.5,0.1,22,1,13,1/425,1/1463,1/226
野川,2026-10-03,,10/3 23:31,パチンコ,2451,Pエヴァンゲリオン15未来への咆哮,0271,0.0,0.0,0.0,0,0,0,,,
野川,2026-10-03,,10/3 23:31,パチンコ,2451,Pエヴァンゲリオン15未来への咆哮,0272,-2.4,-1.7,-1.9,7,4,9,1/281,1/500,1/280
野川,2026-10-03,,10/3 23:31,パチンコ,2451,Pエヴァンゲリオン15未来への咆哮,0273,-0.9,-2.9,18.2,15,12,39,1/248,1/1524,1/228
野川,2026-10-03,,10/3 23:31,パチンコ,2451,Pエヴァンゲリオン15未来への咆哮,0274,-5.4,-12.7,-7.4,0,4,0,1/679,1/558,1/955
野川,2026-10-03,,10/3 23:31,パチンコ,2832,P中森明菜･歌姫伝説BLACKDIVA極,0254,0.0,-0.2,2.3,0,0,10,,1/30,1/407
野川,2026-10-03,,10/3 23:31,パチンコ,2832,P中森明菜･歌姫伝説BLACKDIVA極,0255,-0.9,-0.6,0.4,0,5,4,1/101,1/126,1/291
野川,2026-10-03,,10/3 23:31,パチンコ,3120,P冬のｿﾅﾀ My Memory MA2,0167,-0.4,1.9,0.8,0,11,5,1/35,1/39,1/62
野川,2026-10-03,,10/3 23:31,パチンコ,2855,P北斗の拳 強敵 LT,0179,-3.5,-0.7,-1.6,7,5,2,1/111,1/67,1/115
野川,2026-10-03,,10/3 23:31,パチンコ,2855,P北斗の拳 強敵 LT,0180,-0.3,0.0,-1.0,0,0,10,1/32,,1/93
野川,2026-10-03,,10/3 23:31,パチンコ,2855,P北斗の拳 強敵 LT,0181,2.0,0.8,-1.1,19,5,3,1/127,1/20,1/97
野川,2026-10-03,,10/3 23:31,パチンコ,2689,P北斗の拳暴凶星,0245,-0.5,-0.4,0.7,0,0,4,1/57,1/39,1/233
野川,2026-10-03,,10/3 23:31,パチンコ,2689,P北斗の拳暴凶星,0246,-0.3,-2.0,-3.0,0,1,0,1/37,1/291,1/324
野川,2026-10-03,,10/3 23:31,パチンコ,2689,P北斗の拳暴凶星,0247,0.0,0.2,-1.5,0,2,1,,1/186,1/300
野川,2026-10-03,,10/3 23:31,パチンコ,2497,P北斗の拳８究極乱世SSF,0174,-3.0,-1.3,-0.5,11,3,2,1/120,1/99,1/53
野川,2026-10-03,,10/3 23:31,パチンコ,2867,P大工の源さん超韋駄天2 極源LighT,0195,-0.2,-2.7,-1.8,19,12,0,1/112,1/89,1/186
野川,2026-10-03,,10/3 23:31,パチンコ,2705,P大海物語5,0283,-0.4,-0.8,-3.5,0,0,0,1/46,1/107,1/332
野川,2026-10-03,,10/3 23:31,パチンコ,2705,P大海物語5,0284,0.0,0.9,-3.3,0,2,0,,1/78,1/392
野川,2026-10-03,,10/3 23:31,パチンコ,2705,P大海物語5,0285,1.3,-0.1,-2.2,4,0,0,1/227,1/15,1/284
野川,2026-10-03,,10/3 23:31,パチンコ,2705,P大海物語5,0286,0.0,5.1,4.4,0,9,14,,1/104,1/143
野川,2026-10-03,,10/3 23:31,パチンコ,2809,P大海物語5 ﾌﾞﾗｯｸ,0217,-3.8,-0.2,-16.0,6,10,6,1/324,1/143,1/511
野川,2026-10-03,,10/3 23:31,パチンコ,3204,P大海物語5ｽﾍﾟｼｬﾙALTA,0281,0.0,-0.2,-3.7,3,0,4,1/234,1/22,1/688
野川,2026-10-03,,10/3 23:31,パチンコ,3204,P大海物語5ｽﾍﾟｼｬﾙALTA,0282,-4.6,-4.6,2.1,1,2,9,1/608,1/650,1/174
野川,2026-10-03,,10/3 23:31,パチンコ,3109,P戦国乙女7HOYZ3,0242,-0.7,-1.3,0.9,0,1,4,1/94,1/229,1/177
野川,2026-10-03,,10/3 23:31,パチンコ,3109,P戦国乙女7HOYZ3,0243,1.4,-1.1,-1.5,6,2,0,1/159,1/108,1/192
野川,2026-10-03,,10/3 23:31,パチンコ,3109,P戦国乙女7HOYZ3,0244,-0.1,-0.2,-1.2,0,0,5,1/10,1/28,1/135
野川,2026-10-03,,10/3 23:31,パチンコ,3202,P戦国無双N,0169,0.1,-3.7,1.3,5,11,14,1/55,1/94,1/80
野川,2026-10-03,,10/3 23:31,パチンコ,2772,P新世紀ｴｳﾞｧﾝｹﾞﾘｵﾝ未来への咆哮Ｌ,0275,3.7,-0.6,0.7,13,0,7,1/99,1/66,1/83
野川,2026-10-03,,10/3 23:31,パチンコ,2772,P新世紀ｴｳﾞｧﾝｹﾞﾘｵﾝ未来への咆哮Ｌ,0276,-0.3,0.2,-1.2,0,9,8,1/34,1/204,1/272
野川,2026-10-03,,10/3 23:31,パチンコ,2772,P新世紀ｴｳﾞｧﾝｹﾞﾘｵﾝ未来への咆哮Ｌ,0277,-0.1,-3.6,-4.5,4,0,1,1/57,1/396,1/515
野川,2026-10-03,,10/3 23:31,パチンコ,3056,P機動戦士ｶﾞﾝﾀﾞﾑﾕﾆｺｰﾝ 再来129ver.,0152,-2.4,-0.1,-0.4,0,0,0,1/237,1/5,1/42
野川,2026-10-03,,10/3 23:31,パチンコ,3056,P機動戦士ｶﾞﾝﾀﾞﾑﾕﾆｺｰﾝ 再来129ver.,0153,-0.3,2.3,-3.2,1,17,0,1/37,1/177,1/309
野川,2026-10-03,,10/3 23:31,パチンコ,2997,P清流物語4 ﾇｼを求めて4000匹,0218,-4.3,4.9,-0.4,0,7,0,1/516,1/192,1/48
野川,2026-10-03,,10/3 23:31,パチンコ,2997,P清流物語4 ﾇｼを求めて4000匹,0219,-1.3,-3.7,-8.0,2,9,11,1/80,1/260,1/249
野川,2026-10-03,,10/3 23:31,パチンコ,2997,P清流物語4 ﾇｼを求めて4000匹,0220,-1.1,-1.0,-2.9,6,1,5,1/154,1/137,1/181
野川,2026-10-03,,10/3 23:31,パチンコ,2876,P牙狼11~冴島大河~XX,0248,0.0,-1.0,0.0,0,3,0,,1/281,
野川,2026-10-03,,10/3 23:31,パチンコ,2876,P牙狼11~冴島大河~XX,0249,0.0,0.0,0.0,0,0,0,,,
野川,2026-10-03,,10/3 23:31,パチンコ,2876,P牙狼11~冴島大河~XX,0250,6.6,-0.1,-2.3,12,1,1,1/69,1/28,1/252
野川,2026-10-03,,10/3 23:31,パチンコ,2876,P牙狼11~冴島大河~XX,0251,0.0,-1.2,-2.1,0,8,2,,1/335,1/303
野川,2026-10-03,,10/3 23:31,パチンコ,2876,P牙狼11~冴島大河~XX,0252,0.0,1.5,0.0,0,3,0,,1/16,
野川,2026-10-03,,10/3 23:31,パチンコ,2876,P牙狼11~冴島大河~XX,0253,0.0,-1.6,3.3,0,2,6,,1/289,1/73
野川,2026-10-03,,10/3 23:31,パチンコ,2979,P盾の勇者の成り上がり,0296,-1.5,-0.7,-1.5,0,0,1,1/162,1/65,1/161
野川,2026-10-03,,10/3 23:31,パチンコ,2979,P盾の勇者の成り上がり,0297,-1.0,1.2,-0.4,0,5,2,1/85,1/90,1/41
野川,2026-10-03,,10/3 23:31,パチンコ,2459,P真北斗無双FWQG,0300,-1.1,-1.4,-3.0,0,4,3,1/127,1/134,1/242
野川,2026-10-03,,10/3 23:31,パチンコ,2459,P真北斗無双FWQG,0301,0.0,-0.1,-0.5,0,0,2,,1/13,1/57
野川,2026-10-03,,10/3 23:31,パチンコ,2459,P真北斗無双FWQG,0302,1.1,-1.1,-6.0,5,0,1,1/176,1/115,1/725
野川,2026-10-03,,10/3 23:31,パチンコ,2459,P真北斗無双FWQG,0303,0.0,-0.6,-0.6,2,0,0,1/135,1/65,1/71
野川,2026-10-03,,10/3 23:31,パチンコ,2459,P真北斗無双FWQG,0304,-5.3,-1.0,-5.6,0,0,3,1/580,1/107,1/811
野川,2026-10-03,,10/3 23:31,パチンコ,2800,P真･北斗無双 第4章 下剋上闘,0279,1.4,-1.5,-1.6,6,0,4,1/179,1/129,1/344
野川,2026-10-03,,10/3 23:31,パチンコ,3229,P織田信奈の野望全国版V4A,0222,-2.0,-0.4,1.2,0,1,8,1/446,1/190,1/186
野川,2026-10-03,,10/3 23:31,パチンコ,3229,P織田信奈の野望全国版V4A,0223,-0.9,-1.5,-3.2,3,1,2,1/128,1/359,1/425
野川,2026-10-03,,10/3 23:31,パチンコ,2422,P花満開　月光ZC,0280,-4.5,-3.1,-3.8,0,0,3,1/543,1/368,1/356
野川,2026-10-03,,10/3 23:31,パチンコ,2910,P貞子,0298,-2.2,-0.3,-1.1,1,0,0,1/464,1/49,1/175
野川,2026-10-03,,10/3 23:31,パチンコ,2910,P貞子,0299,-0.4,-1.7,-2.4,2,3,0,1/62,1/140,1/425
野川,2026-10-03,,10/3 23:31,パチンコ,3038,P防振り,0260,-0.3,-0.5,3.2,0,1,6,1/22,1/67,1/179
野川,2026-10-03,,10/3 23:31,パチンコ,3038,P防振り,0261,-0.1,-0.6,-0.4,0,0,0,1/10,1/60,1/42
野川,2026-10-03,,10/3 23:31,パチンコ,3214,P魔法少女まどか☆ﾏｷﾞｶ3MAJ1,0182,-1.3,-1.5,2.1,0,4,10,1/151,1/65,1/129
野川,2026-10-03,,10/3 23:31,パチンコ,3214,P魔法少女まどか☆ﾏｷﾞｶ3MAJ1,0183,-0.3,2.7,-2.4,2,10,1,1/92,1/36,1/279
野川,2026-10-03,,10/3 23:31,パチンコ,3214,P魔法少女まどか☆ﾏｷﾞｶ3MAJ1,0184,-1.3,-0.4,9.6,1,1,37,1/138,1/44,1/60
野川,2026-10-03,,10/3 23:31,パチンコ,3034,Pｱﾅｻﾞｰｺﾞｯﾄﾞﾊｰﾃﾞｽ-獄炎-,0288,-0.7,0.0,12.0,0,0,23,1/73,,1/129
野川,2026-10-03,,10/3 23:31,パチンコ,2821,Pｼﾝ･ｴｳﾞｧﾝｹﾞﾘｵﾝ Type ﾚｲ,0233,0.1,-2.3,8.1,6,0,17,1/426,1/258,1/221
野川,2026-10-03,,10/3 23:31,パチンコ,2821,Pｼﾝ･ｴｳﾞｧﾝｹﾞﾘｵﾝ Type ﾚｲ,0234,-0.1,-1.0,10.1,0,0,15,1/13,1/116,1/67
野川,2026-10-03,,10/3 23:31,パチンコ,2821,Pｼﾝ･ｴｳﾞｧﾝｹﾞﾘｵﾝ Type ﾚｲ,0235,-0.1,0.0,1.6,0,0,5,1/3,,1/171
野川,2026-10-03,,10/3 23:31,パチンコ,2821,Pｼﾝ･ｴｳﾞｧﾝｹﾞﾘｵﾝ Type ﾚｲ,0236,0.0,-1.1,0.0,0,0,0,,1/144,
野川,2026-10-03,,10/3 23:31,パチンコ,2821,Pｼﾝ･ｴｳﾞｧﾝｹﾞﾘｵﾝ Type ﾚｲ,0237,0.7,-1.6,-0.4,2,0,3,1/28,1/158,1/226
野川,2026-10-03,,10/3 23:31,パチンコ,2821,Pｼﾝ･ｴｳﾞｧﾝｹﾞﾘｵﾝ Type ﾚｲ,0264,-0.4,0.0,2.3,0,0,4,1/47,,1/15
野川,2026-10-03,,10/3 23:31,パチンコ,2821,Pｼﾝ･ｴｳﾞｧﾝｹﾞﾘｵﾝ Type ﾚｲ,0265,4.1,0.0,-3.4,7,0,0,1/83,,1/356
野川,2026-10-03,,10/3 23:31,パチンコ,2821,Pｼﾝ･ｴｳﾞｧﾝｹﾞﾘｵﾝ Type ﾚｲ,0266,0.0,0.0,-2.1,0,0,0,,,1/212
野川,2026-10-03,,10/3 23:31,パチンコ,2821,Pｼﾝ･ｴｳﾞｧﾝｹﾞﾘｵﾝ Type ﾚｲ,0267,0.0,0.0,-0.3,0,0,0,,,1/44
野川,2026-10-03,,10/3 23:31,パチンコ,2821,Pｼﾝ･ｴｳﾞｧﾝｹﾞﾘｵﾝ Type ﾚｲ,0268,-0.3,-3.4,2.5,6,0,10,1/120,1/414,1/507
野川,2026-10-03,,10/3 23:31,パチンコ,3122,Pｽｰﾊﾟｰ海物語IN沖縄6LTP,0215,-0.8,-1.5,-5.0,0,0,21,1/94,1/179,1/452
野川,2026-10-03,,10/3 23:31,パチンコ,3122,Pｽｰﾊﾟｰ海物語IN沖縄6LTP,0216,0.0,-0.8,-3.5,0,0,1,,1/93,1/460
野川,2026-10-03,,10/3 23:31,パチンコ,3039,Pｿﾞﾝﾋﾞﾗﾝﾄﾞｻｶﾞ,0221,0.0,-1.5,-1.8,0,0,0,,1/173,1/176
野川,2026-10-03,,10/3 23:31,パチンコ,2911,Pﾌｨｰﾊﾞｰありふれた職業でLight,0173,0.0,0.0,-1.5,0,0,0,1/2,,1/146
野川,2026-10-03,,10/3 23:31,パチンコ,3159,Pﾌｨｰﾊﾞｰうたわれるもの Y,0194,5.9,-0.3,-1.0,22,0,0,1/32,1/31,1/97
野川,2026-10-03,,10/3 23:31,パチンコ,2779,Pﾌｨｰﾊﾞｰかぐや様は告らせたい,0289,0.0,0.0,-2.8,0,0,1,,,1/340
野川,2026-10-03,,10/3 23:31,パチンコ,2940,Pﾌｨｰﾊﾞｰかぐや様は告らせたいLight,0210,-0.4,-0.6,0.1,3,0,5,1/136,1/54,1/75
野川,2026-10-03,,10/3 23:31,パチンコ,2940,Pﾌｨｰﾊﾞｰかぐや様は告らせたいLight,0211,-1.7,-0.3,5.7,0,0,25,1/188,1/19,1/96
野川,2026-10-03,,10/3 23:31,パチンコ,2940,Pﾌｨｰﾊﾞｰかぐや様は告らせたいLight,0212,2.4,-0.1,-2.6,10,0,1,1/32,1/6,1/267
野川,2026-10-03,,10/3 23:31,パチンコ,2811,Pﾌｨｰﾊﾞｰからくりｻｰｶｽ Light ver.,0162,-0.9,-2.1,-2.3,6,6,22,1/67,1/103,1/111
野川,2026-10-03,,10/3 23:31,パチンコ,3012,Pﾌｨｰﾊﾞｰ戦姫絶唱ｼﾝﾌｫｷﾞｱ4 199ver.,0340,0.0,0.0,-3.5,0,0,8,,,1/503
野川,2026-10-03,,10/3 23:31,パチンコ,3012,Pﾌｨｰﾊﾞｰ戦姫絶唱ｼﾝﾌｫｷﾞｱ4 199ver.,0341,0.0,0.0,-1.1,0,0,1,,,1/174
野川,2026-10-03,,10/3 23:31,パチンコ,3012,Pﾌｨｰﾊﾞｰ戦姫絶唱ｼﾝﾌｫｷﾞｱ4 199ver.,0342,0.0,-1.9,-3.6,0,1,1,,1/256,1/462
野川,2026-10-03,,10/3 23:31,パチンコ,3012,Pﾌｨｰﾊﾞｰ戦姫絶唱ｼﾝﾌｫｷﾞｱ4 199ver.,0343,-0.5,0.0,-1.6,1,0,0,1/104,,1/172
野川,2026-10-03,,10/3 23:31,パチンコ,2886,Pﾌｨｰﾊﾞｰ炎炎ﾉ消防隊 Light ver.,0166,-0.7,-1.4,-2.4,0,1,3,1/62,1/126,1/84
野川,2026-10-03,,10/3 23:31,パチンコ,2749,PﾌｨｰﾊﾞｰｸｨｰﾝⅡV,0192,-1.2,-0.8,-1.4,1,0,3,1/150,1/74,1/94
野川,2026-10-03,,10/3 23:31,パチンコ,2858,Pﾌｨｰﾊﾞｰﾊﾟﾜﾌﾙ（2024年）,0189,-3.3,-0.6,3.3,4,0,16,1/418,1/53,1/94
野川,2026-10-03,,10/3 23:31,パチンコ,3005,Pﾌﾞﾗｯｸﾗｸﾞｰﾝ4 129ver.,0188,-1.6,0.6,-0.1,2,4,0,1/82,1/76,1/15
野川,2026-10-03,,10/3 23:31,パチンコ,3142,PﾒｲﾄﾞｲﾝｱﾋﾞｽSL,0164,-1.8,-1.2,1.1,0,0,11,1/185,1/134,1/270
野川,2026-10-03,,10/3 23:31,パチンコ,2934,Pﾘﾝｸﾞ 呪いの7日間3 ﾗｯｷｰﾄﾘｶﾞｰVer.,0293,8.5,-0.5,-1.4,20,0,0,1/212,1/56,1/161
野川,2026-10-03,,10/3 23:31,パチンコ,2934,Pﾘﾝｸﾞ 呪いの7日間3 ﾗｯｷｰﾄﾘｶﾞｰVer.,0294,-1.6,-1.6,-1.3,3,2,2,1/311,1/104,1/93
野川,2026-10-03,,10/3 23:31,パチンコ,2934,Pﾘﾝｸﾞ 呪いの7日間3 ﾗｯｷｰﾄﾘｶﾞｰVer.,0295,-0.5,15.5,-0.2,4,28,0,1/116,1/23,1/25
野川,2026-10-03,,10/3 23:31,パチンコ,2955,Pﾙﾊﾟﾝ三世 ONE COLLECTION,0240,-0.3,-2.5,-1.4,0,1,0,1/34,1/281,1/159
野川,2026-10-03,,10/3 23:31,パチンコ,2955,Pﾙﾊﾟﾝ三世 ONE COLLECTION,0241,0.0,-5.2,6.5,0,3,12,,1/726,1/351
野川,2026-10-03,,10/3 23:31,パチンコ,2848,Pﾙﾊﾟﾝ三世 THE FIRST 99ver.,0191,-3.5,2.2,-1.0,9,54,17,1/105,1/77,1/98
野川,2026-10-03,,10/3 23:31,パチンコ,2939,Pﾙﾊﾟﾝ三世 銭形招待状 77Sweet,0186,-0.6,-0.7,-1.3,0,3,2,1/74,1/59,1/71
野川,2026-10-03,,10/3 23:31,パチンコ,3211,①e北斗の拳10GHEG,0140,-1.1,-1.9,-6.3,0,0,11,1/126,1/184,1/260
野川,2026-10-03,,10/3 23:31,パチンコ,3197,①e蒼天の拳羅龍SREN,0142,25.1,0.0,-4.0,24,0,0,1/405,,1/397
野川,2026-10-03,,10/3 23:31,パチンコ,3212,①eｼｬｰﾏﾝｷﾝｸﾞMH,0141,-0.6,-3.0,-12.9,0,4,0,1/63,1/676,1/1667
野川,2026-10-03,,10/3 23:31,パチンコ,3191,①eｿｰﾄﾞｱｰﾄ･ｵﾝﾗｲﾝ 閃光の軌跡K7,0144,0.3,-6.1,-0.9,28,3,21,1/173,1/228,1/90
野川,2026-10-03,,10/3 23:31,パチンコ,3198,①eﾌｨｰﾊﾞｰ炎炎ﾉ消防隊2MS,0143,8.9,-7.4,-12.7,27,1,14,1/308,1/918,1/476
野川,2026-10-03,,10/3 23:31,パチンコ,3154,①P FAIRY TAIL七炎竜の力だFSA,0115,-6.6,9.1,-8.6,8,22,3,1/134,1/70,1/277
野川,2026-10-03,,10/3 23:31,パチンコ,3140,①PACYBORG009N2-K,0034,3.0,-2.9,1.8,34,26,57,1/212,1/96,1/58
野川,2026-10-03,,10/3 23:31,パチンコ,2958,①PAわんわんﾊﾟﾗﾀﾞｲｽCELEBRATION,0009,-7.1,3.0,1.4,45,41,59,1/129,1/87,1/80
野川,2026-10-03,,10/3 23:31,パチンコ,2648,①PAスーパー海物語IN沖縄５SBA,0019,-2.3,3.1,1.0,23,50,31,1/102,1/88,1/72
野川,2026-10-03,,10/3 23:31,パチンコ,2648,①PAスーパー海物語IN沖縄５SBA,0020,-1.8,-4.5,-1.8,1,6,14,1/254,1/116,1/104
野川,2026-10-03,,10/3 23:31,パチンコ,2648,①PAスーパー海物語IN沖縄５SBA,0021,1.4,-0.6,1.4,18,27,24,1/59,1/109,1/86
野川,2026-10-03,,10/3 23:31,パチンコ,2748,①PA大海物語5ARBC,0048,-3.5,0.3,-3.4,33,42,34,1/100,1/81,1/100
野川,2026-10-03,,10/3 23:31,パチンコ,2748,①PA大海物語5ARBC,0049,0.1,-5.9,-8.2,29,32,25,1/107,1/110,1/169
野川,2026-10-03,,10/3 23:31,パチンコ,2748,①PA大海物語5ARBC,0050,6.2,-2.6,8.5,75,49,67,1/86,1/93,1/73
野川,2026-10-03,,10/3 23:31,パチンコ,2748,①PA大海物語5ARBC,0051,6.0,0.9,-3.1,56,62,36,1/75,1/79,1/91
野川,2026-10-03,,10/3 23:31,パチンコ,3057,①PA大海物語5ARBC,0017,-0.9,-0.6,-7.5,23,39,32,1/108,1/117,1/109
野川,2026-10-03,,10/3 23:31,パチンコ,3057,①PA大海物語5ARBC,0018,0.9,-1.5,-5.8,43,29,33,1/104,1/87,1/86
野川,2026-10-03,,10/3 23:31,パチンコ,3209,①PA大海物語5HLD,0025,5.5,-10.0,3.3,71,44,53,1/84,1/106,1/88
野川,2026-10-03,,10/3 23:31,パチンコ,3249,①PA大海物語ｱｸﾞﾈｽﾌﾟﾚﾐｱRBA,0059,-1.5,-5.6,-3.2,48,28,52,1/123,1/148,1/109
野川,2026-10-03,,10/3 23:31,パチンコ,2694,①PA巨人の星明子2000,0066,2.4,3.8,8.0,58,54,77,1/84,1/64,1/98
野川,2026-10-03,,10/3 23:31,パチンコ,3064,①PA海物語3R3,0014,-1.6,1.4,-1.2,26,43,14,1/93,1/68,1/127
野川,2026-10-03,,10/3 23:31,パチンコ,3208,①PA海物語3R3LBA,0022,-0.1,-0.5,-0.5,22,67,27,1/88,1/101,1/67
野川,2026-10-03,,10/3 23:31,パチンコ,3208,①PA海物語3R3LBA,0023,-1.8,-4.5,-5.7,28,30,17,1/96,1/138,1/137
野川,2026-10-03,,10/3 23:31,パチンコ,3208,①PA海物語3R3LBA,0024,-2.1,1.7,-4.6,30,32,19,1/87,1/76,1/139
野川,2026-10-03,,10/3 23:31,パチンコ,2718,①PA火曜ｻｽﾍﾟﾝｽ劇場3GSA,0036,4.0,-0.8,0.0,44,29,29,1/69,1/104,1/88
野川,2026-10-03,,10/3 23:31,パチンコ,3117,①PA花の慶次～裂N3-VY,0069,-2.1,0.9,-2.0,46,31,48,1/84,1/54,1/113
野川,2026-10-03,,10/3 23:31,パチンコ,2941,①PAｺﾞｼﾞﾗ対ｴｳﾞｧﾝｹﾞﾘｵﾝG細胞覚醒,0005,1.5,2.0,-1.0,23,40,22,1/276,1/91,1/146
野川,2026-10-03,,10/3 23:31,パチンコ,2941,①PAｺﾞｼﾞﾗ対ｴｳﾞｧﾝｹﾞﾘｵﾝG細胞覚醒,0042,-4.5,4.8,2.9,10,33,37,1/86,1/59,1/127
野川,2026-10-03,,10/3 23:31,パチンコ,3107,①PAｼﾝ･ｴｳﾞｧﾝｹﾞﾘｵﾝY,0040,-1.5,-5.6,-11.4,27,21,18,1/98,1/313,1/198
野川,2026-10-03,,10/3 23:31,パチンコ,3007,①PAｽｰﾊﾟｰ海物語 IN 地中海2,0015,-3.0,-4.6,-6.4,39,35,39,1/66,1/91,1/83
野川,2026-10-03,,10/3 23:31,パチンコ,3007,①PAｽｰﾊﾟｰ海物語 IN 地中海2,0016,10.1,-5.3,-4.7,82,38,47,1/36,1/83,1/99
野川,2026-10-03,,10/3 23:31,パチンコ,3007,①PAｽｰﾊﾟｰ海物語 IN 地中海2,0055,-1.3,-7.5,1.1,52,28,66,1/87,1/92,1/59
野川,2026-10-03,,10/3 23:31,パチンコ,3007,①PAｽｰﾊﾟｰ海物語 IN 地中海2,0056,-1.0,-8.2,-4.6,13,18,19,1/95,1/101,1/72
野川,2026-10-03,,10/3 23:31,パチンコ,3007,①PAｽｰﾊﾟｰ海物語 IN 地中海2,0057,3.2,2.6,-6.5,53,71,30,1/67,1/54,1/116
野川,2026-10-03,,10/3 23:31,パチンコ,3248,①PAｽｰﾊﾟｰ海物語IN沖縄6RBD,0012,-3.8,-4.4,5.1,31,32,42,1/156,1/81,1/66
野川,2026-10-03,,10/3 23:31,パチンコ,3248,①PAｽｰﾊﾟｰ海物語IN沖縄6RBD,0013,-2.2,3.5,-2.2,19,45,49,1/82,1/91,1/86
野川,2026-10-03,,10/3 23:31,パチンコ,3008,①PAｽｰﾊﾟｰ海物語沖縄5夜桜99ver.,0052,-1.6,0.5,-7.0,56,121,1,1/100,1/83,1/829
野川,2026-10-03,,10/3 23:31,パチンコ,3008,①PAｽｰﾊﾟｰ海物語沖縄5夜桜99ver.,0053,-3.1,-8.8,-4.9,68,19,44,1/139,1/135,1/111
野川,2026-10-03,,10/3 23:31,パチンコ,3008,①PAｽｰﾊﾟｰ海物語沖縄5夜桜99ver.,0054,-4.3,-2.5,-0.9,95,51,90,1/90,1/146,1/116
野川,2026-10-03,,10/3 23:31,パチンコ,3008,①PAｽｰﾊﾟｰ海物語沖縄5夜桜99ver.,0058,-1.5,-2.8,0.8,33,17,79,1/116,1/204,1/100
野川,2026-10-03,,10/3 23:31,パチンコ,3077,①PAﾌｨｰﾊﾞｰﾊﾟﾜﾌﾙR（2024年）,0038,0.0,0.3,-0.6,14,7,32,1/90,1/95,1/99
野川,2026-10-03,,10/3 23:31,パチンコ,3148,①PLTｼﾞｭｰｼｰﾊﾆｰ極嬢MA,0080,-1.6,-2.9,-9.4,0,2,5,1/155,1/191,1/435
野川,2026-10-03,,10/3 23:31,パチンコ,3148,①PLTｼﾞｭｰｼｰﾊﾆｰ極嬢MA,0112,4.1,-0.2,1.9,9,0,11,1/17,1/13,1/45
野川,2026-10-03,,10/3 23:31,パチンコ,3074,①Pありふれた職業で世界最強Light,0032,-2.8,-4.9,1.2,16,34,29,1/202,1/105,1/213
野川,2026-10-03,,10/3 23:31,パチンコ,3136,①Pうまい棒2おかわりちょちょV3,0114,5.4,-4.3,-7.0,14,4,4,1/18,1/69,1/96
野川,2026-10-03,,10/3 23:31,パチンコ,3156,①Pえとたま2MY,0134,10.2,-0.2,3.4,25,0,15,1/112,1/27,1/172
野川,2026-10-03,,10/3 23:31,パチンコ,2999,①Pとある魔術の禁書目録2,0129,-1.4,19.0,-1.5,0,27,0,1/162,1/94,1/147
野川,2026-10-03,,10/3 23:31,パチンコ,2999,①Pとある魔術の禁書目録2,0130,28.0,-0.7,19.5,39,0,34,1/113,1/74,1/133
野川,2026-10-03,,10/3 23:31,パチンコ,2999,①Pとある魔術の禁書目録2,0131,-1.5,2.1,-4.3,0,7,3,1/140,1/158,1/323
野川,2026-10-03,,10/3 23:31,パチンコ,2988,①Pひぐらしのなく頃に 輪廻転生,0136,-2.1,-4.7,5.8,2,2,25,1/375,1/293,1/152
野川,2026-10-03,,10/3 23:31,パチンコ,2677,①Pデビルマン疾風迅雷N2-X1,0062,6.0,-2.4,1.6,50,21,43,1/65,1/128,1/100
野川,2026-10-03,,10/3 23:31,パチンコ,2677,①Pデビルマン疾風迅雷N2-X1,0063,0.0,0.0,0.0,0,0,0,,,
野川,2026-10-03,,10/3 23:31,パチンコ,2660,①PフィーバーダンまちF,0139,0.4,-3.3,-1.6,6,2,4,1/245,1/335,1/126
野川,2026-10-03,,10/3 23:31,パチンコ,2946,①P七つの大罪2 神千斬りVER.,0106,2.9,6.3,-1.9,22,50,4,1/59,1/94,1/262
野川,2026-10-03,,10/3 23:31,パチンコ,3076,①P世紀末･天才ﾊﾞｶﾎﾞﾝ~福神LTH-JH,0010,3.2,-0.6,3.8,10,0,28,1/132,1/48,1/62
野川,2026-10-03,,10/3 23:31,パチンコ,3102,①P中森明菜･歌姫伝説極KM-TF,0135,0.7,-0.1,-5.8,12,12,12,1/274,1/447,1/444
野川,2026-10-03,,10/3 23:31,パチンコ,3227,①P俺の妹がこんなに可愛ﾜｹｶﾞﾅｲM3,0086,-4.2,2.3,12.8,1,19,55,1/541,1/137,1/245
野川,2026-10-03,,10/3 23:31,パチンコ,3227,①P俺の妹がこんなに可愛ﾜｹｶﾞﾅｲM3,0087,-8.3,-6.3,-1.2,2,4,6,1/573,1/265,1/179
野川,2026-10-03,,10/3 23:31,パチンコ,3210,①P冬のｿﾅﾀ MyMemoryMA2,0026,-0.7,2.8,-4.8,11,62,25,1/172,1/63,1/105
野川,2026-10-03,,10/3 23:31,パチンコ,3210,①P冬のｿﾅﾀ MyMemoryMA2,0027,4.9,-2.2,-1.3,62,45,52,1/53,1/114,1/99
野川,2026-10-03,,10/3 23:31,パチンコ,2944,①P化物語 319ver.,0079,-1.0,-0.7,-0.8,2,0,4,1/165,1/71,1/362
野川,2026-10-03,,10/3 23:31,パチンコ,3041,①P北斗の拳 強敵 LT,0046,-3.7,-6.5,12.9,18,21,68,1/69,1/109,1/108
野川,2026-10-03,,10/3 23:31,パチンコ,3041,①P北斗の拳 強敵 LT,0047,-1.2,-7.9,12.5,0,11,61,1/135,1/143,1/108
野川,2026-10-03,,10/3 23:31,パチンコ,3041,①P北斗の拳 強敵 LT,0064,2.1,-1.5,-6.9,27,10,14,1/59,1/194,1/97
野川,2026-10-03,,10/3 23:31,パチンコ,3041,①P北斗の拳 強敵 LT,0065,-4.6,-0.7,-3.7,3,19,20,1/211,1/101,1/113
野川,2026-10-03,,10/3 23:31,パチンコ,3226,①P大海物語5HCL,0124,-10.8,-4.7,-10.3,3,13,13,1/695,1/329,1/201
野川,2026-10-03,,10/3 23:31,パチンコ,3101,①P大海物語5MTE2,0097,5.8,-1.8,-0.1,12,13,13,1/91,1/516,1/288
野川,2026-10-03,,10/3 23:31,パチンコ,3101,①P大海物語5MTE2,0098,8.1,-4.7,1.7,19,11,11,1/191,1/477,1/278
野川,2026-10-03,,10/3 23:31,パチンコ,3101,①P大海物語5MTE2,0099,-7.1,4.5,-4.2,3,17,8,1/1130,1/149,1/546
野川,2026-10-03,,10/3 23:31,パチンコ,3101,①P大海物語5MTE2,0118,3.3,-6.1,-2.6,17,3,10,1/265,1/432,1/333
野川,2026-10-03,,10/3 23:31,パチンコ,3101,①P大海物語5MTE2,0119,1.3,0.7,30.8,15,5,52,1/305,1/185,1/127
野川,2026-10-03,,10/3 23:31,パチンコ,3016,①P宇宙戦艦ﾔﾏﾄ2202 超波動,0108,-1.5,0.9,4.2,19,5,16,1/245,1/161,1/615
野川,2026-10-03,,10/3 23:31,パチンコ,3016,①P宇宙戦艦ﾔﾏﾄ2202 超波動,0113,-7.4,-5.3,0.1,7,8,11,1/554,1/519,1/378
野川,2026-10-03,,10/3 23:31,パチンコ,2973,①P弾球黙示録ｶｲｼﾞ沼5,0116,0.0,0.0,0.0,0,0,0,,,
野川,2026-10-03,,10/3 23:31,パチンコ,3100,①P愛の不時着MF,0084,-1.0,0.0,-1.7,0,0,0,1/110,,1/187
野川,2026-10-03,,10/3 23:31,パチンコ,3100,①P愛の不時着MF,0085,-1.5,-5.0,-3.7,0,4,0,1/178,1/404,1/436
野川,2026-10-03,,10/3 23:31,パチンコ,2774,①P戦姫絶唱ｼﾝﾌｫｷﾞｱ3黄金絶唱L,0003,3.1,1.7,4.8,40,30,56,1/37,1/95,1/65
野川,2026-10-03,,10/3 23:31,パチンコ,2774,①P戦姫絶唱ｼﾝﾌｫｷﾞｱ3黄金絶唱L,0044,0.1,2.0,1.4,20,27,31,1/52,1/58,1/139
野川,2026-10-03,,10/3 23:31,パチンコ,3149,①P攻殻機動隊SAC＿2045AH-RS,0078,-3.1,-7.7,7.3,1,7,31,1/543,1/240,1/94
野川,2026-10-03,,10/3 23:31,パチンコ,2971,①P新世紀ｴｳﾞｧ未来への咆哮SP,0127,11.2,-9.0,-4.0,39,5,24,1/116,1/328,1/239
野川,2026-10-03,,10/3 23:31,パチンコ,2971,①P新世紀ｴｳﾞｧ未来への咆哮SP,0128,1.7,-0.6,-3.0,17,15,26,1/341,1/172,1/199
野川,2026-10-03,,10/3 23:31,パチンコ,3157,①P江頭2:50inﾅﾅｼｰV3,0011,0.9,-1.9,0.5,5,2,7,1/86,1/362,1/63
野川,2026-10-03,,10/3 23:31,パチンコ,3213,①P激ﾃﾞｼﾞ真･牙狼RBY4,0002,2.4,-0.9,4.9,21,31,43,1/49,1/59,1/41
野川,2026-10-03,,10/3 23:31,パチンコ,2643,①P真・花の慶次２M3-VC,0077,20.0,-2.3,7.3,32,0,14,1/47,1/244,1/171
野川,2026-10-03,,10/3 23:31,パチンコ,2598,①P真北斗無双FWQG,0088,-6.9,-4.0,1.8,0,0,17,1/786,1/431,1/430
野川,2026-10-03,,10/3 23:31,パチンコ,2598,①P真北斗無双FWQG,0089,-4.9,6.4,-0.1,1,13,0,1/575,1/26,1/9
野川,2026-10-03,,10/3 23:31,パチンコ,2598,①P真北斗無双FWQG,0090,-0.6,-4.5,-5.6,14,10,7,1/204,1/469,1/209
野川,2026-10-03,,10/3 23:31,パチンコ,3063,①P花の慶次 裂 蓮極129ver.,0028,-2.1,-8.4,-9.6,3,0,9,1/152,1/801,1/128
野川,2026-10-03,,10/3 23:31,パチンコ,3063,①P花の慶次 裂 蓮極129ver.,0029,-0.7,-4.2,2.7,0,2,15,1/56,1/199,1/120
野川,2026-10-03,,10/3 23:31,パチンコ,3063,①P花の慶次 裂 蓮極129ver.,0030,-1.6,-3.1,1.5,5,3,16,1/124,1/123,1/50
野川,2026-10-03,,10/3 23:31,パチンコ,2721,①P革命機ｳﾞｧﾙｳﾞﾚｲｳﾞ2F,0039,2.2,-3.0,2.4,56,12,52,1/63,1/80,1/43
野川,2026-10-03,,10/3 23:31,パチンコ,3093,①P魔王学院の不適合者FMY,0081,-5.6,-8.0,-10.2,5,2,3,1/175,1/412,1/1127
野川,2026-10-03,,10/3 23:31,パチンコ,2667,①P黄門ちゃま８L9AZ1,0107,-2.0,-3.8,-2.5,0,2,8,1/249,1/248,1/138
野川,2026-10-03,,10/3 23:31,パチンコ,2577,①P００９ RE:CYBORG M4-K,0110,-3.5,-2.8,-8.4,0,15,25,1/400,1/205,1/196
野川,2026-10-03,,10/3 23:31,パチンコ,3000,①PｱｽﾞｰﾙﾚｰﾝTHE異次元ﾄﾘｶﾞｰ,0076,-4.6,-10.1,1.9,1,10,29,1/496,1/283,1/182
野川,2026-10-03,,10/3 23:31,パチンコ,3138,①Pｱｽﾞｰﾙﾚｰﾝ異次元ﾄﾘｶﾞｰ79ver.M2,0004,0.3,-3.9,0.1,35,36,39,1/62,1/78,1/72
野川,2026-10-03,,10/3 23:31,パチンコ,3220,①Pｷﾞﾙﾃｨｸﾗｳﾝ2SB,0008,-3.9,1.1,4.5,0,16,6,1/478,1/266,1/81
野川,2026-10-03,,10/3 23:31,パチンコ,2959,①Pｺｰﾄﾞｷﾞｱｽ反逆のﾙﾙｰｼｭﾗｲﾄver,0006,-2.1,0.9,-2.1,19,28,35,1/67,1/90,1/63
野川,2026-10-03,,10/3 23:31,パチンコ,2959,①Pｺｰﾄﾞｷﾞｱｽ反逆のﾙﾙｰｼｭﾗｲﾄver,0067,-0.3,0.1,1.6,24,21,30,1/126,1/92,1/94
野川,2026-10-03,,10/3 23:31,パチンコ,3058,①Pｼﾝ･ｴｳﾞｧﾝｹﾞﾘｵﾝX,0100,-7.1,-12.2,5.1,5,4,23,1/339,1/1493,1/295
野川,2026-10-03,,10/3 23:31,パチンコ,3058,①Pｼﾝ･ｴｳﾞｧﾝｹﾞﾘｵﾝX,0101,8.4,-1.0,9.9,18,0,26,1/262,1/122,1/176
野川,2026-10-03,,10/3 23:31,パチンコ,3058,①Pｼﾝ･ｴｳﾞｧﾝｹﾞﾘｵﾝX,0102,-2.3,-5.3,-6.1,0,2,8,1/250,1/658,1/388
野川,2026-10-03,,10/3 23:31,パチンコ,3058,①Pｼﾝ･ｴｳﾞｧﾝｹﾞﾘｵﾝX,0103,8.8,-5.0,-1.1,17,2,8,1/423,1/296,1/767
野川,2026-10-03,,10/3 23:31,パチンコ,3058,①Pｼﾝ･ｴｳﾞｧﾝｹﾞﾘｵﾝX,0104,8.9,-0.2,-5.0,20,3,12,1/186,1/235,1/346
野川,2026-10-03,,10/3 23:31,パチンコ,2790,①Pｽｰﾊﾟｰ海物語 IN 沖縄5,0091,-0.3,-4.4,8.2,6,4,18,1/258,1/238,1/339
野川,2026-10-03,,10/3 23:31,パチンコ,2790,①Pｽｰﾊﾟｰ海物語 IN 沖縄5,0092,-2.9,3.8,3.8,2,9,10,1/552,1/47,1/133
野川,2026-10-03,,10/3 23:31,パチンコ,2790,①Pｽｰﾊﾟｰ海物語 IN 沖縄5,0093,0.8,-8.0,-2.9,15,6,6,1/479,1/593,1/376
野川,2026-10-03,,10/3 23:31,パチンコ,2790,①Pｽｰﾊﾟｰ海物語 IN 沖縄5,0094,-1.4,6.2,-3.4,0,14,0,1/157,1/94,1/349
野川,2026-10-03,,10/3 23:31,パチンコ,2790,①Pｽｰﾊﾟｰ海物語 IN 沖縄5,0095,2.5,-3.0,-0.6,10,2,11,1/168,1/245,1/332
野川,2026-10-03,,10/3 23:31,パチンコ,2790,①Pｽｰﾊﾟｰ海物語 IN 沖縄5,0096,2.6,2.0,-1.2,8,6,4,1/295,1/143,1/431
野川,2026-10-03,,10/3 23:31,パチンコ,3225,①Pｽｰﾊﾟｰ海物語IN沖縄6LTP,0125,-0.8,-1.0,-2.2,8,2,0,1/616,1/182,1/223
野川,2026-10-03,,10/3 23:31,パチンコ,3225,①Pｽｰﾊﾟｰ海物語IN沖縄6LTP,0126,-2.7,-6.2,6.8,9,4,19,1/520,1/518,1/114
野川,2026-10-03,,10/3 23:31,パチンコ,2808,①Pｽｰﾊﾟｰ海物語沖縄5 夜桜超旋風,0120,4.0,-1.4,-1.5,18,0,4,1/108,1/152,1/140
野川,2026-10-03,,10/3 23:31,パチンコ,2808,①Pｽｰﾊﾟｰ海物語沖縄5 夜桜超旋風,0121,1.1,-0.9,-4.2,14,5,7,1/261,1/172,1/608
野川,2026-10-03,,10/3 23:31,パチンコ,2808,①Pｽｰﾊﾟｰ海物語沖縄5 夜桜超旋風,0122,9.4,10.3,-7.4,49,46,0,1/98,1/15,1/844
野川,2026-10-03,,10/3 23:31,パチンコ,2808,①Pｽｰﾊﾟｰ海物語沖縄5 夜桜超旋風,0123,-1.9,8.7,3.0,0,37,15,1/222,1/36,1/123
野川,2026-10-03,,10/3 23:31,パチンコ,3228,①PｿﾞﾝﾋﾞﾗﾝﾄﾞｻｶﾞSCPC,0138,-0.9,-1.9,-5.1,8,6,24,1/153,1/234,1/127
野川,2026-10-03,,10/3 23:31,パチンコ,3116,①PﾃﾞｼﾞﾊﾈﾓﾝｽﾀｰﾊﾝﾀｰﾗｲｽﾞGSPB,0001,-2.9,-3.0,3.6,14,12,25,1/98,1/180,1/59
野川,2026-10-03,,10/3 23:31,パチンコ,3116,①PﾃﾞｼﾞﾊﾈﾓﾝｽﾀｰﾊﾝﾀｰﾗｲｽﾞGSPB,0061,1.4,-1.1,3.3,19,0,51,1/147,1/118,1/62
野川,2026-10-03,,10/3 23:31,パチンコ,3023,①Pﾄﾞﾗﾑだ!金ﾄﾞﾝ 花火外伝,0073,6.2,-4.2,-6.4,12,0,1,1/130,1/458,1/750
野川,2026-10-03,,10/3 23:31,パチンコ,3147,①Pﾄﾞﾗﾑだ!金ﾄﾞﾝSB,0060,-2.0,1.0,-1.7,1,10,1,1/233,1/47,1/195
野川,2026-10-03,,10/3 23:31,パチンコ,2825,①Pﾌｨｰﾊﾞｰ 機動戦士ｶﾞﾝﾀﾞﾑﾕﾆｺｰﾝ,0105,-1.9,-0.1,-0.2,1,0,2,1/205,1/13,1/167
野川,2026-10-03,,10/3 23:31,パチンコ,2882,①Pﾌｨｰﾊﾞｰかぐや様は告らせたい,0132,-2.6,-4.6,-12.5,0,0,3,1/275,1/482,1/657
野川,2026-10-03,,10/3 23:31,パチンコ,2882,①Pﾌｨｰﾊﾞｰかぐや様は告らせたい,0133,-2.5,-1.7,13.7,11,0,23,1/307,1/165,1/107
野川,2026-10-03,,10/3 23:31,パチンコ,3009,①Pﾌｨｰﾊﾞｰからくりｻｰｶｽ Light ver.,0043,0.3,4.7,4.5,32,46,56,1/186,1/77,1/96
野川,2026-10-03,,10/3 23:31,パチンコ,2972,①Pﾌｨｰﾊﾞｰ三国戦騎7500,0074,-4.3,9.7,-8.7,1,20,2,1/482,1/306,1/459
野川,2026-10-03,,10/3 23:31,パチンコ,3155,①Pﾌｨｰﾊﾞｰ機動戦士ｶﾞﾝﾀﾞﾑﾕﾆｺｰﾝ2S,0111,-14.5,1.6,-2.2,8,12,13,1/1118,1/159,1/395
野川,2026-10-03,,10/3 23:31,パチンコ,2881,①Pﾌｨｰﾊﾞｰ炎炎ﾉ消防隊,0082,0.2,3.8,-1.9,1,9,12,1/62,1/297,1/567
野川,2026-10-03,,10/3 23:31,パチンコ,2881,①Pﾌｨｰﾊﾞｰ炎炎ﾉ消防隊,0083,-0.5,-0.3,-5.1,0,0,3,1/43,1/42,1/733
野川,2026-10-03,,10/3 23:31,パチンコ,3139,①Pﾌｨｰﾊﾞｰ炎炎ﾉ消防隊YR,0037,7.8,5.2,-10.1,29,33,21,1/73,1/102,1/160
野川,2026-10-03,,10/3 23:31,パチンコ,2885,①PﾌｨｰﾊﾞｰｸｨｰﾝⅡ 30thAE,0007,-0.4,0.1,1.5,20,17,38,1/119,1/80,1/105
野川,2026-10-03,,10/3 23:31,パチンコ,2906,①Pﾌｨｰﾊﾞｰﾀﾞﾝﾍﾞﾙ何ｷﾛ持てる?Light,0045,-12.4,-6.2,-7.1,11,20,14,1/182,1/131,1/192
野川,2026-10-03,,10/3 23:31,パチンコ,2942,①Pﾌｨｰﾊﾞｰﾀﾞﾝﾍﾞﾙ何ｷﾛ持てる?Light,0031,-5.1,-1.1,-8.1,4,13,6,1/171,1/130,1/198
野川,2026-10-03,,10/3 23:31,パチンコ,2907,①Pﾌｨｰﾊﾞｰﾏｸﾛｽﾌﾛﾝﾃｨｱ5,0137,3.3,4.8,-3.8,19,21,1,1/220,1/148,1/398
野川,2026-10-03,,10/3 23:31,パチンコ,3141,①Pﾌﾞﾗｯｸﾗｸﾞｰﾝ4GCPA,0041,10.0,-3.5,-1.5,23,2,18,1/62,1/194,1/114
野川,2026-10-03,,10/3 23:31,パチンコ,3043,①Pﾗﾌﾞ嬢　~極嬢のﾊｰﾚﾑ体験~,0075,-1.8,0.5,-2.0,0,2,4,1/199,1/49,1/76
野川,2026-10-03,,10/3 23:31,パチンコ,3043,①Pﾗﾌﾞ嬢　~極嬢のﾊｰﾚﾑ体験~,0117,-0.7,-0.2,1.9,0,0,15,1/66,1/20,1/186
野川,2026-10-03,,10/3 23:31,パチンコ,3106,①Pﾙﾊﾟﾝ三世137YR2,0071,-3.7,-2.1,3.7,8,30,33,1/122,1/68,1/67
野川,2026-10-03,,10/3 23:31,パチンコ,3106,①Pﾙﾊﾟﾝ三世137YR2,0072,4.2,11.9,3.5,36,63,28,1/60,1/48,1/35
野川,2026-10-03,,10/3 23:31,パチンコ,3137,①Pﾙﾊﾟﾝ三世真速9YS1Y,0068,-3.8,0.2,-4.7,36,33,46,1/113,1/54,1/114
野川,2026-10-03,,10/3 23:31,パチンコ,2717,①宇宙戦艦ﾔﾏﾄ2202bH,0035,-2.8,4.4,-5.6,17,59,18,1/255,1/56,1/114
野川,2026-10-03,,10/3 23:31,パチンコ,2727,①ｻﾗﾘｰﾏﾝ金太郎FMY,0109,-4.9,4.8,0.2,13,16,19,1/323,1/140,1/140
野川,2026-10-03,,10/3 23:31,パチンコ,2966,①ﾃﾞｼﾞﾊﾈP聖戦士ﾀﾞﾝﾊﾞｲﾝ2,0033,-0.5,-2.5,-3.7,25,4,45,1/64,1/135,1/102
野川,2026-10-03,,10/3 23:31,パチンコ,2966,①ﾃﾞｼﾞﾊﾈP聖戦士ﾀﾞﾝﾊﾞｲﾝ2,0070,0.7,-0.2,1.5,8,12,30,1/29,1/72,1/96
野川,2026-10-03,,10/3 23:31,パチンコ,3087,ﾃﾞｶｽﾀe花の慶次~傾奇一転H6,0400,-0.6,-0.6,-0.3,0,0,0,1/128,1/105,1/44
野川,2026-10-03,,10/3 23:31,パチンコ,3087,ﾃﾞｶｽﾀe花の慶次~傾奇一転H6,0401,-0.8,-0.1,15.5,0,1,20,1/123,1/103,1/89
野川,2026-10-03,,10/3 23:31,パチンコ,3055,ﾃﾞｼﾞﾊﾈP北斗の拳 慈母,0206,-1.7,-0.6,2.1,8,3,18,1/81,1/124,1/36
野川,2026-10-03,,10/3 23:31,パチンコ,3055,ﾃﾞｼﾞﾊﾈP北斗の拳 慈母,0207,0.7,-0.4,0.1,8,0,4,1/41,1/36,1/50
野川,2026-10-03,,10/3 23:31,スロット,3085,L ToLOVEるﾀﾞｰｸﾈｽ TRANCE ver.8.7,0687,-0.7,-1.0,-3.5,6,13,12,1/204,1/177,1/286
野川,2026-10-03,,10/3 23:31,スロット,3011,L にゃんこ大戦争 超神速,0685,0.3,-1.3,-1.2,10,3,21,1/81,1/370,1/121
野川,2026-10-03,,10/3 23:31,スロット,3018,L 東京喰種,0501,-0.4,-0.1,6.6,2,9,51,1/403,1/119,1/41
野川,2026-10-03,,10/3 23:31,スロット,3018,L 東京喰種,0502,-0.2,-1.0,2.5,39,3,18,1/135,1/325,1/95
野川,2026-10-03,,10/3 23:31,スロット,3018,L 東京喰種,0503,0.5,1.9,1.4,21,30,25,1/118,1/124,1/136
野川,2026-10-03,,10/3 23:31,スロット,3018,L 東京喰種,0504,-1.2,1.6,-2.6,15,46,21,1/176,1/103,1/204
野川,2026-10-03,,10/3 23:31,スロット,3018,L 東京喰種,0505,-0.8,-0.7,-0.3,4,1,13,1/220,1/564,1/184
野川,2026-10-03,,10/3 23:31,スロット,3018,L 東京喰種,0506,2.7,-4.2,-0.4,17,24,9,1/88,1/218,1/160
野川,2026-10-03,,10/3 23:31,スロット,3018,L 東京喰種,0507,-1.9,0.1,-1.8,15,18,11,1/197,1/125,1/261
野川,2026-10-03,,10/3 23:31,スロット,3018,L 東京喰種,0508,1.4,-0.3,-2.3,30,4,12,1/103,1/140,1/239
野川,2026-10-03,,10/3 23:31,スロット,3018,L 東京喰種,0509,0.6,-2.6,13.5,13,11,54,1/113,1/272,1/23
野川,2026-10-03,,10/3 23:31,スロット,3018,L 東京喰種,0510,-2.0,-1.5,-0.6,9,4,2,1/235,1/358,1/337
野川,2026-10-03,,10/3 23:31,スロット,3018,L 東京喰種,0511,-4.4,-4.6,6.4,9,31,35,1/452,1/213,1/60
野川,2026-10-03,,10/3 23:31,スロット,3172,L 甲鉄城のｶﾊﾞﾈﾘ 海門決戦 XX,0581,2.4,-0.6,-2.3,59,3,41,1/62,1/193,1/140
野川,2026-10-03,,10/3 23:31,スロット,3172,L 甲鉄城のｶﾊﾞﾈﾘ 海門決戦 XX,0582,-2.1,-1.4,-1.8,8,6,9,1/244,1/206,1/210
野川,2026-10-03,,10/3 23:31,スロット,3172,L 甲鉄城のｶﾊﾞﾈﾘ 海門決戦 XX,0583,0.4,-0.3,-4.7,45,8,35,1/84,1/120,1/172
野川,2026-10-03,,10/3 23:31,スロット,3172,L 甲鉄城のｶﾊﾞﾈﾘ 海門決戦 XX,0584,-0.9,0.6,-0.3,22,27,10,1/107,1/71,1/109
野川,2026-10-03,,10/3 23:31,スロット,3172,L 甲鉄城のｶﾊﾞﾈﾘ 海門決戦 XX,0585,0.0,0.0,-0.3,11,15,36,1/73,1/84,1/116
野川,2026-10-03,,10/3 23:31,スロット,3172,L 甲鉄城のｶﾊﾞﾈﾘ 海門決戦 XX,0586,-0.2,0.1,-0.9,3,4,3,1/144,1/78,1/327
野川,2026-10-03,,10/3 23:31,スロット,3172,L 甲鉄城のｶﾊﾞﾈﾘ 海門決戦 XX,0587,-0.1,-1.6,-2.8,16,7,52,1/95,1/230,1/129
野川,2026-10-03,,10/3 23:31,スロット,3172,L 甲鉄城のｶﾊﾞﾈﾘ 海門決戦 XX,0588,-0.9,-0.1,1.0,5,5,37,1/192,1/121,1/71
野川,2026-10-03,,10/3 23:31,スロット,3172,L 甲鉄城のｶﾊﾞﾈﾘ 海門決戦 XX,0589,-3.8,0.1,1.2,21,2,69,1/191,1/98,1/68
野川,2026-10-03,,10/3 23:31,スロット,3172,L 甲鉄城のｶﾊﾞﾈﾘ 海門決戦 XX,0590,-1.3,-1.2,-0.3,8,22,38,1/156,1/127,1/144
野川,2026-10-03,,10/3 23:31,スロット,3172,L 甲鉄城のｶﾊﾞﾈﾘ 海門決戦 XX,0591,5.3,4.2,-0.4,79,34,17,1/59,1/42,1/120
野川,2026-10-03,,10/3 23:31,スロット,3172,L 甲鉄城のｶﾊﾞﾈﾘ 海門決戦 XX,0592,0.1,0.0,-1.0,8,3,43,1/87,1/89,1/105
野川,2026-10-03,,10/3 23:31,スロット,3172,L 甲鉄城のｶﾊﾞﾈﾘ 海門決戦 XX,0593,-1.2,-1.5,3.9,8,10,59,1/186,1/176,1/73
野川,2026-10-03,,10/3 23:31,スロット,3172,L 甲鉄城のｶﾊﾞﾈﾘ 海門決戦 XX,0594,-0.7,-0.9,-2.0,12,27,32,1/134,1/111,1/120
野川,2026-10-03,,10/3 23:31,スロット,3172,L 甲鉄城のｶﾊﾞﾈﾘ 海門決戦 XX,0595,-0.4,1.0,-2.0,14,29,16,1/116,1/66,1/161
野川,2026-10-03,,10/3 23:31,スロット,3091,L 転生したら剣でしたGT,0686,-0.6,0.5,-0.8,1,13,3,1/688,1/62,1/300
野川,2026-10-03,,10/3 23:31,スロット,3089,L ｱｽﾞｰﾙﾚｰﾝ THE ANIMATION　KN,0563,-1.1,-1.1,0.0,2,7,19,1/435,1/170,1/78
野川,2026-10-03,,10/3 23:31,スロット,3089,L ｱｽﾞｰﾙﾚｰﾝ THE ANIMATION　KN,0564,0.4,-0.5,-2.7,26,3,9,1/67,1/267,1/282
野川,2026-10-03,,10/3 23:31,スロット,3089,L ｱｽﾞｰﾙﾚｰﾝ THE ANIMATION　KN,0565,0.0,0.0,0.5,0,0,5,,1/39,1/9
野川,2026-10-03,,10/3 23:31,スロット,3089,L ｱｽﾞｰﾙﾚｰﾝ THE ANIMATION　KN,0566,0.0,-0.2,-0.9,0,8,3,,1/81,1/280
野川,2026-10-03,,10/3 23:31,スロット,3244,L ｽﾏｽﾛ ﾘｺﾘｽ･ﾘｺｲﾙ KX,0637,-1.3,0.1,0.7,19,62,96,1/118,1/104,1/92
野川,2026-10-03,,10/3 23:31,スロット,3244,L ｽﾏｽﾛ ﾘｺﾘｽ･ﾘｺｲﾙ KX,0638,-3.6,-1.0,0.9,53,68,90,1/128,1/104,1/96
野川,2026-10-03,,10/3 23:31,スロット,3244,L ｽﾏｽﾛ ﾘｺﾘｽ･ﾘｺｲﾙ KX,0639,-0.7,2.6,3.4,44,78,78,1/83,1/90,1/92
野川,2026-10-03,,10/3 23:31,スロット,3244,L ｽﾏｽﾛ ﾘｺﾘｽ･ﾘｺｲﾙ KX,0640,6.5,-1.7,-5.7,97,33,49,1/81,1/99,1/148
野川,2026-10-03,,10/3 23:31,スロット,3244,L ｽﾏｽﾛ ﾘｺﾘｽ･ﾘｺｲﾙ KX,0641,-2.1,-0.5,0.5,27,74,93,1/133,1/98,1/92
野川,2026-10-03,,10/3 23:31,スロット,3244,L ｽﾏｽﾛ ﾘｺﾘｽ･ﾘｺｲﾙ KX,0642,4.9,0.1,-5.6,96,66,55,1/74,1/90,1/142
野川,2026-10-03,,10/3 23:31,スロット,3244,L ｽﾏｽﾛ ﾘｺﾘｽ･ﾘｺｲﾙ KX,0643,1.1,-1.0,-1.4,66,42,92,1/96,1/108,1/108
野川,2026-10-03,,10/3 23:31,スロット,3244,L ｽﾏｽﾛ ﾘｺﾘｽ･ﾘｺｲﾙ KX,0644,1.4,-0.1,3.1,37,59,107,1/84,1/107,1/95
野川,2026-10-03,,10/3 23:31,スロット,3247,L ﾚﾝﾀﾙ彼女 BK,0576,-1.9,4.8,0.3,26,50,28,1/147,1/37,1/125
野川,2026-10-03,,10/3 23:31,スロット,3247,L ﾚﾝﾀﾙ彼女 BK,0577,-3.3,-0.6,3.0,15,26,64,1/249,1/127,1/81
野川,2026-10-03,,10/3 23:31,スロット,3151,L/スマスロ秘宝伝/PA7,0572,1.2,0.3,6.9,13,6,36,1/150,1/136,1/74
野川,2026-10-03,,10/3 23:31,スロット,3151,L/スマスロ秘宝伝/PA7,0573,-0.9,-0.5,0.3,1,3,10,1/694,1/235,1/183
野川,2026-10-03,,10/3 23:31,スロット,3207,L/ｿｰﾄﾞｱｰﾄ・ｵﾝﾗｲﾝⅡ/PA,0578,9.6,-1.8,-2.2,65,17,65,1/98,1/132,1/99
野川,2026-10-03,,10/3 23:31,スロット,3207,L/ｿｰﾄﾞｱｰﾄ・ｵﾝﾗｲﾝⅡ/PA,0579,7.5,6.1,2.7,38,71,47,1/96,1/96,1/126
野川,2026-10-03,,10/3 23:31,スロット,3207,L/ｿｰﾄﾞｱｰﾄ・ｵﾝﾗｲﾝⅡ/PA,0580,6.4,5.2,10.7,43,48,77,1/115,1/87,1/120
野川,2026-10-03,,10/3 23:31,スロット,3168,L/ﾊﾅﾋﾞ/KM,0655,-0.6,-0.4,-0.5,0,1,3,1/419,1/578,1/420
野川,2026-10-03,,10/3 23:31,スロット,3168,L/ﾊﾅﾋﾞ/KM,0656,0.4,-0.2,1.0,5,5,7,1/172,1/348,1/144
野川,2026-10-03,,10/3 23:31,スロット,3168,L/ﾊﾅﾋﾞ/KM,0657,1.2,-0.1,0.6,9,2,14,1/203,1/356,1/236
野川,2026-10-03,,10/3 23:31,スロット,3168,L/ﾊﾅﾋﾞ/KM,0658,-1.1,-0.5,0.2,3,10,11,1/603,1/314,1/316
野川,2026-10-03,,10/3 23:31,スロット,3173,LB/ｽﾏｽﾛｻﾝﾀﾞｰVHA,0654,2.1,0.9,2.7,23,27,31,1/230,1/248,1/236
野川,2026-10-03,,10/3 23:31,スロット,3245,LB/ﾀｺｽﾛBD,0663,0.6,-1.4,-2.5,16,4,8,1/346,1/643,1/632
野川,2026-10-03,,10/3 23:31,スロット,3083,LBAREX BRIGHTBA,0653,-0.5,0.3,0.0,5,3,21,1/425,1/279,1/339
野川,2026-10-03,,10/3 23:31,スロット,3184,LB不二子M2,0659,-0.5,-0.3,-0.5,3,8,5,1/271,1/201,1/340
野川,2026-10-03,,10/3 23:31,スロット,3183,LB異世界かるてっとKR,0660,-2.0,0.1,-1.4,9,7,48,1/275,1/157,1/166
野川,2026-10-03,,10/3 23:31,スロット,3185,LB／ｼｪｲｸﾎﾞｰﾅｽﾄﾘｶﾞｰ／A1,0661,0.3,0.2,-0.7,7,5,7,1/281,1/405,1/394
野川,2026-10-03,,10/3 23:31,スロット,3223,LBｹﾛｯﾄ5NDO5H,0662,-0.1,-0.9,-1.7,8,5,4,1/247,1/470,1/572
野川,2026-10-03,,10/3 23:31,スロット,3060,Lいざ!番長,0601,0.6,0.3,4.2,32,27,47,1/117,1/110,1/96
野川,2026-10-03,,10/3 23:31,スロット,3060,Lいざ!番長,0602,-2.7,8.0,1.5,24,61,66,1/148,1/84,1/85
野川,2026-10-03,,10/3 23:31,スロット,3060,Lいざ!番長,0603,-2.4,-3.8,-3.6,29,11,44,1/144,1/309,1/154
野川,2026-10-03,,10/3 23:31,スロット,3221,Lからくりｻｰｶｽ2jG,0614,0.0,-0.1,2.2,0,51,31,,1/75,1/42
野川,2026-10-03,,10/3 23:31,スロット,3221,Lからくりｻｰｶｽ2jG,0615,0.1,-0.2,-0.9,2,13,4,1/25,1/93,1/210
野川,2026-10-03,,10/3 23:31,スロット,3221,Lからくりｻｰｶｽ2jG,0616,-1.3,-0.2,-0.8,14,10,15,1/125,1/82,1/129
野川,2026-10-03,,10/3 23:31,スロット,3221,Lからくりｻｰｶｽ2jG,0617,-1.3,-0.6,-1.5,3,16,5,1/370,1/129,1/256
野川,2026-10-03,,10/3 23:31,スロット,2708,LからくりｻｰｶｽG,0676,-0.2,-0.2,-2.4,0,0,3,1/90,1/86,1/598
野川,2026-10-03,,10/3 23:31,スロット,3238,Lとある魔術の禁書目録2FA,0567,-1.2,2.7,-3.5,3,20,28,1/346,1/125,1/236
野川,2026-10-03,,10/3 23:31,スロット,3238,Lとある魔術の禁書目録2FA,0568,-0.2,0.2,-2.2,4,5,5,1/191,1/150,1/402
野川,2026-10-03,,10/3 23:31,スロット,3238,Lとある魔術の禁書目録2FA,0569,-2.1,10.2,-2.8,4,46,32,1/417,1/69,1/198
野川,2026-10-03,,10/3 23:31,スロット,3236,Lやじきた道中記参る!BG,0667,-1.6,-1.1,-2.3,7,9,4,1/482,1/462,1/651
野川,2026-10-03,,10/3 23:31,スロット,3114,L主役は銭形5L2,0541,-2.6,1.4,-2.6,6,16,6,1/357,1/132,1/375
野川,2026-10-03,,10/3 23:31,スロット,3114,L主役は銭形5L2,0542,-2.1,-1.6,-2.1,12,8,10,1/230,1/245,1/344
野川,2026-10-03,,10/3 23:31,スロット,3160,L北斗の拳 転生の章2MW,0629,-1.6,-0.3,-1.2,68,5,60,1/100,1/122,1/103
野川,2026-10-03,,10/3 23:31,スロット,3160,L北斗の拳 転生の章2MW,0630,-0.8,-0.4,-3.3,7,2,19,1/159,1/213,1/205
野川,2026-10-03,,10/3 23:31,スロット,3160,L北斗の拳 転生の章2MW,0631,0.6,0.3,-2.7,18,20,47,1/54,1/83,1/120
野川,2026-10-03,,10/3 23:31,スロット,3160,L北斗の拳 転生の章2MW,0632,-0.2,0.3,0.2,19,12,25,1/83,1/80,1/77
野川,2026-10-03,,10/3 23:31,スロット,3160,L北斗の拳 転生の章2MW,0633,0.5,-0.9,13.5,10,2,134,1/55,1/369,1/28
野川,2026-10-03,,10/3 23:31,スロット,3160,L北斗の拳 転生の章2MW,0634,-1.3,-2.0,-3.3,11,23,11,1/156,1/145,1/272
野川,2026-10-03,,10/3 23:31,スロット,3160,L北斗の拳 転生の章2MW,0635,3.8,0.6,0.4,43,15,23,1/29,1/67,1/82
野川,2026-10-03,,10/3 23:31,スロット,3160,L北斗の拳 転生の章2MW,0636,-2.1,-1.6,0.6,32,17,57,1/134,1/151,1/84
野川,2026-10-03,,10/3 23:31,スロット,3090,L咲-Saki- 頂上決戦YR,0684,-0.2,-1.4,-0.3,16,20,2,1/76,1/116,1/157
野川,2026-10-03,,10/3 23:31,スロット,3029,L回胴黙示録ｶｲｼﾞ 狂宴,0683,0.9,1.3,8.2,5,13,65,1/146,1/112,1/105
野川,2026-10-03,,10/3 23:31,スロット,2767,L戦国乙女4 戦乱に閃く炯眼の軍師,0543,-2.3,-1.3,1.9,14,10,32,1/242,1/234,1/171
野川,2026-10-03,,10/3 23:31,スロット,2767,L戦国乙女4 戦乱に閃く炯眼の軍師,0544,-1.8,3.0,0.9,2,16,19,1/718,1/190,1/158
野川,2026-10-03,,10/3 23:31,スロット,3205,L戦国乙女5L8,0560,0.6,4.6,-2.9,38,60,56,1/79,1/58,1/111
野川,2026-10-03,,10/3 23:31,スロット,3205,L戦国乙女5L8,0561,-1.2,-1.9,1.9,49,29,70,1/105,1/124,1/79
野川,2026-10-03,,10/3 23:31,スロット,3205,L戦国乙女5L8,0562,-2.1,-5.7,-1.5,26,47,52,1/145,1/161,1/102
野川,2026-10-03,,10/3 23:31,スロット,3224,L戦国ｺﾚｸｼｮﾝ6KS,0677,-2.3,-2.0,-1.4,30,20,22,1/168,1/165,1/185
野川,2026-10-03,,10/3 23:31,スロット,3165,L攻殻機動隊 ZS,0668,-2.3,0.0,6.4,22,18,50,1/172,1/175,1/104
野川,2026-10-03,,10/3 23:31,スロット,3113,L新鬼武者3SA,0596,-1.3,5.8,0.5,2,35,21,1/519,1/18,1/150
野川,2026-10-03,,10/3 23:31,スロット,3113,L新鬼武者3SA,0597,-0.2,-1.2,-1.0,6,17,4,1/93,1/128,1/258
野川,2026-10-03,,10/3 23:31,スロット,3113,L新鬼武者3SA,0598,-1.0,-1.4,3.3,1,3,22,1/696,1/348,1/40
野川,2026-10-03,,10/3 23:31,スロット,3113,L新鬼武者3SA,0599,0.5,1.1,-0.1,19,22,19,1/45,1/82,1/113
野川,2026-10-03,,10/3 23:31,スロット,3113,L新鬼武者3SA,0600,-0.8,-0.6,-2.2,9,1,21,1/123,1/447,1/155
野川,2026-10-03,,10/3 23:31,スロット,3167,L炎炎ﾉ消防隊2,0612,-0.6,-1.6,0.5,10,3,33,1/171,1/557,1/148
野川,2026-10-03,,10/3 23:31,スロット,3167,L炎炎ﾉ消防隊2,0613,5.7,0.1,7.0,30,6,39,1/76,1/129,1/86
野川,2026-10-03,,10/3 23:31,スロット,3152,L無職転生 異世界行ったら本気だす,0679,6.8,-2.7,-0.6,86,28,6,1/35,1/166,1/140
野川,2026-10-03,,10/3 23:31,スロット,3166,L範馬刃牙L5,0681,-0.2,0.0,-0.3,9,0,1,1/114,,1/246
野川,2026-10-03,,10/3 23:31,スロット,3237,L邪神ちゃんﾄﾞﾛｯﾌﾟｷｯｸTX,0672,-2.9,-2.6,4.3,15,15,27,1/328,1/270,1/309
野川,2026-10-03,,10/3 23:31,スロット,3161,L鉄拳6YDO1H,0555,1.4,-0.3,-1.1,10,2,20,1/120,1/361,1/158
野川,2026-10-03,,10/3 23:31,スロット,3161,L鉄拳6YDO1H,0556,0.0,4.6,-1.4,0,14,6,,1/100,1/218
野川,2026-10-03,,10/3 23:31,スロット,3161,L鉄拳6YDO1H,0557,-1.5,-1.3,-1.7,5,4,6,1/285,1/277,1/277
野川,2026-10-03,,10/3 23:31,スロット,3161,L鉄拳6YDO1H,0558,-1.5,-2.1,-2.4,8,6,5,1/222,1/296,1/417
野川,2026-10-03,,10/3 23:31,スロット,3161,L鉄拳6YDO1H,0559,1.4,-0.6,-1.3,17,4,9,1/107,1/206,1/223
野川,2026-10-03,,10/3 23:31,スロット,3246,L青春ﾌﾞﾀ野郎L1,0574,-4.2,-0.8,-3.1,29,38,40,1/190,1/118,1/158
野川,2026-10-03,,10/3 23:31,スロット,3246,L青春ﾌﾞﾀ野郎L1,0575,6.3,-2.5,4.1,52,23,54,1/80,1/149,1/102
野川,2026-10-03,,10/3 23:31,スロット,3128,L革命機ｳﾞｧﾙｳﾞﾚｲｳﾞ2jF,0539,3.1,0.7,-2.0,45,13,10,1/45,1/127,1/199
野川,2026-10-03,,10/3 23:31,スロット,3128,L革命機ｳﾞｧﾙｳﾞﾚｲｳﾞ2jF,0540,-1.6,6.1,-1.5,7,67,25,1/261,1/34,1/152
野川,2026-10-03,,10/3 23:31,スロット,3186,L／SHAMANKING／SS,0664,0.0,2.6,5.0,0,8,8,,1/103,1/102
野川,2026-10-03,,10/3 23:31,スロット,3162,L／オキドキデュオ2／FR,0670,0.1,-0.4,0.3,5,5,9,1/122,1/171,1/97
野川,2026-10-03,,10/3 23:31,スロット,3190,L／ミリオンゴッド／CX,0531,-1.0,-3.3,-4.3,8,0,0,1/596,1/3407,1/7474
野川,2026-10-03,,10/3 23:31,スロット,3190,L／ミリオンゴッド／CX,0532,-1.2,-1.6,-0.1,0,0,0,1/2282,1/1723,1/6007
野川,2026-10-03,,10/3 23:31,スロット,3190,L／ミリオンゴッド／CX,0533,-0.2,0.1,-2.7,0,0,4,1/658,1/2627,1/1708
野川,2026-10-03,,10/3 23:31,スロット,3190,L／ミリオンゴッド／CX,0534,0.5,-0.5,-3.6,0,0,0,1/1284,1/768,1/6368
野川,2026-10-03,,10/3 23:31,スロット,3190,L／ミリオンゴッド／CX,0535,0.7,-2.4,-5.1,0,0,0,1/1389,1/3149,1/7579
野川,2026-10-03,,10/3 23:31,スロット,3180,L／真打吉宗／A1,0678,-0.6,-2.7,-0.3,51,35,49,1/87,1/127,1/86
野川,2026-10-03,,10/3 23:31,スロット,3182,LｱｸﾀﾞﾏﾄﾞﾗｲﾌﾞTP,0674,0.6,-1.0,-0.8,5,6,1,1/234,1/301,1/785
野川,2026-10-03,,10/3 23:31,スロット,3103,Lｸﾚｱの秘宝伝 ﾎﾞｰﾅｽﾄﾘｶﾞｰver./A2,0652,-0.2,-0.5,-0.9,6,4,7,1/277,1/321,1/321
野川,2026-10-03,,10/3 23:31,スロット,3164,LｺﾞﾌﾞﾘﾝｽﾚｲﾔｰⅡJZ,0682,-2.0,0.3,1.8,2,3,23,1/707,1/73,1/108
野川,2026-10-03,,10/3 23:31,スロット,3196,Lｽｰﾊﾟｰﾘｵｴｰｽ2NDO2H,0545,6.6,-2.5,2.5,29,12,26,1/85,1/239,1/75
野川,2026-10-03,,10/3 23:31,スロット,3196,Lｽｰﾊﾟｰﾘｵｴｰｽ2NDO2H,0546,-1.3,-2.1,5.4,13,9,43,1/177,1/226,1/127
野川,2026-10-03,,10/3 23:31,スロット,3235,Lｽﾄﾘｰﾄﾌｧｲﾀｰ6SB,0665,3.3,1.2,4.8,40,18,32,1/79,1/106,1/80
野川,2026-10-03,,10/3 23:31,スロット,3150,Lｽﾏｽﾛ 化物語KH,0536,0.8,-1.1,-3.4,10,2,40,1/58,1/397,1/142
野川,2026-10-03,,10/3 23:31,スロット,3150,Lｽﾏｽﾛ 化物語KH,0537,-0.6,-0.8,-1.4,1,3,7,1/454,1/256,1/233
野川,2026-10-03,,10/3 23:31,スロット,3150,Lｽﾏｽﾛ 化物語KH,0538,2.2,1.9,-1.2,22,19,23,1/60,1/58,1/131
野川,2026-10-03,,10/3 23:31,スロット,3105,Lｽﾏｽﾛ 東京ﾘﾍﾞﾝｼﾞｬｰｽﾞZF,0610,-1.3,0.1,0.8,10,7,40,1/275,1/172,1/158
野川,2026-10-03,,10/3 23:31,スロット,3105,Lｽﾏｽﾛ 東京ﾘﾍﾞﾝｼﾞｬｰｽﾞZF,0611,-0.6,5.1,-0.7,5,23,20,1/351,1/115,1/235
野川,2026-10-03,,10/3 23:31,スロット,3193,LﾀｸﾄｵｰﾊﾟｽM1,0673,-0.9,-0.6,2.1,3,1,17,1/285,1/667,1/88
野川,2026-10-03,,10/3 23:31,スロット,3206,LﾊﾞｰﾃﾞｨｰｳｲﾝｸﾞBC,0675,-1.6,1.3,0.0,21,30,17,1/102,1/73,1/74
野川,2026-10-03,,10/3 23:31,スロット,3028,Lﾊﾞｲｵﾊｻﾞｰﾄﾞ5,0570,-0.1,-0.2,-0.2,0,0,0,1/65,1/143,1/185
野川,2026-10-03,,10/3 23:31,スロット,3028,Lﾊﾞｲｵﾊｻﾞｰﾄﾞ5,0571,-0.2,-0.1,0.1,1,0,2,1/413,1/118,1/173
野川,2026-10-03,,10/3 23:31,スロット,3195,LﾊﾞｲｵﾊｻﾞｰﾄﾞRE:3 ZD,0604,0.0,-0.4,-0.6,0,3,5,,1/141,1/141
野川,2026-10-03,,10/3 23:31,スロット,3195,LﾊﾞｲｵﾊｻﾞｰﾄﾞRE:3 ZD,0605,-3.2,0.2,6.8,7,6,52,1/352,1/63,1/29
野川,2026-10-03,,10/3 23:31,スロット,3195,LﾊﾞｲｵﾊｻﾞｰﾄﾞRE:3 ZD,0606,0.0,2.3,-1.0,0,29,1,,1/38,1/689
野川,2026-10-03,,10/3 23:31,スロット,2952,Lﾊﾟﾁｽﾛ かぐや様は告らせたい,0547,1.4,-0.1,5.3,11,0,44,1/120,1/89,1/123
野川,2026-10-03,,10/3 23:31,スロット,2952,Lﾊﾟﾁｽﾛ かぐや様は告らせたい,0548,-0.6,0.3,-0.9,2,11,0,1/374,1/150,1/673
野川,2026-10-03,,10/3 23:31,スロット,2952,Lﾊﾟﾁｽﾛ かぐや様は告らせたい,0549,-0.2,0.0,-1.5,9,0,4,1/177,,1/469
野川,2026-10-03,,10/3 23:31,スロット,2952,Lﾊﾟﾁｽﾛ かぐや様は告らせたい,0550,0.1,-0.4,3.0,4,5,20,1/197,1/265,1/101
野川,2026-10-03,,10/3 23:31,スロット,2892,Lﾊﾟﾁｽﾛ 炎炎ﾉ消防隊,0694,-0.5,0.0,0.0,0,9,5,1/540,1/159,1/153
野川,2026-10-03,,10/3 23:31,スロット,2892,Lﾊﾟﾁｽﾛ 炎炎ﾉ消防隊,0695,-0.2,-0.9,-1.2,0,3,15,1/122,1/324,1/184
野川,2026-10-03,,10/3 23:31,スロット,2682,Lﾊﾟﾁｽﾛ北斗の拳AD　XR,0618,-0.9,-0.2,-2.3,14,26,28,1/145,1/105,1/156
野川,2026-10-03,,10/3 23:31,スロット,2682,Lﾊﾟﾁｽﾛ北斗の拳AD　XR,0619,0.5,0.2,1.8,18,12,81,1/68,1/66,1/77
野川,2026-10-03,,10/3 23:31,スロット,2682,Lﾊﾟﾁｽﾛ北斗の拳AD　XR,0620,1.3,-0.2,-0.7,18,11,46,1/38,1/107,1/106
野川,2026-10-03,,10/3 23:31,スロット,2682,Lﾊﾟﾁｽﾛ北斗の拳AD　XR,0621,-1.3,-0.2,-1.1,21,24,18,1/141,1/100,1/143
野川,2026-10-03,,10/3 23:31,スロット,2682,Lﾊﾟﾁｽﾛ北斗の拳AD　XR,0622,-0.5,-0.4,5.6,9,18,92,1/118,1/115,1/59
野川,2026-10-03,,10/3 23:31,スロット,2682,Lﾊﾟﾁｽﾛ北斗の拳AD　XR,0623,-0.6,0.5,-0.2,1,16,48,1/530,1/64,1/105
野川,2026-10-03,,10/3 23:31,スロット,2682,Lﾊﾟﾁｽﾛ北斗の拳AD　XR,0624,0.4,-0.8,-1.5,49,21,30,1/96,1/115,1/127
野川,2026-10-03,,10/3 23:31,スロット,2682,Lﾊﾟﾁｽﾛ北斗の拳AD　XR,0625,-0.6,-0.5,-1.2,2,9,35,1/340,1/135,1/109
野川,2026-10-03,,10/3 23:31,スロット,2682,Lﾊﾟﾁｽﾛ北斗の拳AD　XR,0626,2.7,-1.2,2.7,57,1,88,1/51,1/965,1/74
野川,2026-10-03,,10/3 23:31,スロット,2682,Lﾊﾟﾁｽﾛ北斗の拳AD　XR,0627,-0.1,0.1,11.8,3,15,133,1/137,1/92,1/34
野川,2026-10-03,,10/3 23:31,スロット,2682,Lﾊﾟﾁｽﾛ北斗の拳AD　XR,0628,-1.4,-1.3,1.8,11,8,52,1/210,1/219,1/63
野川,2026-10-03,,10/3 23:31,スロット,3194,Lﾋﾞｯｸﾞﾄﾞﾘｰﾑ KR,0607,0.0,3.3,-1.6,0,47,12,,1/40,1/142
野川,2026-10-03,,10/3 23:31,スロット,3194,Lﾋﾞｯｸﾞﾄﾞﾘｰﾑ KR,0608,0.0,-1.1,-1.5,0,3,14,,1/279,1/142
野川,2026-10-03,,10/3 23:31,スロット,3194,Lﾋﾞｯｸﾞﾄﾞﾘｰﾑ KR,0609,0.0,-0.2,-1.0,0,0,0,,1/122,1/587
野川,2026-10-03,,10/3 23:31,スロット,3036,Lﾏｷﾞｱﾚｺｰﾄﾞ まどマギ外伝,0696,1.1,0.0,-1.7,1,0,5,1/205,,1/323
野川,2026-10-03,,10/3 23:31,スロット,3036,Lﾏｷﾞｱﾚｺｰﾄﾞ まどマギ外伝,0697,0.0,1.4,3.3,0,15,9,,1/197,1/273
野川,2026-10-03,,10/3 23:31,スロット,3036,Lﾏｷﾞｱﾚｺｰﾄﾞ まどマギ外伝,0698,0.0,0.0,-1.6,0,0,14,,,1/214
野川,2026-10-03,,10/3 23:31,スロット,3036,Lﾏｷﾞｱﾚｺｰﾄﾞ まどマギ外伝,0699,0.0,-1.1,-0.2,0,3,3,,1/355,1/280
野川,2026-10-03,,10/3 23:31,スロット,3036,Lﾏｷﾞｱﾚｺｰﾄﾞ まどマギ外伝,0700,2.1,-1.3,-3.6,7,4,14,1/235,1/246,1/276
野川,2026-10-03,,10/3 23:31,スロット,3222,LﾔﾊﾞﾁﾊﾞZM,0669,4.5,-1.8,3.8,15,6,10,1/151,1/287,1/132
野川,2026-10-03,,10/3 23:31,スロット,2984,Lﾙﾊﾟﾝ三世 大航海者の秘宝,0688,-1.3,1.0,0.7,2,14,7,1/512,1/109,1/125
野川,2026-10-03,,10/3 23:31,スロット,2510,Sこの素晴らしい世界に祝福を！ZR,0516,0.6,-0.4,-0.8,16,7,44,1/24,1/75,1/62
野川,2026-10-03,,10/3 23:31,スロット,2678,SキングハナハナSP-30,0518,-0.3,-0.6,-1.1,12,4,1,1/276,1/286,1/1242
野川,2026-10-03,,10/3 23:31,スロット,2678,SキングハナハナSP-30,0519,0.1,-0.4,-0.3,8,3,10,1/216,1/406,1/260
野川,2026-10-03,,10/3 23:31,スロット,2595,SバイオハザードRE：２ XB,0514,0.0,0.0,0.0,0,0,0,,,
野川,2026-10-03,,10/3 23:31,スロット,2494,S押忍！番長ZERO PC1,0512,0.6,-0.5,-0.1,22,3,60,1/62,1/194,1/83
野川,2026-10-03,,10/3 23:31,スロット,2554,S甲鉄城のカバネリ ZR,0513,-0.4,-0.6,-1.5,2,6,54,1/209,1/169,1/116
野川,2026-10-03,,10/3 23:31,スロット,2799,Sｴｳﾚｶｾﾌﾞﾝ ﾊｲｴﾎﾞｾﾞﾛ TYPE-ART,0515,1.1,-0.3,0.4,12,1,35,1/222,1/529,1/201
野川,2026-10-03,,10/3 23:31,スロット,3111,SﾈｵｱｲﾑｼﾞｬｸﾞﾗｰEX-KK,0362,2.3,-0.8,-1.3,27,3,19,1/193,1/386,1/349
野川,2026-10-03,,10/3 23:31,スロット,3111,SﾈｵｱｲﾑｼﾞｬｸﾞﾗｰEX-KK,0414,0.0,-0.3,-0.8,8,17,17,1/212,1/273,1/296
野川,2026-10-03,,10/3 23:31,スロット,3111,SﾈｵｱｲﾑｼﾞｬｸﾞﾗｰEX-KK,0426,-0.2,-0.2,1.1,9,2,28,1/255,1/263,1/251
野川,2026-10-03,,10/3 23:31,スロット,3111,SﾈｵｱｲﾑｼﾞｬｸﾞﾗｰEX-KK,0442,-0.7,0.7,0.6,1,27,13,1/724,1/224,1/202
野川,2026-10-03,,10/3 23:31,スロット,3111,SﾈｵｱｲﾑｼﾞｬｸﾞﾗｰEX-KK,0483,-0.6,-1.5,-1.8,2,20,8,1/492,1/357,1/484
野川,2026-10-03,,10/3 23:31,スロット,3111,SﾈｵｱｲﾑｼﾞｬｸﾞﾗｰEX-KK,0498,-0.4,-0.6,1.6,3,6,21,1/317,1/378,1/208
野川,2026-10-03,,10/3 23:31,スロット,3054,七つの魔剣が支配する,0666,7.7,-0.2,1.5,45,3,28,1/10,1/99,1/33
野川,2026-10-03,,10/3 23:31,スロット,2617,各　SハッピージャグラーVⅢEA,0360,-0.4,0.0,-0.7,0,9,10,1/529,1/256,1/338
野川,2026-10-03,,10/3 23:31,スロット,2617,各　SハッピージャグラーVⅢEA,0370,1.2,0.2,0.0,17,6,9,1/172,1/177,1/280
野川,2026-10-03,,10/3 23:31,スロット,2617,各　SハッピージャグラーVⅢEA,0418,-0.7,0.0,-0.7,2,3,7,1/583,1/326,1/344
野川,2026-10-03,,10/3 23:31,スロット,2617,各　SハッピージャグラーVⅢEA,0423,-0.7,0.2,-1.6,2,6,3,1/595,1/187,1/815
野川,2026-10-03,,10/3 23:31,スロット,2617,各　SハッピージャグラーVⅢEA,0427,0.2,-0.4,-0.7,11,10,4,1/199,1/296,1/356
野川,2026-10-03,,10/3 23:31,スロット,2617,各　SハッピージャグラーVⅢEA,0435,-0.4,-0.5,0.1,4,0,21,1/303,1/541,1/260
野川,2026-10-03,,10/3 23:31,スロット,2617,各　SハッピージャグラーVⅢEA,0443,-0.5,1.3,-1.1,4,24,3,1/381,1/222,1/501
野川,2026-10-03,,10/3 23:31,スロット,2617,各　SハッピージャグラーVⅢEA,0484,0.0,0.6,-0.2,8,9,8,1/251,1/188,1/270
野川,2026-10-03,,10/3 23:31,スロット,2617,各　SハッピージャグラーVⅢEA,0495,0.0,-0.8,0.1,2,6,11,1/329,1/365,1/264
野川,2026-10-03,,10/3 23:31,スロット,2424,各　Sファンキージャグラー２/KT,0358,-0.6,0.3,0.8,4,16,18,1/351,1/213,1/189
野川,2026-10-03,,10/3 23:31,スロット,2424,各　Sファンキージャグラー２/KT,0364,-0.3,-0.4,-0.3,19,0,3,1/264,1/300,1/296
野川,2026-10-03,,10/3 23:31,スロット,2424,各　Sファンキージャグラー２/KT,0368,-0.9,-0.4,-1.9,8,2,7,1/363,1/477,1/488
野川,2026-10-03,,10/3 23:31,スロット,2424,各　Sファンキージャグラー２/KT,0412,-0.2,-0.8,1.1,4,0,20,1/226,1/632,1/195
野川,2026-10-03,,10/3 23:31,スロット,2424,各　Sファンキージャグラー２/KT,0417,0.2,0.1,0.8,14,9,12,1/243,1/248,1/184
野川,2026-10-03,,10/3 23:31,スロット,2424,各　Sファンキージャグラー２/KT,0421,-0.6,0.1,-0.5,13,7,10,1/263,1/238,1/287
野川,2026-10-03,,10/3 23:31,スロット,2424,各　Sファンキージャグラー２/KT,0425,0.7,1.5,-0.4,22,27,9,1/205,1/197,1/242
野川,2026-10-03,,10/3 23:31,スロット,2424,各　Sファンキージャグラー２/KT,0430,0.9,-1.5,0.1,21,5,14,1/206,1/545,1/193
野川,2026-10-03,,10/3 23:31,スロット,2424,各　Sファンキージャグラー２/KT,0438,0.7,-0.2,-1.7,13,10,8,1/211,1/288,1/392
野川,2026-10-03,,10/3 23:31,スロット,2424,各　Sファンキージャグラー２/KT,0441,-0.1,-0.7,-1.6,23,0,26,1/257,1/633,1/310
野川,2026-10-03,,10/3 23:31,スロット,2424,各　Sファンキージャグラー２/KT,0445,0.1,-0.2,-0.4,7,12,5,1/254,1/271,1/299
野川,2026-10-03,,10/3 23:31,スロット,2424,各　Sファンキージャグラー２/KT,0486,-0.5,-0.4,1.6,7,4,31,1/367,1/318,1/205
野川,2026-10-03,,10/3 23:31,スロット,2424,各　Sファンキージャグラー２/KT,0488,-0.4,0.1,0.3,4,10,27,1/260,1/237,1/218
野川,2026-10-03,,10/3 23:31,スロット,2424,各　Sファンキージャグラー２/KT,0493,-0.5,-0.5,-0.1,5,0,21,1/342,1/380,1/268
野川,2026-10-03,,10/3 23:31,スロット,2424,各　Sファンキージャグラー２/KT,0496,-1.1,-0.6,0.1,15,6,9,1/329,1/324,1/251
野川,2026-10-03,,10/3 23:31,スロット,2437,各　SマイジャグラーⅤ KD,0359,1.1,-0.5,1.2,30,6,24,1/205,1/279,1/239
野川,2026-10-03,,10/3 23:31,スロット,2437,各　SマイジャグラーⅤ KD,0363,-1.2,0.7,-0.2,2,23,16,1/749,1/232,1/292
野川,2026-10-03,,10/3 23:31,スロット,2437,各　SマイジャグラーⅤ KD,0367,-0.3,0.6,-0.7,10,21,4,1/274,1/192,1/417
野川,2026-10-03,,10/3 23:31,スロット,2437,各　SマイジャグラーⅤ KD,0371,-0.6,-1.0,-1.2,13,3,7,1/307,1/464,1/425
野川,2026-10-03,,10/3 23:31,スロット,2437,各　SマイジャグラーⅤ KD,0411,0.9,-0.9,-0.1,27,17,30,1/227,1/260,1/230
野川,2026-10-03,,10/3 23:31,スロット,2437,各　SマイジャグラーⅤ KD,0415,-0.5,-1.0,-1.0,3,1,5,1/404,1/974,1/455
野川,2026-10-03,,10/3 23:31,スロット,2437,各　SマイジャグラーⅤ KD,0420,0.0,-0.6,-0.5,15,12,15,1/219,1/285,1/294
野川,2026-10-03,,10/3 23:31,スロット,2437,各　SマイジャグラーⅤ KD,0424,-0.1,-0.7,-1.2,8,2,11,1/250,1/647,1/375
野川,2026-10-03,,10/3 23:31,スロット,2437,各　SマイジャグラーⅤ KD,0433,-0.4,0.8,0.9,7,12,32,1/292,1/189,1/246
野川,2026-10-03,,10/3 23:31,スロット,2437,各　SマイジャグラーⅤ KD,0436,-0.9,1.3,-1.1,5,19,4,1/507,1/255,1/456
野川,2026-10-03,,10/3 23:31,スロット,2437,各　SマイジャグラーⅤ KD,0439,0.1,0.5,0.3,10,14,20,1/214,1/216,1/210
野川,2026-10-03,,10/3 23:31,スロット,2437,各　SマイジャグラーⅤ KD,0446,-0.3,-0.8,-1.1,13,6,22,1/315,1/322,1/309
野川,2026-10-03,,10/3 23:31,スロット,2437,各　SマイジャグラーⅤ KD,0485,-1.0,0.3,0.1,1,15,13,1/1328,1/226,1/275
野川,2026-10-03,,10/3 23:31,スロット,2437,各　SマイジャグラーⅤ KD,0489,-0.6,-0.8,-0.2,4,2,8,1/486,1/533,1/294
野川,2026-10-03,,10/3 23:31,スロット,2437,各　SマイジャグラーⅤ KD,0492,-1.2,-0.5,0.0,7,26,29,1/434,1/246,1/258
野川,2026-10-03,,10/3 23:31,スロット,2437,各　SマイジャグラーⅤ KD,0497,-0.5,-0.5,0.1,5,10,14,1/386,1/350,1/224
野川,2026-10-03,,10/3 23:31,スロット,2707,各　Sｺﾞｰｺﾞｰｼﾞｬｸﾞﾗｰ3KA,0357,-0.2,-0.1,-0.1,6,19,24,1/273,1/238,1/244
野川,2026-10-03,,10/3 23:31,スロット,2707,各　Sｺﾞｰｺﾞｰｼﾞｬｸﾞﾗｰ3KA,0361,-0.7,-1.0,0.4,4,5,16,1/407,1/464,1/196
野川,2026-10-03,,10/3 23:31,スロット,2707,各　Sｺﾞｰｺﾞｰｼﾞｬｸﾞﾗｰ3KA,0365,-0.5,0.0,0.5,3,25,24,1/302,1/256,1/217
野川,2026-10-03,,10/3 23:31,スロット,2707,各　Sｺﾞｰｺﾞｰｼﾞｬｸﾞﾗｰ3KA,0369,-0.2,-0.3,-1.2,6,19,14,1/296,1/253,1/344
野川,2026-10-03,,10/3 23:31,スロット,2707,各　Sｺﾞｰｺﾞｰｼﾞｬｸﾞﾗｰ3KA,0373,-0.5,-0.5,-1.0,6,6,12,1/287,1/323,1/323
野川,2026-10-03,,10/3 23:31,スロット,2707,各　Sｺﾞｰｺﾞｰｼﾞｬｸﾞﾗｰ3KA,0413,-0.3,-0.6,-0.6,16,15,12,1/294,1/307,1/212
野川,2026-10-03,,10/3 23:31,スロット,2707,各　Sｺﾞｰｺﾞｰｼﾞｬｸﾞﾗｰ3KA,0416,-1.4,-0.9,-1.6,5,12,17,1/474,1/368,1/373
野川,2026-10-03,,10/3 23:31,スロット,2707,各　Sｺﾞｰｺﾞｰｼﾞｬｸﾞﾗｰ3KA,0419,-1.8,0.8,0.1,3,35,19,1/679,1/210,1/203
野川,2026-10-03,,10/3 23:31,スロット,2707,各　Sｺﾞｰｺﾞｰｼﾞｬｸﾞﾗｰ3KA,0422,-0.1,0.2,-0.3,5,24,10,1/223,1/222,1/263
野川,2026-10-03,,10/3 23:31,スロット,2707,各　Sｺﾞｰｺﾞｰｼﾞｬｸﾞﾗｰ3KA,0432,0.1,-0.8,-0.5,7,9,15,1/214,1/318,1/286
野川,2026-10-03,,10/3 23:31,スロット,2707,各　Sｺﾞｰｺﾞｰｼﾞｬｸﾞﾗｰ3KA,0434,-0.3,1.5,-0.3,8,22,5,1/248,1/162,1/269
野川,2026-10-03,,10/3 23:31,スロット,2707,各　Sｺﾞｰｺﾞｰｼﾞｬｸﾞﾗｰ3KA,0437,-0.7,0.5,1.1,9,16,26,1/338,1/203,1/209
野川,2026-10-03,,10/3 23:31,スロット,2707,各　Sｺﾞｰｺﾞｰｼﾞｬｸﾞﾗｰ3KA,0440,-0.4,-0.7,-0.8,1,7,5,1/627,1/317,1/397
野川,2026-10-03,,10/3 23:31,スロット,2707,各　Sｺﾞｰｺﾞｰｼﾞｬｸﾞﾗｰ3KA,0444,-0.7,0.2,-1.2,10,6,10,1/321,1/194,1/316
野川,2026-10-03,,10/3 23:31,スロット,2707,各　Sｺﾞｰｺﾞｰｼﾞｬｸﾞﾗｰ3KA,0487,-0.8,-0.5,-0.7,10,7,4,1/285,1/254,1/371
野川,2026-10-03,,10/3 23:31,スロット,2707,各　Sｺﾞｰｺﾞｰｼﾞｬｸﾞﾗｰ3KA,0490,-0.6,-0.8,0.5,18,7,24,1/341,1/358,1/251
野川,2026-10-03,,10/3 23:31,スロット,2707,各　Sｺﾞｰｺﾞｰｼﾞｬｸﾞﾗｰ3KA,0494,-0.8,0.1,-0.3,8,22,14,1/315,1/233,1/285
野川,2026-10-03,,10/3 23:31,スロット,2707,各　Sｺﾞｰｺﾞｰｼﾞｬｸﾞﾗｰ3KA,0500,-0.7,-0.8,1.4,7,10,41,1/324,1/277,1/217
野川,2026-10-03,,10/3 23:31,スロット,2878,押忍!番長4,0671,-0.3,2.9,-0.8,0,15,21,1/154,1/53,1/139
野川,2026-10-03,,10/3 23:31,スロット,2916,沖ﾄﾞｷ!BLACK,0520,1.7,-2.0,-1.0,10,11,12,1/91,1/276,1/224
野川,2026-10-03,,10/3 23:31,スロット,2916,沖ﾄﾞｷ!BLACK,0521,-4.6,-3.7,-3.6,2,8,8,1/1774,1/480,1/471
野川,2026-10-03,,10/3 23:31,スロット,2916,沖ﾄﾞｷ!BLACK,0522,0.0,-0.9,-1.3,3,0,6,1/168,1/611,1/296
野川,2026-10-03,,10/3 23:31,スロット,2916,沖ﾄﾞｷ!BLACK,0523,0.2,-1.2,1.0,15,10,9,1/141,1/255,1/69
野川,2026-10-03,,10/3 23:31,スロット,2916,沖ﾄﾞｷ!BLACK,0524,1.3,-0.2,-3.7,7,6,7,1/46,1/196,1/505
野川,2026-10-03,,10/3 23:31,スロット,2987,ｳﾙﾄﾗﾐﾗｸﾙｼﾞｬｸﾞﾗｰ,0374,1.1,0.0,-1.5,17,16,19,1/164,1/277,1/337
野川,2026-10-03,,10/3 23:31,スロット,2987,ｳﾙﾄﾗﾐﾗｸﾙｼﾞｬｸﾞﾗｰ,0429,0.2,-0.2,-1.1,13,16,25,1/247,1/262,1/294
野川,2026-10-03,,10/3 23:31,スロット,2987,ｳﾙﾄﾗﾐﾗｸﾙｼﾞｬｸﾞﾗｰ,0491,-0.9,0.4,-0.2,32,13,15,1/255,1/208,1/264
野川,2026-10-03,,10/3 23:31,スロット,2814,ｸﾗﾝｷｰｸﾚｽﾄ,0517,1.1,0.6,0.3,10,7,13,1/197,1/157,1/251
野川,2026-10-03,,10/3 23:31,スロット,2879,ｼﾞｬｸﾞﾗｰｶﾞｰﾙｽﾞSS,0372,1.4,-1.3,0.1,22,14,16,1/246,1/361,1/262
野川,2026-10-03,,10/3 23:31,スロット,2879,ｼﾞｬｸﾞﾗｰｶﾞｰﾙｽﾞSS,0499,-0.3,-0.9,-0.7,5,6,9,1/305,1/411,1/287
野川,2026-10-03,,10/3 23:31,スロット,3044,ｽﾏｽﾛ 吉宗,0690,-0.2,-0.3,-1.9,0,0,5,1/131,1/191,1/745
野川,2026-10-03,,10/3 23:31,スロット,3044,ｽﾏｽﾛ 吉宗,0691,0.2,-5.2,1.5,1,3,10,1/378,1/1773,1/432
野川,2026-10-03,,10/3 23:31,スロット,3044,ｽﾏｽﾛ 吉宗,0692,0.5,-0.6,-0.9,3,0,2,1/357,1/417,1/793
野川,2026-10-03,,10/3 23:31,スロット,3044,ｽﾏｽﾛ 吉宗,0693,2.0,-0.3,0.2,4,0,4,1/138,1/193,1/470
野川,2026-10-03,,10/3 23:31,スロット,2919,ｽﾏｽﾛ ｺﾞｯﾄﾞｲｰﾀｰ ﾘｻﾞﾚｸｼｮﾝ,0689,-0.6,0.4,0.4,11,15,34,1/106,1/66,1/67
野川,2026-10-03,,10/3 23:31,スロット,2974,ｽﾏｽﾛ ﾓﾝｽﾀｰﾊﾝﾀｰﾗｲｽﾞ,0525,-0.8,1.0,-1.6,8,26,23,1/129,1/70,1/122
野川,2026-10-03,,10/3 23:31,スロット,2974,ｽﾏｽﾛ ﾓﾝｽﾀｰﾊﾝﾀｰﾗｲｽﾞ,0526,0.4,0.4,-1.4,11,11,16,1/80,1/41,1/167
野川,2026-10-03,,10/3 23:31,スロット,2974,ｽﾏｽﾛ ﾓﾝｽﾀｰﾊﾝﾀｰﾗｲｽﾞ,0527,0.0,1.1,-1.6,19,23,17,1/131,1/48,1/134
野川,2026-10-03,,10/3 23:31,スロット,2974,ｽﾏｽﾛ ﾓﾝｽﾀｰﾊﾝﾀｰﾗｲｽﾞ,0528,2.6,-1.4,-0.9,27,22,5,1/20,1/117,1/210
野川,2026-10-03,,10/3 23:31,スロット,2974,ｽﾏｽﾛ ﾓﾝｽﾀｰﾊﾝﾀｰﾗｲｽﾞ,0529,3.8,-0.4,-2.3,43,6,43,1/31,1/132,1/110
野川,2026-10-03,,10/3 23:31,スロット,2974,ｽﾏｽﾛ ﾓﾝｽﾀｰﾊﾝﾀｰﾗｲｽﾞ,0530,-1.3,-2.2,-3.6,1,10,47,1/850,1/221,1/131
野川,2026-10-03,,10/3 23:31,スロット,2901,ｽﾏｽﾛ防振り,0680,-0.2,0.7,-2.4,5,6,30,1/224,1/120,1/256
野川,2026-10-03,,10/3 23:31,スロット,3017,ｽﾏｽﾛｽｰﾊﾟｰﾌﾞﾗｯｸｼﾞｬｯｸ,0551,-0.8,-0.5,-1.2,4,3,2,1/241,1/255,1/418
野川,2026-10-03,,10/3 23:31,スロット,3017,ｽﾏｽﾛｽｰﾊﾟｰﾌﾞﾗｯｸｼﾞｬｯｸ,0552,-1.2,0.1,3.3,2,3,71,1/399,1/86,1/42
野川,2026-10-03,,10/3 23:31,スロット,3017,ｽﾏｽﾛｽｰﾊﾟｰﾌﾞﾗｯｸｼﾞｬｯｸ,0553,2.5,-0.9,-0.9,27,5,4,1/36,1/153,1/250
野川,2026-10-03,,10/3 23:31,スロット,3017,ｽﾏｽﾛｽｰﾊﾟｰﾌﾞﾗｯｸｼﾞｬｯｸ,0554,-0.7,-0.2,-1.7,7,2,5,1/146,1/177,1/321
野川,2026-10-03,,10/3 23:31,スロット,2816,ｽﾏｽﾛﾓﾝｷｰﾀｰﾝⅤ,0645,-1.5,-1.4,0.0,18,2,42,1/142,1/522,1/101
野川,2026-10-03,,10/3 23:31,スロット,2816,ｽﾏｽﾛﾓﾝｷｰﾀｰﾝⅤ,0646,-0.1,-0.7,3.0,5,27,42,1/186,1/111,1/43
野川,2026-10-03,,10/3 23:31,スロット,2816,ｽﾏｽﾛﾓﾝｷｰﾀｰﾝⅤ,0647,4.8,-1.0,-1.9,56,4,32,1/47,1/261,1/116
野川,2026-10-03,,10/3 23:31,スロット,2816,ｽﾏｽﾛﾓﾝｷｰﾀｰﾝⅤ,0648,-1.0,1.4,-0.4,24,35,7,1/118,1/83,1/113
野川,2026-10-03,,10/3 23:31,スロット,2816,ｽﾏｽﾛﾓﾝｷｰﾀｰﾝⅤ,0649,-0.5,-0.4,0.6,6,1,39,1/137,1/322,1/104
野川,2026-10-03,,10/3 23:31,スロット,2816,ｽﾏｽﾛﾓﾝｷｰﾀｰﾝⅤ,0650,-0.6,-0.5,2.3,5,1,53,1/159,1/387,1/81
野川,2026-10-03,,10/3 23:31,スロット,2816,ｽﾏｽﾛﾓﾝｷｰﾀｰﾝⅤ,0651,-0.5,1.9,-1.5,36,58,13,1/95,1/80,1/148
野川,2026-10-03,,10/3 23:31,スロット,2917,ﾐｽﾀｰｼﾞｬｸﾞﾗｰ,0366,-0.2,-1.5,-0.5,20,13,15,1/292,1/382,1/303
野川,2026-10-03,,10/3 23:31,スロット,2917,ﾐｽﾀｰｼﾞｬｸﾞﾗｰ,0428,-1.0,-1.7,-0.4,8,8,18,1/363,1/367,1/283
野川,2026-10-03,,10/3 23:31,スロット,2917,ﾐｽﾀｰｼﾞｬｸﾞﾗｰ,0431,1.4,-0.6,0.0,19,5,15,1/207,1/413,1/245
