store,fetch_date,today_date,site_updated,kind,model_id,model,dai,box_d2,box_d1,box_d0,hit_d2,hit_d1,hit_d0,prob_d2,prob_d1,prob_d0
東名,2026-09-10,2026-09-10,9/10 23:19,パチンコ,3807,e/押忍番長漢の頂/A03,0401,0.0,-1.0,5.2,0,1,19,,1/104,1/67
東名,2026-09-10,2026-09-10,9/10 23:19,パチンコ,3807,e/押忍番長漢の頂/A03,0402,-0.1,3.1,-1.5,0,16,0,1/12,1/45,1/129
東名,2026-09-10,2026-09-10,9/10 23:19,パチンコ,3794,e/ﾜｰﾙﾄﾞﾀﾞｲｽﾀｰ/L04,0398,-2.3,0.4,-1.0,2,3,4,1/152,1/18,1/74
東名,2026-09-10,2026-09-10,9/10 23:19,パチンコ,3825,etakt op. DestinyH6,0404,-2.4,1.8,0.6,12,26,15,1/241,1/125,1/199
東名,2026-09-10,2026-09-10,9/10 23:19,パチンコ,3733,eいせれべFSZ,0357,-1.5,0.0,-0.1,1,0,0,1/185,,1/11
東名,2026-09-10,2026-09-10,9/10 23:19,パチンコ,3683,eとある科学の超電磁砲 LTRSY,0389,-2.5,-1.2,0.0,0,3,0,1/234,1/55,
東名,2026-09-10,2026-09-10,9/10 23:19,パチンコ,3640,eとある魔術の禁書目録 一方通行,0406,-1.1,-0.7,-1.0,0,0,1,1/129,1/84,1/225
東名,2026-09-10,2026-09-10,9/10 23:19,パチンコ,3640,eとある魔術の禁書目録 一方通行,0407,-0.6,-0.5,-0.8,0,0,0,1/69,1/47,1/93
東名,2026-09-10,2026-09-10,9/10 23:19,パチンコ,3777,eひきこまり吸血姫の悶々FHV,0361,-9.8,-9.3,-5.8,5,3,5,1/221,1/365,1/179
東名,2026-09-10,2026-09-10,9/10 23:19,パチンコ,3806,e七つの大罪3GFEA,0370,-6.5,-1.9,11.9,2,1,8,1/324,1/213,1/128
東名,2026-09-10,2026-09-10,9/10 23:19,パチンコ,3414,e乃木坂46ⅡK4,0411,-1.0,-0.9,0.0,0,6,0,1/97,1/313,
東名,2026-09-10,2026-09-10,9/10 23:19,パチンコ,3595,e仮面ﾗｲﾀﾞｰBLACK-KRJ2,0354,2.5,-0.2,-0.2,5,0,0,1/116,1/27,1/25
東名,2026-09-10,2026-09-10,9/10 23:19,パチンコ,3785,e化物語2GSED,0360,-2.9,-1.9,-3.8,3,5,5,1/113,1/214,1/87
東名,2026-09-10,2026-09-10,9/10 23:19,パチンコ,3705,e北斗の拳11暴凶星SHEF,0247,15.5,-0.5,-4.3,25,1,0,1/95,1/127,1/444
東名,2026-09-10,2026-09-10,9/10 23:19,パチンコ,3705,e北斗の拳11暴凶星SHEF,0248,0.0,-0.4,-1.7,0,0,2,,1/32,1/139
東名,2026-09-10,2026-09-10,9/10 23:19,パチンコ,3705,e北斗の拳11暴凶星SHEF,0249,-4.5,4.0,-0.6,2,8,0,1/284,1/207,1/55
東名,2026-09-10,2026-09-10,9/10 23:19,パチンコ,3705,e北斗の拳11暴凶星SHEF,0250,6.6,-0.9,16.0,11,1,22,1/104,1/101,1/34
東名,2026-09-10,2026-09-10,9/10 23:19,パチンコ,3705,e北斗の拳11暴凶星SHEF,0251,-6.4,-5.7,5.8,0,2,12,1/564,1/350,1/242
東名,2026-09-10,2026-09-10,9/10 23:19,パチンコ,3706,e地獄少女7500Ver.RHZ,0246,5.1,-0.5,-2.1,10,8,0,1/153,1/175,1/311
東名,2026-09-10,2026-09-10,9/10 23:19,パチンコ,3728,e女神のｶﾌｪﾃﾗｽJLZ,0184,0.5,-1.8,-1.9,3,0,0,1/119,1/349,1/366
東名,2026-09-10,2026-09-10,9/10 23:19,パチンコ,3728,e女神のｶﾌｪﾃﾗｽJLZ,0185,3.1,3.6,9.9,4,5,13,1/315,1/170,1/300
東名,2026-09-10,2026-09-10,9/10 23:19,パチンコ,3713,e新世紀ｴｳﾞｧﾝｹﾞﾘｵﾝ17,0237,5.7,-1.4,12.7,14,7,13,1/514,1/418,1/226
東名,2026-09-10,2026-09-10,9/10 23:19,パチンコ,3713,e新世紀ｴｳﾞｧﾝｹﾞﾘｵﾝ17,0238,0.0,-3.2,32.2,0,3,28,,1/128,1/142
東名,2026-09-10,2026-09-10,9/10 23:19,パチンコ,3713,e新世紀ｴｳﾞｧﾝｹﾞﾘｵﾝ17,0239,-0.7,-0.8,-0.2,0,0,0,1/70,1/77,1/23
東名,2026-09-10,2026-09-10,9/10 23:19,パチンコ,3713,e新世紀ｴｳﾞｧﾝｹﾞﾘｵﾝ17,0240,1.1,2.8,1.0,12,6,4,1/163,1/127,1/97
東名,2026-09-10,2026-09-10,9/10 23:19,パチンコ,3713,e新世紀ｴｳﾞｧﾝｹﾞﾘｵﾝ17,0241,-0.8,6.7,5.0,0,9,8,1/76,1/116,1/147
東名,2026-09-10,2026-09-10,9/10 23:19,パチンコ,3713,e新世紀ｴｳﾞｧﾝｹﾞﾘｵﾝ17,0242,-0.7,9.0,-6.9,0,20,2,1/66,1/152,1/384
東名,2026-09-10,2026-09-10,9/10 23:19,パチンコ,3713,e新世紀ｴｳﾞｧﾝｹﾞﾘｵﾝ17,0243,-1.9,5.3,-7.3,0,13,4,1/185,1/468,1/281
東名,2026-09-10,2026-09-10,9/10 23:19,パチンコ,3713,e新世紀ｴｳﾞｧﾝｹﾞﾘｵﾝ17,0244,12.9,13.2,1.2,19,13,6,1/220,1/182,1/221
東名,2026-09-10,2026-09-10,9/10 23:19,パチンコ,3803,e東京喰種MW,0181,3.1,-6.9,-1.6,13,14,14,1/223,1/387,1/551
東名,2026-09-10,2026-09-10,9/10 23:19,パチンコ,3803,e東京喰種MW,0182,-1.2,2.9,-6.8,31,28,13,1/317,1/340,1/344
東名,2026-09-10,2026-09-10,9/10 23:19,パチンコ,3803,e東京喰種MW,0183,1.9,-5.5,-5.7,16,16,12,1/297,1/608,1/349
東名,2026-09-10,2026-09-10,9/10 23:19,パチンコ,3565,e東京喰種W,0186,-1.6,-3.7,0.4,3,2,9,1/238,1/224,1/127
東名,2026-09-10,2026-09-10,9/10 23:19,パチンコ,3565,e東京喰種W,0187,-3.0,13.0,-6.0,0,16,8,1/303,1/128,1/114
東名,2026-09-10,2026-09-10,9/10 23:19,パチンコ,3565,e東京喰種W,0188,17.4,-0.6,9.6,25,8,16,1/87,1/155,1/89
東名,2026-09-10,2026-09-10,9/10 23:19,パチンコ,3565,e東京喰種W,0189,-2.9,-6.8,-2.4,3,2,4,1/636,1/342,1/119
東名,2026-09-10,2026-09-10,9/10 23:19,パチンコ,3565,e東京喰種W,0190,-10.3,-6.4,11.2,5,3,13,1/257,1/221,1/111
東名,2026-09-10,2026-09-10,9/10 23:19,パチンコ,3565,e東京喰種W,0191,19.2,-7.1,0.0,22,4,7,1/93,1/246,1/103
東名,2026-09-10,2026-09-10,9/10 23:19,パチンコ,3644,e東京ﾘﾍﾞﾝｼﾞｬｰｽﾞGFEC,0380,-0.5,-1.8,-1.0,0,1,0,1/42,1/192,1/98
東名,2026-09-10,2026-09-10,9/10 23:19,パチンコ,3644,e東京ﾘﾍﾞﾝｼﾞｬｰｽﾞGFEC,0381,-4.1,-2.9,-0.2,0,1,1,1/365,1/274,1/29
東名,2026-09-10,2026-09-10,9/10 23:19,パチンコ,3644,e東京ﾘﾍﾞﾝｼﾞｬｰｽﾞGFEC,0382,-0.3,-3.5,-3.1,0,1,1,1/34,1/346,1/349
東名,2026-09-10,2026-09-10,9/10 23:19,パチンコ,3791,e東京ﾘﾍﾞﾝｼﾞｬｰｽﾞ聖夜決戦編EREC,0366,-0.1,2.3,-7.6,0,7,0,1/8,1/91,1/687
東名,2026-09-10,2026-09-10,9/10 23:19,パチンコ,3791,e東京ﾘﾍﾞﾝｼﾞｬｰｽﾞ聖夜決戦編EREC,0367,-0.8,-6.8,-7.9,0,3,2,1/65,1/219,1/357
東名,2026-09-10,2026-09-10,9/10 23:19,パチンコ,3792,e無職転生異世界行ったら本気だす,0368,-4.6,4.0,-5.6,6,9,0,1/423,1/282,1/526
東名,2026-09-10,2026-09-10,9/10 23:19,パチンコ,3656,e牙狼12XX-MJ,0233,-0.7,-5.6,1.6,1,1,3,1/158,1/570,1/40
東名,2026-09-10,2026-09-10,9/10 23:19,パチンコ,3656,e牙狼12XX-MJ,0234,-1.7,-3.2,8.1,0,1,11,1/173,1/465,1/51
東名,2026-09-10,2026-09-10,9/10 23:19,パチンコ,3656,e牙狼12XX-MJ,0235,-0.2,-2.2,-0.1,0,11,0,1/31,1/232,1/14
東名,2026-09-10,2026-09-10,9/10 23:19,パチンコ,3656,e牙狼12XX-MJ,0236,-2.1,-13.8,9.7,3,2,15,1/234,1/770,1/67
東名,2026-09-10,2026-09-10,9/10 23:19,パチンコ,3746,e牙狼ﾄﾘﾌﾟﾙﾊﾞｰｽﾄRF,0177,-0.1,-1.4,-3.9,0,10,4,1/29,1/363,1/268
東名,2026-09-10,2026-09-10,9/10 23:19,パチンコ,3747,e甲鉄城のｶﾊﾞﾈﾘ2GFEA,0371,0.0,-0.5,-1.0,0,0,0,,1/45,1/98
東名,2026-09-10,2026-09-10,9/10 23:19,パチンコ,3720,e盾の勇者の成り上がりEREF,0245,-0.1,-0.9,-1.0,0,1,0,1/14,1/86,1/88
東名,2026-09-10,2026-09-10,9/10 23:19,パチンコ,3731,e真北斗無双5夢幻闘双SCEA,0231,-0.6,-0.1,-1.3,0,0,0,1/71,1/12,1/132
東名,2026-09-10,2026-09-10,9/10 23:19,パチンコ,3731,e真北斗無双5夢幻闘双SCEA,0232,-0.1,-0.3,13.9,0,0,17,1/5,1/27,1/38
東名,2026-09-10,2026-09-10,9/10 23:19,パチンコ,3653,e真･一騎当千~軍神覚醒~AM-TS,0408,2.0,5.5,-5.2,15,14,0,1/133,1/162,1/737
東名,2026-09-10,2026-09-10,9/10 23:19,パチンコ,3793,e結城友奈は勇者であるMP,0369,0.0,-0.3,-2.8,0,0,0,,1/29,1/261
東名,2026-09-10,2026-09-10,9/10 23:19,パチンコ,3650,e花の慶次~傾奇一転H6,0355,0.0,-1.3,-0.8,0,0,1,,1/141,1/134
東名,2026-09-10,2026-09-10,9/10 23:19,パチンコ,3650,e花の慶次~傾奇一転H6,0356,-0.9,0.0,-1.1,0,0,0,1/132,,1/130
東名,2026-09-10,2026-09-10,9/10 23:19,パチンコ,3696,e花の慶次~黄金の一撃H4,0372,-3.8,-0.1,3.1,1,0,8,1/456,1/9,1/438
東名,2026-09-10,2026-09-10,9/10 23:19,パチンコ,3696,e花の慶次~黄金の一撃H4,0373,-0.6,-13.2,-6.8,0,4,2,1/57,1/751,1/375
東名,2026-09-10,2026-09-10,9/10 23:19,パチンコ,3696,e花の慶次~黄金の一撃H4,0374,2.8,0.0,5.2,17,0,8,1/169,,1/102
東名,2026-09-10,2026-09-10,9/10 23:19,パチンコ,3822,e魔女と野獣FKZ,0178,6.4,5.4,-12.6,24,25,3,1/343,1/323,1/754
東名,2026-09-10,2026-09-10,9/10 23:19,パチンコ,3750,e魔法少女まどか☆ﾏｷﾞｶ3LPM1,0378,-11.1,-4.2,-2.7,2,0,1,1/628,1/442,1/296
東名,2026-09-10,2026-09-10,9/10 23:19,パチンコ,3750,e魔法少女まどか☆ﾏｷﾞｶ3LPM1,0379,-1.5,0.0,-0.4,0,0,0,1/166,,1/48
東名,2026-09-10,2026-09-10,9/10 23:19,パチンコ,3654,e黄門ちゃま9HC3,0412,-7.0,-6.8,1.9,1,1,4,1/840,1/813,1/97
東名,2026-09-10,2026-09-10,9/10 23:19,パチンコ,3761,eｱｸﾀﾞﾏﾄﾞﾗｲﾌﾞEHLT,0394,0.0,-1.5,0.0,0,0,0,,1/171,
東名,2026-09-10,2026-09-10,9/10 23:19,パチンコ,3823,eｱｻﾙﾄﾘﾘｨZ,0179,4.7,-9.6,-9.0,21,4,11,1/224,1/306,1/130
東名,2026-09-10,2026-09-10,9/10 23:19,パチンコ,3823,eｱｻﾙﾄﾘﾘｨZ,0180,-1.9,-4.3,-2.0,7,12,5,1/162,1/167,1/349
東名,2026-09-10,2026-09-10,9/10 23:19,パチンコ,3684,eｶﾞｰﾙｽﾞ&ﾊﾟﾝﾂｧｰ3LAH1,0390,-0.3,1.9,5.2,0,6,8,1/28,1/80,1/44
東名,2026-09-10,2026-09-10,9/10 23:19,パチンコ,3778,eｷﾞﾝﾊﾟﾗVIVAFESTAHTA2,0358,-0.8,10.2,-0.5,0,19,0,1/79,1/74,1/48
東名,2026-09-10,2026-09-10,9/10 23:19,パチンコ,3805,eｿｰﾄﾞｱｰﾄ･ｵﾝﾗｲﾝ ｱﾘｼｾﾞｰｼｮﾝYKJ11,0359,0.2,-1.0,-8.7,27,20,16,1/199,1/151,1/211
東名,2026-09-10,2026-09-10,9/10 23:19,パチンコ,3483,eｿｰﾄﾞｱｰﾄ･ｵﾝﾗｲﾝ~閃光の軌跡~K7,0391,-0.2,-2.7,-3.8,1,0,5,1/27,1/254,1/258
東名,2026-09-10,2026-09-10,9/10 23:19,パチンコ,3483,eｿｰﾄﾞｱｰﾄ･ｵﾝﾗｲﾝ~閃光の軌跡~K7,0392,-0.9,-1.0,-2.0,0,3,1,1/80,1/276,1/225
東名,2026-09-10,2026-09-10,9/10 23:19,パチンコ,3820,eｿﾞﾝ100MA,0393,-0.5,-0.9,-3.1,1,0,2,1/81,1/112,1/220
東名,2026-09-10,2026-09-10,9/10 23:19,パチンコ,3693,eﾉｰｹﾞｰﾑ･ﾉｰﾗｲﾌV3C,0353,0.0,0.0,-3.5,0,0,3,,,1/130
東名,2026-09-10,2026-09-10,9/10 23:19,パチンコ,3779,eﾊﾞｲｵﾊｻﾞｰﾄﾞ6APN,0365,0.0,-3.1,-2.4,0,9,1,,1/71,1/236
東名,2026-09-10,2026-09-10,9/10 23:19,パチンコ,3553,eﾌｨｰﾊﾞｰうたわれるものZ,0409,0.0,0.0,0.0,0,0,0,,,
東名,2026-09-10,2026-09-10,9/10 23:19,パチンコ,3553,eﾌｨｰﾊﾞｰうたわれるものZ,0410,0.0,-0.2,1.9,0,2,3,,1/51,1/33
東名,2026-09-10,2026-09-10,9/10 23:19,パチンコ,3425,eﾌｨｰﾊﾞｰからくりｻｰｶｽ2R,0396,0.0,-1.9,-1.7,0,0,0,,1/185,1/176
東名,2026-09-10,2026-09-10,9/10 23:19,パチンコ,3425,eﾌｨｰﾊﾞｰからくりｻｰｶｽ2R,0397,19.4,-1.4,-1.8,25,1,0,1/103,1/211,1/174
東名,2026-09-10,2026-09-10,9/10 23:19,パチンコ,3694,eﾌｨｰﾊﾞｰもののがたりF,0385,0.0,0.0,0.0,0,0,0,,,
東名,2026-09-10,2026-09-10,9/10 23:19,パチンコ,3694,eﾌｨｰﾊﾞｰもののがたりF,0386,-0.8,-1.6,-0.6,0,0,0,1/66,1/163,1/54
東名,2026-09-10,2026-09-10,9/10 23:19,パチンコ,3606,eﾌｨｰﾊﾞｰ彼女、お借りしますH,0405,9.5,-8.7,-7.4,12,3,6,1/121,1/388,1/179
東名,2026-09-10,2026-09-10,9/10 23:19,パチンコ,3804,eﾌｨｰﾊﾞｰ機動戦士ｶﾞﾝﾀﾞﾑSEED2bF,0226,-5.4,-5.7,-9.4,4,7,3,1/382,1/343,1/367
東名,2026-09-10,2026-09-10,9/10 23:19,パチンコ,3804,eﾌｨｰﾊﾞｰ機動戦士ｶﾞﾝﾀﾞﾑSEED2bF,0227,-10.8,6.0,3.2,5,18,15,1/257,1/106,1/381
東名,2026-09-10,2026-09-10,9/10 23:19,パチンコ,3804,eﾌｨｰﾊﾞｰ機動戦士ｶﾞﾝﾀﾞﾑSEED2bF,0228,3.3,1.9,25.1,16,16,36,1/428,1/167,1/133
東名,2026-09-10,2026-09-10,9/10 23:19,パチンコ,3639,eﾌｨｰﾊﾞｰ炎炎ﾉ消防隊2MS,0222,-0.6,12.8,-2.5,0,20,0,1/65,1/108,1/274
東名,2026-09-10,2026-09-10,9/10 23:19,パチンコ,3639,eﾌｨｰﾊﾞｰ炎炎ﾉ消防隊2MS,0223,-1.3,-0.8,-2.3,0,6,0,1/120,1/274,1/219
東名,2026-09-10,2026-09-10,9/10 23:19,パチンコ,3639,eﾌｨｰﾊﾞｰ炎炎ﾉ消防隊2MS,0224,-0.1,-1.0,-3.0,6,1,2,1/251,1/181,1/176
東名,2026-09-10,2026-09-10,9/10 23:19,パチンコ,3639,eﾌｨｰﾊﾞｰ炎炎ﾉ消防隊2MS,0225,0.0,-3.6,-5.5,0,1,0,,1/435,1/597
東名,2026-09-10,2026-09-10,9/10 23:19,パチンコ,3760,eﾌｨｰﾊﾞｰﾀﾞﾝﾍﾞﾙ何ｷﾛ持てる?2F,0387,-0.1,-9.8,-1.3,0,10,3,1/7,1/109,1/131
東名,2026-09-10,2026-09-10,9/10 23:19,パチンコ,3760,eﾌｨｰﾊﾞｰﾀﾞﾝﾍﾞﾙ何ｷﾛ持てる?2F,0388,0.7,-5.3,-1.9,3,1,0,1/218,1/524,1/190
東名,2026-09-10,2026-09-10,9/10 23:19,パチンコ,3730,eﾌｨｰﾊﾞｰﾊﾞｽﾀｰﾄﾞG,0403,0.0,-6.6,-1.3,0,1,0,,1/683,1/127
東名,2026-09-10,2026-09-10,9/10 23:19,パチンコ,3670,eﾌｨｰﾊﾞｰﾌﾞﾙｰﾛｯｸMZ,0375,-1.3,-0.4,-1.1,0,0,0,1/104,1/41,1/99
東名,2026-09-10,2026-09-10,9/10 23:19,パチンコ,3670,eﾌｨｰﾊﾞｰﾌﾞﾙｰﾛｯｸMZ,0376,-0.6,0.0,-0.7,1,0,0,1/125,,1/73
東名,2026-09-10,2026-09-10,9/10 23:19,パチンコ,3795,eﾌｨｰﾊﾞｰﾌﾞﾙｰﾛｯｸY,0399,0.6,2.6,-3.8,4,12,3,1/29,1/55,1/140
東名,2026-09-10,2026-09-10,9/10 23:19,パチンコ,3795,eﾌｨｰﾊﾞｰﾌﾞﾙｰﾛｯｸY,0400,-1.7,-1.7,-3.5,0,0,6,1/178,1/166,1/81
東名,2026-09-10,2026-09-10,9/10 23:19,パチンコ,3801,eﾍﾞﾙｾﾙｸ無双2HM4,0395,-0.7,-7.1,5.2,0,3,34,1/95,1/301,1/107
東名,2026-09-10,2026-09-10,9/10 23:19,パチンコ,3649,eﾏｷﾞｱﾚｺｰﾄﾞ魔法少女まどか☆外伝,0383,-0.4,-0.1,-1.2,0,0,0,1/45,1/5,1/138
東名,2026-09-10,2026-09-10,9/10 23:19,パチンコ,3649,eﾏｷﾞｱﾚｺｰﾄﾞ魔法少女まどか☆外伝,0384,-0.8,0.2,-0.7,0,1,0,1/89,1/39,1/64
東名,2026-09-10,2026-09-10,9/10 23:19,パチンコ,3764,eﾗｸﾞﾅﾄﾞｰﾙCMB,0362,-1.9,-1.9,5.0,0,1,9,1/185,1/188,1/4
東名,2026-09-10,2026-09-10,9/10 23:19,パチンコ,3763,eﾘｺﾘｽ･ﾘｺｲﾙM3,0363,-9.3,-5.8,-4.3,6,2,4,1/592,1/613,1/176
東名,2026-09-10,2026-09-10,9/10 23:19,パチンコ,3763,eﾘｺﾘｽ･ﾘｺｲﾙM3,0364,-3.0,-6.0,16.0,19,2,57,1/325,1/305,1/140
東名,2026-09-10,2026-09-10,9/10 23:19,パチンコ,3770,eﾘﾝｸﾞ 最恐領域RHA,0229,2.6,-0.9,2.6,6,0,5,1/124,1/97,1/136
東名,2026-09-10,2026-09-10,9/10 23:19,パチンコ,3770,eﾘﾝｸﾞ 最恐領域RHA,0230,-0.2,16.3,0.0,0,17,0,1/21,1/85,
東名,2026-09-10,2026-09-10,9/10 23:19,パチンコ,3695,eﾙﾊﾟﾝ三世VSｷｬｯﾂｱｲMAH4,0377,-0.8,1.3,-2.6,0,7,0,1/86,1/111,1/227
東名,2026-09-10,2026-09-10,9/10 23:19,パチンコ,2371,P Re:ｾﾞﾛ鬼がかりver.M08,0147,-0.1,-0.1,-1.1,0,0,0,1/8,1/6,1/128
東名,2026-09-10,2026-09-10,9/10 23:19,パチンコ,2371,P Re:ｾﾞﾛ鬼がかりver.M08,0148,1.1,0.0,-2.9,1,0,0,1/49,,1/336
東名,2026-09-10,2026-09-10,9/10 23:19,パチンコ,3749,P/Re:ｾﾞﾛseason2/M04,0336,-2.7,-4.8,-2.8,0,24,1,1/258,1/306,1/283
東名,2026-09-10,2026-09-10,9/10 23:19,パチンコ,3692,P/Re:ｾﾞﾛから始める異世界生活L07,0310,-3.4,-1.8,-0.2,2,2,2,1/205,1/310,1/119
東名,2026-09-10,2026-09-10,9/10 23:19,パチンコ,2831,P009 RE:CYBORG N3-K,0087,-1.9,-0.5,0.5,1,0,7,1/193,1/43,1/37
東名,2026-09-10,2026-09-10,9/10 23:19,パチンコ,2320,P009RE:CYBORGM4-K,0352,-3.1,-4.8,-4.0,1,2,1,1/386,1/256,1/446
東名,2026-09-10,2026-09-10,9/10 23:19,パチンコ,3641,PACYBORG009N2-K,0258,1.3,0.0,0.0,10,0,0,1/36,,
東名,2026-09-10,2026-09-10,9/10 23:19,パチンコ,3548,PAひぐらしのなく頃に･輪廻転生99,0315,0.4,-1.1,0.0,5,3,4,1/40,1/86,1/41
東名,2026-09-10,2026-09-10,9/10 23:19,パチンコ,3409,PAわんわんｾﾚﾌﾞﾚｰｼｮﾝAGBD,0081,1.4,-0.1,0.9,10,0,7,1/54,1/4,1/52
東名,2026-09-10,2026-09-10,9/10 23:19,パチンコ,3409,PAわんわんｾﾚﾌﾞﾚｰｼｮﾝAGBD,0082,0.5,0.6,-0.6,9,8,1,1/104,1/143,1/93
東名,2026-09-10,2026-09-10,9/10 23:19,パチンコ,3409,PAわんわんｾﾚﾌﾞﾚｰｼｮﾝAGBD,0083,2.4,-2.3,-2.5,37,11,11,1/97,1/72,1/126
東名,2026-09-10,2026-09-10,9/10 23:19,パチンコ,3409,PAわんわんｾﾚﾌﾞﾚｰｼｮﾝAGBD,0084,-2.0,3.3,-0.5,4,25,10,1/168,1/94,1/182
東名,2026-09-10,2026-09-10,9/10 23:19,パチンコ,3729,PA乗物娘2N,0132,0.0,0.1,0.0,0,3,0,,1/34,
東名,2026-09-10,2026-09-10,9/10 23:19,パチンコ,3538,PA大海物語5HLD,0215,-2.3,-0.8,0.2,1,4,4,1/295,1/61,1/81
東名,2026-09-10,2026-09-10,9/10 23:19,パチンコ,3538,PA大海物語5HLD,0216,-1.3,-0.9,-0.7,3,3,1,1/200,1/207,1/84
東名,2026-09-10,2026-09-10,9/10 23:19,パチンコ,3824,PA大海物語ｱｸﾞﾈｽﾌﾟﾚﾐｱRBA,0207,3.8,-1.5,-1.8,49,36,20,1/62,1/86,1/90
東名,2026-09-10,2026-09-10,9/10 23:19,パチンコ,3824,PA大海物語ｱｸﾞﾈｽﾌﾟﾚﾐｱRBA,0208,-2.6,-1.0,0.5,15,10,16,1/97,1/86,1/80
東名,2026-09-10,2026-09-10,9/10 23:19,パチンコ,3824,PA大海物語ｱｸﾞﾈｽﾌﾟﾚﾐｱRBA,0209,-4.9,2.6,0.1,29,24,27,1/88,1/74,1/64
東名,2026-09-10,2026-09-10,9/10 23:19,パチンコ,3824,PA大海物語ｱｸﾞﾈｽﾌﾟﾚﾐｱRBA,0210,1.7,-4.8,-1.8,54,11,22,1/91,1/146,1/135
東名,2026-09-10,2026-09-10,9/10 23:19,パチンコ,2530,PA新海物語AR BB,0218,2.2,0.6,0.0,11,4,0,1/31,1/21,
東名,2026-09-10,2026-09-10,9/10 23:19,パチンコ,2530,PA新海物語AR BB,0219,0.2,-0.5,0.0,18,8,5,1/89,1/123,1/152
東名,2026-09-10,2026-09-10,9/10 23:19,パチンコ,3601,PA海物語3R3LBA,0194,0.0,1.3,-0.4,39,40,0,1/131,1/98,1/39
東名,2026-09-10,2026-09-10,9/10 23:19,パチンコ,3601,PA海物語3R3LBA,0195,0.1,0.0,0.0,3,0,0,1/40,,
東名,2026-09-10,2026-09-10,9/10 23:19,パチンコ,2275,PA海物語INｼﾞｬﾊﾟﾝ2RA,0217,0.8,0.0,0.0,3,9,0,1/80,1/76,
東名,2026-09-10,2026-09-10,9/10 23:19,パチンコ,3712,PA海物語極ｼﾞｬﾊﾟﾝHBD,0192,-2.2,-0.6,0.4,0,0,6,1/248,1/68,1/41
東名,2026-09-10,2026-09-10,9/10 23:19,パチンコ,3712,PA海物語極ｼﾞｬﾊﾟﾝHBD,0193,0.0,0.0,0.5,0,0,11,,,1/108
東名,2026-09-10,2026-09-10,9/10 23:19,パチンコ,3727,PA清流物語4HBB,0196,2.2,-0.9,-1.0,6,1,3,1/36,1/142,1/99
東名,2026-09-10,2026-09-10,9/10 23:19,パチンコ,2476,PA激ﾃﾞｼﾞｼﾞｭｰｼｰﾊﾆｰ3NCY,0290,-0.8,1.8,-0.5,4,11,13,1/84,1/63,1/109
東名,2026-09-10,2026-09-10,9/10 23:19,パチンコ,3784,PA花の慶次~傾奇一転N,0272,-0.3,-0.7,-1.5,0,0,4,1/34,1/59,1/143
東名,2026-09-10,2026-09-10,9/10 23:19,パチンコ,3784,PA花の慶次~傾奇一転N,0273,0.1,0.0,0.0,13,0,0,1/37,,
東名,2026-09-10,2026-09-10,9/10 23:19,パチンコ,3784,PA花の慶次~傾奇一転N,0274,0.2,1.9,0.0,2,14,0,1/28,1/34,
東名,2026-09-10,2026-09-10,9/10 23:19,パチンコ,2183,PA花の慶次~蓮N-V,0282,3.7,-0.2,-0.2,22,0,7,1/61,1/26,1/233
東名,2026-09-10,2026-09-10,9/10 23:19,パチンコ,2183,PA花の慶次~蓮N-V,0283,1.8,-0.6,-0.8,6,0,6,1/31,1/58,1/131
東名,2026-09-10,2026-09-10,9/10 23:19,パチンコ,2183,PA花の慶次~蓮N-V,0284,-0.3,-0.5,2.6,0,0,10,1/30,1/55,1/35
東名,2026-09-10,2026-09-10,9/10 23:19,パチンコ,3081,PA豊丸ととある企業の最新作2V1,0316,-0.6,-2.1,1.1,0,0,7,1/73,1/193,1/36
東名,2026-09-10,2026-09-10,9/10 23:19,パチンコ,3081,PA豊丸ととある企業の最新作2V1,0345,0.6,0.5,0.1,4,4,8,1/19,1/69,1/48
東名,2026-09-10,2026-09-10,9/10 23:19,パチンコ,2338,PA野生の王国5N-K,0324,0.9,-0.3,0.2,4,6,5,1/11,1/55,1/43
東名,2026-09-10,2026-09-10,9/10 23:19,パチンコ,3707,PA野生の王国6N2,0285,-0.3,-1.4,-0.3,4,14,12,1/129,1/128,1/86
東名,2026-09-10,2026-09-10,9/10 23:19,パチンコ,2425,PA野生の王国どらむN-K1 YT299,0296,2.0,3.8,1.5,14,21,19,1/22,1/66,1/84
東名,2026-09-10,2026-09-10,9/10 23:19,パチンコ,3666,PAｱｽﾞｰﾙﾚｰﾝ~異次元ﾄﾘｶﾞｰ79Ver.~M2,0311,1.7,-1.8,1.5,14,0,20,1/59,1/184,1/80
東名,2026-09-10,2026-09-10,9/10 23:19,パチンコ,2395,PAｷﾞﾝﾊﾟﾗ夢幻ｶｰﾆﾊﾞﾙHBA,0092,-1.9,0.1,0.0,6,15,0,1/221,1/56,
東名,2026-09-10,2026-09-10,9/10 23:19,パチンコ,3372,PAｺﾏｺﾏ倶楽部with坂本冬美LOOP1,0291,-0.4,0.0,0.3,9,0,10,1/92,,1/71
東名,2026-09-10,2026-09-10,9/10 23:19,パチンコ,3668,PAｼﾝ･ｴｳﾞｧﾝｹﾞﾘｵﾝY,0318,0.7,-0.5,-1.6,8,0,6,1/67,1/47,1/77
東名,2026-09-10,2026-09-10,9/10 23:19,パチンコ,3668,PAｼﾝ･ｴｳﾞｧﾝｹﾞﾘｵﾝY,0319,0.3,-0.2,-0.2,3,1,3,1/56,1/35,1/19
東名,2026-09-10,2026-09-10,9/10 23:19,パチンコ,3338,PAｽｰﾊﾟｰ海物語IN地中海2HLA,0213,-0.3,-0.2,-0.3,4,0,5,1/34,1/21,1/60
東名,2026-09-10,2026-09-10,9/10 23:19,パチンコ,3338,PAｽｰﾊﾟｰ海物語IN地中海2HLA,0214,1.0,3.9,1.5,29,37,43,1/58,1/82,1/104
東名,2026-09-10,2026-09-10,9/10 23:19,パチンコ,2716,PAｽｰﾊﾟｰ海物語IN沖縄5YBA,0197,-1.7,1.6,-0.6,5,15,7,1/137,1/19,1/95
東名,2026-09-10,2026-09-10,9/10 23:19,パチンコ,2716,PAｽｰﾊﾟｰ海物語IN沖縄5YBA,0198,-0.4,-1.0,2.4,2,21,25,1/90,1/130,1/55
東名,2026-09-10,2026-09-10,9/10 23:19,パチンコ,3783,PAｽｰﾊﾟｰ海物語IN沖縄6RBD,0220,-0.3,-2.8,-0.6,0,2,0,1/31,1/192,1/69
東名,2026-09-10,2026-09-10,9/10 23:19,パチンコ,3783,PAｽｰﾊﾟｰ海物語IN沖縄6RBD,0221,-0.4,-1.8,1.1,7,5,8,1/106,1/125,1/76
東名,2026-09-10,2026-09-10,9/10 23:19,パチンコ,3723,PAﾌｨｰﾊﾞｰうたわれるものY,0288,4.8,-0.1,0.0,21,1,0,1/248,1/23,
東名,2026-09-10,2026-09-10,9/10 23:19,パチンコ,3643,PAﾌｨｰﾊﾞｰ機動戦士ｶﾞﾝﾀﾞﾑﾕﾆｺｰﾝ2 AR,0329,0.0,2.7,-1.8,0,9,2,,1/39,1/113
東名,2026-09-10,2026-09-10,9/10 23:19,パチンコ,2913,PAﾌｨｰﾊﾞｰ起動戦士ｶﾞﾝﾀﾞﾑﾕﾆｺｰﾝbY,0077,2.5,-0.3,0.6,18,0,4,1/13,1/23,1/9
東名,2026-09-10,2026-09-10,9/10 23:19,パチンコ,3776,PAﾌｨｰﾊﾞｰｸｨｰﾝⅡYS,0292,-0.7,2.5,-0.6,0,66,0,1/70,1/54,1/62
東名,2026-09-10,2026-09-10,9/10 23:19,パチンコ,3202,PAﾌｨｰﾊﾞｰﾊﾟﾜﾌﾙR,0095,1.2,-1.1,-0.2,9,1,6,1/39,1/124,1/42
東名,2026-09-10,2026-09-10,9/10 23:19,パチンコ,3202,PAﾌｨｰﾊﾞｰﾊﾟﾜﾌﾙR,0096,4.2,0.6,0.5,23,6,13,1/48,1/113,1/52
東名,2026-09-10,2026-09-10,9/10 23:19,パチンコ,3411,PCYBORG009VS3-K,0337,0.0,0.2,-1.2,0,3,0,,1/62,1/127
東名,2026-09-10,2026-09-10,9/10 23:19,パチンコ,2976,PGO!GO!ﾏﾘﾝ3000HCD,0350,-0.1,0.0,-0.1,0,0,0,1/8,,1/17
東名,2026-09-10,2026-09-10,9/10 23:19,パチンコ,3534,PLT OVERLORD魔導王光臨ARC,0343,-0.9,-1.3,-0.7,2,1,0,1/64,1/191,1/80
東名,2026-09-10,2026-09-10,9/10 23:19,パチンコ,3599,PLT世界でいちばん強くなりたいMQ,0330,-0.2,-0.3,-0.2,0,0,0,1/17,1/38,1/21
東名,2026-09-10,2026-09-10,9/10 23:19,パチンコ,3592,PToLOVEるﾀﾞｰｸﾈｽL0YU1,0255,0.0,-1.4,0.2,0,1,3,,1/160,1/112
東名,2026-09-10,2026-09-10,9/10 23:19,パチンコ,3457,PToLOVEるﾀﾞｰｸﾈｽL9YZ4,0151,-1.0,-0.4,-2.1,1,1,0,1/109,1/54,1/218
東名,2026-09-10,2026-09-10,9/10 23:19,パチンコ,3546,Pうまい棒2おかわりちょちょちょ,0308,6.1,-2.9,-1.0,10,0,0,1/9,1/21,1/9
東名,2026-09-10,2026-09-10,9/10 23:19,パチンコ,3546,Pうまい棒2おかわりちょちょちょ,0309,0.0,0.0,0.0,0,0,0,,,
東名,2026-09-10,2026-09-10,9/10 23:19,パチンコ,3762,Pえとたま2SE,0320,-3.7,3.0,-1.3,1,10,0,1/442,1/26,1/154
東名,2026-09-10,2026-09-10,9/10 23:19,パチンコ,2833,Pとある科学 最強御坂VerRXZ,0347,-0.5,0.1,-1.5,1,9,19,1/49,1/90,1/170
東名,2026-09-10,2026-09-10,9/10 23:19,パチンコ,3374,Pとある科学の超電磁砲2JMB,0263,-1.3,-0.7,-2.7,0,1,0,1/126,1/92,1/286
東名,2026-09-10,2026-09-10,9/10 23:19,パチンコ,3374,Pとある科学の超電磁砲2JMB,0264,-1.4,-1.1,-1.2,0,0,0,1/166,1/143,1/129
東名,2026-09-10,2026-09-10,9/10 23:19,パチンコ,3150,Pとある魔術の禁書目録2JMZ,0304,0.0,-0.8,0.0,0,0,1,,1/64,1/63
東名,2026-09-10,2026-09-10,9/10 23:19,パチンコ,3150,Pとある魔術の禁書目録2JMZ,0305,5.2,2.0,-1.6,7,7,0,1/24,1/352,1/149
東名,2026-09-10,2026-09-10,9/10 23:19,パチンコ,3447,Pにゃんこ大戦争~多様性のﾈｺ~M4,0137,-0.3,-1.0,-0.5,0,0,0,1/41,1/122,1/40
東名,2026-09-10,2026-09-10,9/10 23:19,パチンコ,3447,Pにゃんこ大戦争~多様性のﾈｺ~M4,0138,-1.1,-2.5,0.9,0,1,3,1/93,1/254,1/43
東名,2026-09-10,2026-09-10,9/10 23:19,パチンコ,3500,P世界最高の暗殺者JMB,0307,-0.3,-1.4,-0.1,0,0,0,1/29,1/151,1/14
東名,2026-09-10,2026-09-10,9/10 23:19,パチンコ,3413,P中森明菜･歌姫伝説愛KD-NS,0079,-0.4,0.4,-3.0,4,2,18,1/90,1/24,1/144
東名,2026-09-10,2026-09-10,9/10 23:19,パチンコ,3148,P中森明菜･歌姫伝説極KM-TF,0331,-0.1,1.4,0.0,0,6,0,1/8,1/131,
東名,2026-09-10,2026-09-10,9/10 23:19,パチンコ,3539,P俺の妹がこんなに可愛いわけが,0333,-0.1,0.0,0.0,0,0,0,1/16,,
東名,2026-09-10,2026-09-10,9/10 23:19,パチンコ,2443,P元祖ｷﾞﾝｷﾞﾗﾊﾟﾗﾀﾞｲｽHCB,0091,-0.3,-1.7,-0.2,0,0,0,1/29,1/213,1/22
東名,2026-09-10,2026-09-10,9/10 23:19,パチンコ,2167,P冬のｿﾅﾀForeverM2,0141,-0.7,1.8,-1.4,0,5,0,1/81,1/124,1/150
東名,2026-09-10,2026-09-10,9/10 23:19,パチンコ,3234,P化物語2GRPA,0300,-0.8,-2.0,-3.6,0,0,4,1/88,1/184,1/442
東名,2026-09-10,2026-09-10,9/10 23:19,パチンコ,2408,P北斗の拳8究極乱世SSF,0293,0.0,1.7,3.6,1,23,48,1/20,1/37,1/104
東名,2026-09-10,2026-09-10,9/10 23:19,パチンコ,3200,P北斗の拳強敵SSPA,0128,-3.1,-1.0,-0.6,2,5,5,1/161,1/61,1/208
東名,2026-09-10,2026-09-10,9/10 23:19,パチンコ,3200,P北斗の拳強敵SSPA,0129,-2.4,-1.6,-2.0,8,0,0,1/57,1/155,1/215
東名,2026-09-10,2026-09-10,9/10 23:19,パチンコ,3200,P北斗の拳強敵SSPA,0130,-0.9,-1.2,-1.4,0,0,2,1/105,1/129,1/172
東名,2026-09-10,2026-09-10,9/10 23:19,パチンコ,3200,P北斗の拳強敵SSPA,0131,-0.3,0.1,-6.0,1,6,4,1/57,1/116,1/163
東名,2026-09-10,2026-09-10,9/10 23:19,パチンコ,2896,P北斗の拳暴凶星SFPA,0125,0.0,-2.1,-0.4,0,11,0,,1/185,1/50
東名,2026-09-10,2026-09-10,9/10 23:19,パチンコ,2896,P北斗の拳暴凶星SFPA,0126,-1.2,2.1,0.6,0,3,1,1/119,1/28,1/21
東名,2026-09-10,2026-09-10,9/10 23:19,パチンコ,2896,P北斗の拳暴凶星SFPA,0127,-0.3,-1.0,-0.7,0,0,0,1/32,1/105,1/76
東名,2026-09-10,2026-09-10,9/10 23:19,パチンコ,2803,P地獄少女覚醒3000Ver FHZ,0289,0.0,-0.2,0.0,0,0,0,,1/17,
東名,2026-09-10,2026-09-10,9/10 23:19,パチンコ,3424,P大海物語5ｽﾍﾟｼｬﾙALTA,0203,-0.1,-0.7,-0.1,0,3,0,1/8,1/167,1/9
東名,2026-09-10,2026-09-10,9/10 23:19,パチンコ,3424,P大海物語5ｽﾍﾟｼｬﾙALTA,0204,-3.0,-4.9,-0.9,0,5,1,1/328,1/308,1/168
東名,2026-09-10,2026-09-10,9/10 23:19,パチンコ,3424,P大海物語5ｽﾍﾟｼｬﾙALTA,0205,1.4,-1.3,2.2,5,1,5,1/143,1/216,1/98
東名,2026-09-10,2026-09-10,9/10 23:19,パチンコ,3424,P大海物語5ｽﾍﾟｼｬﾙALTA,0206,4.7,-5.3,-1.0,16,5,8,1/274,1/546,1/268
東名,2026-09-10,2026-09-10,9/10 23:19,パチンコ,2770,P天才ﾊﾞｶﾎﾞﾝ6FD-RS,0351,-4.4,-3.9,-3.4,4,1,1,1/119,1/411,1/334
東名,2026-09-10,2026-09-10,9/10 23:19,パチンコ,3203,P天才ﾊﾞｶﾎﾞﾝ7~福神ｽﾍﾟｯｸ~LTH-JH,0302,-0.4,10.5,2.2,3,25,9,1/52,1/53,1/77
東名,2026-09-10,2026-09-10,9/10 23:19,パチンコ,2494,P宇宙戦艦ﾔﾏﾄ2022 ONLYONE R,0317,-2.7,0.6,0.0,2,21,0,1/152,1/187,
東名,2026-09-10,2026-09-10,9/10 23:19,パチンコ,3410,P宇宙戦艦ﾔﾏﾄ2202-3G,0265,-2.6,-4.1,-0.4,0,2,0,1/258,1/254,1/46
東名,2026-09-10,2026-09-10,9/10 23:19,パチンコ,3410,P宇宙戦艦ﾔﾏﾄ2202-3G,0266,-2.8,-0.8,-1.5,0,0,1,1/261,1/66,1/176
東名,2026-09-10,2026-09-10,9/10 23:19,パチンコ,3591,P宇宙戦艦ﾔﾏﾄ2202-3MF,0140,-0.4,0.0,-0.1,0,0,0,1/33,,1/4
東名,2026-09-10,2026-09-10,9/10 23:19,パチンコ,2266,P宇宙戦艦ﾔﾏﾄ2202bS,0299,-1.5,0.0,-1.2,0,0,1,1/152,,1/114
東名,2026-09-10,2026-09-10,9/10 23:19,パチンコ,3161,P弾球黙示録ｶｲｼﾞ沼5V1U,0261,-1.7,-2.1,26.6,0,0,38,1/161,1/229,1/82
東名,2026-09-10,2026-09-10,9/10 23:19,パチンコ,3161,P弾球黙示録ｶｲｼﾞ沼5V1U,0262,0.0,0.0,0.0,0,0,0,,,
東名,2026-09-10,2026-09-10,9/10 23:19,パチンコ,3669,P戦国乙女7H0YZ3,0252,-5.1,-0.3,-1.8,3,0,2,1/362,1/65,1/198
東名,2026-09-10,2026-09-10,9/10 23:19,パチンコ,3748,P戦国乙女7L0YU1,0268,0.0,0.7,0.7,1,11,5,1/17,1/60,1/47
東名,2026-09-10,2026-09-10,9/10 23:19,パチンコ,3748,P戦国乙女7L0YU1,0269,-0.4,2.1,-0.4,0,11,0,1/43,1/28,1/41
東名,2026-09-10,2026-09-10,9/10 23:19,パチンコ,3748,P戦国乙女7L0YU1,0270,-0.2,1.6,-0.3,0,9,7,1/22,1/81,1/32
東名,2026-09-10,2026-09-10,9/10 23:19,パチンコ,2767,P戦国乙女ﾚｼﾞｪﾝﾄﾞﾊﾞﾄﾙ9YU1Y,0294,-0.2,-1.3,-4.2,2,11,17,1/56,1/111,1/141
東名,2026-09-10,2026-09-10,9/10 23:19,パチンコ,3617,P戦国無双HM3,0278,-0.3,-1.0,-0.6,0,1,0,1/85,1/233,1/121
東名,2026-09-10,2026-09-10,9/10 23:19,パチンコ,3617,P戦国無双HM3,0279,-0.2,-0.6,-2.6,0,1,1,1/29,1/162,1/532
東名,2026-09-10,2026-09-10,9/10 23:19,パチンコ,2361,P新世紀ｴｳﾞｧﾝｹﾞﾘｵﾝ15 未来への咆哮,0169,4.6,5.1,2.2,15,10,5,1/198,1/245,1/67
東名,2026-09-10,2026-09-10,9/10 23:19,パチンコ,2361,P新世紀ｴｳﾞｧﾝｹﾞﾘｵﾝ15 未来への咆哮,0170,0.0,-6.3,4.4,0,1,8,,1/700,1/132
東名,2026-09-10,2026-09-10,9/10 23:19,パチンコ,2361,P新世紀ｴｳﾞｧﾝｹﾞﾘｵﾝ15 未来への咆哮,0171,-2.6,-3.1,-4.5,2,0,2,1/154,1/327,1/549
東名,2026-09-10,2026-09-10,9/10 23:19,パチンコ,2361,P新世紀ｴｳﾞｧﾝｹﾞﾘｵﾝ15 未来への咆哮,0172,1.1,-3.5,-7.3,14,0,0,1/1053,1/377,1/758
東名,2026-09-10,2026-09-10,9/10 23:19,パチンコ,2361,P新世紀ｴｳﾞｧﾝｹﾞﾘｵﾝ15 未来への咆哮,0173,-0.7,0.4,-0.3,0,4,0,1/70,1/211,1/24
東名,2026-09-10,2026-09-10,9/10 23:19,パチンコ,2361,P新世紀ｴｳﾞｧﾝｹﾞﾘｵﾝ15 未来への咆哮,0174,-0.6,-1.9,-1.8,0,6,1,1/58,1/148,1/253
東名,2026-09-10,2026-09-10,9/10 23:19,パチンコ,2361,P新世紀ｴｳﾞｧﾝｹﾞﾘｵﾝ15 未来への咆哮,0175,-0.1,-0.7,3.8,7,0,6,1/255,1/65,1/30
東名,2026-09-10,2026-09-10,9/10 23:19,パチンコ,2361,P新世紀ｴｳﾞｧﾝｹﾞﾘｵﾝ15 未来への咆哮,0176,6.7,2.8,4.4,11,9,10,1/120,1/164,1/148
東名,2026-09-10,2026-09-10,9/10 23:19,パチンコ,3022,P新世紀ｴｳﾞｧﾝｹﾞﾘｵﾝ15未来への咆哮F,0257,-2.5,0.2,-2.4,2,7,2,1/344,1/84,1/120
東名,2026-09-10,2026-09-10,9/10 23:19,パチンコ,3181,P新世紀ｴｳﾞｧﾝｹﾞﾘｵﾝ15未来への咆哮Y,0123,-3.4,5.5,0.6,4,25,17,1/215,1/71,1/186
東名,2026-09-10,2026-09-10,9/10 23:19,パチンコ,3181,P新世紀ｴｳﾞｧﾝｹﾞﾘｵﾝ15未来への咆哮Y,0124,-2.9,-3.4,1.7,14,3,15,1/113,1/195,1/112
東名,2026-09-10,2026-09-10,9/10 23:19,パチンコ,3420,P江頭2:50 inﾅﾅｼｰV3,0303,-1.1,-0.2,-0.1,0,2,0,1/128,1/185,
東名,2026-09-10,2026-09-10,9/10 23:19,パチンコ,3714,P沖ﾄﾞｷ!LG,0286,-0.3,0.0,-2.2,0,0,1,1/1,,1/30
東名,2026-09-10,2026-09-10,9/10 23:19,パチンコ,2157,P海物語E,0089,-0.5,-0.3,-0.4,0,0,0,1/65,1/43,1/70
東名,2026-09-10,2026-09-10,9/10 23:19,パチンコ,2157,P海物語E,0090,-0.9,0.0,-0.1,0,0,0,1/113,1/1,1/2
東名,2026-09-10,2026-09-10,9/10 23:19,パチンコ,2157,P海物語E,0146,-0.1,0.0,-0.7,0,0,0,1/9,,1/80
東名,2026-09-10,2026-09-10,9/10 23:19,パチンコ,2157,P海物語E,0211,-0.3,-0.1,-1.7,0,0,0,1/22,1/13,1/225
東名,2026-09-10,2026-09-10,9/10 23:19,パチンコ,2157,P海物語E,0212,-0.3,-0.3,-1.5,0,0,0,1/42,1/47,1/185
東名,2026-09-10,2026-09-10,9/10 23:19,パチンコ,3024,P消されたﾙﾊﾟﾝ9YU1Y,0287,0.0,-2.0,-1.6,3,2,10,1/38,1/113,1/121
東名,2026-09-10,2026-09-10,9/10 23:19,パチンコ,3252,P牙狼11~冴島大河~XX-MU,0159,-1.4,0.0,-2.6,0,0,1,1/154,,1/346
東名,2026-09-10,2026-09-10,9/10 23:19,パチンコ,3252,P牙狼11~冴島大河~XX-MU,0160,-1.3,0.0,0.0,0,0,0,1/141,,
東名,2026-09-10,2026-09-10,9/10 23:19,パチンコ,3252,P牙狼11~冴島大河~XX-MU,0161,-1.0,3.1,0.0,1,6,0,1/112,1/101,
東名,2026-09-10,2026-09-10,9/10 23:19,パチンコ,2412,P真北斗無双3ｼﾞｬｷﾞの逆襲GEE,0325,-0.3,0.0,9.4,0,0,13,1/39,,1/14
東名,2026-09-10,2026-09-10,9/10 23:19,パチンコ,2391,P真北斗無双FWQG,0162,-0.1,8.1,-0.3,0,15,0,1/12,1/39,1/25
東名,2026-09-10,2026-09-10,9/10 23:19,パチンコ,2391,P真北斗無双FWQG,0163,-0.4,0.0,-0.4,0,0,0,1/51,,1/36
東名,2026-09-10,2026-09-10,9/10 23:19,パチンコ,2391,P真北斗無双FWQG,0164,3.6,0.0,-0.6,13,0,0,1/323,,1/52
東名,2026-09-10,2026-09-10,9/10 23:19,パチンコ,2391,P真北斗無双FWQG,0165,3.9,0.0,-2.7,12,0,4,1/108,,1/274
東名,2026-09-10,2026-09-10,9/10 23:19,パチンコ,2391,P真北斗無双FWQG,0166,0.0,0.0,-0.4,0,0,0,,,1/37
東名,2026-09-10,2026-09-10,9/10 23:19,パチンコ,2391,P真北斗無双FWQG,0167,0.0,-0.1,-0.3,0,0,0,,1/21,1/28
東名,2026-09-10,2026-09-10,9/10 23:19,パチンコ,2391,P真北斗無双FWQG,0168,0.0,-2.0,-0.6,0,1,2,,1/256,1/89
東名,2026-09-10,2026-09-10,9/10 23:19,パチンコ,2978,P真･一騎当千~桃園の誓い~FM-JT,0139,0.0,0.0,3.7,0,0,5,,,1/19
東名,2026-09-10,2026-09-10,9/10 23:19,パチンコ,2978,P真･一騎当千~桃園の誓い~FM-JT,0154,0.0,-0.6,-1.1,0,0,0,,1/61,1/106
東名,2026-09-10,2026-09-10,9/10 23:19,パチンコ,3453,P真･一騎当千~桃園の誓い~LTH-FH,0332,-0.3,2.9,-2.8,3,6,2,1/226,1/57,1/190
東名,2026-09-10,2026-09-10,9/10 23:19,パチンコ,3162,P真･花の慶次3N-K,0097,-2.6,-0.8,-0.7,8,5,0,1/94,1/82,1/82
東名,2026-09-10,2026-09-10,9/10 23:19,パチンコ,3162,P真･花の慶次3N-K,0098,-0.9,0.0,-0.7,1,0,0,1/111,,1/82
東名,2026-09-10,2026-09-10,9/10 23:19,パチンコ,3162,P真･花の慶次3N-K,0099,-2.2,0.0,-0.6,0,11,0,1/224,1/48,1/61
東名,2026-09-10,2026-09-10,9/10 23:19,パチンコ,3205,P緋弾のｱﾘｱ ~緋緋神降臨~LT搭載FSZ,0088,0.0,0.0,0.0,0,0,0,,,
東名,2026-09-10,2026-09-10,9/10 23:19,パチンコ,3535,P緋弾のｱﾘｱ~緋緋神降臨~199Ver.FQU,0328,-0.1,0.0,-0.7,0,0,3,1/13,,1/148
東名,2026-09-10,2026-09-10,9/10 23:19,パチンコ,3596,P織田信奈の野望全国版V1D,0271,0.0,0.0,0.0,0,0,0,,,
東名,2026-09-10,2026-09-10,9/10 23:19,パチンコ,3596,P織田信奈の野望全国版V1D,0348,-0.1,0.0,-0.3,0,0,0,1/15,,1/31
東名,2026-09-10,2026-09-10,9/10 23:19,パチンコ,3790,P織田信奈の野望全国版V4A,0297,7.4,-1.4,-0.9,11,0,3,1/48,1/273,1/149
東名,2026-09-10,2026-09-10,9/10 23:19,パチンコ,3513,P花の慶次~裂N2-VC,0259,-2.2,-0.6,-0.2,1,0,0,1/230,1/62,1/14
東名,2026-09-10,2026-09-10,9/10 23:19,パチンコ,3513,P花の慶次~裂N2-VC,0260,-0.1,0.0,0.0,0,0,0,1/17,,
東名,2026-09-10,2026-09-10,9/10 23:19,パチンコ,3314,P貞子FMD,0253,-0.9,-2.1,0.0,2,5,0,1/112,1/106,
東名,2026-09-10,2026-09-10,9/10 23:19,パチンコ,3667,P頭文字D2GCPC,0313,0.0,0.0,-0.3,0,0,0,,,1/36
東名,2026-09-10,2026-09-10,9/10 23:19,パチンコ,3278,P魔法少女まどか☆ﾏｷﾞｶ3LM3,0155,0.0,0.0,-0.7,0,0,1,,,1/92
東名,2026-09-10,2026-09-10,9/10 23:19,パチンコ,3278,P魔法少女まどか☆ﾏｷﾞｶ3LM3,0156,-0.3,-0.6,-0.4,0,0,0,1/35,1/63,1/36
東名,2026-09-10,2026-09-10,9/10 23:19,パチンコ,3278,P魔法少女まどか☆ﾏｷﾞｶ3LM3,0157,0.0,-0.1,-1.0,0,0,0,,1/5,1/121
東名,2026-09-10,2026-09-10,9/10 23:19,パチンコ,3278,P魔法少女まどか☆ﾏｷﾞｶ3LM3,0158,0.0,-1.4,-1.2,0,0,3,,1/125,1/127
東名,2026-09-10,2026-09-10,9/10 23:19,パチンコ,3732,P黄門ちゃま9AD2,0267,-0.2,-0.9,0.2,1,1,3,1/48,1/134,1/55
東名,2026-09-10,2026-09-10,9/10 23:19,パチンコ,3316,PｱｽﾞｰﾙﾚｰﾝTHE ANIMATION~ﾄﾘｶﾞｰ199~,0149,-0.8,8.8,-0.6,0,11,1,1/91,1/44,1/65
東名,2026-09-10,2026-09-10,9/10 23:19,パチンコ,3316,PｱｽﾞｰﾙﾚｰﾝTHE ANIMATION~ﾄﾘｶﾞｰ199~,0150,-1.0,-1.5,-2.1,0,1,1,1/101,1/154,1/208
東名,2026-09-10,2026-09-10,9/10 23:19,パチンコ,3552,Pｱﾅｻﾞｰｺﾞｯﾄﾞﾊｰﾃﾞｽ3SB,0342,-0.8,-0.4,-3.6,0,0,3,1/102,1/37,1/166
東名,2026-09-10,2026-09-10,9/10 23:19,パチンコ,3276,Pｸｲｰﾝｽﾞﾌﾞﾚｲﾄﾞ4V1D,0145,-0.3,0.0,-0.6,0,0,0,1/33,,1/55
東名,2026-09-10,2026-09-10,9/10 23:19,パチンコ,3655,Pｸｲｰﾝｽﾞﾌﾞﾚｲﾄﾞ奈落V1C,0326,-0.1,0.0,0.0,0,0,0,1/12,,
東名,2026-09-10,2026-09-10,9/10 23:19,パチンコ,3201,Pｺｰﾄﾞｷﾞｱｽ 反逆のﾙﾙｰｼｭ3Y,0086,-1.7,0.7,3.9,0,14,34,1/190,1/196,1/71
東名,2026-09-10,2026-09-10,9/10 23:19,パチンコ,2695,Pｺﾞｼﾞﾗ対ｴｳﾞｧﾝｹﾞﾘｵﾝ G細胞覚醒L,0298,-0.1,-1.7,-0.6,2,0,0,1/185,1/180,1/64
東名,2026-09-10,2026-09-10,9/10 23:19,パチンコ,3721,Pｺﾞｼﾞﾗ対ｴｳﾞｧﾝｹﾞﾘｵﾝ2LV,0280,-2.7,-0.2,-1.8,3,3,2,1/227,1/134,1/198
東名,2026-09-10,2026-09-10,9/10 23:19,パチンコ,3259,Pｺﾞﾌﾞﾘﾝｽﾚｲﾔｰ ﾗｯｷｰﾄﾘｶﾞｰVerJVR,0256,3.4,0.0,0.0,10,0,0,1/119,,
東名,2026-09-10,2026-09-10,9/10 23:19,パチンコ,3141,Pｼﾝ･ｴｳﾞｧﾝｹﾞﾘｵﾝX,0117,-0.5,0.0,-3.2,1,0,0,1/76,,1/339
東名,2026-09-10,2026-09-10,9/10 23:19,パチンコ,3141,Pｼﾝ･ｴｳﾞｧﾝｹﾞﾘｵﾝX,0118,-3.9,6.3,0.0,0,20,0,1/438,1/194,
東名,2026-09-10,2026-09-10,9/10 23:19,パチンコ,3141,Pｼﾝ･ｴｳﾞｧﾝｹﾞﾘｵﾝX,0119,-0.5,-1.0,-0.1,0,0,0,1/41,1/106,1/11
東名,2026-09-10,2026-09-10,9/10 23:19,パチンコ,3141,Pｼﾝ･ｴｳﾞｧﾝｹﾞﾘｵﾝX,0120,-0.3,0.0,10.9,0,0,24,1/21,,1/98
東名,2026-09-10,2026-09-10,9/10 23:19,パチンコ,3141,Pｼﾝ･ｴｳﾞｧﾝｹﾞﾘｵﾝX,0121,-0.4,0.0,-0.1,0,0,0,1/41,,1/6
東名,2026-09-10,2026-09-10,9/10 23:19,パチンコ,3141,Pｼﾝ･ｴｳﾞｧﾝｹﾞﾘｵﾝX,0122,-1.4,-0.3,-2.2,7,0,0,1/164,1/32,1/232
東名,2026-09-10,2026-09-10,9/10 23:19,パチンコ,3603,Pｼﾞｭｰｼｰﾊﾆｰ極嬢77LT-ARB,0078,3.0,-0.7,0.0,12,0,0,1/37,1/78,
東名,2026-09-10,2026-09-10,9/10 23:19,パチンコ,3501,Pｼﾞｭｰｼｰﾊﾆｰ極嬢MA,0344,-0.1,-1.1,-2.4,0,2,1,1/9,1/94,1/274
東名,2026-09-10,2026-09-10,9/10 23:19,パチンコ,3681,Pｽｰﾊﾟｰ海物語IN沖縄6LTP,0199,0.0,-3.6,-0.7,0,0,0,,1/444,1/76
東名,2026-09-10,2026-09-10,9/10 23:19,パチンコ,3681,Pｽｰﾊﾟｰ海物語IN沖縄6LTP,0200,-0.3,-1.1,-0.2,0,0,3,1/28,1/128,1/330
東名,2026-09-10,2026-09-10,9/10 23:19,パチンコ,3681,Pｽｰﾊﾟｰ海物語IN沖縄6LTP,0201,1.0,-0.9,0.1,2,0,3,1/82,1/112,1/285
東名,2026-09-10,2026-09-10,9/10 23:19,パチンコ,3681,Pｽｰﾊﾟｰ海物語IN沖縄6LTP,0202,4.7,0.4,0.8,16,19,4,1/270,1/410,1/199
東名,2026-09-10,2026-09-10,9/10 23:19,パチンコ,3564,PｿﾞﾝﾋﾞﾗﾝﾄﾞｻｶﾞSCPC,0093,0.0,-0.1,0.0,0,0,0,,1/8,
東名,2026-09-10,2026-09-10,9/10 23:19,パチンコ,3564,PｿﾞﾝﾋﾞﾗﾝﾄﾞｻｶﾞSCPC,0094,0.0,0.0,0.0,0,0,0,,,
東名,2026-09-10,2026-09-10,9/10 23:19,パチンコ,3593,Pﾃﾞｼﾞﾊﾈ北斗の拳慈母SSPC,0100,0.0,0.0,-0.2,0,0,0,,,1/16
東名,2026-09-10,2026-09-10,9/10 23:19,パチンコ,3593,Pﾃﾞｼﾞﾊﾈ北斗の拳慈母SSPC,0101,-0.7,0.7,-1.1,0,5,0,1/86,1/28,1/102
東名,2026-09-10,2026-09-10,9/10 23:19,パチンコ,3593,Pﾃﾞｼﾞﾊﾈ北斗の拳慈母SSPC,0102,-0.8,-1.3,0.0,0,1,8,1/103,1/195,1/92
東名,2026-09-10,2026-09-10,9/10 23:19,パチンコ,3593,Pﾃﾞｼﾞﾊﾈ北斗の拳慈母SSPC,0103,2.7,-0.4,-0.4,14,0,3,1/44,1/31,1/67
東名,2026-09-10,2026-09-10,9/10 23:19,パチンコ,3176,Pﾃﾞｼﾞﾊﾈ聖戦士ﾀﾞﾝﾊﾞｲﾝ2SSPB,0321,-0.7,-0.3,-0.4,11,1,0,1/91,1/38,1/30
東名,2026-09-10,2026-09-10,9/10 23:19,パチンコ,3176,Pﾃﾞｼﾞﾊﾈ聖戦士ﾀﾞﾝﾊﾞｲﾝ2SSPB,0322,-0.6,-0.9,0.0,0,3,0,1/62,1/122,
東名,2026-09-10,2026-09-10,9/10 23:19,パチンコ,3602,PﾃﾞｼﾞﾊﾈﾓﾝｽﾀｰﾊﾝﾀｰﾗｲｽﾞGSPB,0152,-2.7,0.7,0.0,2,9,0,1/161,1/61,
東名,2026-09-10,2026-09-10,9/10 23:19,パチンコ,3602,PﾃﾞｼﾞﾊﾈﾓﾝｽﾀｰﾊﾝﾀｰﾗｲｽﾞGSPB,0153,0.0,0.0,0.0,0,0,0,,,
東名,2026-09-10,2026-09-10,9/10 23:19,パチンコ,2996,Pﾃﾞﾋﾞﾙﾏﾝ黄金黙示録N-K1 YT250,0312,-1.8,-0.3,-2.8,4,11,31,1/122,1/53,1/139
東名,2026-09-10,2026-09-10,9/10 23:19,パチンコ,3642,Pﾄﾞﾗﾑだ!金ﾄﾞﾝSB,0301,-0.3,0.0,-0.9,0,0,0,1/30,,1/83
東名,2026-09-10,2026-09-10,9/10 23:19,パチンコ,3179,PﾆｭｰﾄｷｵGREENV1,0341,-0.4,-0.8,-0.7,20,1,3,1/24,1/70,1/31
東名,2026-09-10,2026-09-10,9/10 23:19,パチンコ,3515,PﾊﾈﾓﾉﾌｧﾐﾘｰｽﾀｼﾞｱﾑMD,0338,-1.3,0.3,-1.3,2,1,1,1/70,1/19,1/115
東名,2026-09-10,2026-09-10,9/10 23:19,パチンコ,3515,PﾊﾈﾓﾉﾌｧﾐﾘｰｽﾀｼﾞｱﾑMD,0339,-0.5,-0.3,-1.0,0,0,6,1/47,1/20,1/39
東名,2026-09-10,2026-09-10,9/10 23:19,パチンコ,3235,PﾊﾞｲｵﾊｻﾞｰﾄﾞRE2L9YZ4,0346,4.5,13.1,-1.7,10,19,0,1/46,1/101,1/178
東名,2026-09-10,2026-09-10,9/10 23:19,パチンコ,3361,PﾊﾞﾝﾄﾞﾘH1YZ4,0327,-6.7,-0.6,0.0,0,0,0,1/703,1/60,
東名,2026-09-10,2026-09-10,9/10 23:19,パチンコ,3537,PﾊﾞﾝﾄﾞﾘL1AU1,0306,-1.4,-0.1,-0.2,1,0,10,1/181,1/5,1/181
東名,2026-09-10,2026-09-10,9/10 23:19,パチンコ,3090,PﾌｨｰﾊﾞｰからくりｻｰｶｽY,0323,-0.6,0.1,0.0,0,3,0,1/57,1/37,
東名,2026-09-10,2026-09-10,9/10 23:19,パチンコ,3722,Pﾌｨｰﾊﾞｰ彼女、お借りしますLR,0281,0.0,-0.2,-1.0,1,0,0,1/32,1/43,1/182
東名,2026-09-10,2026-09-10,9/10 23:19,パチンコ,3526,Pﾌｨｰﾊﾞｰ戦姫絶唱ｼﾝﾌｫｷﾞｱ4Z,0133,0.4,0.0,-0.3,1,0,0,1/3,,1/29
東名,2026-09-10,2026-09-10,9/10 23:19,パチンコ,3526,Pﾌｨｰﾊﾞｰ戦姫絶唱ｼﾝﾌｫｷﾞｱ4Z,0134,0.0,-0.3,-0.1,0,0,0,,1/25,1/14
東名,2026-09-10,2026-09-10,9/10 23:19,パチンコ,3526,Pﾌｨｰﾊﾞｰ戦姫絶唱ｼﾝﾌｫｷﾞｱ4Z,0135,-2.8,-0.2,-0.3,2,0,0,1/195,1/17,1/32
東名,2026-09-10,2026-09-10,9/10 23:19,パチンコ,3526,Pﾌｨｰﾊﾞｰ戦姫絶唱ｼﾝﾌｫｷﾞｱ4Z,0136,1.5,0.0,0.0,11,0,0,1/70,,
東名,2026-09-10,2026-09-10,9/10 23:19,パチンコ,3597,Pﾌｨｰﾊﾞｰ機動戦士ｶﾞﾝﾀﾞﾑﾕﾆｺｰﾝ2 Y,0254,0.0,-0.5,-0.9,0,1,1,,1/67,1/110
東名,2026-09-10,2026-09-10,9/10 23:19,パチンコ,2872,Pﾌｨｰﾊﾞｰ炎炎ﾉ消防隊G,0275,-0.9,-1.4,4.7,3,2,8,1/367,1/283,1/169
東名,2026-09-10,2026-09-10,9/10 23:19,パチンコ,2872,Pﾌｨｰﾊﾞｰ炎炎ﾉ消防隊G,0276,0.0,-3.2,-3.4,0,0,0,,1/289,1/339
東名,2026-09-10,2026-09-10,9/10 23:19,パチンコ,2872,Pﾌｨｰﾊﾞｰ炎炎ﾉ消防隊G,0277,-0.7,-0.8,-1.7,0,0,1,1/76,1/63,1/239
東名,2026-09-10,2026-09-10,9/10 23:19,パチンコ,3261,Pﾌｨｰﾊﾞｰ炎炎ﾉ消防隊YR,0076,-0.1,0.2,0.4,0,4,3,1/9,1/39,1/71
東名,2026-09-10,2026-09-10,9/10 23:19,パチンコ,2967,PﾌｨｰﾊﾞｰｸｨｰﾝⅡV,0295,-1.4,0.0,-1.6,1,0,3,1/184,,1/117
東名,2026-09-10,2026-09-10,9/10 23:19,パチンコ,3514,Pﾌﾞﾗｯｸﾗｸﾞｰﾝ4GCPA,0334,-0.2,0.0,-2.8,1,0,3,1/27,,1/112
東名,2026-09-10,2026-09-10,9/10 23:19,パチンコ,2949,Pﾌﾞﾗｯｸﾗｸﾞｰﾝ4GFPJ,0349,-1.5,-0.5,-4.8,0,1,2,1/134,1/80,1/266
東名,2026-09-10,2026-09-10,9/10 23:19,パチンコ,3152,Pﾎﾟﾁｯと一発おだてﾌﾞﾀ2V1,0340,-2.7,-1.3,-0.2,44,3,9,1/26,1/47,1/30
東名,2026-09-10,2026-09-10,9/10 23:19,パチンコ,3703,PﾒｲﾄﾞｲﾝｱﾋﾞｽSL,0335,-0.3,1.2,0.1,0,8,2,1/31,1/50,1/32
東名,2026-09-10,2026-09-10,9/10 23:19,パチンコ,3427,Pﾘﾝｸﾞ 呪いの7日間3 Light JVZ,0085,-2.0,-0.7,-1.1,1,0,0,1/219,1/64,1/130
東名,2026-09-10,2026-09-10,9/10 23:19,パチンコ,3360,Pﾘﾝｸﾞ 呪いの7日間3 LT搭載 JSG,0142,1.7,0.0,0.0,7,0,0,1/155,,
東名,2026-09-10,2026-09-10,9/10 23:19,パチンコ,3360,Pﾘﾝｸﾞ 呪いの7日間3 LT搭載 JSG,0143,-0.4,0.0,1.2,0,0,7,1/45,,1/61
東名,2026-09-10,2026-09-10,9/10 23:19,パチンコ,3360,Pﾘﾝｸﾞ 呪いの7日間3 LT搭載 JSG,0144,0.7,-0.6,0.0,2,3,0,1/5,1/224,
東名,2026-09-10,2026-09-10,9/10 23:19,パチンコ,3375,Pﾙﾊﾟﾝ三世137YR2,0080,0.0,0.0,-0.8,0,0,0,,,1/91
東名,2026-09-10,2026-09-10,9/10 23:19,パチンコ,3679,Pﾙﾊﾟﾝ三世14L0YU1,0314,-0.4,0.0,-1.3,0,0,1,1/45,,1/178
東名,2026-09-10,2026-09-10,9/10 23:19,パチンコ,3816,①e/吉宗極乗3000ver/L06,0055,-5.8,-4.4,-7.9,9,4,1,1/150,1/145,1/797
東名,2026-09-10,2026-09-10,9/10 23:19,パチンコ,3816,①e/吉宗極乗3000ver/L06,0056,-0.6,-10.9,-10.0,1,3,6,1/94,1/418,1/243
東名,2026-09-10,2026-09-10,9/10 23:19,パチンコ,3800,①e/押忍番長漢の頂/L09,0054,3.3,19.7,12.1,17,44,29,1/61,1/172,1/73
東名,2026-09-10,2026-09-10,9/10 23:19,パチンコ,3739,①e牙狼神速神撃3000LT-RB,0059,-0.6,-9.8,8.2,1,3,14,1/84,1/337,1/140
東名,2026-09-10,2026-09-10,9/10 23:19,パチンコ,3739,①e牙狼神速神撃3000LT-RB,0060,3.2,10.2,-3.9,11,11,0,1/144,1/35,1/392
東名,2026-09-10,2026-09-10,9/10 23:19,パチンコ,3818,①e甲鉄城のｶﾊﾞﾈﾘ2GFEA,0058,-0.8,-2.9,-3.9,5,3,4,1/131,1/614,1/909
東名,2026-09-10,2026-09-10,9/10 23:19,パチンコ,3817,①e花の慶次~黄金の一撃H4,0053,-3.3,4.5,7.5,1,14,10,1/333,1/384,1/89
東名,2026-09-10,2026-09-10,9/10 23:19,パチンコ,3754,①eｺﾞｼﾞﾗ対ｴｳﾞｧﾝｹﾞﾘｵﾝ2bA,0057,0.1,-0.6,-0.9,16,0,0,1/63,1/60,1/87
東名,2026-09-10,2026-09-10,9/10 23:19,パチンコ,2641,①PAぱちんこ仮面ﾗｲﾀﾞｰ轟音MA1,0001,-0.7,0.4,-1.4,27,22,22,1/118,1/47,1/142
東名,2026-09-10,2026-09-10,9/10 23:19,パチンコ,3139,①PAぱちんこ冬のｿﾅﾀForeverMA1,0034,-3.6,2.8,2.8,25,31,45,1/101,1/84,1/70
東名,2026-09-10,2026-09-10,9/10 23:19,パチンコ,2554,①PA大海物語4ｽﾍﾟｼｬﾙRBA,0009,-2.8,-0.5,2.5,17,13,19,1/212,1/63,1/53
東名,2026-09-10,2026-09-10,9/10 23:19,パチンコ,3137,①PA大海物語4ｽﾍﾟｼｬﾙRBA,0023,-0.3,1.1,1.4,24,37,14,1/90,1/85,1/58
東名,2026-09-10,2026-09-10,9/10 23:19,パチンコ,3137,①PA大海物語4ｽﾍﾟｼｬﾙRBA,0027,0.8,-2.1,1.4,11,7,8,1/60,1/166,1/28
東名,2026-09-10,2026-09-10,9/10 23:19,パチンコ,3614,①PA大海物語5ARBC,0026,1.0,1.9,1.2,26,33,24,1/92,1/143,1/73
東名,2026-09-10,2026-09-10,9/10 23:19,パチンコ,3614,①PA大海物語5ARBC,0049,-1.5,1.5,-1.2,4,21,6,1/72,1/41,1/136
東名,2026-09-10,2026-09-10,9/10 23:19,パチンコ,3652,①PA海物語3R2ｽﾍﾟｼｬﾙMBA,0010,0.3,-2.2,-0.3,54,5,0,1/86,1/312,1/38
東名,2026-09-10,2026-09-10,9/10 23:19,パチンコ,3652,①PA海物語3R2ｽﾍﾟｼｬﾙMBA,0024,-2.2,1.2,0.4,7,15,16,1/193,1/101,1/98
東名,2026-09-10,2026-09-10,9/10 23:19,パチンコ,3549,①PA激ﾃﾞｼﾞ牙狼月虹ﾉ旅人-RL,0042,-2.4,-3.9,-1.5,4,8,6,1/169,1/100,1/84
東名,2026-09-10,2026-09-10,9/10 23:19,パチンコ,3347,①PA真･暴れん坊将軍99Ver.FWZ,0033,-4.2,-1.8,-0.6,8,2,1,1/135,1/145,1/114
東名,2026-09-10,2026-09-10,9/10 23:19,パチンコ,3431,①PA真･花の慶次2N2-X1,0006,0.8,2.0,-2.1,26,21,0,1/122,1/71,1/236
東名,2026-09-10,2026-09-10,9/10 23:19,パチンコ,3431,①PA真･花の慶次2N2-X1,0008,-2.9,0.6,3.2,33,9,24,1/87,1/115,1/33
東名,2026-09-10,2026-09-10,9/10 23:19,パチンコ,3226,①PAｽｰﾊﾟｰ海物語INｼﾞｬﾊﾟﾝ2RA,0021,1.7,0.0,0.0,9,0,0,1/31,,
東名,2026-09-10,2026-09-10,9/10 23:19,パチンコ,3756,①PAﾌｨｰﾊﾞｰﾀﾞﾝﾍﾞﾙ何ｷﾛ持てる?Y,0018,-2.7,-0.9,-1.3,30,27,23,1/105,1/75,1/97
東名,2026-09-10,2026-09-10,9/10 23:19,パチンコ,3662,①PGO!GO!ﾏﾘﾝ3000HCD,0048,13.5,-2.1,-1.9,24,6,0,1/107,1/161,1/205
東名,2026-09-10,2026-09-10,9/10 23:19,パチンコ,3628,①Pうまい棒4500から10500V1,0046,-0.2,-2.1,-0.3,0,0,0,1/1,1/16,1/2
東名,2026-09-10,2026-09-10,9/10 23:19,パチンコ,3449,①Pぱちんこ水戸黄門4KC1,0044,-1.7,-0.4,-1.5,0,0,0,1/200,1/36,1/162
東名,2026-09-10,2026-09-10,9/10 23:19,パチンコ,3758,①PわんﾆｬﾝｱﾄﾞﾍﾞﾝﾁｬｰHCB,0043,-5.7,2.9,-4.2,2,22,3,1/344,1/189,1/186
東名,2026-09-10,2026-09-10,9/10 23:19,パチンコ,3544,①P元祖ｷﾞﾝｷﾞﾗﾊﾟﾗﾀﾞｲｽHCB,0013,4.1,-2.3,2.9,17,0,18,1/126,1/256,1/137
東名,2026-09-10,2026-09-10,9/10 23:19,パチンコ,3620,①P天才ﾊﾞｶﾎﾞﾝ7~福神ｽﾍﾟｯｸ~LTH-JH,0047,5.5,-2.0,11.0,31,12,35,1/84,1/107,1/92
東名,2026-09-10,2026-09-10,9/10 23:19,パチンコ,3678,①P宇宙戦艦ﾔﾏﾄ2202-3MF,0041,-2.8,0.5,21.0,0,18,35,1/301,1/124,1/124
東名,2026-09-10,2026-09-10,9/10 23:19,パチンコ,3406,①P宇宙戦艦ﾔﾏﾄ2202bH,0037,-2.9,-4.5,-7.2,30,24,25,1/95,1/113,1/150
東名,2026-09-10,2026-09-10,9/10 23:19,パチンコ,3574,①P新･遠山の金さん 77Ver.JWZ,0020,-0.2,0.0,-3.6,25,24,35,1/70,1/63,1/65
東名,2026-09-10,2026-09-10,9/10 23:19,パチンコ,2988,①P海物語E,0014,5.5,-1.0,1.9,9,0,6,1/58,1/126,1/288
東名,2026-09-10,2026-09-10,9/10 23:19,パチンコ,2988,①P海物語E,0015,-0.7,0.0,-2.6,0,3,0,1/80,1/205,1/279
東名,2026-09-10,2026-09-10,9/10 23:19,パチンコ,2988,①P海物語E,0030,-0.7,4.5,-0.2,2,9,0,1/259,1/159,1/31
東名,2026-09-10,2026-09-10,9/10 23:19,パチンコ,3136,①P海物語E,0028,-1.1,-0.5,-1.2,1,0,2,1/272,1/55,1/356
東名,2026-09-10,2026-09-10,9/10 23:19,パチンコ,3136,①P海物語E,0029,-1.2,-0.1,0.0,2,0,0,1/345,1/2,
東名,2026-09-10,2026-09-10,9/10 23:19,パチンコ,3627,①P清流物語4HLC,0025,9.5,6.3,-1.2,9,14,9,1/69,1/110,1/332
東名,2026-09-10,2026-09-10,9/10 23:19,パチンコ,3129,①P激ﾃﾞｼﾞ真･牙狼RBY4,0039,-1.2,3.8,-1.1,17,37,7,1/68,1/58,1/78
東名,2026-09-10,2026-09-10,9/10 23:19,パチンコ,3429,①P百花繚乱FM-JF,0017,-1.9,-2.2,2.4,0,2,5,1/189,1/289,1/150
東名,2026-09-10,2026-09-10,9/10 23:19,パチンコ,3633,①P盾の勇者の成り上がりGFPC,0052,-3.8,-4.7,-1.7,1,0,7,1/517,1/490,1/242
東名,2026-09-10,2026-09-10,9/10 23:19,パチンコ,2734,①P真･花の慶次2M3-VC,0038,-4.8,-1.9,-1.9,3,0,13,1/120,1/176,1/83
東名,2026-09-10,2026-09-10,9/10 23:19,パチンコ,2730,①P真･花の慶次3L12-K,0012,12.1,-6.7,-1.6,24,3,0,1/78,1/264,1/155
東名,2026-09-10,2026-09-10,9/10 23:19,パチンコ,3433,①P銀河鉄道99929YU1Y,0002,-0.6,-1.3,-3.8,1,16,12,1/97,1/122,1/136
東名,2026-09-10,2026-09-10,9/10 23:19,パチンコ,3466,①P魔王学院の不適合者FMY,0035,0.3,-0.2,-4.7,2,0,5,1/62,1/15,1/119
東名,2026-09-10,2026-09-10,9/10 23:19,パチンコ,2591,①Pｶﾞｰﾙｽﾞ&ﾊﾟﾝﾂｧｰ28YQ1Y,0050,-1.7,5.5,0.5,27,27,6,1/68,1/58,1/27
東名,2026-09-10,2026-09-10,9/10 23:19,パチンコ,3404,①Pｺﾞｼﾞﾗ対ｴｳﾞｧﾝｹﾞﾘｵﾝ G細胞覚醒YR,0022,-5.0,-6.2,-3.5,20,37,17,1/108,1/111,1/140
東名,2026-09-10,2026-09-10,9/10 23:19,パチンコ,3624,①Pｽｰﾊﾟｰ海物語IN沖縄5YTC,0004,5.2,-0.1,-2.8,32,8,7,1/65,1/189,1/186
東名,2026-09-10,2026-09-10,9/10 23:19,パチンコ,3624,①Pｽｰﾊﾟｰ海物語IN沖縄5YTC,0036,-0.9,-1.9,-3.7,0,0,0,1/103,1/212,1/387
東名,2026-09-10,2026-09-10,9/10 23:19,パチンコ,3676,①Pﾃﾞｼﾞﾊﾈｴｳﾚｶｾﾌﾞﾝﾊｲｴﾎﾞ2SSPB,0031,-1.3,0.7,-4.8,14,24,19,1/160,1/64,1/150
東名,2026-09-10,2026-09-10,9/10 23:19,パチンコ,3700,①Pﾊﾞｷ319H1YZ2,0016,-2.4,-1.0,-0.1,2,0,5,1/152,1/111,1/386
東名,2026-09-10,2026-09-10,9/10 23:19,パチンコ,2790,①PﾌｨｰﾊﾞｰからくりｻｰｶｽV,0005,-4.4,-4.2,-6.0,0,1,1,1/460,1/543,1/728
東名,2026-09-10,2026-09-10,9/10 23:19,パチンコ,3403,①Pﾌﾞﾗｯｸﾗｸﾞｰﾝ4GFPJ,0019,2.9,-0.3,4.9,9,0,8,1/121,1/22,1/225
東名,2026-09-10,2026-09-10,9/10 23:19,パチンコ,3130,①PﾓﾓｷｭﾝｿｰﾄﾞGC250A,0040,-2.6,-0.6,-0.6,20,21,44,1/116,1/76,1/80
東名,2026-09-10,2026-09-10,9/10 23:19,パチンコ,3619,①Pﾗﾌﾞ嬢3H1YZ6,0045,-6.0,-5.1,-5.7,0,1,1,1/618,1/577,1/682
東名,2026-09-10,2026-09-10,9/10 23:19,パチンコ,3009,①Pﾘｱﾙ鬼ごっこ2V3A,0003,-1.7,-2.9,2.8,31,20,47,1/68,1/173,1/46
東名,2026-09-10,2026-09-10,9/10 23:19,パチンコ,3508,①Pﾘﾝｸﾞ 呪いの7日間3 JMA,0051,-1.9,-1.5,2.8,0,4,10,1/205,1/253,1/128
東名,2026-09-10,2026-09-10,9/10 23:19,パチンコ,2791,①Pﾘﾝｸﾞ呪いの7日間2 FWA,0011,-5.3,-1.6,4.1,6,8,22,1/117,1/236,1/95
東名,2026-09-10,2026-09-10,9/10 23:19,パチンコ,3757,①Pﾙﾊﾟﾝ三世137YR2,0032,0.6,7.0,3.1,21,37,34,1/50,1/109,1/67
東名,2026-09-10,2026-09-10,9/10 23:19,パチンコ,3634,①Pﾙﾊﾟﾝ三世14H1YZ4,0007,-3.8,-6.8,0.3,2,5,3,1/506,1/521,1/192
東名,2026-09-10,2026-09-10,9/10 23:19,パチンコ,3815,②e/押忍番長漢の頂/L09,0113,-2.7,1.8,-0.4,0,8,0,1/228,1/101,1/33
東名,2026-09-10,2026-09-10,9/10 23:19,パチンコ,3819,②eいせれべFSZ,0111,0.0,0.0,0.0,0,0,0,,,
東名,2026-09-10,2026-09-10,9/10 23:19,パチンコ,3819,②eいせれべFSZ,0112,0.0,0.0,0.0,0,0,0,,,
東名,2026-09-10,2026-09-10,9/10 23:19,パチンコ,3789,②e仮面ﾗｲﾀﾞｰBLACK-KRJ2,0114,-4.9,-0.7,-0.7,2,0,0,1/331,1/89,1/79
東名,2026-09-10,2026-09-10,9/10 23:19,パチンコ,3740,②eﾌｨｰﾊﾞｰからくりｻｰｶｽ2R,0115,6.5,-1.0,0.0,7,1,0,1/80,1/121,
東名,2026-09-10,2026-09-10,9/10 23:19,パチンコ,3773,②eﾌｨｰﾊﾞｰ戦姫絶唱ｼﾝﾌｫｷﾞｱ4F,0116,-0.7,-0.2,0.0,0,0,0,1/74,1/15,
東名,2026-09-10,2026-09-10,9/10 23:19,パチンコ,3246,②P009 RE:CYBORG N3-K,0065,5.3,-1.0,-0.4,28,1,2,1/82,1/120,1/75
東名,2026-09-10,2026-09-10,9/10 23:19,パチンコ,3438,②PA緋弾のｱﾘｱ~緋弾覚醒編~FRA,0061,0.0,0.0,8.2,0,0,41,,,1/58
東名,2026-09-10,2026-09-10,9/10 23:19,パチンコ,3759,②PAﾌｨｰﾊﾞｰかぐや様は告らせたいYG,0071,-0.1,-1.7,-1.1,7,0,3,1/96,1/168,1/95
東名,2026-09-10,2026-09-10,9/10 23:19,パチンコ,3491,②PGⅠ優駿倶楽部2HT,0110,0.2,-0.1,0.0,2,0,0,1/15,1/13,
東名,2026-09-10,2026-09-10,9/10 23:19,パチンコ,3472,②Psin七つの大罪V3B,0062,-1.2,4.6,-2.6,4,11,0,1/125,1/30,1/278
東名,2026-09-10,2026-09-10,9/10 23:19,パチンコ,3630,②Pうまい棒4500から10500V1,0075,0.0,-2.0,-1.5,0,0,0,,1/17,1/11
東名,2026-09-10,2026-09-10,9/10 23:19,パチンコ,3638,②Pえとたま2MY,0105,0.0,0.0,-2.8,0,0,13,,,1/192
東名,2026-09-10,2026-09-10,9/10 23:19,パチンコ,3581,②Pとある科学の超電磁砲2JMB,0109,0.0,0.0,-1.4,0,0,0,,,1/132
東名,2026-09-10,2026-09-10,9/10 23:19,パチンコ,3560,②Pとある魔術の禁書目録2JMZ,0068,8.1,-1.7,-5.4,11,0,1,1/24,1/202,1/686
東名,2026-09-10,2026-09-10,9/10 23:19,パチンコ,3622,②P俺の妹がこんなに可愛いわけが,0066,0.0,1.6,0.0,0,6,0,,1/38,
東名,2026-09-10,2026-09-10,9/10 23:19,パチンコ,3621,②P愛の不時着MF,0072,0.0,-0.1,0.0,0,0,0,,1/15,
東名,2026-09-10,2026-09-10,9/10 23:19,パチンコ,3475,②P牙狼11~冴島大河~XX-MU,0067,-0.4,-7.2,-1.3,0,0,2,1/39,1/805,1/256
東名,2026-09-10,2026-09-10,9/10 23:19,パチンコ,3270,②P真･花の慶次3TL5-MX,0064,-0.6,-0.1,-0.2,0,0,0,1/64,1/19,1/24
東名,2026-09-10,2026-09-10,9/10 23:19,パチンコ,3579,②Pｴｳﾞｧﾝｹﾞﾘｵﾝ15未来への咆哮F,0074,-3.3,4.9,1.0,1,16,12,1/380,1/185,1/76
東名,2026-09-10,2026-09-10,9/10 23:19,パチンコ,3387,②Pｺﾞｼﾞﾗ対ｴｳﾞｧﾝｹﾞﾘｵﾝ G細胞覚醒YR,0107,-5.0,5.3,0.0,11,32,0,1/168,1/48,
東名,2026-09-10,2026-09-10,9/10 23:19,パチンコ,3629,②Pｺﾞｼﾞﾗ対ｴｳﾞｧﾝｹﾞﾘｵﾝ2R,0108,-7.7,-1.5,-0.4,1,0,4,1/928,1/171,1/125
東名,2026-09-10,2026-09-10,9/10 23:19,パチンコ,3710,②Pｺﾞﾌﾞﾘﾝｽﾚｲﾔｰ ﾗｯｷｰﾄﾘｶﾞｰVer,0069,-1.0,-1.0,-1.4,0,0,1,1/104,1/115,1/159
東名,2026-09-10,2026-09-10,9/10 23:19,パチンコ,3473,②Pｻﾗﾘｰﾏﾝ金太郎 FVE,0063,0.0,-0.6,-0.5,0,0,0,,1/53,1/58
東名,2026-09-10,2026-09-10,9/10 23:19,パチンコ,3584,②Pﾃﾞｼﾞﾊﾈ聖戦士ﾀﾞﾝﾊﾞｲﾝ2SSPB,0073,-1.5,2.1,-0.2,8,25,0,1/79,1/78,1/26
東名,2026-09-10,2026-09-10,9/10 23:19,パチンコ,3631,②Pﾌｨｰﾊﾞｰかぐや様は告らせたいR,0106,0.0,-0.8,-0.8,0,0,0,,1/109,1/93
東名,2026-09-10,2026-09-10,9/10 23:19,パチンコ,3615,②Pﾘﾝｸﾞ 呪いの7日間3 Light JVZ,0104,-3.9,2.4,0.8,4,16,5,1/262,1/62,1/90
東名,2026-09-10,2026-09-10,9/10 23:19,パチンコ,2579,②バジリスク2AB,0070,0.0,-2.3,-4.5,10,8,8,1/98,1/75,1/139
東名,2026-09-10,2026-09-10,9/10 23:19,スロット,3379,L A-SLOT+このすば FX,0438,-0.4,0.0,-0.6,0,0,5,1/221,,1/336
東名,2026-09-10,2026-09-10,9/10 23:19,スロット,3379,L A-SLOT+このすば FX,0439,0.3,-0.3,0.0,1,0,0,1/127,1/201,
東名,2026-09-10,2026-09-10,9/10 23:19,スロット,3744,L 甲鉄城のｶﾊﾞﾈﾘ 海門決戦 XX,0591,-1.6,2.2,0.5,11,73,23,1/174,1/76,1/81
東名,2026-09-10,2026-09-10,9/10 23:19,スロット,3744,L 甲鉄城のｶﾊﾞﾈﾘ 海門決戦 XX,0592,-0.5,-1.1,0.9,36,51,21,1/95,1/91,1/69
東名,2026-09-10,2026-09-10,9/10 23:19,スロット,3744,L 甲鉄城のｶﾊﾞﾈﾘ 海門決戦 XX,0593,0.8,-1.8,0.1,5,40,29,1/31,1/107,1/77
東名,2026-09-10,2026-09-10,9/10 23:19,スロット,3744,L 甲鉄城のｶﾊﾞﾈﾘ 海門決戦 XX,0594,-0.1,-1.1,-0.1,3,4,14,1/86,1/195,1/112
東名,2026-09-10,2026-09-10,9/10 23:19,スロット,3744,L 甲鉄城のｶﾊﾞﾈﾘ 海門決戦 XX,0595,0.4,0.5,1.6,9,41,19,1/80,1/86,1/50
東名,2026-09-10,2026-09-10,9/10 23:19,スロット,3744,L 甲鉄城のｶﾊﾞﾈﾘ 海門決戦 XX,0596,-1.9,-1.9,-2.1,4,17,7,1/317,1/135,1/213
東名,2026-09-10,2026-09-10,9/10 23:19,スロット,3744,L 甲鉄城のｶﾊﾞﾈﾘ 海門決戦 XX,0597,-0.7,-1.8,-1.4,2,16,9,1/243,1/162,1/179
東名,2026-09-10,2026-09-10,9/10 23:19,スロット,3744,L 甲鉄城のｶﾊﾞﾈﾘ 海門決戦 XX,0598,0.5,-0.6,-0.3,5,7,30,1/38,1/120,1/93
東名,2026-09-10,2026-09-10,9/10 23:19,スロット,3283,L 防振り FN,0654,0.1,-1.5,-1.4,1,1,1,1/217,1/875,1/823
東名,2026-09-10,2026-09-10,9/10 23:19,スロット,3283,L 防振り FN,0655,0.0,-1.9,0.0,0,3,0,1/6,1/488,
東名,2026-09-10,2026-09-10,9/10 23:19,スロット,3283,L 防振り FN,0656,3.5,-0.7,0.0,15,1,0,1/96,1/607,
東名,2026-09-10,2026-09-10,9/10 23:19,スロット,3828,L ｽﾏｽﾛ ﾘｺﾘｽ･ﾘｺｲﾙ KX,0637,2.7,0.7,8.4,101,92,97,1/93,1/94,1/70
東名,2026-09-10,2026-09-10,9/10 23:19,スロット,3828,L ｽﾏｽﾛ ﾘｺﾘｽ･ﾘｺｲﾙ KX,0638,-4.1,-1.3,-2.1,58,73,56,1/113,1/107,1/108
東名,2026-09-10,2026-09-10,9/10 23:19,スロット,3828,L ｽﾏｽﾛ ﾘｺﾘｽ･ﾘｺｲﾙ KX,0639,-1.6,-6.1,-1.4,83,62,58,1/108,1/136,1/113
東名,2026-09-10,2026-09-10,9/10 23:19,スロット,3828,L ｽﾏｽﾛ ﾘｺﾘｽ･ﾘｺｲﾙ KX,0640,0.4,4.5,-1.3,93,118,53,1/93,1/81,1/104
東名,2026-09-10,2026-09-10,9/10 23:19,スロット,3828,L ｽﾏｽﾛ ﾘｺﾘｽ･ﾘｺｲﾙ KX,0641,-3.9,1.7,-1.8,69,86,56,1/107,1/98,1/103
東名,2026-09-10,2026-09-10,9/10 23:19,スロット,3828,L ｽﾏｽﾛ ﾘｺﾘｽ･ﾘｺｲﾙ KX,0642,-4.4,1.9,-1.1,73,98,84,1/109,1/94,1/98
東名,2026-09-10,2026-09-10,9/10 23:19,スロット,3708,L ｽﾏｽﾛ化物語 KH,0537,-0.8,-0.4,-3.0,7,3,9,1/164,1/154,1/251
東名,2026-09-10,2026-09-10,9/10 23:19,スロット,3708,L ｽﾏｽﾛ化物語 KH,0538,0.7,-0.8,-2.2,7,1,6,1/61,1/518,1/285
東名,2026-09-10,2026-09-10,9/10 23:19,スロット,3724,L ｽﾏｽﾛ北斗の拳 転生の章2 MW,0413,-0.9,-0.7,-0.9,1,39,21,1/542,1/99,1/113
東名,2026-09-10,2026-09-10,9/10 23:19,スロット,3724,L ｽﾏｽﾛ北斗の拳 転生の章2 MW,0414,-1.1,-0.3,-0.6,23,0,4,1/111,1/131,1/154
東名,2026-09-10,2026-09-10,9/10 23:19,スロット,3724,L ｽﾏｽﾛ北斗の拳 転生の章2 MW,0415,-0.3,-3.3,-1.7,0,14,7,1/137,1/206,1/216
東名,2026-09-10,2026-09-10,9/10 23:19,スロット,3724,L ｽﾏｽﾛ北斗の拳 転生の章2 MW,0416,-0.6,-0.5,-1.2,0,4,6,1/319,1/155,1/188
東名,2026-09-10,2026-09-10,9/10 23:19,スロット,3724,L ｽﾏｽﾛ北斗の拳 転生の章2 MW,0417,0.7,-0.2,-1.2,22,0,4,1/74,1/116,1/238
東名,2026-09-10,2026-09-10,9/10 23:19,スロット,3724,L ｽﾏｽﾛ北斗の拳 転生の章2 MW,0418,-0.1,1.5,-0.9,0,30,13,1/45,1/72,1/122
東名,2026-09-10,2026-09-10,9/10 23:19,スロット,3724,L ｽﾏｽﾛ北斗の拳 転生の章2 MW,0419,-2.0,1.6,-0.3,29,23,14,1/127,1/62,1/111
東名,2026-09-10,2026-09-10,9/10 23:19,スロット,3724,L ｽﾏｽﾛ北斗の拳 転生の章2 MW,0420,-0.1,-0.4,-1.2,0,0,6,1/48,1/170,1/185
東名,2026-09-10,2026-09-10,9/10 23:19,スロット,3724,L ｽﾏｽﾛ北斗の拳 転生の章2 MW,0421,-3.3,-1.9,-0.5,21,41,7,1/168,1/107,1/125
東名,2026-09-10,2026-09-10,9/10 23:19,スロット,3724,L ｽﾏｽﾛ北斗の拳 転生の章2 MW,0422,-0.9,-0.8,3.5,2,8,47,1/335,1/132,1/48
東名,2026-09-10,2026-09-10,9/10 23:19,スロット,3724,L ｽﾏｽﾛ北斗の拳 転生の章2 MW,0423,-3.1,-1.1,-0.4,12,43,0,1/228,1/102,1/204
東名,2026-09-10,2026-09-10,9/10 23:19,スロット,3736,L ｽﾏｽﾛ攻殻機動隊 ZS,0555,0.0,2.4,3.0,6,15,14,1/133,1/154,1/79
東名,2026-09-10,2026-09-10,9/10 23:19,スロット,3416,L ｽﾏｽﾛ頭文字D2nd YR,0687,-0.7,-0.6,-0.2,2,1,14,1/225,1/317,1/102
東名,2026-09-10,2026-09-10,9/10 23:19,スロット,3416,L ｽﾏｽﾛ頭文字D2nd YR,0688,-0.6,0.3,-1.6,1,43,11,1/295,1/100,1/147
東名,2026-09-10,2026-09-10,9/10 23:19,スロット,3542,L ｽﾏｽﾛｶｲｼﾞ 狂宴 FJ,0660,-0.8,-0.9,-1.2,2,5,2,1/327,1/215,1/489
東名,2026-09-10,2026-09-10,9/10 23:19,スロット,3782,L ﾋﾞｯｸﾞﾄﾞﾘｰﾑ KR,0466,0.0,-2.0,0.0,0,3,0,,1/377,
東名,2026-09-10,2026-09-10,9/10 23:19,スロット,3782,L ﾋﾞｯｸﾞﾄﾞﾘｰﾑ KR,0467,0.0,-2.1,-1.9,27,3,12,1/74,1/403,1/150
東名,2026-09-10,2026-09-10,9/10 23:19,スロット,3782,L ﾋﾞｯｸﾞﾄﾞﾘｰﾑ KR,0468,0.0,-1.9,0.0,0,3,0,,1/391,
東名,2026-09-10,2026-09-10,9/10 23:19,スロット,3533,L/SHAMANKING/SS,0679,0.8,-6.2,-0.8,2,8,1,1/434,1/449,1/464
東名,2026-09-10,2026-09-10,9/10 23:19,スロット,3609,L/いざ番長/SB8,0545,3.4,1.4,0.0,24,10,0,1/73,1/42,
東名,2026-09-10,2026-09-10,9/10 23:19,スロット,3609,L/いざ番長/SB8,0546,-0.2,-0.1,-0.8,0,0,7,1/104,1/23,1/167
東名,2026-09-10,2026-09-10,9/10 23:19,スロット,3609,L/いざ番長/SB8,0547,-1.3,0.0,0.0,10,0,0,1/142,,
東名,2026-09-10,2026-09-10,9/10 23:19,スロット,3767,L/真打吉宗/A1,0644,0.1,-2.7,-1.2,53,26,13,1/81,1/132,1/118
東名,2026-09-10,2026-09-10,9/10 23:19,スロット,3767,L/真打吉宗/A1,0645,-4.3,-6.3,-5.9,38,29,20,1/127,1/178,1/228
東名,2026-09-10,2026-09-10,9/10 23:19,スロット,3715,L/ｵｷﾄﾞｷﾃﾞｭｵ2/FR,0689,-3.5,-0.2,-0.5,16,0,3,1/213,1/95,1/167
東名,2026-09-10,2026-09-10,9/10 23:19,スロット,3715,L/ｵｷﾄﾞｷﾃﾞｭｵ2/FR,0690,4.3,-0.2,0.0,27,0,0,1/46,1/63,1/8
東名,2026-09-10,2026-09-10,9/10 23:19,スロット,3715,L/ｵｷﾄﾞｷﾃﾞｭｵ2/FR,0691,-1.0,-0.4,-0.1,0,0,0,1/463,1/161,1/44
東名,2026-09-10,2026-09-10,9/10 23:19,スロット,3715,L/ｵｷﾄﾞｷﾃﾞｭｵ2/FR,0692,-6.0,-0.2,5.3,38,0,25,1/193,1/73,1/25
東名,2026-09-10,2026-09-10,9/10 23:19,スロット,3716,L/ｽﾏｽﾛ秘宝伝/PA7,0629,1.6,-1.1,-0.5,6,3,2,1/90,1/357,1/288
東名,2026-09-10,2026-09-10,9/10 23:19,スロット,3716,L/ｽﾏｽﾛ秘宝伝/PA7,0630,-0.3,-0.8,-0.6,5,1,5,1/280,1/576,1/216
東名,2026-09-10,2026-09-10,9/10 23:19,スロット,3716,L/ｽﾏｽﾛ秘宝伝/PA7,0631,0.0,0.1,4.4,0,1,19,,1/104,1/61
東名,2026-09-10,2026-09-10,9/10 23:19,スロット,3562,L/ｽﾏｽﾛﾏｷﾞｱﾚｺｰﾄﾞ/RN,0539,-1.5,5.4,0.0,4,14,0,1/297,1/187,1/6
東名,2026-09-10,2026-09-10,9/10 23:19,スロット,3562,L/ｽﾏｽﾛﾏｷﾞｱﾚｺｰﾄﾞ/RN,0540,-0.2,0.0,0.0,1,0,0,1/175,,
東名,2026-09-10,2026-09-10,9/10 23:19,スロット,3562,L/ｽﾏｽﾛﾏｷﾞｱﾚｺｰﾄﾞ/RN,0541,-0.6,-1.7,0.0,4,9,0,1/206,1/286,
東名,2026-09-10,2026-09-10,9/10 23:19,スロット,3788,L/ｿｰﾄﾞｱｰﾄ･ｵﾝﾗｲﾝⅡ/PA1,0548,1.9,-3.1,-3.3,70,23,33,1/92,1/124,1/115
東名,2026-09-10,2026-09-10,9/10 23:19,スロット,3788,L/ｿｰﾄﾞｱｰﾄ･ｵﾝﾗｲﾝⅡ/PA1,0549,-3.0,4.6,-0.1,32,72,30,1/128,1/78,1/94
東名,2026-09-10,2026-09-10,9/10 23:19,スロット,3788,L/ｿｰﾄﾞｱｰﾄ･ｵﾝﾗｲﾝⅡ/PA1,0550,-6.6,-3.1,2.2,58,15,52,1/129,1/178,1/86
東名,2026-09-10,2026-09-10,9/10 23:19,スロット,3743,L/ﾊﾅﾋﾞ/KM,0479,1.6,-1.1,1.2,17,6,10,1/225,1/406,1/236
東名,2026-09-10,2026-09-10,9/10 23:19,スロット,3743,L/ﾊﾅﾋﾞ/KM,0480,-0.3,-1.0,-0.7,5,2,6,1/336,1/493,1/367
東名,2026-09-10,2026-09-10,9/10 23:19,スロット,3685,L/ﾊﾞﾍﾞﾙ/BA,0693,0.0,0.0,0.0,0,0,0,,,
東名,2026-09-10,2026-09-10,9/10 23:19,スロット,3771,L/ﾐﾘｵﾝｺﾞｯﾄﾞ/CX,0632,10.9,0.0,-3.8,3,3,0,1/1286,1/2586,1/2146
東名,2026-09-10,2026-09-10,9/10 23:19,スロット,3771,L/ﾐﾘｵﾝｺﾞｯﾄﾞ/CX,0633,0.3,-0.2,-2.1,0,0,0,1/4471,1/1872,1/1294
東名,2026-09-10,2026-09-10,9/10 23:19,スロット,3771,L/ﾐﾘｵﾝｺﾞｯﾄﾞ/CX,0634,-2.1,-2.9,-1.4,0,0,0,1/1694,1/3091,1/924
東名,2026-09-10,2026-09-10,9/10 23:19,スロット,3771,L/ﾐﾘｵﾝｺﾞｯﾄﾞ/CX,0635,0.0,-2.9,-0.7,0,6,0,1/193,1/940,1/577
東名,2026-09-10,2026-09-10,9/10 23:19,スロット,3771,L/ﾐﾘｵﾝｺﾞｯﾄﾞ/CX,0636,0.1,1.1,-0.9,0,5,0,1/5211,1/406,1/1893
東名,2026-09-10,2026-09-10,9/10 23:19,スロット,3568,L/ﾖｼﾑﾈS/SC2,0625,-1.0,-1.7,-0.1,2,0,2,1/794,1/1031,1/565
東名,2026-09-10,2026-09-10,9/10 23:19,スロット,3568,L/ﾖｼﾑﾈS/SC2,0626,-0.1,-0.6,0.0,1,0,0,1/608,1/404,1/1
東名,2026-09-10,2026-09-10,9/10 23:19,スロット,3568,L/ﾖｼﾑﾈS/SC2,0627,-1.5,0.6,-0.5,0,2,0,1/847,1/346,1/227
東名,2026-09-10,2026-09-10,9/10 23:19,スロット,3568,L/ﾖｼﾑﾈS/SC2,0628,0.0,0.3,1.1,1,4,6,1/538,1/454,1/416
東名,2026-09-10,2026-09-10,9/10 23:19,スロット,3811,L/ﾜｰﾙﾄﾞﾀﾞｲｽﾀｰ/PA3,0557,0.5,-6.3,-2.4,17,23,4,1/341,1/322,1/586
東名,2026-09-10,2026-09-10,9/10 23:19,スロット,3768,LB 異世界かるてっと KR,0681,-1.0,-1.5,-0.6,3,6,1,1/334,1/267,1/579
東名,2026-09-10,2026-09-10,9/10 23:19,スロット,3674,LB/ｸﾚｱの秘宝伝ﾎﾞｰﾅｽﾄﾘｶﾞｰVER./A2,0682,-0.1,-0.2,-0.5,0,1,1,1/23,1/305,1/531
東名,2026-09-10,2026-09-10,9/10 23:19,スロット,3674,LB/ｸﾚｱの秘宝伝ﾎﾞｰﾅｽﾄﾘｶﾞｰVER./A2,0683,0.4,-0.1,0.9,8,0,6,1/313,1/38,1/186
東名,2026-09-10,2026-09-10,9/10 23:19,スロット,3689,LB/ｼｪｲｸﾎﾞｰﾅｽﾄﾘｶﾞｰ/A1,0680,4.2,0.3,-0.5,17,6,2,1/183,1/311,1/520
東名,2026-09-10,2026-09-10,9/10 23:19,スロット,3745,LB/ｽﾏｽﾛｻﾝﾀﾞｰVHA,0673,-2.2,-2.0,1.1,1,12,22,1/1559,1/334,1/249
東名,2026-09-10,2026-09-10,9/10 23:19,スロット,3829,LB/ﾀｺｽﾛBD,0672,0.7,-0.2,-0.6,16,20,22,1/262,1/330,1/342
東名,2026-09-10,2026-09-10,9/10 23:19,スロット,3647,LBAREXBRIGHTBA,0671,-0.9,-0.3,-2.1,4,3,1,1/515,1/324,1/1695
東名,2026-09-10,2026-09-10,9/10 23:19,スロット,3611,LB翔べ!ﾊｰﾚﾑｴｰｽCF,0667,0.0,0.6,1.3,1,4,4,1/451,1/270,1/103
東名,2026-09-10,2026-09-10,9/10 23:19,スロット,3648,LBｴｳﾞｧﾝｹﾞﾘｵﾝsR,0670,-0.2,1.5,-0.6,1,7,2,1/263,1/155,1/412
東名,2026-09-10,2026-09-10,9/10 23:19,スロット,3798,LBｹﾛｯﾄ5ND05H,0674,-0.8,-1.0,-1.3,2,4,9,1/481,1/440,1/272
東名,2026-09-10,2026-09-10,9/10 23:19,スロット,3798,LBｹﾛｯﾄ5ND05H,0675,-0.9,-1.2,-0.7,5,3,9,1/281,1/609,1/257
東名,2026-09-10,2026-09-10,9/10 23:19,スロット,3610,LBﾆｭｰﾊﾟﾙｻｰBTC9,0429,-0.3,-0.3,0.6,1,0,3,1/316,1/183,1/155
東名,2026-09-10,2026-09-10,9/10 23:19,スロット,3612,LBﾌﾟﾚﾐｱﾑうまい棒S1,0666,0.2,-0.1,-0.1,2,12,2,1/146,1/280,1/314
東名,2026-09-10,2026-09-10,9/10 23:19,スロット,3680,LBﾏｼﾞｶﾙﾊﾛｳｨﾝGS,0663,-0.7,-1.5,-0.2,5,2,1,1/292,1/824,1/500
東名,2026-09-10,2026-09-10,9/10 23:19,スロット,3185,LGⅠ優駿倶楽部黄金KD,0665,0.6,0.0,-0.2,7,0,6,1/24,,1/131
東名,2026-09-10,2026-09-10,9/10 23:19,スロット,3531,Lありふれた職業で世界最強jA,0457,0.0,-1.1,-0.2,0,1,0,,1/698,1/115
東名,2026-09-10,2026-09-10,9/10 23:19,スロット,3531,Lありふれた職業で世界最強jA,0458,0.0,-0.3,-1.2,0,0,1,,1/162,1/828
東名,2026-09-10,2026-09-10,9/10 23:19,スロット,3378,Lかぐや様は告らせたいjA,0650,-2.3,-0.5,0.0,3,9,0,1/637,1/198,
東名,2026-09-10,2026-09-10,9/10 23:19,スロット,3378,Lかぐや様は告らせたいjA,0651,-0.8,-1.2,0.1,11,3,2,1/259,1/379,1/121
東名,2026-09-10,2026-09-10,9/10 23:19,スロット,3378,Lかぐや様は告らせたいjA,0652,-2.4,-1.3,-0.1,3,4,0,1/563,1/379,1/39
東名,2026-09-10,2026-09-10,9/10 23:19,スロット,3797,Lからくりｻｰｶｽ2jG,0506,-0.5,-1.5,-2.0,2,5,3,1/176,1/214,1/376
東名,2026-09-10,2026-09-10,9/10 23:19,スロット,3797,Lからくりｻｰｶｽ2jG,0507,-2.8,-1.5,-0.6,8,20,2,1/253,1/128,1/238
東名,2026-09-10,2026-09-10,9/10 23:19,スロット,3797,Lからくりｻｰｶｽ2jG,0508,-0.7,3.0,-3.1,14,19,7,1/89,1/65,1/291
東名,2026-09-10,2026-09-10,9/10 23:19,スロット,3797,Lからくりｻｰｶｽ2jG,0509,-0.3,-1.3,-2.1,2,13,5,1/145,1/120,1/299
東名,2026-09-10,2026-09-10,9/10 23:19,スロット,2953,LからくりｻｰｶｽG,0517,1.8,-0.2,-2.4,24,0,15,1/36,1/89,1/145
東名,2026-09-10,2026-09-10,9/10 23:19,スロット,2953,LからくりｻｰｶｽG,0518,-0.3,-0.2,-0.4,0,0,0,1/165,1/93,1/214
東名,2026-09-10,2026-09-10,9/10 23:19,スロット,2953,LからくりｻｰｶｽG,0519,-0.3,0.2,0.9,0,2,40,1/149,1/24,1/84
東名,2026-09-10,2026-09-10,9/10 23:19,スロット,2953,LからくりｻｰｶｽG,0520,-0.1,5.4,-1.4,0,39,6,1/65,1/72,1/193
東名,2026-09-10,2026-09-10,9/10 23:19,スロット,2953,LからくりｻｰｶｽG,0521,-0.2,-0.1,-3.9,0,0,3,1/93,1/73,1/747
東名,2026-09-10,2026-09-10,9/10 23:19,スロット,3699,Lとある科学の超電磁砲2FV,0643,1.5,3.9,0.0,5,9,0,1/86,1/86,
東名,2026-09-10,2026-09-10,9/10 23:19,スロット,3813,Lとある魔術の禁書目録2FA,0646,-1.2,6.4,-3.7,8,28,21,1/267,1/115,1/210
東名,2026-09-10,2026-09-10,9/10 23:19,スロット,3813,Lとある魔術の禁書目録2FA,0647,-1.0,-0.4,1.8,1,18,25,1/672,1/161,1/143
東名,2026-09-10,2026-09-10,9/10 23:19,スロット,3813,Lとある魔術の禁書目録2FA,0648,-2.3,-4.1,-1.0,8,19,3,1/281,1/224,1/271
東名,2026-09-10,2026-09-10,9/10 23:19,スロット,3813,Lとある魔術の禁書目録2FA,0649,-1.4,-1.9,2.6,9,14,19,1/223,1/210,1/137
東名,2026-09-10,2026-09-10,9/10 23:19,スロット,3812,LとんでもｽｷﾙKM,0558,-0.9,1.0,3.9,27,18,55,1/70,1/33,1/25
東名,2026-09-10,2026-09-10,9/10 23:19,スロット,3808,Lやじきた道中記参る!BG,0551,-1.3,-1.1,8.1,4,7,7,1/772,1/496,1/229
東名,2026-09-10,2026-09-10,9/10 23:19,スロット,3646,Lわたしの幸せな結婚PN,0464,0.0,3.6,2.9,0,16,14,,1/143,1/101
東名,2026-09-10,2026-09-10,9/10 23:19,スロット,3646,Lわたしの幸せな結婚PN,0465,0.0,0.0,0.0,0,0,0,,,
東名,2026-09-10,2026-09-10,9/10 23:19,スロット,3600,L七つの魔剣が支配するPU,0430,0.0,0.1,-1.8,0,5,3,1/1,1/28,1/403
東名,2026-09-10,2026-09-10,9/10 23:19,スロット,3417,L今日から俺は!!FE,0686,-1.7,1.3,-1.8,4,11,2,1/677,1/383,1/917
東名,2026-09-10,2026-09-10,9/10 23:19,スロット,3660,L咲-Saki-頂上決戦YR,0657,-0.1,1.3,0.0,9,30,4,1/70,1/60,1/66
東名,2026-09-10,2026-09-10,9/10 23:19,スロット,3005,L戦国乙女4S3,0697,0.0,0.3,-1.0,0,4,6,,1/206,1/230
東名,2026-09-10,2026-09-10,9/10 23:19,スロット,3005,L戦国乙女4S3,0698,-0.5,-0.1,0.0,5,2,0,1/235,1/303,
東名,2026-09-10,2026-09-10,9/10 23:19,スロット,3786,L戦国乙女5L8,0481,-2.8,2.0,1.7,12,19,53,1/198,1/60,1/68
東名,2026-09-10,2026-09-10,9/10 23:19,スロット,3786,L戦国乙女5L8,0482,-1.6,-0.6,5.6,21,22,60,1/152,1/115,1/48
東名,2026-09-10,2026-09-10,9/10 23:19,スロット,3786,L戦国乙女5L8,0483,-2.4,-6.0,-3.6,21,21,10,1/114,1/231,1/276
東名,2026-09-10,2026-09-10,9/10 23:19,スロット,3026,L戦国ｺﾚｸｼｮﾝ5GJ,0661,-0.6,7.2,5.5,7,38,45,1/142,1/23,1/43
東名,2026-09-10,2026-09-10,9/10 23:19,スロット,3796,L戦国ｺﾚｸｼｮﾝ6KS,0478,-2.0,-3.9,3.4,4,13,25,1/408,1/258,1/169
東名,2026-09-10,2026-09-10,9/10 23:19,スロット,3687,L新鬼武者3SA,0434,-0.8,-1.3,-1.3,2,5,4,1/323,1/233,1/222
東名,2026-09-10,2026-09-10,9/10 23:19,スロット,3687,L新鬼武者3SA,0435,0.0,0.1,1.1,6,3,30,1/63,1/150,1/71
東名,2026-09-10,2026-09-10,9/10 23:19,スロット,3687,L新鬼武者3SA,0436,-0.2,0.2,-0.9,0,10,2,1/112,1/88,1/312
東名,2026-09-10,2026-09-10,9/10 23:19,スロット,3687,L新鬼武者3SA,0437,-0.7,-1.1,-1.0,6,1,14,1/167,1/597,1/107
東名,2026-09-10,2026-09-10,9/10 23:19,スロット,3532,L東京喰種CT,0601,-2.2,-6.0,-2.5,19,22,35,1/206,1/270,1/157
東名,2026-09-10,2026-09-10,9/10 23:19,スロット,3532,L東京喰種CT,0602,4.4,0.1,0.7,36,2,35,1/61,1/48,1/108
東名,2026-09-10,2026-09-10,9/10 23:19,スロット,3532,L東京喰種CT,0603,-0.6,-1.7,-4.9,4,4,36,1/177,1/328,1/165
東名,2026-09-10,2026-09-10,9/10 23:19,スロット,3532,L東京喰種CT,0604,6.2,-0.6,1.7,35,22,13,1/74,1/118,1/142
東名,2026-09-10,2026-09-10,9/10 23:19,スロット,3532,L東京喰種CT,0605,-1.5,-0.7,5.8,14,5,39,1/215,1/186,1/84
東名,2026-09-10,2026-09-10,9/10 23:19,スロット,3532,L東京喰種CT,0606,-1.5,-1.0,-1.1,6,2,4,1/250,1/396,1/268
東名,2026-09-10,2026-09-10,9/10 23:19,スロット,3734,L炎炎ﾉ消防隊2,0599,-2.6,-3.4,-1.8,10,31,14,1/301,1/246,1/218
東名,2026-09-10,2026-09-10,9/10 23:19,スロット,3734,L炎炎ﾉ消防隊2,0600,-1.1,-1.9,-0.2,9,39,0,1/217,1/175,1/122
東名,2026-09-10,2026-09-10,9/10 23:19,スロット,3263,L炎炎ﾉ消防隊jG,0684,0.0,2.2,0.0,0,15,0,,1/69,1/9
東名,2026-09-10,2026-09-10,9/10 23:19,スロット,3263,L炎炎ﾉ消防隊jG,0685,0.0,-1.3,-0.2,0,0,0,,1/815,1/141
東名,2026-09-10,2026-09-10,9/10 23:19,スロット,3735,L範馬刃牙L5,0500,-0.3,-0.4,-0.2,7,3,0,1/96,1/137,1/93
東名,2026-09-10,2026-09-10,9/10 23:19,スロット,3698,L絶対衝激ﾌｫｰｽFH,0653,0.0,-0.4,-0.2,0,2,0,,1/157,1/94
東名,2026-09-10,2026-09-10,9/10 23:19,スロット,3661,L転生したら剣でしたGT,0459,0.0,-0.3,-1.4,0,5,4,,1/140,1/263
東名,2026-09-10,2026-09-10,9/10 23:19,スロット,3661,L転生したら剣でしたGT,0460,0.0,-0.2,0.0,0,0,3,,1/112,1/59
東名,2026-09-10,2026-09-10,9/10 23:19,スロット,3810,L邪神ちゃんﾄﾞﾛｯﾌﾟｷｯｸTX,0554,-3.1,-0.6,-1.7,27,8,11,1/283,1/365,1/292
東名,2026-09-10,2026-09-10,9/10 23:19,スロット,3826,L青春ﾌﾞﾀ野郎L1,0484,4.5,-4.9,-4.4,49,39,25,1/116,1/141,1/192
東名,2026-09-10,2026-09-10,9/10 23:19,スロット,3826,L青春ﾌﾞﾀ野郎L1,0485,3.2,-1.9,9.1,47,32,49,1/108,1/130,1/65
東名,2026-09-10,2026-09-10,9/10 23:19,スロット,3826,L青春ﾌﾞﾀ野郎L1,0486,0.3,4.3,2.8,34,52,37,1/156,1/92,1/95
東名,2026-09-10,2026-09-10,9/10 23:19,スロット,3697,L革命機ｳﾞｧﾙｳﾞﾚｲｳﾞ2jF,0469,-0.8,-0.1,9.8,6,11,73,1/139,1/95,1/38
東名,2026-09-10,2026-09-10,9/10 23:19,スロット,3697,L革命機ｳﾞｧﾙｳﾞﾚｲｳﾞ2jF,0470,0.0,0.0,0.0,0,0,0,,,
東名,2026-09-10,2026-09-10,9/10 23:19,スロット,3697,L革命機ｳﾞｧﾙｳﾞﾚｲｳﾞ2jF,0471,-1.0,0.0,-0.1,1,0,16,1/846,1/26,1/116
東名,2026-09-10,2026-09-10,9/10 23:19,スロット,3697,L革命機ｳﾞｧﾙｳﾞﾚｲｳﾞ2jF,0472,0.6,0.8,0.0,4,20,0,1/50,1/69,
東名,2026-09-10,2026-09-10,9/10 23:19,スロット,3697,L革命機ｳﾞｧﾙｳﾞﾚｲｳﾞ2jF,0473,0.0,2.8,-1.0,0,21,19,,1/72,1/137
東名,2026-09-10,2026-09-10,9/10 23:19,スロット,3025,L麻雀格闘倶楽部覚醒KM,0668,-0.8,-1.9,2.3,4,7,29,1/309,1/355,1/125
東名,2026-09-10,2026-09-10,9/10 23:19,スロット,3025,L麻雀格闘倶楽部覚醒KM,0669,-2.2,0.0,-0.5,8,15,6,1/303,1/152,1/161
東名,2026-09-10,2026-09-10,9/10 23:19,スロット,3765,LｱｸﾀﾞﾏﾄﾞﾗｲﾌﾞTP,0552,-1.5,1.9,-0.5,6,10,5,1/393,1/191,1/205
東名,2026-09-10,2026-09-10,9/10 23:19,スロット,3659,LｱｽﾞｰﾙﾚｰﾝTHE ANIMATION KN,0560,-0.9,6.2,-1.3,3,67,3,1/200,1/18,1/346
東名,2026-09-10,2026-09-10,9/10 23:19,スロット,3189,Lｺﾞｼﾞﾗ対ｴｳﾞｧﾝｹﾞﾘｵﾝjA,0440,0.0,0.9,0.0,0,5,2,,1/125,1/113
東名,2026-09-10,2026-09-10,9/10 23:19,スロット,3189,Lｺﾞｼﾞﾗ対ｴｳﾞｧﾝｹﾞﾘｵﾝjA,0441,0.1,0.0,0.0,2,0,0,1/114,,
東名,2026-09-10,2026-09-10,9/10 23:19,スロット,3540,LｼｽﾀｰｸｴｽﾄCA,0662,-2.1,0.0,0.0,7,0,0,1/225,,
東名,2026-09-10,2026-09-10,9/10 23:19,スロット,3530,LｽｰﾊﾟｰﾌﾞﾗｯｸｼﾞｬｯｸSLDC,0658,-1.9,0.3,-3.4,5,11,6,1/270,1/72,1/327
東名,2026-09-10,2026-09-10,9/10 23:19,スロット,3530,LｽｰﾊﾟｰﾌﾞﾗｯｸｼﾞｬｯｸSLDC,0659,3.3,-1.7,-0.3,34,1,21,1/23,1/901,1/74
東名,2026-09-10,2026-09-10,9/10 23:19,スロット,3809,Lｽﾄﾘｰﾄﾌｧｲﾀｰ6SB,0553,-2.6,4.5,-2.0,9,49,4,1/264,1/80,1/349
東名,2026-09-10,2026-09-10,9/10 23:19,スロット,3300,Lｽﾛｯﾄ ｿｰﾄﾞｱｰﾄ･ｵﾝﾗｲﾝB2,0624,-1.6,-0.5,-0.9,7,2,2,1/188,1/250,1/392
東名,2026-09-10,2026-09-10,9/10 23:19,スロット,3657,LﾀﾞｰﾘﾝｲﾝｻﾞﾌﾗﾝｷｽSA,0461,0.0,-0.1,0.0,0,0,0,,1/69,
東名,2026-09-10,2026-09-10,9/10 23:19,スロット,3657,LﾀﾞｰﾘﾝｲﾝｻﾞﾌﾗﾝｷｽSA,0462,0.0,-0.1,-0.2,0,0,0,,1/59,1/92
東名,2026-09-10,2026-09-10,9/10 23:19,スロット,3657,LﾀﾞｰﾘﾝｲﾝｻﾞﾌﾗﾝｷｽSA,0463,0.0,-0.6,0.0,0,2,0,,1/352,
東名,2026-09-10,2026-09-10,9/10 23:19,スロット,3486,Lﾀﾞﾝﾍﾞﾙ何ｷﾛ持てる?X,0431,0.0,-1.4,0.0,0,51,0,,1/70,
東名,2026-09-10,2026-09-10,9/10 23:19,スロット,3613,Lﾃﾞﾋﾞﾙﾒｲｸﾗｲ5ST XA,0694,-0.2,0.1,-1.7,0,3,6,1/124,1/93,1/244
東名,2026-09-10,2026-09-10,9/10 23:19,スロット,3613,Lﾃﾞﾋﾞﾙﾒｲｸﾗｲ5ST XA,0695,-0.2,0.0,0.0,0,0,0,1/125,,
東名,2026-09-10,2026-09-10,9/10 23:19,スロット,3613,Lﾃﾞﾋﾞﾙﾒｲｸﾗｲ5ST XA,0696,0.0,0.0,-2.3,0,0,3,,,1/473
東名,2026-09-10,2026-09-10,9/10 23:19,スロット,3702,LﾈｵﾌﾟﾗﾈｯﾄSLED,0499,-0.3,10.8,0.2,10,44,7,1/306,1/143,1/246
東名,2026-09-10,2026-09-10,9/10 23:19,スロット,3787,LﾊﾞｰﾃﾞｨｰｳｲﾝｸﾞBC,0477,-0.9,-3.1,-1.2,3,14,7,1/186,1/170,1/144
東名,2026-09-10,2026-09-10,9/10 23:19,スロット,3541,Lﾊﾞｲｵﾊｻﾞｰﾄﾞ5ZE,0676,-1.3,-1.5,-0.8,3,8,5,1/310,1/264,1/187
東名,2026-09-10,2026-09-10,9/10 23:19,スロット,3541,Lﾊﾞｲｵﾊｻﾞｰﾄﾞ5ZE,0677,5.5,0.2,-1.5,14,3,4,1/75,1/92,1/278
東名,2026-09-10,2026-09-10,9/10 23:19,スロット,3541,Lﾊﾞｲｵﾊｻﾞｰﾄﾞ5ZE,0678,-2.4,6.5,-0.5,25,21,1,1/205,1/119,1/392
東名,2026-09-10,2026-09-10,9/10 23:19,スロット,3781,LﾊﾞｲｵﾊｻﾞｰﾄﾞRE:3 ZD,0474,4.3,-0.3,-1.7,22,4,1,1/30,1/133,1/957
東名,2026-09-10,2026-09-10,9/10 23:19,スロット,3781,LﾊﾞｲｵﾊｻﾞｰﾄﾞRE:3 ZD,0475,0.0,0.0,-1.0,0,0,6,,,1/157
東名,2026-09-10,2026-09-10,9/10 23:19,スロット,3781,LﾊﾞｲｵﾊｻﾞｰﾄﾞRE:3 ZD,0476,7.0,0.0,0.0,31,0,28,1/41,,1/76
東名,2026-09-10,2026-09-10,9/10 23:19,スロット,3084,Lﾊﾟﾁｽﾛひぐらしのなく頃に業SS,0664,-1.6,0.0,1.7,4,5,9,1/761,1/406,1/285
東名,2026-09-10,2026-09-10,9/10 23:19,スロット,2853,Lﾊﾟﾁｽﾛ北斗の拳AD XR,0487,-0.6,3.5,-0.2,2,39,0,1/310,1/36,1/109
東名,2026-09-10,2026-09-10,9/10 23:19,スロット,2853,Lﾊﾟﾁｽﾛ北斗の拳AD XR,0488,-0.3,0.3,-1.8,8,6,23,1/119,1/61,1/131
東名,2026-09-10,2026-09-10,9/10 23:19,スロット,2853,Lﾊﾟﾁｽﾛ北斗の拳AD XR,0489,-0.3,-0.5,0.7,2,13,8,1/162,1/127,1/41
東名,2026-09-10,2026-09-10,9/10 23:19,スロット,2853,Lﾊﾟﾁｽﾛ北斗の拳AD XR,0490,-1.7,-2.2,-1.6,1,5,1,1/1135,1/340,1/933
東名,2026-09-10,2026-09-10,9/10 23:19,スロット,2853,Lﾊﾟﾁｽﾛ北斗の拳AD XR,0491,-0.3,-0.1,-0.8,1,0,4,1/298,1/64,1/188
東名,2026-09-10,2026-09-10,9/10 23:19,スロット,2853,Lﾊﾟﾁｽﾛ北斗の拳AD XR,0492,0.0,-0.4,0.3,6,1,8,1/107,1/361,1/93
東名,2026-09-10,2026-09-10,9/10 23:19,スロット,2853,Lﾊﾟﾁｽﾛ北斗の拳AD XR,0493,-0.2,-0.5,-0.6,3,3,3,1/164,1/163,1/215
東名,2026-09-10,2026-09-10,9/10 23:19,スロット,2853,Lﾊﾟﾁｽﾛ北斗の拳AD XR,0494,-0.3,-0.1,0.2,0,0,2,1/148,1/59,1/75
東名,2026-09-10,2026-09-10,9/10 23:19,スロット,2853,Lﾊﾟﾁｽﾛ北斗の拳AD XR,0495,-0.7,-1.5,-0.6,2,1,1,1/280,1/939,1/392
東名,2026-09-10,2026-09-10,9/10 23:19,スロット,2853,Lﾊﾟﾁｽﾛ北斗の拳AD XR,0496,-2.2,-0.7,-0.1,10,2,0,1/211,1/352,1/82
東名,2026-09-10,2026-09-10,9/10 23:19,スロット,2853,Lﾊﾟﾁｽﾛ北斗の拳AD XR,0497,0.0,-0.9,1.6,21,2,36,1/100,1/333,1/64
東名,2026-09-10,2026-09-10,9/10 23:19,スロット,2853,Lﾊﾟﾁｽﾛ北斗の拳AD XR,0498,0.7,-0.2,-1.0,9,0,19,1/52,1/126,1/120
東名,2026-09-10,2026-09-10,9/10 23:19,スロット,3821,Lﾊﾟﾁｽﾛ喰霊零Re/L3,0556,-3.3,1.9,-2.9,30,20,21,1/207,1/206,1/271
東名,2026-09-10,2026-09-10,9/10 23:19,スロット,3725,Lﾊﾟﾁｽﾛ鉄拳6YD01H,0424,-0.6,0.0,0.0,3,0,0,1/158,,1/4
東名,2026-09-10,2026-09-10,9/10 23:19,スロット,3725,Lﾊﾟﾁｽﾛ鉄拳6YD01H,0425,1.2,0.0,0.0,4,0,0,1/104,,
東名,2026-09-10,2026-09-10,9/10 23:19,スロット,3725,Lﾊﾟﾁｽﾛ鉄拳6YD01H,0426,-0.1,-0.2,-0.8,0,0,5,1/80,1/123,1/168
東名,2026-09-10,2026-09-10,9/10 23:19,スロット,3725,Lﾊﾟﾁｽﾛ鉄拳6YD01H,0427,-2.1,5.9,-1.5,2,29,4,1/582,1/50,1/306
東名,2026-09-10,2026-09-10,9/10 23:19,スロット,3725,Lﾊﾟﾁｽﾛ鉄拳6YD01H,0428,0.0,-0.1,0.0,0,0,0,,1/38,
東名,2026-09-10,2026-09-10,9/10 23:19,スロット,3329,LﾊﾟﾁｽﾛｺﾞｯﾄﾞｲｰﾀｰﾘｻﾞﾚｸｼｮﾝSLED,0542,1.7,-0.6,-0.4,15,3,4,1/35,1/161,1/159
東名,2026-09-10,2026-09-10,9/10 23:19,スロット,3329,LﾊﾟﾁｽﾛｺﾞｯﾄﾞｲｰﾀｰﾘｻﾞﾚｸｼｮﾝSLED,0543,-0.7,-0.3,-1.0,16,2,4,1/78,1/134,1/195
東名,2026-09-10,2026-09-10,9/10 23:19,スロット,3329,LﾊﾟﾁｽﾛｺﾞｯﾄﾞｲｰﾀｰﾘｻﾞﾚｸｼｮﾝSLED,0544,-3.9,0.0,3.3,22,23,32,1/154,1/74,1/41
東名,2026-09-10,2026-09-10,9/10 23:19,スロット,3780,Lﾊﾟﾁｽﾛｽｰﾊﾟｰﾘｵｴｰｽ2ND02H,0510,0.8,-2.1,-0.6,10,3,17,1/99,1/408,1/109
東名,2026-09-10,2026-09-10,9/10 23:19,スロット,3780,Lﾊﾟﾁｽﾛｽｰﾊﾟｰﾘｵｴｰｽ2ND02H,0511,0.8,-1.3,0.0,25,1,28,1/105,1/675,1/76
東名,2026-09-10,2026-09-10,9/10 23:19,スロット,3766,LﾊﾟﾁｽﾛﾖﾙﾑﾝｶﾞﾝﾄﾞND01G,0433,-1.0,-0.8,-0.5,1,5,5,1/586,1/237,1/262
東名,2026-09-10,2026-09-10,9/10 23:19,スロット,3709,LﾌﾟﾘｽﾞﾑﾅﾅCC,0432,0.0,0.0,0.0,0,0,0,,,
東名,2026-09-10,2026-09-10,9/10 23:19,スロット,3096,Lﾏｼﾞｶﾙﾊﾛｳｨﾝ8FE,0622,-0.3,-1.4,0.1,0,1,1,1/271,1/1037,1/245
東名,2026-09-10,2026-09-10,9/10 23:19,スロット,3096,Lﾏｼﾞｶﾙﾊﾛｳｨﾝ8FE,0623,-0.1,2.9,-0.2,0,29,6,1/40,1/153,1/148
東名,2026-09-10,2026-09-10,9/10 23:19,スロット,3098,Lﾓﾝｷｰﾀｰﾝ5CE,0512,-0.3,4.3,7.8,1,32,39,1/572,1/44,1/23
東名,2026-09-10,2026-09-10,9/10 23:19,スロット,3098,Lﾓﾝｷｰﾀｰﾝ5CE,0513,-0.3,-0.2,0.2,1,5,4,1/269,1/205,1/59
東名,2026-09-10,2026-09-10,9/10 23:19,スロット,3098,Lﾓﾝｷｰﾀｰﾝ5CE,0514,4.3,-1.3,2.0,32,2,21,1/48,1/401,1/51
東名,2026-09-10,2026-09-10,9/10 23:19,スロット,3098,Lﾓﾝｷｰﾀｰﾝ5CE,0515,1.9,0.2,0.4,26,25,11,1/88,1/67,1/83
東名,2026-09-10,2026-09-10,9/10 23:19,スロット,3098,Lﾓﾝｷｰﾀｰﾝ5CE,0516,-0.5,1.1,3.6,1,20,15,1/306,1/86,1/34
東名,2026-09-10,2026-09-10,9/10 23:19,スロット,3448,LﾓﾝｽﾀｰﾊﾝﾀｰﾗｲｽﾞXA,0501,3.3,-0.7,0.5,27,13,8,1/18,1/101,1/40
東名,2026-09-10,2026-09-10,9/10 23:19,スロット,3448,LﾓﾝｽﾀｰﾊﾝﾀｰﾗｲｽﾞXA,0502,2.0,-1.4,0.0,30,3,27,1/58,1/291,1/86
東名,2026-09-10,2026-09-10,9/10 23:19,スロット,3448,LﾓﾝｽﾀｰﾊﾝﾀｰﾗｲｽﾞXA,0503,-0.2,-0.5,-0.2,0,2,0,1/85,1/173,1/68
東名,2026-09-10,2026-09-10,9/10 23:19,スロット,3448,LﾓﾝｽﾀｰﾊﾝﾀｰﾗｲｽﾞXA,0504,1.3,0.1,-0.2,50,6,0,1/70,1/71,1/99
東名,2026-09-10,2026-09-10,9/10 23:19,スロット,3448,LﾓﾝｽﾀｰﾊﾝﾀｰﾗｲｽﾞXA,0505,0.3,-0.7,1.7,8,17,41,1/62,1/96,1/46
東名,2026-09-10,2026-09-10,9/10 23:19,スロット,3827,Lﾚﾝﾀﾙ彼女bK,0559,-2.3,7.4,-5.7,42,82,28,1/126,1/68,1/201
東名,2026-09-10,2026-09-10,9/10 23:19,スロット,3056,S ｴｳﾚｶｾﾌﾞﾝHIEVO XS,0699,1.9,3.5,0.4,10,33,18,1/166,1/194,1/179
東名,2026-09-10,2026-09-10,9/10 23:19,スロット,3056,S ｴｳﾚｶｾﾌﾞﾝHIEVO XS,0700,-0.6,-0.7,0.8,4,28,11,1/195,1/216,1/125
東名,2026-09-10,2026-09-10,9/10 23:19,スロット,2710,S/沖ﾄﾞｷ!GOLD/GS,0707,-2.5,-2.6,4.2,9,3,21,1/337,1/692,1/48
東名,2026-09-10,2026-09-10,9/10 23:19,スロット,2710,S/沖ﾄﾞｷ!GOLD/GS,0708,-1.2,2.2,-1.4,8,30,3,1/219,1/117,1/491
東名,2026-09-10,2026-09-10,9/10 23:19,スロット,2710,S/沖ﾄﾞｷ!GOLD/GS,0709,1.8,-0.2,-3.0,19,0,8,1/102,1/84,1/340
東名,2026-09-10,2026-09-10,9/10 23:19,スロット,2710,S/沖ﾄﾞｷ!GOLD/GS,0710,0.6,-4.4,-4.2,8,7,7,1/115,1/475,1/473
東名,2026-09-10,2026-09-10,9/10 23:19,スロット,2874,S/ｱﾅｻﾞｰｺﾞｯﾄﾞﾊｰﾃﾞｽ/SL,0705,-0.2,1.9,-0.2,1,6,0,1/365,1/268,1/122
東名,2026-09-10,2026-09-10,9/10 23:19,スロット,3675,S/ﾄﾞﾙｱｰｶﾞの塔/ZU,0714,0.3,2.2,-0.5,11,27,16,1/247,1/249,1/339
東名,2026-09-10,2026-09-10,9/10 23:19,スロット,3461,SｳﾙﾄﾗﾐﾗｸﾙｼﾞｬｸﾞﾗｰKT,0588,0.7,-0.7,1.0,11,0,15,1/185,1/761,1/174
東名,2026-09-10,2026-09-10,9/10 23:19,スロット,3461,SｳﾙﾄﾗﾐﾗｸﾙｼﾞｬｸﾞﾗｰKT,0589,-0.4,-1.1,0.9,1,0,11,1/498,1/837,1/178
東名,2026-09-10,2026-09-10,9/10 23:19,スロット,3461,SｳﾙﾄﾗﾐﾗｸﾙｼﾞｬｸﾞﾗｰKT,0590,-0.3,-0.9,-0.4,20,11,1,1/257,1/353,1/480
東名,2026-09-10,2026-09-10,9/10 23:19,スロット,2923,Sｺｰﾄﾞｷﾞｱｽ3C.C.FS,0703,0.0,-0.1,0.0,0,0,0,,1/64,
東名,2026-09-10,2026-09-10,9/10 23:19,スロット,2923,Sｺｰﾄﾞｷﾞｱｽ3C.C.FS,0704,0.9,-0.2,0.0,4,0,0,1/187,1/80,
東名,2026-09-10,2026-09-10,9/10 23:19,スロット,2952,Sｺﾞｰｺﾞｰｼﾞｬｸﾞﾗｰ3KA,0576,0.9,-0.4,-1.1,27,4,6,1/199,1/322,1/363
東名,2026-09-10,2026-09-10,9/10 23:19,スロット,2952,Sｺﾞｰｺﾞｰｼﾞｬｸﾞﾗｰ3KA,0577,0.0,0.1,-0.9,8,22,1,1/180,1/228,1/734
東名,2026-09-10,2026-09-10,9/10 23:19,スロット,2952,Sｺﾞｰｺﾞｰｼﾞｬｸﾞﾗｰ3KA,0578,-0.6,-1.1,-0.6,5,5,1,1/369,1/346,1/557
東名,2026-09-10,2026-09-10,9/10 23:19,スロット,2952,Sｺﾞｰｺﾞｰｼﾞｬｸﾞﾗｰ3KA,0579,-0.6,-0.2,-0.3,10,14,0,1/307,1/276,1/286
東名,2026-09-10,2026-09-10,9/10 23:19,スロット,2952,Sｺﾞｰｺﾞｰｼﾞｬｸﾞﾗｰ3KA,0580,0.4,-0.6,-0.4,10,1,20,1/219,1/572,1/344
東名,2026-09-10,2026-09-10,9/10 23:19,スロット,2952,Sｺﾞｰｺﾞｰｼﾞｬｸﾞﾗｰ3KA,0581,0.1,0.6,0.1,4,23,6,1/204,1/231,1/268
東名,2026-09-10,2026-09-10,9/10 23:19,スロット,2952,Sｺﾞｰｺﾞｰｼﾞｬｸﾞﾗｰ3KA,0582,-2.0,0.1,-0.5,10,15,11,1/491,1/268,1/296
東名,2026-09-10,2026-09-10,9/10 23:19,スロット,2952,Sｺﾞｰｺﾞｰｼﾞｬｸﾞﾗｰ3KA,0583,-0.3,-0.3,-0.2,2,5,3,1/254,1/328,1/274
東名,2026-09-10,2026-09-10,9/10 23:19,スロット,2952,Sｺﾞｰｺﾞｰｼﾞｬｸﾞﾗｰ3KA,0584,0.1,-1.3,0.5,11,11,20,1/214,1/317,1/208
東名,2026-09-10,2026-09-10,9/10 23:19,スロット,3242,SｼﾞｬｸﾞﾗｰｶﾞｰﾙｽﾞSS-KH,0522,0.6,0.1,-0.4,13,6,4,1/225,1/241,1/352
東名,2026-09-10,2026-09-10,9/10 23:19,スロット,3242,SｼﾞｬｸﾞﾗｰｶﾞｰﾙｽﾞSS-KH,0523,-0.2,0.4,0.4,0,14,4,1/159,1/254,1/130
東名,2026-09-10,2026-09-10,9/10 23:19,スロット,3242,SｼﾞｬｸﾞﾗｰｶﾞｰﾙｽﾞSS-KH,0573,-0.3,1.3,-1.5,0,13,6,1/240,1/184,1/504
東名,2026-09-10,2026-09-10,9/10 23:19,スロット,3242,SｼﾞｬｸﾞﾗｰｶﾞｰﾙｽﾞSS-KH,0574,-1.2,-0.4,0.3,0,2,5,1/1217,1/342,1/162
東名,2026-09-10,2026-09-10,9/10 23:19,スロット,3242,SｼﾞｬｸﾞﾗｰｶﾞｰﾙｽﾞSS-KH,0575,-0.4,0.1,-0.8,5,10,5,1/282,1/238,1/296
東名,2026-09-10,2026-09-10,9/10 23:19,スロット,3242,SｼﾞｬｸﾞﾗｰｶﾞｰﾙｽﾞSS-KH,0711,-0.1,0.2,0.0,1,1,0,1/277,1/55,1/23
東名,2026-09-10,2026-09-10,9/10 23:19,スロット,3242,SｼﾞｬｸﾞﾗｰｶﾞｰﾙｽﾞSS-KH,0712,-0.1,-0.5,0.0,0,0,1,1/65,1/381,1/212
東名,2026-09-10,2026-09-10,9/10 23:19,スロット,3242,SｼﾞｬｸﾞﾗｰｶﾞｰﾙｽﾞSS-KH,0713,0.0,-0.3,-0.2,0,1,0,,1/843,1/105
東名,2026-09-10,2026-09-10,9/10 23:19,スロット,3256,Sﾀﾞﾝまち2XZ,0706,0.7,-0.1,2.7,9,0,47,1/152,1/47,1/151
東名,2026-09-10,2026-09-10,9/10 23:19,スロット,3265,SﾆｭｰﾊﾟﾙｻｰSP4SLE8,0701,1.9,-0.1,-0.1,22,0,0,1/217,1/31,1/48
東名,2026-09-10,2026-09-10,9/10 23:19,スロット,3265,SﾆｭｰﾊﾟﾙｻｰSP4SLE8,0702,-0.2,-0.1,-0.2,0,0,1,1/93,1/60,1/315
東名,2026-09-10,2026-09-10,9/10 23:19,スロット,3672,SﾈｵｱｲﾑｼﾞｬｸﾞﾗｰEX-KK,0607,-0.3,-1.0,-0.6,3,4,3,1/307,1/472,1/429
東名,2026-09-10,2026-09-10,9/10 23:19,スロット,3672,SﾈｵｱｲﾑｼﾞｬｸﾞﾗｰEX-KK,0608,-0.6,-0.5,0.0,1,3,1,1/730,1/367,1/185
東名,2026-09-10,2026-09-10,9/10 23:19,スロット,3672,SﾈｵｱｲﾑｼﾞｬｸﾞﾗｰEX-KK,0609,1.8,0.3,1.1,19,21,23,1/223,1/271,1/215
東名,2026-09-10,2026-09-10,9/10 23:19,スロット,3672,SﾈｵｱｲﾑｼﾞｬｸﾞﾗｰEX-KK,0610,-0.6,-1.0,0.3,1,3,14,1/667,1/524,1/223
東名,2026-09-10,2026-09-10,9/10 23:19,スロット,3672,SﾈｵｱｲﾑｼﾞｬｸﾞﾗｰEX-KK,0611,2.7,-0.3,0.6,28,5,8,1/167,1/267,1/224
東名,2026-09-10,2026-09-10,9/10 23:19,スロット,3672,SﾈｵｱｲﾑｼﾞｬｸﾞﾗｰEX-KK,0612,0.0,-0.5,0.1,6,3,5,1/245,1/344,1/200
東名,2026-09-10,2026-09-10,9/10 23:19,スロット,3672,SﾈｵｱｲﾑｼﾞｬｸﾞﾗｰEX-KK,0613,-0.7,0.4,-0.1,0,15,2,1/455,1/208,1/239
東名,2026-09-10,2026-09-10,9/10 23:19,スロット,3672,SﾈｵｱｲﾑｼﾞｬｸﾞﾗｰEX-KK,0614,0.1,0.2,1.8,10,7,15,1/256,1/186,1/189
東名,2026-09-10,2026-09-10,9/10 23:19,スロット,3672,SﾈｵｱｲﾑｼﾞｬｸﾞﾗｰEX-KK,0615,-0.5,-0.9,1.3,0,3,16,1/298,1/438,1/166
東名,2026-09-10,2026-09-10,9/10 23:19,スロット,2609,SﾊｯﾋﾟｰｼﾞｬｸﾞﾗｰⅤⅢ,0616,-0.8,0.7,0.1,2,10,2,1/594,1/167,1/225
東名,2026-09-10,2026-09-10,9/10 23:19,スロット,2609,SﾊｯﾋﾟｰｼﾞｬｸﾞﾗｰⅤⅢ,0617,0.3,-0.3,-0.4,8,3,0,1/194,1/390,1/360
東名,2026-09-10,2026-09-10,9/10 23:19,スロット,2609,SﾊｯﾋﾟｰｼﾞｬｸﾞﾗｰⅤⅢ,0618,-2.1,-0.8,-0.2,10,11,2,1/363,1/280,1/453
東名,2026-09-10,2026-09-10,9/10 23:19,スロット,2609,SﾊｯﾋﾟｰｼﾞｬｸﾞﾗｰⅤⅢ,0619,-0.7,-2.4,0.7,0,3,10,1/676,1/911,1/193
東名,2026-09-10,2026-09-10,9/10 23:19,スロット,2609,SﾊｯﾋﾟｰｼﾞｬｸﾞﾗｰⅤⅢ,0620,0.4,-0.9,-0.1,13,2,3,1/253,1/498,1/224
東名,2026-09-10,2026-09-10,9/10 23:19,スロット,2609,SﾊｯﾋﾟｰｼﾞｬｸﾞﾗｰⅤⅢ,0621,0.7,-1.1,-0.2,6,7,1,1/189,1/423,1/452
東名,2026-09-10,2026-09-10,9/10 23:19,スロット,2318,Sﾌｧﾝｷｰｼﾞｬｸﾞﾗｰ2KT,0561,-0.4,-2.3,-0.7,6,11,2,1/306,1/394,1/436
東名,2026-09-10,2026-09-10,9/10 23:19,スロット,2318,Sﾌｧﾝｷｰｼﾞｬｸﾞﾗｰ2KT,0562,-0.9,-0.2,-0.5,2,3,8,1/574,1/255,1/280
東名,2026-09-10,2026-09-10,9/10 23:19,スロット,2318,Sﾌｧﾝｷｰｼﾞｬｸﾞﾗｰ2KT,0563,-1.2,-1.4,-0.9,5,4,1,1/438,1/551,1/1035
東名,2026-09-10,2026-09-10,9/10 23:19,スロット,2318,Sﾌｧﾝｷｰｼﾞｬｸﾞﾗｰ2KT,0564,-0.6,-0.4,1.5,1,11,22,1/897,1/278,1/184
東名,2026-09-10,2026-09-10,9/10 23:19,スロット,2318,Sﾌｧﾝｷｰｼﾞｬｸﾞﾗｰ2KT,0565,-1.5,-0.2,-0.9,10,12,2,1/353,1/253,1/497
東名,2026-09-10,2026-09-10,9/10 23:19,スロット,2318,Sﾌｧﾝｷｰｼﾞｬｸﾞﾗｰ2KT,0566,-0.9,-0.4,-1.8,1,13,1,1/731,1/251,1/1710
東名,2026-09-10,2026-09-10,9/10 23:19,スロット,2318,Sﾌｧﾝｷｰｼﾞｬｸﾞﾗｰ2KT,0567,-1.3,-1.0,-0.5,2,2,0,1/712,1/591,1/302
東名,2026-09-10,2026-09-10,9/10 23:19,スロット,2318,Sﾌｧﾝｷｰｼﾞｬｸﾞﾗｰ2KT,0568,0.7,0.1,0.0,10,9,21,1/187,1/192,1/211
東名,2026-09-10,2026-09-10,9/10 23:19,スロット,2318,Sﾌｧﾝｷｰｼﾞｬｸﾞﾗｰ2KT,0569,-0.2,-0.1,0.5,6,9,4,1/343,1/275,1/128
東名,2026-09-10,2026-09-10,9/10 23:19,スロット,2318,Sﾌｧﾝｷｰｼﾞｬｸﾞﾗｰ2KT,0570,0.7,0.2,2.1,10,7,30,1/211,1/202,1/203
東名,2026-09-10,2026-09-10,9/10 23:19,スロット,2318,Sﾌｧﾝｷｰｼﾞｬｸﾞﾗｰ2KT,0571,-0.2,-0.6,0.6,5,12,7,1/237,1/312,1/169
東名,2026-09-10,2026-09-10,9/10 23:19,スロット,2318,Sﾌｧﾝｷｰｼﾞｬｸﾞﾗｰ2KT,0572,2.1,-0.1,0.2,25,2,2,1/173,1/269,1/206
東名,2026-09-10,2026-09-10,9/10 23:19,スロット,2357,SﾏｲｼﾞｬｸﾞﾗｰVKD,0524,-0.3,-0.5,0.7,8,7,24,1/348,1/320,1/250
東名,2026-09-10,2026-09-10,9/10 23:19,スロット,2357,SﾏｲｼﾞｬｸﾞﾗｰVKD,0525,-0.9,0.2,0.9,4,16,9,1/347,1/250,1/154
東名,2026-09-10,2026-09-10,9/10 23:19,スロット,2357,SﾏｲｼﾞｬｸﾞﾗｰVKD,0526,-0.2,-0.6,-0.5,12,1,1,1/230,1/733,1/753
東名,2026-09-10,2026-09-10,9/10 23:19,スロット,2357,SﾏｲｼﾞｬｸﾞﾗｰVKD,0527,-0.1,-0.7,2.6,10,12,29,1/231,1/285,1/183
東名,2026-09-10,2026-09-10,9/10 23:19,スロット,2357,SﾏｲｼﾞｬｸﾞﾗｰVKD,0528,0.2,1.2,-0.9,19,18,5,1/281,1/187,1/405
東名,2026-09-10,2026-09-10,9/10 23:19,スロット,2357,SﾏｲｼﾞｬｸﾞﾗｰVKD,0529,-0.7,3.0,-0.4,3,21,9,1/385,1/154,1/260
東名,2026-09-10,2026-09-10,9/10 23:19,スロット,2357,SﾏｲｼﾞｬｸﾞﾗｰVKD,0530,-1.3,-0.5,-0.9,7,6,4,1/394,1/340,1/356
東名,2026-09-10,2026-09-10,9/10 23:19,スロット,2357,SﾏｲｼﾞｬｸﾞﾗｰVKD,0531,0.1,-0.4,-0.5,21,5,7,1/298,1/321,1/269
東名,2026-09-10,2026-09-10,9/10 23:19,スロット,2357,SﾏｲｼﾞｬｸﾞﾗｰVKD,0532,-0.8,-1.1,-0.7,2,5,3,1/454,1/355,1/357
東名,2026-09-10,2026-09-10,9/10 23:19,スロット,2357,SﾏｲｼﾞｬｸﾞﾗｰVKD,0533,-0.9,1.1,-0.7,5,23,11,1/353,1/233,1/325
東名,2026-09-10,2026-09-10,9/10 23:19,スロット,2357,SﾏｲｼﾞｬｸﾞﾗｰVKD,0534,1.3,-0.1,-0.7,17,20,5,1/178,1/294,1/394
東名,2026-09-10,2026-09-10,9/10 23:19,スロット,2357,SﾏｲｼﾞｬｸﾞﾗｰVKD,0535,-0.2,-0.8,-0.1,9,0,7,1/248,1/659,1/263
東名,2026-09-10,2026-09-10,9/10 23:19,スロット,2357,SﾏｲｼﾞｬｸﾞﾗｰVKD,0536,0.7,0.0,-0.5,26,26,14,1/247,1/275,1/269
東名,2026-09-10,2026-09-10,9/10 23:19,スロット,3326,SﾐｽﾀｰｼﾞｬｸﾞﾗｰKK,0585,-0.9,-0.4,-0.4,2,3,1,1/524,1/326,1/535
東名,2026-09-10,2026-09-10,9/10 23:19,スロット,3326,SﾐｽﾀｰｼﾞｬｸﾞﾗｰKK,0586,-1.4,0.3,0.0,13,18,6,1/333,1/242,1/260
東名,2026-09-10,2026-09-10,9/10 23:19,スロット,3326,SﾐｽﾀｰｼﾞｬｸﾞﾗｰKK,0587,-0.4,1.0,-0.2,3,18,7,1/311,1/178,1/230
東名,2026-09-10,2026-09-10,9/10 23:19,スロット,3814,⑤L/いざ番長/SB8,0715,-0.9,-0.6,-2.0,17,29,1,1/119,1/96,1/1106
東名,2026-09-10,2026-09-10,9/10 23:19,スロット,3690,⑤L/緑ﾄﾞﾝ5/FY,0716,-3.2,1.1,0.0,9,35,13,1/235,1/142,1/144
東名,2026-09-10,2026-09-10,9/10 23:19,スロット,3832,⑤LBﾆｭｰﾊﾟﾙｻｰBTC9,0717,1.1,0.1,0.0,5,3,12,1/179,1/282,1/295
東名,2026-09-10,2026-09-10,9/10 23:19,スロット,3831,⑤LからくりｻｰｶｽG,0719,-3.0,0.2,-1.0,2,22,18,1/841,1/108,1/93
東名,2026-09-10,2026-09-10,9/10 23:19,スロット,3830,⑤L革命機ｳﾞｧﾙｳﾞﾚｲｳﾞ2jF,0718,-2.1,-1.7,-1.1,28,26,23,1/137,1/149,1/157
東名,2026-09-10,2026-09-10,9/10 23:19,スロット,3303,⑤S ｴｳﾚｶｾﾌﾞﾝHIEVO XS,0723,-0.1,-1.4,0.4,35,31,3,1/224,1/257,1/251
東名,2026-09-10,2026-09-10,9/10 23:19,スロット,3311,⑤S ｶﾞﾒﾗ2 XR,0722,-1.0,-0.6,-0.5,1,2,3,1/837,1/593,1/469
東名,2026-09-10,2026-09-10,9/10 23:19,スロット,3267,⑤S/沖ﾄﾞｷ!DUO/DH,0445,-0.1,-0.2,0.0,0,1,19,1/25,1/342,1/148
東名,2026-09-10,2026-09-10,9/10 23:19,スロット,3310,⑤S/沖ﾄﾞｷ!GOLD/GS,0446,1.7,-0.3,-7.0,15,0,8,1/113,1/134,1/622
東名,2026-09-10,2026-09-10,9/10 23:19,スロット,3310,⑤S/沖ﾄﾞｷ!GOLD/GS,0447,1.4,-2.5,-0.6,10,17,0,1/71,1/245,1/282
東名,2026-09-10,2026-09-10,9/10 23:19,スロット,3296,⑤S/ｸﾗﾝｷｰｸﾚｽﾄ/CR,0456,-2.7,0.5,0.7,12,12,13,1/398,1/193,1/207
東名,2026-09-10,2026-09-10,9/10 23:19,スロット,3299,⑤S/ﾊﾞｰｻｽﾘｳﾞｧｲｽﾞ/HS,0721,-1.1,-0.2,0.7,6,3,10,1/446,1/299,1/195
東名,2026-09-10,2026-09-10,9/10 23:19,スロット,3308,⑤S炎炎ﾉ消防隊jS,0450,-1.3,2.1,-1.7,2,31,12,1/450,1/99,1/226
東名,2026-09-10,2026-09-10,9/10 23:19,スロット,3308,⑤S炎炎ﾉ消防隊jS,0451,7.3,-0.5,1.1,61,10,22,1/69,1/174,1/110
東名,2026-09-10,2026-09-10,9/10 23:19,スロット,3308,⑤S炎炎ﾉ消防隊jS,0452,-0.5,0.5,-0.9,1,17,24,1/370,1/114,1/157
東名,2026-09-10,2026-09-10,9/10 23:19,スロット,3307,⑤SｸﾞﾗﾝﾍﾞﾙﾑZXZ,0720,0.4,1.2,-1.3,44,44,14,1/49,1/27,1/122
東名,2026-09-10,2026-09-10,9/10 23:19,スロット,3480,⑤Sﾀﾞﾝまち2XZ,0443,0.0,-0.2,-0.3,0,3,3,,1/277,1/251
東名,2026-09-10,2026-09-10,9/10 23:19,スロット,3480,⑤Sﾀﾞﾝまち2XZ,0444,0.0,-0.9,-0.3,1,7,7,1/354,1/186,1/121
東名,2026-09-10,2026-09-10,9/10 23:19,スロット,3302,⑤SﾊﾞｲｵﾊｻﾞｰﾄﾞRE:2 XB,0448,-2.3,0.0,-1.5,40,24,24,1/131,1/90,1/124
東名,2026-09-10,2026-09-10,9/10 23:19,スロット,3309,⑤Sﾊﾟﾁｽﾛ甲鉄城のｶﾊﾞﾈﾘZR,0453,2.5,0.0,-1.2,24,7,3,1/40,1/80,1/335
東名,2026-09-10,2026-09-10,9/10 23:19,スロット,3309,⑤Sﾊﾟﾁｽﾛ甲鉄城のｶﾊﾞﾈﾘZR,0454,0.0,-1.3,-0.1,0,1,2,,1/792,1/137
東名,2026-09-10,2026-09-10,9/10 23:19,スロット,3309,⑤Sﾊﾟﾁｽﾛ甲鉄城のｶﾊﾞﾈﾘZR,0455,0.1,2.5,-1.8,10,43,32,1/104,1/65,1/112
東名,2026-09-10,2026-09-10,9/10 23:19,スロット,3479,⑤SﾊﾟﾁｽﾛｳﾙﾄﾗﾏﾝﾀﾛｳMG,0724,-1.1,1.3,0.3,7,11,10,1/192,1/35,1/67
東名,2026-09-10,2026-09-10,9/10 23:19,スロット,2714,⑤ﾊﾟﾁｽﾛ頭文字D XR,0442,-0.3,0.6,-1.4,2,9,10,1/187,1/227,1/240
東名,2026-09-10,2026-09-10,9/10 23:19,スロット,2714,⑤ﾊﾟﾁｽﾛ頭文字D XR,0449,-0.4,0.5,-1.8,8,6,14,1/233,1/182,1/223
野川,2026-09-10,2026-09-10,9/10 23:31,パチンコ,2802,e Re:ｾﾞﾛから始める異世界生活2,0323,0.2,1.2,-0.2,7,5,3,1/288,1/181,1/138
野川,2026-09-10,2026-09-10,9/10 23:31,パチンコ,2802,e Re:ｾﾞﾛから始める異世界生活2,0324,-2.7,0.0,0.0,0,0,0,1/231,,
野川,2026-09-10,2026-09-10,9/10 23:31,パチンコ,3242,e 七つの大罪3GFEA,0459,-4.5,-5.2,-5.8,5,5,3,1/254,1/139,1/224
野川,2026-09-10,2026-09-10,9/10 23:31,パチンコ,3070,e 新･必殺仕置人 超斬撃99,0469,0.0,-0.3,4.1,0,0,13,,1/36,1/22
野川,2026-09-10,2026-09-10,9/10 23:31,パチンコ,3040,e 東京喰種,0478,-2.7,-2.1,12.8,2,3,13,1/198,1/126,1/124
野川,2026-09-10,2026-09-10,9/10 23:31,パチンコ,3040,e 東京喰種,0479,-5.9,-5.9,2.1,6,2,2,1/209,1/384,1/25
野川,2026-09-10,2026-09-10,9/10 23:31,パチンコ,3040,e 東京喰種,0480,-3.4,-1.8,0.4,4,2,3,1/216,1/151,1/108
野川,2026-09-10,2026-09-10,9/10 23:31,パチンコ,3040,e 東京喰種,0481,-1.5,-2.1,-2.4,4,1,2,1/280,1/240,1/145
野川,2026-09-10,2026-09-10,9/10 23:31,パチンコ,3040,e 東京喰種,0482,-8.5,1.0,3.7,4,13,6,1/305,1/237,1/191
野川,2026-09-10,2026-09-10,9/10 23:31,パチンコ,3176,e 甲鉄城のｶﾊﾞﾈﾘ2GFEA,0317,-1.0,0.0,-0.3,2,0,0,1/102,,1/26
野川,2026-09-10,2026-09-10,9/10 23:31,パチンコ,3176,e 甲鉄城のｶﾊﾞﾈﾘ2GFEA,0318,4.2,-0.4,0.0,5,0,0,1/86,1/51,
野川,2026-09-10,2026-09-10,9/10 23:31,パチンコ,3178,e 魔法少女まどか☆ﾏｷﾞｶ3LPM1,0398,-5.3,-1.2,-0.7,5,0,0,1/299,1/130,1/88
野川,2026-09-10,2026-09-10,9/10 23:31,パチンコ,3178,e 魔法少女まどか☆ﾏｷﾞｶ3LPM1,0399,-1.7,-1.3,0.2,0,0,1,1/224,1/160,1/10
野川,2026-09-10,2026-09-10,9/10 23:31,パチンコ,3240,e ｿｰﾄﾞｱｰﾄ･ｵﾝﾗｲﾝ ｱﾘｼｾﾞｰｼｮﾝYKJ11,0325,6.1,0.5,-7.6,27,20,14,1/103,1/143,1/286
野川,2026-09-10,2026-09-10,9/10 23:31,パチンコ,3240,e ｿｰﾄﾞｱｰﾄ･ｵﾝﾗｲﾝ ｱﾘｼｾﾞｰｼｮﾝYKJ11,0326,-3.2,8.3,-2.5,13,30,9,1/390,1/127,1/380
野川,2026-09-10,2026-09-10,9/10 23:31,パチンコ,3086,e ﾏｷﾞｱﾚｺｰﾄﾞまどか☆ﾏｷﾞｶ外伝KRJ1,0391,0.0,-0.1,0.0,0,0,0,,1/7,
野川,2026-09-10,2026-09-10,9/10 23:31,パチンコ,3086,e ﾏｷﾞｱﾚｺｰﾄﾞまどか☆ﾏｷﾞｶ外伝KRJ1,0392,0.0,-6.0,-1.8,0,0,5,,1/605,1/571
野川,2026-09-10,2026-09-10,9/10 23:31,パチンコ,3241,e/押忍!番長 漢の頂/A03 99Ver,0402,4.1,-3.1,-1.4,23,2,2,1/47,1/177,1/97
野川,2026-09-10,2026-09-10,9/10 23:31,パチンコ,3241,e/押忍!番長 漢の頂/A03 99Ver,0403,-0.3,3.3,-1.5,0,14,7,1/35,1/38,1/84
野川,2026-09-10,2026-09-10,9/10 23:31,パチンコ,3217,e/ｶﾞﾝｹﾞｲﾙ･ｵﾝﾗｲﾝ/M08,0387,-0.3,-0.2,0.0,1,0,0,1/49,1/25,
野川,2026-09-10,2026-09-10,9/10 23:31,パチンコ,3217,e/ｶﾞﾝｹﾞｲﾙ･ｵﾝﾗｲﾝ/M08,0388,-0.7,6.9,-0.8,0,23,0,1/67,1/179,1/84
野川,2026-09-10,2026-09-10,9/10 23:31,パチンコ,3169,eいせれべFSZ,0381,0.0,-0.1,0.0,0,0,0,,1/9,
野川,2026-09-10,2026-09-10,9/10 23:31,パチンコ,3169,eいせれべFSZ,0382,-0.1,-0.9,-0.4,1,3,0,1/39,1/68,1/67
野川,2026-09-10,2026-09-10,9/10 23:31,パチンコ,3169,eいせれべFSZ,0383,-0.3,-0.1,0.0,0,0,0,1/43,1/19,
野川,2026-09-10,2026-09-10,9/10 23:31,パチンコ,3126,eとある科学の超電磁砲LT RSY,0350,-0.4,4.3,-0.2,1,6,0,1/58,1/50,1/17
野川,2026-09-10,2026-09-10,9/10 23:31,パチンコ,2995,eぱちんこ押忍!番長 漢の頂,0393,-4.3,0.3,-3.7,5,2,1,1/159,1/22,1/425
野川,2026-09-10,2026-09-10,9/10 23:31,パチンコ,2995,eぱちんこ押忍!番長 漢の頂,0394,-0.2,-0.2,-0.1,0,2,0,1/19,1/77,1/17
野川,2026-09-10,2026-09-10,9/10 23:31,パチンコ,3201,eひきこまり吸血姫の悶々FHV,0395,-2.3,5.1,-2.0,1,8,3,1/279,1/278,1/137
野川,2026-09-10,2026-09-10,9/10 23:31,パチンコ,3201,eひきこまり吸血姫の悶々FHV,0396,0.0,-0.1,-0.1,0,0,0,,1/6,1/4
野川,2026-09-10,2026-09-10,9/10 23:31,パチンコ,3201,eひきこまり吸血姫の悶々FHV,0397,-0.7,-1.3,-2.8,0,0,3,1/75,1/116,1/131
野川,2026-09-10,2026-09-10,9/10 23:31,パチンコ,3163,eバキ2LBM4,0389,0.0,-1.4,0.0,0,1,0,,1/162,
野川,2026-09-10,2026-09-10,9/10 23:31,パチンコ,3163,eバキ2LBM4,0390,0.0,-0.1,0.0,0,0,0,,1/5,
野川,2026-09-10,2026-09-10,9/10 23:31,パチンコ,3171,eフィーバーバスタードG,0353,-2.3,-0.8,4.0,0,0,7,1/233,1/77,1/140
野川,2026-09-10,2026-09-10,9/10 23:31,パチンコ,3219,e冥妃転生,0348,6.2,0.3,-1.2,8,2,0,1/107,1/61,1/120
野川,2026-09-10,2026-09-10,9/10 23:31,パチンコ,3146,e北斗の拳11暴凶星SHEA,0375,-0.9,-3.7,0.2,1,0,12,1/176,1/408,1/180
野川,2026-09-10,2026-09-10,9/10 23:31,パチンコ,3146,e北斗の拳11暴凶星SHEA,0376,0.0,0.0,-0.4,0,0,0,,,1/49
野川,2026-09-10,2026-09-10,9/10 23:31,パチンコ,3146,e北斗の拳11暴凶星SHEA,0377,0.0,-0.5,-0.2,0,0,0,,1/62,1/27
野川,2026-09-10,2026-09-10,9/10 23:31,パチンコ,3146,e北斗の拳11暴凶星SHEA,0378,0.0,3.7,-0.2,0,8,0,,1/195,1/25
野川,2026-09-10,2026-09-10,9/10 23:31,パチンコ,3146,e北斗の拳11暴凶星SHEA,0379,0.0,4.4,-0.3,0,8,0,,1/227,1/42
野川,2026-09-10,2026-09-10,9/10 23:31,パチンコ,3146,e北斗の拳11暴凶星SHEA,0380,-0.9,-3.0,14.1,1,0,23,1/88,1/311,1/117
野川,2026-09-10,2026-09-10,9/10 23:31,パチンコ,3158,e吉宗 極乗3000ver.L06,0384,-0.2,0.9,-0.2,1,6,4,1/55,1/129,1/148
野川,2026-09-10,2026-09-10,9/10 23:31,パチンコ,3158,e吉宗 極乗3000ver.L06,0385,0.0,-0.4,-1.6,0,0,1,,1/39,1/241
野川,2026-09-10,2026-09-10,9/10 23:31,パチンコ,3158,e吉宗 極乗3000ver.L06,0386,-0.4,-0.3,-2.7,0,0,2,1/59,1/32,1/205
野川,2026-09-10,2026-09-10,9/10 23:31,パチンコ,3099,e女神のｶﾌｪﾃﾗｽJLZ,0406,-3.6,-3.9,-7.7,2,4,1,1/295,1/171,1/1329
野川,2026-09-10,2026-09-10,9/10 23:31,パチンコ,3099,e女神のｶﾌｪﾃﾗｽJLZ,0407,-2.3,5.4,-1.0,1,7,0,1/337,1/494,1/144
野川,2026-09-10,2026-09-10,9/10 23:31,パチンコ,3099,e女神のｶﾌｪﾃﾗｽJLZ,0408,-1.2,-0.3,-1.6,1,0,0,1/198,1/35,1/257
野川,2026-09-10,2026-09-10,9/10 23:31,パチンコ,3232,e必殺仕事人ⅥM2,0356,-0.4,3.5,15.0,0,9,32,1/27,1/328,1/120
野川,2026-09-10,2026-09-10,9/10 23:31,パチンコ,3153,e新世紀ｴｳﾞｧﾝｹﾞﾘｵﾝ はじまりの記憶,0332,27.2,-3.8,0.0,27,2,0,1/235,1/608,
野川,2026-09-10,2026-09-10,9/10 23:31,パチンコ,3153,e新世紀ｴｳﾞｧﾝｹﾞﾘｵﾝ はじまりの記憶,0333,2.7,-4.4,0.3,5,2,5,1/276,1/263,1/213
野川,2026-09-10,2026-09-10,9/10 23:31,パチンコ,3153,e新世紀ｴｳﾞｧﾝｹﾞﾘｵﾝ はじまりの記憶,0334,-5.6,-1.8,5.3,0,1,6,1/570,1/210,1/116
野川,2026-09-10,2026-09-10,9/10 23:31,パチンコ,3153,e新世紀ｴｳﾞｧﾝｹﾞﾘｵﾝ はじまりの記憶,0335,-2.8,-2.2,-6.8,1,0,0,1/341,1/234,1/771
野川,2026-09-10,2026-09-10,9/10 23:31,パチンコ,3153,e新世紀ｴｳﾞｧﾝｹﾞﾘｵﾝ はじまりの記憶,0336,-4.6,-2.8,-3.1,3,0,1,1/335,1/290,1/368
野川,2026-09-10,2026-09-10,9/10 23:31,パチンコ,3153,e新世紀ｴｳﾞｧﾝｹﾞﾘｵﾝ はじまりの記憶,0337,-1.5,-1.2,-1.6,3,2,0,1/174,1/321,1/184
野川,2026-09-10,2026-09-10,9/10 23:31,パチンコ,3153,e新世紀ｴｳﾞｧﾝｹﾞﾘｵﾝ はじまりの記憶,0338,-4.7,-1.6,-2.4,2,0,3,1/289,1/173,1/104
野川,2026-09-10,2026-09-10,9/10 23:31,パチンコ,3153,e新世紀ｴｳﾞｧﾝｹﾞﾘｵﾝ はじまりの記憶,0339,-1.1,-4.4,-8.0,10,9,1,1/252,1/98,1/968
野川,2026-09-10,2026-09-10,9/10 23:31,パチンコ,3216,e東京喰種MW,0319,-9.4,-17.3,3.0,5,20,18,1/491,1/322,1/227
野川,2026-09-10,2026-09-10,9/10 23:31,パチンコ,3216,e東京喰種MW,0320,-3.3,-10.0,6.0,11,4,21,1/286,1/807,1/278
野川,2026-09-10,2026-09-10,9/10 23:31,パチンコ,3216,e東京喰種MW,0321,-4.9,12.9,1.9,9,38,13,1/339,1/686,1/217
野川,2026-09-10,2026-09-10,9/10 23:31,パチンコ,3216,e東京喰種MW,0322,13.0,-11.0,-5.2,33,18,16,1/261,1/416,1/346
野川,2026-09-10,2026-09-10,9/10 23:31,パチンコ,3078,e東京ﾘﾍﾞﾝｼﾞｬｰｽﾞGFEC,0305,-2.8,-0.3,-0.1,0,0,2,1/314,1/24,1/127
野川,2026-09-10,2026-09-10,9/10 23:31,パチンコ,3078,e東京ﾘﾍﾞﾝｼﾞｬｰｽﾞGFEC,0306,-1.7,0.0,0.0,0,0,0,1/169,,
野川,2026-09-10,2026-09-10,9/10 23:31,パチンコ,3078,e東京ﾘﾍﾞﾝｼﾞｬｰｽﾞGFEC,0307,-0.9,-2.8,-0.3,6,1,0,1/232,1/295,1/22
野川,2026-09-10,2026-09-10,9/10 23:31,パチンコ,3233,e東京ﾘﾍﾞﾝｼﾞｬｰｽﾞ聖夜決戦編EREC,0474,-0.6,4.8,-0.1,0,10,0,1/59,1/76,1/5
野川,2026-09-10,2026-09-10,9/10 23:31,パチンコ,3233,e東京ﾘﾍﾞﾝｼﾞｬｰｽﾞ聖夜決戦編EREC,0475,-0.6,-0.7,-0.3,0,0,0,1/55,1/59,1/39
野川,2026-09-10,2026-09-10,9/10 23:31,パチンコ,3230,e無職転生異世界行ったら本気H2E,0308,3.0,-6.8,-2.6,7,4,3,1/113,1/249,1/170
野川,2026-09-10,2026-09-10,9/10 23:31,パチンコ,3230,e無職転生異世界行ったら本気H2E,0309,-3.0,0.7,-3.4,0,3,0,1/363,1/147,1/364
野川,2026-09-10,2026-09-10,9/10 23:31,パチンコ,3094,e牙狼12XX-MJ,0314,-1.5,-1.8,-9.2,0,4,1,1/155,1/117,1/1036
野川,2026-09-10,2026-09-10,9/10 23:31,パチンコ,3094,e牙狼12XX-MJ,0315,10.2,-0.7,-0.4,15,0,0,1/149,1/75,1/36
野川,2026-09-10,2026-09-10,9/10 23:31,パチンコ,3094,e牙狼12XX-MJ,0316,-3.3,-0.7,-3.4,1,2,0,1/418,1/230,1/372
野川,2026-09-10,2026-09-10,9/10 23:31,パチンコ,3033,e牙狼神速神撃3000LT,0354,0.0,-2.4,0.0,0,2,0,,1/456,
野川,2026-09-10,2026-09-10,9/10 23:31,パチンコ,3177,e牙狼ﾄﾘﾌﾟﾙﾊﾞｰｽﾄRF,0461,0.0,-0.2,0.0,0,0,0,,1/34,
野川,2026-09-10,2026-09-10,9/10 23:31,パチンコ,3177,e牙狼ﾄﾘﾌﾟﾙﾊﾞｰｽﾄRF,0462,0.5,8.0,-0.5,2,11,0,1/115,1/20,1/94
野川,2026-09-10,2026-09-10,9/10 23:31,パチンコ,3252,e甲鉄城のｶﾊﾞﾈﾘ2SCEA 119Ver,0345,1.5,-3.7,5.8,16,13,26,1/111,1/155,1/97
野川,2026-09-10,2026-09-10,9/10 23:31,パチンコ,3170,e真北斗無双5 夢幻闘双SCEA,0453,0.0,7.2,-0.4,0,8,0,,1/67,1/31
野川,2026-09-10,2026-09-10,9/10 23:31,パチンコ,3170,e真北斗無双5 夢幻闘双SCEA,0454,0.0,-1.6,-5.2,0,1,3,,1/146,1/185
野川,2026-09-10,2026-09-10,9/10 23:31,パチンコ,3170,e真北斗無双5 夢幻闘双SCEA,0455,-0.7,-0.2,-3.1,0,0,0,1/71,1/18,1/298
野川,2026-09-10,2026-09-10,9/10 23:31,パチンコ,3095,e真･一騎当千~軍神覚醒AM-TS,0330,0.4,-1.1,-5.6,9,1,2,1/275,1/206,1/527
野川,2026-09-10,2026-09-10,9/10 23:31,パチンコ,3095,e真･一騎当千~軍神覚醒AM-TS,0331,0.0,-1.9,-4.0,7,1,1,1/369,1/363,1/697
野川,2026-09-10,2026-09-10,9/10 23:31,パチンコ,3134,e花の慶次～黄金の一撃H4,0447,-0.8,0.0,-4.2,0,0,1,1/87,,1/511
野川,2026-09-10,2026-09-10,9/10 23:31,パチンコ,3134,e花の慶次～黄金の一撃H4,0448,0.0,-9.1,8.7,0,3,15,,1/615,1/68
野川,2026-09-10,2026-09-10,9/10 23:31,パチンコ,3134,e花の慶次～黄金の一撃H4,0449,-3.3,0.0,0.0,0,0,0,1/389,,
野川,2026-09-10,2026-09-10,9/10 23:31,パチンコ,3234,e虚構推理MHJT,0476,10.0,-0.1,0.0,16,0,0,1/332,1/20,
野川,2026-09-10,2026-09-10,9/10 23:31,パチンコ,3234,e虚構推理MHJT,0477,0.0,3.2,0.0,0,6,0,,1/167,
野川,2026-09-10,2026-09-10,9/10 23:31,パチンコ,3251,e魔女と野獣FKZ,0344,2.5,10.8,3.8,20,38,18,1/600,1/357,1/526
野川,2026-09-10,2026-09-10,9/10 23:31,パチンコ,3231,e魔法少女ﾘﾘｶﾙなのはHTEZS2,0355,-4.4,-2.8,-3.4,7,0,1,1/242,1/313,1/410
野川,2026-09-10,2026-09-10,9/10 23:31,パチンコ,3096,e黄門ちゃま9HC3,0346,-0.1,-1.5,-1.1,2,0,0,1/317,1/268,1/221
野川,2026-09-10,2026-09-10,9/10 23:31,パチンコ,3179,eｱｸﾀﾞﾏﾄﾞﾗｲﾌﾞEHLT,0471,-0.2,0.0,0.0,0,0,0,1/25,,
野川,2026-09-10,2026-09-10,9/10 23:31,パチンコ,3253,eｱｻﾙﾄﾘﾘｨZ,0456,3.0,-3.1,-4.1,15,15,6,1/184,1/253,1/220
野川,2026-09-10,2026-09-10,9/10 23:31,パチンコ,3253,eｱｻﾙﾄﾘﾘｨZ,0457,31.5,5.7,-7.4,30,20,8,1/130,1/193,1/126
野川,2026-09-10,2026-09-10,9/10 23:31,パチンコ,3243,eｴﾃﾞﾝｽﾞｾﾞﾛAIN,0470,-1.3,3.7,-1.2,0,3,0,1/123,1/315,1/114
野川,2026-09-10,2026-09-10,9/10 23:31,パチンコ,3200,eｷﾞﾝﾊﾟﾗVIVA FESTA HTA2,0349,-0.8,-2.4,-0.7,0,0,3,1/104,1/373,1/197
野川,2026-09-10,2026-09-10,9/10 23:31,パチンコ,3132,eﾉｰｹﾞｰﾑ･ﾉｰﾗｲﾌV3C,0465,0.0,-0.1,0.0,0,0,0,,1/18,
野川,2026-09-10,2026-09-10,9/10 23:31,パチンコ,3132,eﾉｰｹﾞｰﾑ･ﾉｰﾗｲﾌV3C,0466,0.0,2.7,0.0,0,6,0,,1/91,
野川,2026-09-10,2026-09-10,9/10 23:31,パチンコ,2967,eﾌｨｰﾊﾞｰからくりｻｰｶｽ2 魔王ver.,0352,-7.7,-0.1,-3.3,2,0,3,1/462,1/6,1/149
野川,2026-09-10,2026-09-10,9/10 23:31,パチンコ,3133,eﾌｨｰﾊﾞｰもののがたりF,0327,0.0,-2.3,-0.3,0,0,0,,1/260,1/27
野川,2026-09-10,2026-09-10,9/10 23:31,パチンコ,3133,eﾌｨｰﾊﾞｰもののがたりF,0328,-1.9,0.0,-1.3,1,0,0,1/200,,1/133
野川,2026-09-10,2026-09-10,9/10 23:31,パチンコ,3133,eﾌｨｰﾊﾞｰもののがたりF,0329,1.0,-2.2,-1.2,6,4,0,1/217,1/71,1/138
野川,2026-09-10,2026-09-10,9/10 23:31,パチンコ,2994,eﾌｨｰﾊﾞｰ戦姫絶唱ｼﾝﾌｫｷﾞｱ4 ｷｬﾛﾙver.,0460,0.0,-0.5,0.0,0,0,0,,1/51,
野川,2026-09-10,2026-09-10,9/10 23:31,パチンコ,3239,eﾌｨｰﾊﾞｰ機動戦士ｶﾞﾝﾀﾞﾑSEED2b,0310,-4.7,-1.2,-0.4,5,4,0,1/406,1/188,1/36
野川,2026-09-10,2026-09-10,9/10 23:31,パチンコ,3239,eﾌｨｰﾊﾞｰ機動戦士ｶﾞﾝﾀﾞﾑSEED2b,0311,-3.1,-1.5,-3.0,1,0,5,1/398,1/141,1/222
野川,2026-09-10,2026-09-10,9/10 23:31,パチンコ,3239,eﾌｨｰﾊﾞｰ機動戦士ｶﾞﾝﾀﾞﾑSEED2b,0312,-4.8,-4.1,10.2,0,5,18,1/532,1/890,1/201
野川,2026-09-10,2026-09-10,9/10 23:31,パチンコ,3239,eﾌｨｰﾊﾞｰ機動戦士ｶﾞﾝﾀﾞﾑSEED2b,0313,38.3,-7.4,-1.5,60,1,2,1/440,1/882,1/136
野川,2026-09-10,2026-09-10,9/10 23:31,パチンコ,2925,eﾌｨｰﾊﾞｰ機動戦士ｶﾞﾝﾀﾞﾑﾕﾆｺｰﾝ 再来,0463,0.0,0.0,-0.2,0,0,0,,,1/42
野川,2026-09-10,2026-09-10,9/10 23:31,パチンコ,2925,eﾌｨｰﾊﾞｰ機動戦士ｶﾞﾝﾀﾞﾑﾕﾆｺｰﾝ 再来,0464,-0.3,-0.3,-0.7,0,3,0,1/41,1/41,1/123
野川,2026-09-10,2026-09-10,9/10 23:31,パチンコ,3079,eﾌｨｰﾊﾞｰ炎炎ﾉ消防隊2MS,0472,5.1,-1.0,-0.6,8,0,0,1/99,1/112,1/50
野川,2026-09-10,2026-09-10,9/10 23:31,パチンコ,3079,eﾌｨｰﾊﾞｰ炎炎ﾉ消防隊2MS,0473,-2.0,-0.7,-1.8,0,0,3,1/221,1/70,1/120
野川,2026-09-10,2026-09-10,9/10 23:31,パチンコ,3218,eﾌｨｰﾊﾞｰﾃﾞｯﾄﾞﾏｳﾝﾄ･ﾃﾞｽﾌﾟﾚｲT,0404,-0.3,-1.5,-0.3,0,0,0,1/21,1/134,1/38
野川,2026-09-10,2026-09-10,9/10 23:31,パチンコ,3218,eﾌｨｰﾊﾞｰﾃﾞｯﾄﾞﾏｳﾝﾄ･ﾃﾞｽﾌﾟﾚｲT,0405,-0.6,-0.4,-0.7,0,0,0,1/68,1/58,1/82
野川,2026-09-10,2026-09-10,9/10 23:31,パチンコ,3110,eﾌｨｰﾊﾞｰﾌﾞﾙｰﾛｯｸMZ,0467,-1.4,-0.1,-1.0,0,0,0,1/160,1/10,1/120
野川,2026-09-10,2026-09-10,9/10 23:31,パチンコ,3110,eﾌｨｰﾊﾞｰﾌﾞﾙｰﾛｯｸMZ,0468,0.0,-1.8,0.0,0,0,0,1/1,1/199,
野川,2026-09-10,2026-09-10,9/10 23:31,パチンコ,3199,eﾗｲｻﾞのｱﾄﾘｴK3,0351,0.0,-0.4,-1.1,0,0,0,,1/44,1/114
野川,2026-09-10,2026-09-10,9/10 23:31,パチンコ,3189,eﾗｸﾞﾅﾄﾞｰﾙCMB,0458,0.0,-1.3,0.0,0,0,0,,1/154,
野川,2026-09-10,2026-09-10,9/10 23:31,パチンコ,3188,eﾘｺﾘｽ･ﾘｺｲﾙM3,0409,5.1,0.4,17.5,42,22,78,1/156,1/786,1/199
野川,2026-09-10,2026-09-10,9/10 23:31,パチンコ,3188,eﾘｺﾘｽ･ﾘｺｲﾙM3,0410,-11.6,-9.7,-1.7,1,4,23,1/1246,1/278,1/256
野川,2026-09-10,2026-09-10,9/10 23:31,パチンコ,3192,eﾘﾝｸﾞ最恐領域RHA,0450,-5.8,-2.2,-0.4,1,5,0,1/704,1/339,1/38
野川,2026-09-10,2026-09-10,9/10 23:31,パチンコ,3192,eﾘﾝｸﾞ最恐領域RHA,0451,-1.0,11.6,0.0,0,16,0,1/108,1/90,
野川,2026-09-10,2026-09-10,9/10 23:31,パチンコ,3192,eﾘﾝｸﾞ最恐領域RHA,0452,-0.8,-0.5,0.0,0,1,0,1/106,1/150,
野川,2026-09-10,2026-09-10,9/10 23:31,パチンコ,3135,eﾙﾊﾟﾝ三世VSｷｬｯﾂ･ｱｲMAH4,0347,-0.4,0.0,0.0,0,0,0,1/44,,
野川,2026-09-10,2026-09-10,9/10 23:31,パチンコ,2975,P にゃんこ大戦争 多様性のﾈｺ,0238,-0.6,0.0,-1.3,0,0,0,1/69,,1/148
野川,2026-09-10,2026-09-10,9/10 23:31,パチンコ,2975,P にゃんこ大戦争 多様性のﾈｺ,0239,-1.9,-0.3,-1.5,5,0,0,1/58,1/30,1/166
野川,2026-09-10,2026-09-10,9/10 23:31,パチンコ,2975,P にゃんこ大戦争 多様性のﾈｺ,0262,0.0,-3.0,-2.0,0,5,4,,1/135,1/146
野川,2026-09-10,2026-09-10,9/10 23:31,パチンコ,2975,P にゃんこ大戦争 多様性のﾈｺ,0263,-0.7,0.0,-0.5,1,0,0,1/84,,1/42
野川,2026-09-10,2026-09-10,9/10 23:31,パチンコ,3050,P 宇宙戦艦ﾔﾏﾄ2202超波動森雪199LT,0256,-1.0,0.9,0.0,0,2,0,1/92,1/39,
野川,2026-09-10,2026-09-10,9/10 23:31,パチンコ,3050,P 宇宙戦艦ﾔﾏﾄ2202超波動森雪199LT,0257,-0.9,0.0,0.0,0,0,0,1/84,,
野川,2026-09-10,2026-09-10,9/10 23:31,パチンコ,2838,P 新世紀ｴｳﾞｧﾝｹﾞﾘｵﾝ未来への咆哮Y,0170,-0.1,-0.4,-0.3,0,0,0,1/13,1/38,1/24
野川,2026-09-10,2026-09-10,9/10 23:31,パチンコ,2838,P 新世紀ｴｳﾞｧﾝｹﾞﾘｵﾝ未来への咆哮Y,0196,-0.2,-1.8,2.3,0,1,14,1/14,1/219,1/149
野川,2026-09-10,2026-09-10,9/10 23:31,パチンコ,2978,P ｺﾞｼﾞﾗ対ｴｳﾞｧﾝｹﾞﾘｵﾝ ｾｶﾝﾄﾞｲﾝﾊﾟｸﾄ,0224,0.0,-0.3,-0.2,0,0,0,,1/18,1/17
野川,2026-09-10,2026-09-10,9/10 23:31,パチンコ,2978,P ｺﾞｼﾞﾗ対ｴｳﾞｧﾝｹﾞﾘｵﾝ ｾｶﾝﾄﾞｲﾝﾊﾟｸﾄ,0225,0.0,0.0,-0.7,0,0,0,,,1/72
野川,2026-09-10,2026-09-10,9/10 23:31,パチンコ,2784,P ｺﾞｼﾞﾗ対ｴｳﾞｧﾝｹﾞﾘｵﾝG細胞覚醒ﾗｲﾄ,0193,-0.4,-0.6,-0.6,4,0,0,1/129,1/72,1/47
野川,2026-09-10,2026-09-10,9/10 23:31,パチンコ,2795,P009 RE:CYBORG ACCELE 99ver,0148,-0.8,1.3,0.3,0,9,6,1/91,1/40,1/165
野川,2026-09-10,2026-09-10,9/10 23:31,パチンコ,2795,P009 RE:CYBORG ACCELE 99ver,0149,-1.1,0.3,-3.2,0,4,6,1/114,1/17,1/91
野川,2026-09-10,2026-09-10,9/10 23:31,パチンコ,3082,PA CYBORG009N2-K,0171,-1.3,-1.3,-0.8,2,2,8,1/90,1/88,1/214
野川,2026-09-10,2026-09-10,9/10 23:31,パチンコ,2957,PAわんわんﾊﾟﾗﾀﾞｲｽCELEBRATION,0208,4.5,-1.7,1.7,26,4,9,1/33,1/83,1/44
野川,2026-09-10,2026-09-10,9/10 23:31,パチンコ,2957,PAわんわんﾊﾟﾗﾀﾞｲｽCELEBRATION,0209,-0.5,-0.5,4.2,0,6,24,1/46,1/288,1/45
野川,2026-09-10,2026-09-10,9/10 23:31,パチンコ,2646,PAスーパー海物語IN沖縄５YBA,0201,0.5,-0.4,-2.1,23,24,1,1/97,1/72,1/283
野川,2026-09-10,2026-09-10,9/10 23:31,パチンコ,2646,PAスーパー海物語IN沖縄５YBA,0202,-2.3,0.8,-1.4,29,29,11,1/123,1/59,1/64
野川,2026-09-10,2026-09-10,9/10 23:31,パチンコ,3121,PAフィーバーダンまち2YG,0187,-0.9,-0.1,0.3,7,0,3,1/59,1/9,1/2
野川,2026-09-10,2026-09-10,9/10 23:31,パチンコ,3025,PA大海物語5ﾌﾞﾗｯｸLT99ver.,0203,-3.1,3.0,-6.7,2,29,8,1/181,1/158,1/106
野川,2026-09-10,2026-09-10,9/10 23:31,パチンコ,3025,PA大海物語5ﾌﾞﾗｯｸLT99ver.,0204,3.9,13.2,-5.5,25,57,20,1/169,1/32,1/90
野川,2026-09-10,2026-09-10,9/10 23:31,パチンコ,3025,PA大海物語5ﾌﾞﾗｯｸLT99ver.,0205,-2.8,19.1,8.8,18,73,48,1/132,1/31,1/53
野川,2026-09-10,2026-09-10,9/10 23:31,パチンコ,3250,PA大海物語ｱｸﾞﾈｽﾌﾟﾚﾐｱRBA,0154,-1.3,-1.4,5.0,27,37,53,1/79,1/78,1/56
野川,2026-09-10,2026-09-10,9/10 23:31,パチンコ,3250,PA大海物語ｱｸﾞﾈｽﾌﾟﾚﾐｱRBA,0155,2.8,2.1,0.1,28,32,27,1/79,1/76,1/117
野川,2026-09-10,2026-09-10,9/10 23:31,パチンコ,3250,PA大海物語ｱｸﾞﾈｽﾌﾟﾚﾐｱRBA,0156,-2.5,-2.7,-4.0,24,24,16,1/104,1/97,1/108
野川,2026-09-10,2026-09-10,9/10 23:31,パチンコ,3250,PA大海物語ｱｸﾞﾈｽﾌﾟﾚﾐｱRBA,0157,-3.6,0.3,-4.8,23,28,24,1/98,1/67,1/110
野川,2026-09-10,2026-09-10,9/10 23:31,パチンコ,3250,PA大海物語ｱｸﾞﾈｽﾌﾟﾚﾐｱRBA,0158,-3.0,3.0,3.2,24,33,56,1/149,1/50,1/64
野川,2026-09-10,2026-09-10,9/10 23:31,パチンコ,3145,PA海物語極ジャパンHBD,0159,-0.7,2.3,0.8,1,20,9,1/97,1/111,1/66
野川,2026-09-10,2026-09-10,9/10 23:31,パチンコ,3145,PA海物語極ジャパンHBD,0160,-0.5,4.8,-2.6,0,26,4,1/51,1/44,1/84
野川,2026-09-10,2026-09-10,9/10 23:31,パチンコ,3145,PA海物語極ジャパンHBD,0161,-0.6,-4.3,-0.8,8,14,3,1/121,1/84,1/125
野川,2026-09-10,2026-09-10,9/10 23:31,パチンコ,2828,PA激ﾃﾞｼﾞ牙狼月虹ﾉ旅人,0172,3.0,0.0,0.0,16,0,0,1/27,,
野川,2026-09-10,2026-09-10,9/10 23:31,パチンコ,2511,PA真・花の慶次２N2-X1,0168,3.0,-0.3,-0.4,17,1,0,1/64,1/48,1/38
野川,2026-09-10,2026-09-10,9/10 23:31,パチンコ,3004,PA花の慶次 裂 99ver.,0213,3.1,0.0,-0.4,14,0,2,1/56,,1/39
野川,2026-09-10,2026-09-10,9/10 23:31,パチンコ,3004,PA花の慶次 裂 99ver.,0214,-2.2,0.0,2.3,21,0,8,1/125,,1/19
野川,2026-09-10,2026-09-10,9/10 23:31,パチンコ,3144,PA野生の王国6N2,0150,2.4,-0.6,0.3,14,3,4,1/68,1/71,1/54
野川,2026-09-10,2026-09-10,9/10 23:31,パチンコ,3144,PA野生の王国6N2,0151,-0.5,3.1,-0.1,0,12,5,1/58,1/5,1/129
野川,2026-09-10,2026-09-10,9/10 23:31,パチンコ,3112,PAｱｽﾞｰﾙﾚｰﾝ異次元ﾄﾘｶﾞｰ 79ver.～M2,0163,-1.3,-1.2,2.1,2,0,10,1/80,1/127,1/29
野川,2026-09-10,2026-09-10,9/10 23:31,パチンコ,3112,PAｱｽﾞｰﾙﾚｰﾝ異次元ﾄﾘｶﾞｰ 79ver.～M2,0185,-0.1,-0.9,3.4,0,17,33,1/8,1/51,1/35
野川,2026-09-10,2026-09-10,9/10 23:31,パチンコ,3108,PAｼﾝ･ｴｳﾞｧﾝｹﾞﾘｵﾝY,0145,1.0,-5.4,-0.5,18,10,0,1/62,1/87,1/48
野川,2026-09-10,2026-09-10,9/10 23:31,パチンコ,3108,PAｼﾝ･ｴｳﾞｧﾝｹﾞﾘｵﾝY,0146,-0.3,2.2,-0.6,0,8,0,1/36,1/91,1/59
野川,2026-09-10,2026-09-10,9/10 23:31,パチンコ,3108,PAｼﾝ･ｴｳﾞｧﾝｹﾞﾘｵﾝY,0147,0.6,-0.2,-0.6,6,0,1,1/72,1/23,1/87
野川,2026-09-10,2026-09-10,9/10 23:31,パチンコ,3215,PAｽｰﾊﾟｰ海物語IN沖縄6RBD,0197,-1.8,-1.6,-2.1,10,2,2,1/93,1/123,1/130
野川,2026-09-10,2026-09-10,9/10 23:31,パチンコ,3215,PAｽｰﾊﾟｰ海物語IN沖縄6RBD,0198,-0.2,-0.2,-1.5,0,6,2,1/19,1/121,1/113
野川,2026-09-10,2026-09-10,9/10 23:31,パチンコ,3215,PAｽｰﾊﾟｰ海物語IN沖縄6RBD,0199,-0.1,-0.5,-0.5,0,14,4,1/10,1/86,1/61
野川,2026-09-10,2026-09-10,9/10 23:31,パチンコ,3215,PAｽｰﾊﾟｰ海物語IN沖縄6RBD,0200,-5.7,-0.3,0.7,8,5,12,1/281,1/71,1/101
野川,2026-09-10,2026-09-10,9/10 23:31,パチンコ,2875,PAﾊｲｽｸｰﾙ･ﾌﾘｰﾄ ｵｰﾙｽﾀｰ すい~とで,0165,-0.5,-1.7,1.9,6,1,12,1/38,1/217,1/83
野川,2026-09-10,2026-09-10,9/10 23:31,パチンコ,3203,PAﾌｨｰﾊﾞｰｸｨｰﾝⅡYS,0175,0.2,0.1,-1.2,6,3,7,1/107,1/63,1/104
野川,2026-09-10,2026-09-10,9/10 23:31,パチンコ,3203,PAﾌｨｰﾊﾞｰｸｨｰﾝⅡYS,0176,0.8,-1.0,-2.0,4,3,1,1/32,1/94,1/219
野川,2026-09-10,2026-09-10,9/10 23:31,パチンコ,3072,PLT激ﾃﾞｼﾞ ｼﾞｭｰｼｰﾊﾆｰ極嬢,0190,-0.5,-0.3,-0.7,0,1,1,1/47,1/42,1/95
野川,2026-09-10,2026-09-10,9/10 23:31,パチンコ,3174,PRe:ｾﾞﾛから始めるseason2 249ver.,0278,2.1,-0.6,-0.8,11,0,0,1/73,1/57,1/81
野川,2026-09-10,2026-09-10,9/10 23:31,パチンコ,3131,PRe:ｾﾞﾛから始める鬼がかり199ver.,0258,-0.5,-1.6,18.0,0,2,19,1/42,1/98,1/60
野川,2026-09-10,2026-09-10,9/10 23:31,パチンコ,3131,PRe:ｾﾞﾛから始める鬼がかり199ver.,0259,-3.2,-3.6,-0.2,0,2,1,1/338,1/206,1/40
野川,2026-09-10,2026-09-10,9/10 23:31,パチンコ,3130,Pいくさの子戦極最強GRPJ,0290,-0.8,-2.8,-0.7,0,0,0,1/135,1/415,1/86
野川,2026-09-10,2026-09-10,9/10 23:31,パチンコ,3130,Pいくさの子戦極最強GRPJ,0291,-0.7,-1.5,0.0,1,1,0,1/135,1/254,
野川,2026-09-10,2026-09-10,9/10 23:31,パチンコ,3130,Pいくさの子戦極最強GRPJ,0292,0.0,-0.3,0.0,0,2,0,,1/53,
野川,2026-09-10,2026-09-10,9/10 23:31,パチンコ,3031,Pうまい棒2,0287,-0.6,-0.5,0.0,5,0,0,1/36,1/2,
野川,2026-09-10,2026-09-10,9/10 23:31,パチンコ,3187,Pにゃんこ大戦争88ばーじょんM2,0177,-0.1,-2.2,0.4,3,0,2,1/62,1/255,1/8
野川,2026-09-10,2026-09-10,9/10 23:31,パチンコ,3187,Pにゃんこ大戦争88ばーじょんM2,0178,-0.3,0.5,-0.4,1,6,3,1/33,1/127,1/28
野川,2026-09-10,2026-09-10,9/10 23:31,パチンコ,2451,Pエヴァンゲリオン15未来への咆哮,0226,-0.6,-0.8,-4.5,0,1,1,1/83,1/117,1/597
野川,2026-09-10,2026-09-10,9/10 23:31,パチンコ,2451,Pエヴァンゲリオン15未来への咆哮,0227,-8.1,7.2,-8.7,2,22,1,1/504,1/228,1/1124
野川,2026-09-10,2026-09-10,9/10 23:31,パチンコ,2451,Pエヴァンゲリオン15未来への咆哮,0228,-8.3,-1.5,-3.2,2,0,1,1/472,1/165,1/413
野川,2026-09-10,2026-09-10,9/10 23:31,パチンコ,2451,Pエヴァンゲリオン15未来への咆哮,0229,9.5,2.5,13.4,14,8,26,1/63,1/326,1/205
野川,2026-09-10,2026-09-10,9/10 23:31,パチンコ,2451,Pエヴァンゲリオン15未来への咆哮,0230,2.6,-1.8,-0.1,9,0,0,1/402,1/193,1/18
野川,2026-09-10,2026-09-10,9/10 23:31,パチンコ,2451,Pエヴァンゲリオン15未来への咆哮,0231,0.3,5.5,14.8,4,12,23,1/101,1/146,1/81
野川,2026-09-10,2026-09-10,9/10 23:31,パチンコ,2451,Pエヴァンゲリオン15未来への咆哮,0232,-1.3,-2.6,9.6,4,2,19,1/475,1/185,1/165
野川,2026-09-10,2026-09-10,9/10 23:31,パチンコ,2451,Pエヴァンゲリオン15未来への咆哮,0269,9.1,-0.8,-1.3,21,17,8,1/313,1/240,1/365
野川,2026-09-10,2026-09-10,9/10 23:31,パチンコ,2451,Pエヴァンゲリオン15未来への咆哮,0270,-3.4,-3.7,-5.7,1,7,0,1/404,1/454,1/687
野川,2026-09-10,2026-09-10,9/10 23:31,パチンコ,2451,Pエヴァンゲリオン15未来への咆哮,0271,-1.7,-0.7,-4.5,1,2,0,1/208,1/60,1/507
野川,2026-09-10,2026-09-10,9/10 23:31,パチンコ,2451,Pエヴァンゲリオン15未来への咆哮,0272,-7.0,0.0,-3.7,1,9,5,1/859,1/198,1/254
野川,2026-09-10,2026-09-10,9/10 23:31,パチンコ,2451,Pエヴァンゲリオン15未来への咆哮,0273,-6.3,-4.6,-1.5,0,1,7,1/786,1/553,1/233
野川,2026-09-10,2026-09-10,9/10 23:31,パチンコ,2451,Pエヴァンゲリオン15未来への咆哮,0274,13.2,-2.6,-12.4,28,0,3,1/181,1/332,1/574
野川,2026-09-10,2026-09-10,9/10 23:31,パチンコ,2832,P中森明菜･歌姫伝説BLACKDIVA極,0254,-1.0,-3.3,0.0,0,3,0,1/104,1/649,
野川,2026-09-10,2026-09-10,9/10 23:31,パチンコ,2832,P中森明菜･歌姫伝説BLACKDIVA極,0255,-0.7,-3.1,3.1,0,0,8,1/73,1/327,1/101
野川,2026-09-10,2026-09-10,9/10 23:31,パチンコ,3120,P冬のｿﾅﾀ My Memory MA2,0167,-1.5,0.4,0.0,0,7,0,1/188,1/32,
野川,2026-09-10,2026-09-10,9/10 23:31,パチンコ,2855,P北斗の拳 強敵 LT,0179,0.0,-4.9,-0.6,0,1,0,1/1,1/560,1/59
野川,2026-09-10,2026-09-10,9/10 23:31,パチンコ,2855,P北斗の拳 強敵 LT,0180,0.0,-0.1,0.0,0,0,0,,1/14,
野川,2026-09-10,2026-09-10,9/10 23:31,パチンコ,2855,P北斗の拳 強敵 LT,0181,-2.6,-0.7,-0.7,8,0,0,1/93,1/89,1/81
野川,2026-09-10,2026-09-10,9/10 23:31,パチンコ,2689,P北斗の拳暴凶星,0245,0.0,-1.3,0.1,0,0,1,,1/123,1/64
野川,2026-09-10,2026-09-10,9/10 23:31,パチンコ,2689,P北斗の拳暴凶星,0246,-0.4,-0.3,0.0,0,0,0,1/45,1/23,
野川,2026-09-10,2026-09-10,9/10 23:31,パチンコ,2689,P北斗の拳暴凶星,0247,0.0,-0.6,-0.6,0,0,1,,1/72,1/162
野川,2026-09-10,2026-09-10,9/10 23:31,パチンコ,2497,P北斗の拳８究極乱世SSF,0174,-1.5,0.0,0.0,20,0,0,1/156,,
野川,2026-09-10,2026-09-10,9/10 23:31,パチンコ,2867,P大工の源さん超韋駄天2 極源LighT,0195,0.4,-3.3,-1.1,7,1,1,1/85,1/441,1/116
野川,2026-09-10,2026-09-10,9/10 23:31,パチンコ,2705,P大海物語5,0283,0.0,-1.1,-0.7,0,0,0,,1/138,1/83
野川,2026-09-10,2026-09-10,9/10 23:31,パチンコ,2705,P大海物語5,0284,0.0,-0.9,-0.9,0,0,3,,1/104,1/188
野川,2026-09-10,2026-09-10,9/10 23:31,パチンコ,2705,P大海物語5,0285,-0.1,-0.3,1.2,0,0,3,1/7,1/34,1/123
野川,2026-09-10,2026-09-10,9/10 23:31,パチンコ,2705,P大海物語5,0286,0.0,-1.1,0.2,0,0,3,,1/121,1/119
野川,2026-09-10,2026-09-10,9/10 23:31,パチンコ,2809,P大海物語5 ﾌﾞﾗｯｸ,0217,-1.2,-2.2,-2.8,1,0,0,1/176,1/268,1/308
野川,2026-09-10,2026-09-10,9/10 23:31,パチンコ,3204,P大海物語5ｽﾍﾟｼｬﾙALTA,0281,-0.8,-0.6,1.8,0,0,6,1/89,1/44,1/139
野川,2026-09-10,2026-09-10,9/10 23:31,パチンコ,3204,P大海物語5ｽﾍﾟｼｬﾙALTA,0282,3.3,-0.6,-0.4,6,0,0,1/56,1/50,1/31
野川,2026-09-10,2026-09-10,9/10 23:31,パチンコ,3109,P戦国乙女7HOYZ3,0242,-0.3,-0.1,0.0,0,3,0,1/48,1/113,
野川,2026-09-10,2026-09-10,9/10 23:31,パチンコ,3109,P戦国乙女7HOYZ3,0243,0.0,0.0,0.0,0,0,0,,,
野川,2026-09-10,2026-09-10,9/10 23:31,パチンコ,3109,P戦国乙女7HOYZ3,0244,-0.1,-1.2,-0.3,0,0,0,1/24,1/216,1/64
野川,2026-09-10,2026-09-10,9/10 23:31,パチンコ,3202,P戦国無双N,0169,2.5,-2.3,-5.1,30,3,21,1/88,1/158,1/71
野川,2026-09-10,2026-09-10,9/10 23:31,パチンコ,2772,P新世紀ｴｳﾞｧﾝｹﾞﾘｵﾝ未来への咆哮Ｌ,0275,0.0,4.5,-0.5,0,17,0,,1/76,1/51
野川,2026-09-10,2026-09-10,9/10 23:31,パチンコ,2772,P新世紀ｴｳﾞｧﾝｹﾞﾘｵﾝ未来への咆哮Ｌ,0276,-0.8,-1.3,-1.5,0,0,0,1/85,1/150,1/146
野川,2026-09-10,2026-09-10,9/10 23:31,パチンコ,2772,P新世紀ｴｳﾞｧﾝｹﾞﾘｵﾝ未来への咆哮Ｌ,0277,0.0,-1.2,0.1,0,11,10,,1/145,1/146
野川,2026-09-10,2026-09-10,9/10 23:31,パチンコ,3056,P機動戦士ｶﾞﾝﾀﾞﾑﾕﾆｺｰﾝ 再来129ver.,0152,-4.7,-0.2,-0.1,2,0,0,1/273,1/29,1/10
野川,2026-09-10,2026-09-10,9/10 23:31,パチンコ,3056,P機動戦士ｶﾞﾝﾀﾞﾑﾕﾆｺｰﾝ 再来129ver.,0153,-0.3,-0.4,-0.3,0,0,1,1/31,1/53,1/60
野川,2026-09-10,2026-09-10,9/10 23:31,パチンコ,2997,P清流物語4 ﾇｼを求めて4000匹,0218,10.9,-1.3,-2.1,14,0,1,1/53,1/169,1/254
野川,2026-09-10,2026-09-10,9/10 23:31,パチンコ,2997,P清流物語4 ﾇｼを求めて4000匹,0219,-1.0,5.0,-7.3,0,29,8,1/117,1/161,1/462
野川,2026-09-10,2026-09-10,9/10 23:31,パチンコ,2997,P清流物語4 ﾇｼを求めて4000匹,0220,-3.1,-6.0,4.1,2,12,16,1/189,1/105,1/195
野川,2026-09-10,2026-09-10,9/10 23:31,パチンコ,2876,P牙狼11~冴島大河~XX,0248,-0.1,0.0,0.0,0,0,0,1/14,,
野川,2026-09-10,2026-09-10,9/10 23:31,パチンコ,2876,P牙狼11~冴島大河~XX,0249,-0.1,-0.4,0.0,0,0,0,1/14,1/34,
野川,2026-09-10,2026-09-10,9/10 23:31,パチンコ,2876,P牙狼11~冴島大河~XX,0250,-1.7,-0.1,3.5,0,0,8,1/172,1/16,1/207
野川,2026-09-10,2026-09-10,9/10 23:31,パチンコ,2876,P牙狼11~冴島大河~XX,0251,0.0,-1.8,0.0,0,0,0,,1/188,
野川,2026-09-10,2026-09-10,9/10 23:31,パチンコ,2876,P牙狼11~冴島大河~XX,0252,0.0,2.2,0.0,0,8,0,,1/80,
野川,2026-09-10,2026-09-10,9/10 23:31,パチンコ,2876,P牙狼11~冴島大河~XX,0253,-0.3,-1.9,0.0,0,0,0,1/27,1/218,
野川,2026-09-10,2026-09-10,9/10 23:31,パチンコ,2979,P盾の勇者の成り上がり,0296,-0.2,0.0,-0.4,0,3,0,1/14,1/194,1/43
野川,2026-09-10,2026-09-10,9/10 23:31,パチンコ,2979,P盾の勇者の成り上がり,0297,-0.5,-0.3,-1.6,0,1,1,1/73,1/50,1/198
野川,2026-09-10,2026-09-10,9/10 23:31,パチンコ,2459,P真北斗無双FWQG,0300,0.0,0.0,0.0,0,0,0,,,
野川,2026-09-10,2026-09-10,9/10 23:31,パチンコ,2459,P真北斗無双FWQG,0301,-0.1,-0.1,5.2,0,0,11,1/12,1/4,1/33
野川,2026-09-10,2026-09-10,9/10 23:31,パチンコ,2459,P真北斗無双FWQG,0302,0.0,-0.1,-1.9,0,0,0,,1/4,1/182
野川,2026-09-10,2026-09-10,9/10 23:31,パチンコ,2459,P真北斗無双FWQG,0303,0.0,-1.0,-0.3,0,0,0,,1/119,1/28
野川,2026-09-10,2026-09-10,9/10 23:31,パチンコ,2459,P真北斗無双FWQG,0304,0.0,-0.6,-0.4,0,0,0,,1/65,1/53
野川,2026-09-10,2026-09-10,9/10 23:31,パチンコ,2800,P真･北斗無双 第4章 下剋上闘,0279,-1.0,-0.2,-1.4,0,1,0,1/86,1/30,1/146
野川,2026-09-10,2026-09-10,9/10 23:31,パチンコ,3229,P織田信奈の野望全国版V4A,0222,-0.4,-1.6,-0.6,0,0,0,1/85,1/327,1/139
野川,2026-09-10,2026-09-10,9/10 23:31,パチンコ,3229,P織田信奈の野望全国版V4A,0223,-0.4,2.3,-1.7,7,7,8,1/223,1/578,1/191
野川,2026-09-10,2026-09-10,9/10 23:31,パチンコ,2422,P花満開　月光ZC,0280,-0.4,-3.1,-0.4,0,1,0,1/63,1/517,1/47
野川,2026-09-10,2026-09-10,9/10 23:31,パチンコ,2910,P貞子,0298,-0.4,1.0,-0.5,4,9,2,1/57,1/98,1/70
野川,2026-09-10,2026-09-10,9/10 23:31,パチンコ,2910,P貞子,0299,0.0,0.0,-1.7,0,0,2,,,1/197
野川,2026-09-10,2026-09-10,9/10 23:31,パチンコ,3038,P防振り,0260,-0.4,-0.5,-0.3,0,1,0,1/43,1/67,1/28
野川,2026-09-10,2026-09-10,9/10 23:31,パチンコ,3038,P防振り,0261,-2.7,-0.4,-0.5,1,0,0,1/325,1/41,1/52
野川,2026-09-10,2026-09-10,9/10 23:31,パチンコ,3214,P魔法少女まどか☆ﾏｷﾞｶ3MAJ1,0182,-1.0,-2.9,0.0,0,2,0,1/109,1/178,
野川,2026-09-10,2026-09-10,9/10 23:31,パチンコ,3214,P魔法少女まどか☆ﾏｷﾞｶ3MAJ1,0183,-0.4,-2.9,0.9,1,3,8,1/48,1/112,1/194
野川,2026-09-10,2026-09-10,9/10 23:31,パチンコ,3214,P魔法少女まどか☆ﾏｷﾞｶ3MAJ1,0184,-1.5,-0.9,0.0,2,3,0,1/85,1/144,
野川,2026-09-10,2026-09-10,9/10 23:31,パチンコ,3034,Pｱﾅｻﾞｰｺﾞｯﾄﾞﾊｰﾃﾞｽ-獄炎-,0288,0.6,-0.6,-3.8,4,0,4,1/65,1/51,1/225
野川,2026-09-10,2026-09-10,9/10 23:31,パチンコ,2821,Pｼﾝ･ｴｳﾞｧﾝｹﾞﾘｵﾝ Type ﾚｲ,0233,0.0,17.2,-0.8,0,25,0,,1/114,1/91
野川,2026-09-10,2026-09-10,9/10 23:31,パチンコ,2821,Pｼﾝ･ｴｳﾞｧﾝｹﾞﾘｵﾝ Type ﾚｲ,0234,0.0,-0.3,-1.6,0,0,1,,1/29,1/184
野川,2026-09-10,2026-09-10,9/10 23:31,パチンコ,2821,Pｼﾝ･ｴｳﾞｧﾝｹﾞﾘｵﾝ Type ﾚｲ,0235,-0.6,-0.1,-2.3,3,0,0,1/251,1/3,1/237
野川,2026-09-10,2026-09-10,9/10 23:31,パチンコ,2821,Pｼﾝ･ｴｳﾞｧﾝｹﾞﾘｵﾝ Type ﾚｲ,0236,0.0,-1.0,-0.3,0,0,0,,1/108,1/41
野川,2026-09-10,2026-09-10,9/10 23:31,パチンコ,2821,Pｼﾝ･ｴｳﾞｧﾝｹﾞﾘｵﾝ Type ﾚｲ,0237,2.9,-1.0,-1.8,8,0,0,1/113,1/94,1/190
野川,2026-09-10,2026-09-10,9/10 23:31,パチンコ,2821,Pｼﾝ･ｴｳﾞｧﾝｹﾞﾘｵﾝ Type ﾚｲ,0264,0.0,-0.6,0.0,0,1,0,,1/96,
野川,2026-09-10,2026-09-10,9/10 23:31,パチンコ,2821,Pｼﾝ･ｴｳﾞｧﾝｹﾞﾘｵﾝ Type ﾚｲ,0265,-2.1,-1.6,-1.3,0,1,0,1/209,1/169,1/131
野川,2026-09-10,2026-09-10,9/10 23:31,パチンコ,2821,Pｼﾝ･ｴｳﾞｧﾝｹﾞﾘｵﾝ Type ﾚｲ,0266,0.0,-0.7,-1.7,0,0,2,,1/69,1/285
野川,2026-09-10,2026-09-10,9/10 23:31,パチンコ,2821,Pｼﾝ･ｴｳﾞｧﾝｹﾞﾘｵﾝ Type ﾚｲ,0267,-0.8,-3.6,1.4,0,2,7,1/77,1/212,1/144
野川,2026-09-10,2026-09-10,9/10 23:31,パチンコ,2821,Pｼﾝ･ｴｳﾞｧﾝｹﾞﾘｵﾝ Type ﾚｲ,0268,-2.5,-2.9,-2.3,3,4,0,1/194,1/642,1/255
野川,2026-09-10,2026-09-10,9/10 23:31,パチンコ,3122,Pｽｰﾊﾟｰ海物語IN沖縄6LTP,0215,0.0,2.0,-0.8,0,3,0,,1/29,1/87
野川,2026-09-10,2026-09-10,9/10 23:31,パチンコ,3122,Pｽｰﾊﾟｰ海物語IN沖縄6LTP,0216,3.5,0.0,-0.3,14,0,0,1/206,,1/37
野川,2026-09-10,2026-09-10,9/10 23:31,パチンコ,3039,Pｿﾞﾝﾋﾞﾗﾝﾄﾞｻｶﾞ,0221,0.0,0.0,0.0,0,0,0,,,
野川,2026-09-10,2026-09-10,9/10 23:31,パチンコ,2911,Pﾌｨｰﾊﾞｰありふれた職業でLight,0173,-0.3,-0.3,2.7,0,0,13,1/47,1/30,1/47
野川,2026-09-10,2026-09-10,9/10 23:31,パチンコ,3159,Pﾌｨｰﾊﾞｰうたわれるもの Y,0194,-3.0,0.0,-0.5,4,0,0,1/135,,1/50
野川,2026-09-10,2026-09-10,9/10 23:31,パチンコ,2779,Pﾌｨｰﾊﾞｰかぐや様は告らせたい,0289,-0.4,0.0,0.0,1,0,0,1/71,,
野川,2026-09-10,2026-09-10,9/10 23:31,パチンコ,2940,Pﾌｨｰﾊﾞｰかぐや様は告らせたいLight,0210,-0.3,-0.1,-0.3,0,0,0,1/32,1/4,1/29
野川,2026-09-10,2026-09-10,9/10 23:31,パチンコ,2940,Pﾌｨｰﾊﾞｰかぐや様は告らせたいLight,0211,-0.6,-2.7,-0.8,0,8,0,1/68,1/88,1/66
野川,2026-09-10,2026-09-10,9/10 23:31,パチンコ,2940,Pﾌｨｰﾊﾞｰかぐや様は告らせたいLight,0212,-0.4,0.0,-0.5,0,0,0,1/39,,1/60
野川,2026-09-10,2026-09-10,9/10 23:31,パチンコ,2811,Pﾌｨｰﾊﾞｰからくりｻｰｶｽ Light ver.,0162,0.6,-3.9,1.2,5,1,14,1/43,1/370,1/64
野川,2026-09-10,2026-09-10,9/10 23:31,パチンコ,3012,Pﾌｨｰﾊﾞｰ戦姫絶唱ｼﾝﾌｫｷﾞｱ4 199ver.,0340,0.0,-1.3,0.0,0,3,0,,1/99,
野川,2026-09-10,2026-09-10,9/10 23:31,パチンコ,3012,Pﾌｨｰﾊﾞｰ戦姫絶唱ｼﾝﾌｫｷﾞｱ4 199ver.,0341,0.0,-2.2,0.0,0,0,0,,1/230,
野川,2026-09-10,2026-09-10,9/10 23:31,パチンコ,3012,Pﾌｨｰﾊﾞｰ戦姫絶唱ｼﾝﾌｫｷﾞｱ4 199ver.,0342,-0.3,-0.1,-0.7,0,0,0,1/35,1/13,1/75
野川,2026-09-10,2026-09-10,9/10 23:31,パチンコ,3012,Pﾌｨｰﾊﾞｰ戦姫絶唱ｼﾝﾌｫｷﾞｱ4 199ver.,0343,0.0,-3.0,-1.5,0,4,0,,1/130,1/165
野川,2026-09-10,2026-09-10,9/10 23:31,パチンコ,2886,Pﾌｨｰﾊﾞｰ炎炎ﾉ消防隊 Light ver.,0166,-3.5,-1.6,-2.3,1,0,0,1/337,1/168,1/227
野川,2026-09-10,2026-09-10,9/10 23:31,パチンコ,2749,PﾌｨｰﾊﾞｰｸｨｰﾝⅡV,0192,0.3,-0.1,1.4,2,0,9,1/27,1/14,1/132
野川,2026-09-10,2026-09-10,9/10 23:31,パチンコ,2858,Pﾌｨｰﾊﾞｰﾊﾟﾜﾌﾙ（2024年）,0189,-0.2,-0.5,-0.5,14,4,0,1/56,1/53,1/39
野川,2026-09-10,2026-09-10,9/10 23:31,パチンコ,3005,Pﾌﾞﾗｯｸﾗｸﾞｰﾝ4 129ver.,0188,6.9,-1.2,-0.1,19,0,0,1/63,1/158,1/6
野川,2026-09-10,2026-09-10,9/10 23:31,パチンコ,3142,PﾒｲﾄﾞｲﾝｱﾋﾞｽSL,0164,-1.3,1.3,-0.5,3,10,2,1/101,1/70,1/94
野川,2026-09-10,2026-09-10,9/10 23:31,パチンコ,2934,Pﾘﾝｸﾞ 呪いの7日間3 ﾗｯｷｰﾄﾘｶﾞｰVer.,0293,0.3,-2.6,6.8,2,0,14,1/61,1/305,1/15
野川,2026-09-10,2026-09-10,9/10 23:31,パチンコ,2934,Pﾘﾝｸﾞ 呪いの7日間3 ﾗｯｷｰﾄﾘｶﾞｰVer.,0294,-0.3,-0.8,0.0,0,0,0,1/24,1/94,
野川,2026-09-10,2026-09-10,9/10 23:31,パチンコ,2934,Pﾘﾝｸﾞ 呪いの7日間3 ﾗｯｷｰﾄﾘｶﾞｰVer.,0295,-0.4,2.7,0.0,1,6,0,1/72,1/59,
野川,2026-09-10,2026-09-10,9/10 23:31,パチンコ,2955,Pﾙﾊﾟﾝ三世 ONE COLLECTION,0240,0.0,-0.7,0.0,0,0,0,,1/83,
野川,2026-09-10,2026-09-10,9/10 23:31,パチンコ,2955,Pﾙﾊﾟﾝ三世 ONE COLLECTION,0241,0.0,-5.8,0.0,0,1,0,,1/613,
野川,2026-09-10,2026-09-10,9/10 23:31,パチンコ,2848,Pﾙﾊﾟﾝ三世 THE FIRST 99ver.,0191,1.2,1.6,-6.4,35,41,48,1/91,1/97,1/129
野川,2026-09-10,2026-09-10,9/10 23:31,パチンコ,2939,Pﾙﾊﾟﾝ三世 銭形招待状 77Sweet,0186,-0.6,0.9,-0.1,0,7,0,1/88,1/58,1/11
野川,2026-09-10,2026-09-10,9/10 23:31,パチンコ,3211,①e北斗の拳10GHEG,0140,-2.1,5.4,-3.9,9,20,1,1/97,1/78,1/455
野川,2026-09-10,2026-09-10,9/10 23:31,パチンコ,3197,①e蒼天の拳羅龍SREN,0142,0.0,-1.1,-3.4,0,0,1,,1/126,1/364
野川,2026-09-10,2026-09-10,9/10 23:31,パチンコ,3212,①eｼｬｰﾏﾝｷﾝｸﾞMH,0141,-2.9,0.0,-1.0,0,0,0,1/342,,1/120
野川,2026-09-10,2026-09-10,9/10 23:31,パチンコ,3191,①eｿｰﾄﾞｱｰﾄ･ｵﾝﾗｲﾝ 閃光の軌跡K7,0144,-7.7,-12.3,-12.6,15,3,5,1/184,1/474,1/301
野川,2026-09-10,2026-09-10,9/10 23:31,パチンコ,3198,①eﾌｨｰﾊﾞｰ炎炎ﾉ消防隊2MS,0143,-10.9,-8.7,-0.1,3,10,3,1/458,1/283,1/265
野川,2026-09-10,2026-09-10,9/10 23:31,パチンコ,3154,①P FAIRY TAIL七炎竜の力だFSA,0115,-0.4,-3.4,-0.3,0,0,0,1/43,1/365,1/29
野川,2026-09-10,2026-09-10,9/10 23:31,パチンコ,3140,①PACYBORG009N2-K,0034,-1.0,-4.5,19.6,38,38,101,1/75,1/76,1/63
野川,2026-09-10,2026-09-10,9/10 23:31,パチンコ,2958,①PAわんわんﾊﾟﾗﾀﾞｲｽCELEBRATION,0009,-5.3,0.5,6.0,36,51,66,1/143,1/99,1/71
野川,2026-09-10,2026-09-10,9/10 23:31,パチンコ,2648,①PAスーパー海物語IN沖縄５SBA,0019,-1.8,-4.5,-0.4,33,19,28,1/91,1/138,1/107
野川,2026-09-10,2026-09-10,9/10 23:31,パチンコ,2648,①PAスーパー海物語IN沖縄５SBA,0020,-3.7,-1.8,0.9,5,6,9,1/192,1/145,1/85
野川,2026-09-10,2026-09-10,9/10 23:31,パチンコ,2648,①PAスーパー海物語IN沖縄５SBA,0021,0.2,1.2,-0.5,11,19,2,1/57,1/92,1/60
野川,2026-09-10,2026-09-10,9/10 23:31,パチンコ,2748,①PA大海物語5ARBC,0048,3.1,1.5,2.0,53,47,41,1/69,1/125,1/132
野川,2026-09-10,2026-09-10,9/10 23:31,パチンコ,2748,①PA大海物語5ARBC,0049,0.8,0.0,0.7,36,29,44,1/110,1/80,1/113
野川,2026-09-10,2026-09-10,9/10 23:31,パチンコ,2748,①PA大海物語5ARBC,0050,2.9,-6.4,-1.7,52,17,30,1/110,1/187,1/100
野川,2026-09-10,2026-09-10,9/10 23:31,パチンコ,2748,①PA大海物語5ARBC,0051,-2.5,1.4,2.7,22,36,48,1/104,1/110,1/63
野川,2026-09-10,2026-09-10,9/10 23:31,パチンコ,3057,①PA大海物語5ARBC,0017,1.8,-4.9,3.0,43,23,38,1/78,1/150,1/88
野川,2026-09-10,2026-09-10,9/10 23:31,パチンコ,3057,①PA大海物語5ARBC,0018,-9.7,1.0,1.7,18,41,63,1/169,1/107,1/81
野川,2026-09-10,2026-09-10,9/10 23:31,パチンコ,3209,①PA大海物語5HLD,0025,11.3,5.6,-0.7,73,33,28,1/67,1/180,1/347
野川,2026-09-10,2026-09-10,9/10 23:31,パチンコ,3249,①PA大海物語ｱｸﾞﾈｽﾌﾟﾚﾐｱRBA,0059,1.3,-3.5,0.0,39,48,47,1/87,1/86,1/86
野川,2026-09-10,2026-09-10,9/10 23:31,パチンコ,2694,①PA巨人の星明子2000,0066,4.1,1.8,-0.8,56,38,32,1/108,1/125,1/118
野川,2026-09-10,2026-09-10,9/10 23:31,パチンコ,3064,①PA海物語3R3,0014,1.1,-3.0,-0.3,22,6,18,1/78,1/239,1/71
野川,2026-09-10,2026-09-10,9/10 23:31,パチンコ,3208,①PA海物語3R3LBA,0022,0.5,-1.9,-4.1,25,47,23,1/150,1/63,1/187
野川,2026-09-10,2026-09-10,9/10 23:31,パチンコ,3208,①PA海物語3R3LBA,0023,-1.9,-0.8,0.6,7,25,16,1/133,1/82,1/114
野川,2026-09-10,2026-09-10,9/10 23:31,パチンコ,3208,①PA海物語3R3LBA,0024,-1.8,-5.0,-1.7,19,8,18,1/115,1/161,1/80
野川,2026-09-10,2026-09-10,9/10 23:31,パチンコ,2718,①PA火曜ｻｽﾍﾟﾝｽ劇場3GSA,0036,-6.0,1.0,-0.7,20,26,24,1/195,1/124,1/106
野川,2026-09-10,2026-09-10,9/10 23:31,パチンコ,3117,①PA花の慶次～裂N3-VY,0069,3.2,-7.7,-2.4,53,22,25,1/89,1/115,1/113
野川,2026-09-10,2026-09-10,9/10 23:31,パチンコ,2941,①PAｺﾞｼﾞﾗ対ｴｳﾞｧﾝｹﾞﾘｵﾝG細胞覚醒,0005,-0.1,1.7,-2.9,13,26,15,1/83,1/69,1/127
野川,2026-09-10,2026-09-10,9/10 23:31,パチンコ,2941,①PAｺﾞｼﾞﾗ対ｴｳﾞｧﾝｹﾞﾘｵﾝG細胞覚醒,0042,0.0,1.4,-7.9,28,16,10,1/124,1/78,1/136
野川,2026-09-10,2026-09-10,9/10 23:31,パチンコ,3107,①PAｼﾝ･ｴｳﾞｧﾝｹﾞﾘｵﾝY,0040,-5.3,6.2,-1.1,43,54,49,1/121,1/85,1/97
野川,2026-09-10,2026-09-10,9/10 23:31,パチンコ,3007,①PAｽｰﾊﾟｰ海物語 IN 地中海2,0015,3.1,-1.2,2.0,52,44,75,1/73,1/93,1/75
野川,2026-09-10,2026-09-10,9/10 23:31,パチンコ,3007,①PAｽｰﾊﾟｰ海物語 IN 地中海2,0016,-1.7,-4.7,0.2,30,19,35,1/50,1/101,1/92
野川,2026-09-10,2026-09-10,9/10 23:31,パチンコ,3007,①PAｽｰﾊﾟｰ海物語 IN 地中海2,0055,-4.9,1.3,-6.3,22,44,18,1/105,1/111,1/133
野川,2026-09-10,2026-09-10,9/10 23:31,パチンコ,3007,①PAｽｰﾊﾟｰ海物語 IN 地中海2,0056,0.7,-1.7,2.7,51,11,46,1/94,1/144,1/70
野川,2026-09-10,2026-09-10,9/10 23:31,パチンコ,3007,①PAｽｰﾊﾟｰ海物語 IN 地中海2,0057,-7.0,5.9,1.7,14,58,41,1/126,1/59,1/81
野川,2026-09-10,2026-09-10,9/10 23:31,パチンコ,3248,①PAｽｰﾊﾟｰ海物語IN沖縄6RBD,0012,-4.2,-4.2,0.7,44,16,23,1/105,1/291,1/77
野川,2026-09-10,2026-09-10,9/10 23:31,パチンコ,3248,①PAｽｰﾊﾟｰ海物語IN沖縄6RBD,0013,0.8,-1.9,-7.8,59,29,22,1/80,1/169,1/151
野川,2026-09-10,2026-09-10,9/10 23:31,パチンコ,3008,①PAｽｰﾊﾟｰ海物語沖縄5夜桜99ver.,0052,-2.0,0.5,-2.6,90,39,18,1/72,1/186,1/116
野川,2026-09-10,2026-09-10,9/10 23:31,パチンコ,3008,①PAｽｰﾊﾟｰ海物語沖縄5夜桜99ver.,0053,-4.4,7.2,0.9,41,131,42,1/169,1/90,1/75
野川,2026-09-10,2026-09-10,9/10 23:31,パチンコ,3008,①PAｽｰﾊﾟｰ海物語沖縄5夜桜99ver.,0054,-5.2,-5.1,-5.5,48,45,32,1/132,1/131,1/152
野川,2026-09-10,2026-09-10,9/10 23:31,パチンコ,3008,①PAｽｰﾊﾟｰ海物語沖縄5夜桜99ver.,0058,0.9,-1.4,1.6,64,50,76,1/97,1/105,1/80
野川,2026-09-10,2026-09-10,9/10 23:31,パチンコ,3077,①PAﾌｨｰﾊﾞｰﾊﾟﾜﾌﾙR（2024年）,0038,-5.3,-1.8,-0.3,6,16,0,1/179,1/96,1/24
野川,2026-09-10,2026-09-10,9/10 23:31,パチンコ,3148,①PLTｼﾞｭｰｼｰﾊﾆｰ極嬢MA,0080,-1.2,-1.4,-4.1,0,4,1,1/128,1/73,1/512
野川,2026-09-10,2026-09-10,9/10 23:31,パチンコ,3148,①PLTｼﾞｭｰｼｰﾊﾆｰ極嬢MA,0112,-3.8,-2.8,-0.4,1,1,0,1/434,1/313,1/34
野川,2026-09-10,2026-09-10,9/10 23:31,パチンコ,3074,①Pありふれた職業で世界最強Light,0032,-0.9,0.3,-5.5,42,22,24,1/95,1/168,1/107
野川,2026-09-10,2026-09-10,9/10 23:31,パチンコ,3136,①Pうまい棒2おかわりちょちょV3,0114,1.2,-2.2,-7.0,9,0,6,1/32,1/15,1/97
野川,2026-09-10,2026-09-10,9/10 23:31,パチンコ,3156,①Pえとたま2MY,0134,-0.2,-0.9,-1.6,0,0,2,1/25,1/111,1/137
野川,2026-09-10,2026-09-10,9/10 23:31,パチンコ,2999,①Pとある魔術の禁書目録2,0129,-1.2,-0.9,-3.7,1,0,5,1/206,1/83,1/237
野川,2026-09-10,2026-09-10,9/10 23:31,パチンコ,2999,①Pとある魔術の禁書目録2,0130,-0.1,-0.1,-1.1,0,0,0,1/9,1/4,1/123
野川,2026-09-10,2026-09-10,9/10 23:31,パチンコ,2999,①Pとある魔術の禁書目録2,0131,-7.6,1.3,6.2,0,4,20,1/652,1/178,1/118
野川,2026-09-10,2026-09-10,9/10 23:31,パチンコ,2988,①Pひぐらしのなく頃に 輪廻転生,0136,0.0,-1.9,2.2,0,0,5,,1/203,1/149
野川,2026-09-10,2026-09-10,9/10 23:31,パチンコ,2677,①Pデビルマン疾風迅雷N2-X1,0062,-1.2,-2.5,2.7,2,6,35,1/67,1/133,1/35
野川,2026-09-10,2026-09-10,9/10 23:31,パチンコ,2677,①Pデビルマン疾風迅雷N2-X1,0063,-3.5,-0.9,-2.7,2,1,1,1/183,1/98,1/304
野川,2026-09-10,2026-09-10,9/10 23:31,パチンコ,2660,①PフィーバーダンまちF,0139,-3.1,-5.1,1.5,0,0,14,1/210,1/392,1/446
野川,2026-09-10,2026-09-10,9/10 23:31,パチンコ,2946,①P七つの大罪2 神千斬りVER.,0106,1.0,-1.2,2.8,24,9,12,1/168,1/79,1/150
野川,2026-09-10,2026-09-10,9/10 23:31,パチンコ,3076,①P世紀末･天才ﾊﾞｶﾎﾞﾝ~福神LTH-JH,0010,-0.4,-1.4,-0.1,1,0,2,1/71,1/141,1/93
野川,2026-09-10,2026-09-10,9/10 23:31,パチンコ,3102,①P中森明菜･歌姫伝説極KM-TF,0135,14.6,-9.0,7.3,39,16,15,1/286,1/425,1/178
野川,2026-09-10,2026-09-10,9/10 23:31,パチンコ,3227,①P俺の妹がこんなに可愛ﾜｹｶﾞﾅｲM3,0086,8.6,4.9,0.8,27,26,9,1/126,1/120,1/97
野川,2026-09-10,2026-09-10,9/10 23:31,パチンコ,3227,①P俺の妹がこんなに可愛ﾜｹｶﾞﾅｲM3,0087,-1.6,1.2,0.8,7,23,8,1/231,1/144,1/169
野川,2026-09-10,2026-09-10,9/10 23:31,パチンコ,3210,①P冬のｿﾅﾀ MyMemoryMA2,0026,-3.1,0.5,3.0,25,45,74,1/110,1/87,1/67
野川,2026-09-10,2026-09-10,9/10 23:31,パチンコ,3210,①P冬のｿﾅﾀ MyMemoryMA2,0027,-5.2,1.9,6.3,34,53,43,1/140,1/70,1/75
野川,2026-09-10,2026-09-10,9/10 23:31,パチンコ,2944,①P化物語 319ver.,0079,-0.2,-0.2,-3.0,0,0,0,1/13,1/29,1/320
野川,2026-09-10,2026-09-10,9/10 23:31,パチンコ,3041,①P北斗の拳 強敵 LT,0046,-3.3,-4.6,8.2,23,7,44,1/101,1/137,1/74
野川,2026-09-10,2026-09-10,9/10 23:31,パチンコ,3041,①P北斗の拳 強敵 LT,0047,-2.7,-4.4,-10.9,18,14,14,1/47,1/172,1/183
野川,2026-09-10,2026-09-10,9/10 23:31,パチンコ,3041,①P北斗の拳 強敵 LT,0064,-2.2,-2.1,-1.1,6,5,23,1/101,1/84,1/89
野川,2026-09-10,2026-09-10,9/10 23:31,パチンコ,3041,①P北斗の拳 強敵 LT,0065,0.3,16.3,0.6,11,90,6,1/51,1/74,1/82
野川,2026-09-10,2026-09-10,9/10 23:31,パチンコ,3226,①P大海物語5HCL,0124,4.1,-7.7,-5.5,34,12,26,1/113,1/394,1/169
野川,2026-09-10,2026-09-10,9/10 23:31,パチンコ,3101,①P大海物語5MTE2,0097,-6.7,-1.7,-5.0,1,6,0,1/881,1/744,1/616
野川,2026-09-10,2026-09-10,9/10 23:31,パチンコ,3101,①P大海物語5MTE2,0098,6.2,-0.9,-4.1,9,12,6,1/64,1/442,1/276
野川,2026-09-10,2026-09-10,9/10 23:31,パチンコ,3101,①P大海物語5MTE2,0099,-4.9,-2.7,-2.8,5,3,1,1/309,1/595,1/371
野川,2026-09-10,2026-09-10,9/10 23:31,パチンコ,3101,①P大海物語5MTE2,0118,0.9,9.4,-0.7,13,24,0,1/250,1/255,1/64
野川,2026-09-10,2026-09-10,9/10 23:31,パチンコ,3101,①P大海物語5MTE2,0119,-0.6,5.8,-8.4,5,14,1,1/472,1/174,1/1029
野川,2026-09-10,2026-09-10,9/10 23:31,パチンコ,3016,①P宇宙戦艦ﾔﾏﾄ2202 超波動,0108,0.8,-0.1,-2.5,12,4,1,1/192,1/188,1/305
野川,2026-09-10,2026-09-10,9/10 23:31,パチンコ,3016,①P宇宙戦艦ﾔﾏﾄ2202 超波動,0113,-1.7,0.2,-0.8,0,9,1,1/188,1/149,1/174
野川,2026-09-10,2026-09-10,9/10 23:31,パチンコ,2973,①P弾球黙示録ｶｲｼﾞ沼5,0116,3.4,-2.3,10.6,15,0,16,1/235,1/265,1/125
野川,2026-09-10,2026-09-10,9/10 23:31,パチンコ,3100,①P愛の不時着MF,0084,-0.1,0.0,0.0,0,0,0,1/12,,
野川,2026-09-10,2026-09-10,9/10 23:31,パチンコ,3100,①P愛の不時着MF,0085,0.8,-0.1,4.2,8,0,8,1/460,1/12,1/84
野川,2026-09-10,2026-09-10,9/10 23:31,パチンコ,2774,①P戦姫絶唱ｼﾝﾌｫｷﾞｱ3黄金絶唱L,0003,13.6,5.8,-2.2,135,66,4,1/103,1/95,1/153
野川,2026-09-10,2026-09-10,9/10 23:31,パチンコ,2774,①P戦姫絶唱ｼﾝﾌｫｷﾞｱ3黄金絶唱L,0044,-1.5,-1.7,-5.2,45,27,13,1/77,1/201,1/144
野川,2026-09-10,2026-09-10,9/10 23:31,パチンコ,3149,①P攻殻機動隊SAC＿2045AH-RS,0078,-7.9,-3.8,10.0,9,21,29,1/177,1/157,1/108
野川,2026-09-10,2026-09-10,9/10 23:31,パチンコ,2971,①P新世紀ｴｳﾞｧ未来への咆哮SP,0127,-2.4,0.0,-3.1,25,23,7,1/230,1/158,1/216
野川,2026-09-10,2026-09-10,9/10 23:31,パチンコ,2971,①P新世紀ｴｳﾞｧ未来への咆哮SP,0128,-4.2,-1.7,2.7,15,23,13,1/398,1/172,1/385
野川,2026-09-10,2026-09-10,9/10 23:31,パチンコ,3157,①P江頭2:50inﾅﾅｼｰV3,0011,-3.9,-0.4,-0.1,2,4,0,1/234,1/82,1/6
野川,2026-09-10,2026-09-10,9/10 23:31,パチンコ,3213,①P激ﾃﾞｼﾞ真･牙狼RBY4,0002,-2.5,1.1,-0.4,28,25,4,1/102,1/57,1/67
野川,2026-09-10,2026-09-10,9/10 23:31,パチンコ,2643,①P真・花の慶次２M3-VC,0077,-4.5,2.1,1.5,14,7,7,1/95,1/287,1/121
野川,2026-09-10,2026-09-10,9/10 23:31,パチンコ,2598,①P真北斗無双FWQG,0088,-1.4,-8.1,-1.6,4,4,0,1/345,1/1125,1/165
野川,2026-09-10,2026-09-10,9/10 23:31,パチンコ,2598,①P真北斗無双FWQG,0089,-4.0,3.2,-1.7,6,20,4,1/107,1/184,1/219
野川,2026-09-10,2026-09-10,9/10 23:31,パチンコ,2598,①P真北斗無双FWQG,0090,0.0,-6.0,7.3,0,0,18,,1/651,1/104
野川,2026-09-10,2026-09-10,9/10 23:31,パチンコ,3063,①P花の慶次 裂 蓮極129ver.,0028,1.6,1.8,14.0,16,11,37,1/130,1/154,1/204
野川,2026-09-10,2026-09-10,9/10 23:31,パチンコ,3063,①P花の慶次 裂 蓮極129ver.,0029,0.1,-3.4,-0.5,3,7,0,1/149,1/140,1/44
野川,2026-09-10,2026-09-10,9/10 23:31,パチンコ,3063,①P花の慶次 裂 蓮極129ver.,0030,6.3,5.1,-2.9,33,15,1,1/62,1/293,1/308
野川,2026-09-10,2026-09-10,9/10 23:31,パチンコ,2721,①P革命機ｳﾞｧﾙｳﾞﾚｲｳﾞ2F,0039,-2.4,-0.4,4.8,30,16,45,1/74,1/88,1/98
野川,2026-09-10,2026-09-10,9/10 23:31,パチンコ,3093,①P魔王学院の不適合者FMY,0081,1.3,-1.5,-0.4,10,0,0,1/168,1/144,1/33
野川,2026-09-10,2026-09-10,9/10 23:31,パチンコ,2667,①P黄門ちゃま８L9AZ1,0107,-0.2,6.8,-2.1,7,16,1,1/114,1/251,1/280
野川,2026-09-10,2026-09-10,9/10 23:31,パチンコ,2577,①P００９ RE:CYBORG M4-K,0110,-2.8,1.6,-4.6,9,20,11,1/200,1/100,1/432
野川,2026-09-10,2026-09-10,9/10 23:31,パチンコ,3000,①PｱｽﾞｰﾙﾚｰﾝTHE異次元ﾄﾘｶﾞｰ,0076,-9.6,12.0,-1.7,0,18,2,1/998,1/173,1/102
野川,2026-09-10,2026-09-10,9/10 23:31,パチンコ,3138,①Pｱｽﾞｰﾙﾚｰﾝ異次元ﾄﾘｶﾞｰ79ver.M2,0004,-6.8,-0.8,1.6,16,45,27,1/91,1/65,1/58
野川,2026-09-10,2026-09-10,9/10 23:31,パチンコ,3220,①Pｷﾞﾙﾃｨｸﾗｳﾝ2SB,0008,-3.3,-4.6,-2.7,5,11,2,1/212,1/117,1/170
野川,2026-09-10,2026-09-10,9/10 23:31,パチンコ,2959,①Pｺｰﾄﾞｷﾞｱｽ反逆のﾙﾙｰｼｭﾗｲﾄver,0006,1.5,-1.6,4.5,24,12,34,1/94,1/106,1/36
野川,2026-09-10,2026-09-10,9/10 23:31,パチンコ,2959,①Pｺｰﾄﾞｷﾞｱｽ反逆のﾙﾙｰｼｭﾗｲﾄver,0067,-2.0,-3.8,5.2,13,2,42,1/175,1/222,1/64
野川,2026-09-10,2026-09-10,9/10 23:31,パチンコ,3058,①Pｼﾝ･ｴｳﾞｧﾝｹﾞﾘｵﾝX,0100,5.6,-2.8,-3.0,17,6,10,1/150,1/332,1/306
野川,2026-09-10,2026-09-10,9/10 23:31,パチンコ,3058,①Pｼﾝ･ｴｳﾞｧﾝｹﾞﾘｵﾝX,0101,-3.0,-0.4,-1.0,1,0,2,1/376,1/48,1/214
野川,2026-09-10,2026-09-10,9/10 23:31,パチンコ,3058,①Pｼﾝ･ｴｳﾞｧﾝｹﾞﾘｵﾝX,0102,-2.9,10.3,-0.9,2,16,0,1/461,1/158,1/105
野川,2026-09-10,2026-09-10,9/10 23:31,パチンコ,3058,①Pｼﾝ･ｴｳﾞｧﾝｹﾞﾘｵﾝX,0103,-5.1,-1.4,2.0,1,0,7,1/629,1/150,1/123
野川,2026-09-10,2026-09-10,9/10 23:31,パチンコ,3058,①Pｼﾝ･ｴｳﾞｧﾝｹﾞﾘｵﾝX,0104,0.7,-2.5,-2.2,7,4,4,1/231,1/247,1/238
野川,2026-09-10,2026-09-10,9/10 23:31,パチンコ,2790,①Pｽｰﾊﾟｰ海物語 IN 沖縄5,0091,-4.6,-1.1,-0.5,2,2,9,1/355,1/310,1/341
野川,2026-09-10,2026-09-10,9/10 23:31,パチンコ,2790,①Pｽｰﾊﾟｰ海物語 IN 沖縄5,0092,5.2,1.3,-4.1,10,11,0,1/90,1/247,1/556
野川,2026-09-10,2026-09-10,9/10 23:31,パチンコ,2790,①Pｽｰﾊﾟｰ海物語 IN 沖縄5,0093,0.8,-4.9,0.3,8,0,8,1/156,1/606,1/149
野川,2026-09-10,2026-09-10,9/10 23:31,パチンコ,2790,①Pｽｰﾊﾟｰ海物語 IN 沖縄5,0094,-3.5,-8.3,-7.3,0,0,1,1/372,1/869,1/877
野川,2026-09-10,2026-09-10,9/10 23:31,パチンコ,2790,①Pｽｰﾊﾟｰ海物語 IN 沖縄5,0095,0.7,-1.5,-1.2,12,1,1,1/431,1/272,1/235
野川,2026-09-10,2026-09-10,9/10 23:31,パチンコ,2790,①Pｽｰﾊﾟｰ海物語 IN 沖縄5,0096,-1.4,4.5,-2.3,4,9,0,1/194,1/76,1/239
野川,2026-09-10,2026-09-10,9/10 23:31,パチンコ,3225,①Pｽｰﾊﾟｰ海物語IN沖縄6LTP,0125,-0.9,-4.0,-1.1,2,0,0,1/186,1/451,1/111
野川,2026-09-10,2026-09-10,9/10 23:31,パチンコ,3225,①Pｽｰﾊﾟｰ海物語IN沖縄6LTP,0126,8.1,0.5,-1.8,26,2,3,1/285,1/118,1/239
野川,2026-09-10,2026-09-10,9/10 23:31,パチンコ,2808,①Pｽｰﾊﾟｰ海物語沖縄5 夜桜超旋風,0120,-0.5,-2.6,-0.2,10,0,2,1/172,1/322,1/59
野川,2026-09-10,2026-09-10,9/10 23:31,パチンコ,2808,①Pｽｰﾊﾟｰ海物語沖縄5 夜桜超旋風,0121,-2.2,-1.4,-6.0,0,0,8,1/239,1/168,1/849
野川,2026-09-10,2026-09-10,9/10 23:31,パチンコ,2808,①Pｽｰﾊﾟｰ海物語沖縄5 夜桜超旋風,0122,0.9,-1.0,-1.8,13,0,0,1/321,1/114,1/234
野川,2026-09-10,2026-09-10,9/10 23:31,パチンコ,2808,①Pｽｰﾊﾟｰ海物語沖縄5 夜桜超旋風,0123,9.3,-2.7,-0.6,48,0,0,1/114,1/266,1/81
野川,2026-09-10,2026-09-10,9/10 23:31,パチンコ,3228,①PｿﾞﾝﾋﾞﾗﾝﾄﾞｻｶﾞSCPC,0138,3.3,-3.3,-5.7,15,16,5,1/94,1/86,1/181
野川,2026-09-10,2026-09-10,9/10 23:31,パチンコ,3116,①PﾃﾞｼﾞﾊﾈﾓﾝｽﾀｰﾊﾝﾀｰﾗｲｽﾞGSPB,0001,0.0,0.6,-0.5,10,9,9,1/68,1/162,1/126
野川,2026-09-10,2026-09-10,9/10 23:31,パチンコ,3116,①PﾃﾞｼﾞﾊﾈﾓﾝｽﾀｰﾊﾝﾀｰﾗｲｽﾞGSPB,0061,-0.6,1.3,-0.5,11,26,5,1/182,1/185,1/173
野川,2026-09-10,2026-09-10,9/10 23:31,パチンコ,3023,①Pﾄﾞﾗﾑだ!金ﾄﾞﾝ 花火外伝,0073,21.8,-1.5,-0.7,47,1,0,1/165,1/284,1/85
野川,2026-09-10,2026-09-10,9/10 23:31,パチンコ,3147,①Pﾄﾞﾗﾑだ!金ﾄﾞﾝSB,0060,-4.3,-0.2,0.1,23,0,12,1/99,1/18,1/57
野川,2026-09-10,2026-09-10,9/10 23:31,パチンコ,2825,①Pﾌｨｰﾊﾞｰ 機動戦士ｶﾞﾝﾀﾞﾑﾕﾆｺｰﾝ,0105,0.0,9.6,-0.2,0,13,0,1/3,1/1,1/21
野川,2026-09-10,2026-09-10,9/10 23:31,パチンコ,2882,①Pﾌｨｰﾊﾞｰかぐや様は告らせたい,0132,-1.3,2.6,-0.2,0,7,0,1/152,1/250,1/23
野川,2026-09-10,2026-09-10,9/10 23:31,パチンコ,2882,①Pﾌｨｰﾊﾞｰかぐや様は告らせたい,0133,-3.8,-1.5,9.2,1,0,13,1/370,1/150,1/31
野川,2026-09-10,2026-09-10,9/10 23:31,パチンコ,3009,①Pﾌｨｰﾊﾞｰからくりｻｰｶｽ Light ver.,0043,8.1,7.2,2.3,45,49,31,1/70,1/87,1/76
野川,2026-09-10,2026-09-10,9/10 23:31,パチンコ,2972,①Pﾌｨｰﾊﾞｰ三国戦騎7500,0074,-10.9,-14.0,-0.8,1,5,18,1/1163,1/327,1/231
野川,2026-09-10,2026-09-10,9/10 23:31,パチンコ,3155,①Pﾌｨｰﾊﾞｰ機動戦士ｶﾞﾝﾀﾞﾑﾕﾆｺｰﾝ2S,0111,-6.2,7.4,-1.4,1,12,0,1/691,1/75,1/158
野川,2026-09-10,2026-09-10,9/10 23:31,パチンコ,2881,①Pﾌｨｰﾊﾞｰ炎炎ﾉ消防隊,0082,-0.7,-1.7,-0.1,2,0,0,1/241,1/153,1/10
野川,2026-09-10,2026-09-10,9/10 23:31,パチンコ,2881,①Pﾌｨｰﾊﾞｰ炎炎ﾉ消防隊,0083,-11.6,-1.8,-1.8,1,3,1,1/1362,1/145,1/278
野川,2026-09-10,2026-09-10,9/10 23:31,パチンコ,3139,①Pﾌｨｰﾊﾞｰ炎炎ﾉ消防隊YR,0037,1.7,-6.8,-6.3,33,16,19,1/101,1/163,1/108
野川,2026-09-10,2026-09-10,9/10 23:31,パチンコ,2885,①PﾌｨｰﾊﾞｰｸｨｰﾝⅡ 30thAE,0007,-5.3,-0.7,-3.8,29,32,9,1/117,1/65,1/173
野川,2026-09-10,2026-09-10,9/10 23:31,パチンコ,2906,①Pﾌｨｰﾊﾞｰﾀﾞﾝﾍﾞﾙ何ｷﾛ持てる?Light,0045,2.7,0.5,-1.0,26,18,13,1/65,1/81,1/120
野川,2026-09-10,2026-09-10,9/10 23:31,パチンコ,2942,①Pﾌｨｰﾊﾞｰﾀﾞﾝﾍﾞﾙ何ｷﾛ持てる?Light,0031,-0.1,-0.3,4.0,20,3,27,1/78,1/104,1/147
野川,2026-09-10,2026-09-10,9/10 23:31,パチンコ,2907,①Pﾌｨｰﾊﾞｰﾏｸﾛｽﾌﾛﾝﾃｨｱ5,0137,-3.7,-0.1,-0.8,4,0,0,1/578,1/11,1/77
野川,2026-09-10,2026-09-10,9/10 23:31,パチンコ,3141,①Pﾌﾞﾗｯｸﾗｸﾞｰﾝ4GCPA,0041,-4.6,-2.5,-1.3,8,1,3,1/115,1/293,1/63
野川,2026-09-10,2026-09-10,9/10 23:31,パチンコ,3043,①Pﾗﾌﾞ嬢　~極嬢のﾊｰﾚﾑ体験~,0075,-0.6,0.6,4.4,5,3,10,1/417,1/128,1/340
野川,2026-09-10,2026-09-10,9/10 23:31,パチンコ,3043,①Pﾗﾌﾞ嬢　~極嬢のﾊｰﾚﾑ体験~,0117,3.9,-0.1,0.0,10,0,0,1/209,1/7,
野川,2026-09-10,2026-09-10,9/10 23:31,パチンコ,3106,①Pﾙﾊﾟﾝ三世137YR2,0071,2.2,-1.6,-2.0,22,19,7,1/55,1/58,1/128
野川,2026-09-10,2026-09-10,9/10 23:31,パチンコ,3106,①Pﾙﾊﾟﾝ三世137YR2,0072,-3.1,-4.7,-1.4,26,10,11,1/75,1/79,1/37
野川,2026-09-10,2026-09-10,9/10 23:31,パチンコ,3137,①Pﾙﾊﾟﾝ三世真速9YS1Y,0068,0.9,0.3,-1.8,81,57,59,1/88,1/64,1/111
野川,2026-09-10,2026-09-10,9/10 23:31,パチンコ,2717,①宇宙戦艦ﾔﾏﾄ2202bH,0035,-2.2,0.1,-1.5,3,15,1,1/96,1/66,1/197
野川,2026-09-10,2026-09-10,9/10 23:31,パチンコ,2727,①ｻﾗﾘｰﾏﾝ金太郎FMY,0109,0.0,-8.4,10.5,0,1,23,,1/1074,1/327
野川,2026-09-10,2026-09-10,9/10 23:31,パチンコ,2966,①ﾃﾞｼﾞﾊﾈP聖戦士ﾀﾞﾝﾊﾞｲﾝ2,0033,4.7,-1.3,-0.8,68,7,5,1/70,1/79,1/71
野川,2026-09-10,2026-09-10,9/10 23:31,パチンコ,2966,①ﾃﾞｼﾞﾊﾈP聖戦士ﾀﾞﾝﾊﾞｲﾝ2,0070,-0.4,-1.9,-2.0,16,22,0,1/205,1/532,1/242
野川,2026-09-10,2026-09-10,9/10 23:31,パチンコ,3087,ﾃﾞｶｽﾀe花の慶次~傾奇一転H6,0400,0.0,0.0,0.0,0,0,0,,,
野川,2026-09-10,2026-09-10,9/10 23:31,パチンコ,3087,ﾃﾞｶｽﾀe花の慶次~傾奇一転H6,0401,1.1,0.0,0.0,5,0,0,1/468,,
野川,2026-09-10,2026-09-10,9/10 23:31,パチンコ,3055,ﾃﾞｼﾞﾊﾈP北斗の拳 慈母,0206,-1.0,-2.2,-0.5,0,0,4,1/84,1/206,1/56
野川,2026-09-10,2026-09-10,9/10 23:31,パチンコ,3055,ﾃﾞｼﾞﾊﾈP北斗の拳 慈母,0207,2.0,-0.1,3.0,14,0,25,1/41,1/17,1/40
野川,2026-09-10,2026-09-10,9/10 23:31,スロット,3085,L ToLOVEるﾀﾞｰｸﾈｽ TRANCE ver.8.7,0687,2.8,-4.8,-0.5,25,13,8,1/117,1/313,1/141
野川,2026-09-10,2026-09-10,9/10 23:31,スロット,3011,L にゃんこ大戦争 超神速,0685,-0.7,-1.0,-0.4,0,4,4,1/492,1/254,1/151
野川,2026-09-10,2026-09-10,9/10 23:31,スロット,3018,L 東京喰種,0501,1.3,-0.9,2.3,13,18,26,1/104,1/158,1/127
野川,2026-09-10,2026-09-10,9/10 23:31,スロット,3018,L 東京喰種,0502,0.5,0.3,2.3,20,23,26,1/95,1/124,1/103
野川,2026-09-10,2026-09-10,9/10 23:31,スロット,3018,L 東京喰種,0503,0.4,-0.1,-1.8,16,35,5,1/131,1/145,1/438
野川,2026-09-10,2026-09-10,9/10 23:31,スロット,3018,L 東京喰種,0504,-0.2,-1.0,-0.5,2,10,6,1/168,1/218,1/150
野川,2026-09-10,2026-09-10,9/10 23:31,スロット,3018,L 東京喰種,0505,-0.9,-1.8,9.1,4,39,48,1/312,1/135,1/14
野川,2026-09-10,2026-09-10,9/10 23:31,スロット,3018,L 東京喰種,0506,2.1,3.0,-0.8,16,32,14,1/105,1/94,1/120
野川,2026-09-10,2026-09-10,9/10 23:31,スロット,3018,L 東京喰種,0507,-1.3,-0.6,-0.2,4,6,15,1/283,1/153,1/131
野川,2026-09-10,2026-09-10,9/10 23:31,スロット,3018,L 東京喰種,0508,-0.1,-1.2,1.8,12,21,27,1/122,1/174,1/119
野川,2026-09-10,2026-09-10,9/10 23:31,スロット,3018,L 東京喰種,0509,-2.2,-3.0,-1.6,15,38,3,1/198,1/173,1/472
野川,2026-09-10,2026-09-10,9/10 23:31,スロット,3018,L 東京喰種,0510,-0.2,2.8,-3.8,2,31,18,1/125,1/74,1/276
野川,2026-09-10,2026-09-10,9/10 23:31,スロット,3018,L 東京喰種,0511,-0.2,-0.4,-1.4,3,15,17,1/157,1/159,1/165
野川,2026-09-10,2026-09-10,9/10 23:31,スロット,3172,L 甲鉄城のｶﾊﾞﾈﾘ 海門決戦 XX,0581,-0.1,-1.6,-0.1,5,10,2,1/111,1/189,1/93
野川,2026-09-10,2026-09-10,9/10 23:31,スロット,3172,L 甲鉄城のｶﾊﾞﾈﾘ 海門決戦 XX,0582,1.0,-2.6,2.4,36,7,38,1/83,1/311,1/66
野川,2026-09-10,2026-09-10,9/10 23:31,スロット,3172,L 甲鉄城のｶﾊﾞﾈﾘ 海門決戦 XX,0583,0.1,-0.8,-2.3,16,25,4,1/116,1/106,1/403
野川,2026-09-10,2026-09-10,9/10 23:31,スロット,3172,L 甲鉄城のｶﾊﾞﾈﾘ 海門決戦 XX,0584,0.2,-0.9,-0.2,5,17,11,1/68,1/121,1/115
野川,2026-09-10,2026-09-10,9/10 23:31,スロット,3172,L 甲鉄城のｶﾊﾞﾈﾘ 海門決戦 XX,0585,0.7,-1.6,0.2,20,13,20,1/79,1/170,1/104
野川,2026-09-10,2026-09-10,9/10 23:31,スロット,3172,L 甲鉄城のｶﾊﾞﾈﾘ 海門決戦 XX,0586,-0.5,1.4,-0.7,3,47,9,1/202,1/65,1/138
野川,2026-09-10,2026-09-10,9/10 23:31,スロット,3172,L 甲鉄城のｶﾊﾞﾈﾘ 海門決戦 XX,0587,0.2,-1.1,-2.0,31,4,13,1/83,1/297,1/168
野川,2026-09-10,2026-09-10,9/10 23:31,スロット,3172,L 甲鉄城のｶﾊﾞﾈﾘ 海門決戦 XX,0588,0.4,-1.3,-0.4,23,11,6,1/74,1/171,1/129
野川,2026-09-10,2026-09-10,9/10 23:31,スロット,3172,L 甲鉄城のｶﾊﾞﾈﾘ 海門決戦 XX,0589,-0.2,-1.8,-1.9,2,13,19,1/153,1/169,1/161
野川,2026-09-10,2026-09-10,9/10 23:31,スロット,3172,L 甲鉄城のｶﾊﾞﾈﾘ 海門決戦 XX,0590,0.2,-1.6,-1.4,26,10,4,1/95,1/189,1/295
野川,2026-09-10,2026-09-10,9/10 23:31,スロット,3172,L 甲鉄城のｶﾊﾞﾈﾘ 海門決戦 XX,0591,0.3,-0.4,-1.9,15,21,5,1/76,1/87,1/340
野川,2026-09-10,2026-09-10,9/10 23:31,スロット,3172,L 甲鉄城のｶﾊﾞﾈﾘ 海門決戦 XX,0592,1.1,-0.5,8.3,15,2,64,1/50,1/243,1/46
野川,2026-09-10,2026-09-10,9/10 23:31,スロット,3172,L 甲鉄城のｶﾊﾞﾈﾘ 海門決戦 XX,0593,-2.5,-0.9,0.3,5,5,41,1/354,1/185,1/91
野川,2026-09-10,2026-09-10,9/10 23:31,スロット,3172,L 甲鉄城のｶﾊﾞﾈﾘ 海門決戦 XX,0594,-0.2,-1.2,-0.6,15,5,2,1/119,1/243,1/313
野川,2026-09-10,2026-09-10,9/10 23:31,スロット,3172,L 甲鉄城のｶﾊﾞﾈﾘ 海門決戦 XX,0595,-0.4,-1.6,-0.1,18,46,28,1/118,1/116,1/83
野川,2026-09-10,2026-09-10,9/10 23:31,スロット,3091,L 転生したら剣でしたGT,0686,0.0,-1.5,0.0,0,4,0,,1/331,
野川,2026-09-10,2026-09-10,9/10 23:31,スロット,3089,L ｱｽﾞｰﾙﾚｰﾝ THE ANIMATION　KN,0563,-0.5,-0.2,0.7,58,2,13,1/69,1/167,1/29
野川,2026-09-10,2026-09-10,9/10 23:31,スロット,3089,L ｱｽﾞｰﾙﾚｰﾝ THE ANIMATION　KN,0564,-0.2,-0.3,-0.6,0,0,13,1/152,1/219,1/104
野川,2026-09-10,2026-09-10,9/10 23:31,スロット,3089,L ｱｽﾞｰﾙﾚｰﾝ THE ANIMATION　KN,0565,-1.4,-0.2,0.1,0,0,3,1/842,1/74,1/46
野川,2026-09-10,2026-09-10,9/10 23:31,スロット,3089,L ｱｽﾞｰﾙﾚｰﾝ THE ANIMATION　KN,0566,0.0,-1.7,0.1,0,7,4,,1/250,1/65
野川,2026-09-10,2026-09-10,9/10 23:31,スロット,3244,L ｽﾏｽﾛ ﾘｺﾘｽ･ﾘｺｲﾙ KX,0637,-1.6,0.7,1.6,53,98,82,1/110,1/100,1/99
野川,2026-09-10,2026-09-10,9/10 23:31,スロット,3244,L ｽﾏｽﾛ ﾘｺﾘｽ･ﾘｺｲﾙ KX,0638,3.8,-1.8,0.0,62,79,87,1/88,1/111,1/95
野川,2026-09-10,2026-09-10,9/10 23:31,スロット,3244,L ｽﾏｽﾛ ﾘｺﾘｽ･ﾘｺｲﾙ KX,0639,-1.9,0.0,-1.3,49,113,78,1/122,1/90,1/105
野川,2026-09-10,2026-09-10,9/10 23:31,スロット,3244,L ｽﾏｽﾛ ﾘｺﾘｽ･ﾘｺｲﾙ KX,0640,-1.6,-3.6,-2.9,50,56,78,1/100,1/140,1/105
野川,2026-09-10,2026-09-10,9/10 23:31,スロット,3244,L ｽﾏｽﾛ ﾘｺﾘｽ･ﾘｺｲﾙ KX,0641,7.4,4.1,0.2,96,119,74,1/72,1/84,1/104
野川,2026-09-10,2026-09-10,9/10 23:31,スロット,3244,L ｽﾏｽﾛ ﾘｺﾘｽ･ﾘｺｲﾙ KX,0642,-2.8,0.4,3.4,42,98,107,1/120,1/97,1/85
野川,2026-09-10,2026-09-10,9/10 23:31,スロット,3244,L ｽﾏｽﾛ ﾘｺﾘｽ･ﾘｺｲﾙ KX,0643,9.5,7.7,-2.1,104,99,82,1/67,1/85,1/114
野川,2026-09-10,2026-09-10,9/10 23:31,スロット,3244,L ｽﾏｽﾛ ﾘｺﾘｽ･ﾘｺｲﾙ KX,0644,3.3,-1.0,1.1,77,102,91,1/78,1/94,1/96
野川,2026-09-10,2026-09-10,9/10 23:31,スロット,3247,L ﾚﾝﾀﾙ彼女 BK,0576,3.6,-2.6,-1.5,47,58,45,1/71,1/128,1/127
野川,2026-09-10,2026-09-10,9/10 23:31,スロット,3247,L ﾚﾝﾀﾙ彼女 BK,0577,0.4,-1.3,-0.5,45,55,56,1/96,1/113,1/111
野川,2026-09-10,2026-09-10,9/10 23:31,スロット,3151,L/スマスロ秘宝伝/PA7,0572,-1.3,0.0,-0.4,18,22,12,1/241,1/179,1/232
野川,2026-09-10,2026-09-10,9/10 23:31,スロット,3151,L/スマスロ秘宝伝/PA7,0573,-1.2,2.5,-1.4,3,18,9,1/453,1/124,1/291
野川,2026-09-10,2026-09-10,9/10 23:31,スロット,3207,L/ｿｰﾄﾞｱｰﾄ・ｵﾝﾗｲﾝⅡ/PA,0578,-1.5,-7.4,-4.8,50,48,42,1/100,1/147,1/151
野川,2026-09-10,2026-09-10,9/10 23:31,スロット,3207,L/ｿｰﾄﾞｱｰﾄ・ｵﾝﾗｲﾝⅡ/PA,0579,-3.5,6.1,-2.0,40,85,67,1/126,1/107,1/126
野川,2026-09-10,2026-09-10,9/10 23:31,スロット,3207,L/ｿｰﾄﾞｱｰﾄ・ｵﾝﾗｲﾝⅡ/PA,0580,3.1,-6.0,-6.3,49,85,60,1/131,1/111,1/134
野川,2026-09-10,2026-09-10,9/10 23:31,スロット,3168,L/ﾊﾅﾋﾞ/KM,0655,-0.3,-0.6,-0.5,3,15,0,1/289,1/336,1/410
野川,2026-09-10,2026-09-10,9/10 23:31,スロット,3168,L/ﾊﾅﾋﾞ/KM,0656,-0.2,-0.4,-0.6,3,2,0,1/281,1/512,1/459
野川,2026-09-10,2026-09-10,9/10 23:31,スロット,3168,L/ﾊﾅﾋﾞ/KM,0657,-0.3,-0.5,-0.6,1,11,4,1/610,1/330,1/365
野川,2026-09-10,2026-09-10,9/10 23:31,スロット,3168,L/ﾊﾅﾋﾞ/KM,0658,0.3,0.1,1.2,15,6,13,1/372,1/264,1/226
野川,2026-09-10,2026-09-10,9/10 23:31,スロット,3173,LB/ｽﾏｽﾛｻﾝﾀﾞｰVHA,0654,1.6,1.5,0.9,19,15,15,1/203,1/166,1/233
野川,2026-09-10,2026-09-10,9/10 23:31,スロット,3245,LB/ﾀｺｽﾛBD,0663,-2.3,0.1,-0.2,11,20,30,1/443,1/340,1/301
野川,2026-09-10,2026-09-10,9/10 23:31,スロット,3083,LBAREX BRIGHTBA,0653,-0.5,-2.1,0.2,3,0,8,1/377,1/1652,1/270
野川,2026-09-10,2026-09-10,9/10 23:31,スロット,3184,LB不二子M2,0659,-1.4,0.3,0.9,3,12,13,1/623,1/149,1/72
野川,2026-09-10,2026-09-10,9/10 23:31,スロット,3183,LB異世界かるてっとKR,0660,-0.7,-1.4,0.5,7,7,8,1/223,1/302,1/102
野川,2026-09-10,2026-09-10,9/10 23:31,スロット,3185,LB／ｼｪｲｸﾎﾞｰﾅｽﾄﾘｶﾞｰ／A1,0661,-0.6,-0.5,0.4,5,10,9,1/360,1/318,1/307
野川,2026-09-10,2026-09-10,9/10 23:31,スロット,3223,LBｹﾛｯﾄ5NDO5H,0662,-0.3,0.8,-0.5,2,16,2,1/371,1/183,1/378
野川,2026-09-10,2026-09-10,9/10 23:31,スロット,3060,Lいざ!番長,0601,4.1,-0.6,-0.6,30,4,5,1/107,1/192,1/173
野川,2026-09-10,2026-09-10,9/10 23:31,スロット,3060,Lいざ!番長,0602,-0.4,-3.4,-0.4,11,13,8,1/108,1/255,1/104
野川,2026-09-10,2026-09-10,9/10 23:31,スロット,3060,Lいざ!番長,0603,4.2,2.2,-1.0,19,41,2,1/43,1/109,1/431
野川,2026-09-10,2026-09-10,9/10 23:31,スロット,3221,Lからくりｻｰｶｽ2jG,0614,-0.6,-2.1,-2.1,2,7,10,1/259,1/252,1/198
野川,2026-09-10,2026-09-10,9/10 23:31,スロット,3221,Lからくりｻｰｶｽ2jG,0615,1.0,-0.6,-0.9,12,18,14,1/27,1/87,1/117
野川,2026-09-10,2026-09-10,9/10 23:31,スロット,3221,Lからくりｻｰｶｽ2jG,0616,-0.4,5.9,0.8,3,37,24,1/132,1/40,1/96
野川,2026-09-10,2026-09-10,9/10 23:31,スロット,3221,Lからくりｻｰｶｽ2jG,0617,0.9,0.0,-1.7,22,11,58,1/95,1/60,1/94
野川,2026-09-10,2026-09-10,9/10 23:31,スロット,2708,LからくりｻｰｶｽG,0676,0.9,-0.1,-0.1,11,0,0,1/13,1/89,1/63
野川,2026-09-10,2026-09-10,9/10 23:31,スロット,3238,Lとある魔術の禁書目録2FA,0567,5.8,3.6,0.1,25,29,24,1/97,1/89,1/179
野川,2026-09-10,2026-09-10,9/10 23:31,スロット,3238,Lとある魔術の禁書目録2FA,0568,-1.0,-2.0,-3.4,28,7,21,1/167,1/371,1/237
野川,2026-09-10,2026-09-10,9/10 23:31,スロット,3238,Lとある魔術の禁書目録2FA,0569,4.1,2.1,-1.9,29,27,18,1/146,1/133,1/189
野川,2026-09-10,2026-09-10,9/10 23:31,スロット,3236,Lやじきた道中記参る!BG,0667,1.5,3.1,-1.4,13,14,4,1/253,1/306,1/514
野川,2026-09-10,2026-09-10,9/10 23:31,スロット,3114,L主役は銭形5L2,0541,-1.2,-0.1,1.2,12,4,20,1/181,1/142,1/102
野川,2026-09-10,2026-09-10,9/10 23:31,スロット,3114,L主役は銭形5L2,0542,-0.1,3.2,-2.5,7,21,18,1/131,1/107,1/203
野川,2026-09-10,2026-09-10,9/10 23:31,スロット,3160,L北斗の拳 転生の章2MW,0629,-1.8,-1.0,-0.8,11,18,2,1/193,1/126,1/321
野川,2026-09-10,2026-09-10,9/10 23:31,スロット,3160,L北斗の拳 転生の章2MW,0630,-2.3,1.2,0.4,6,11,8,1/321,1/30,1/75
野川,2026-09-10,2026-09-10,9/10 23:31,スロット,3160,L北斗の拳 転生の章2MW,0631,-0.3,-0.2,0.1,3,11,12,1/142,1/103,1/84
野川,2026-09-10,2026-09-10,9/10 23:31,スロット,3160,L北斗の拳 転生の章2MW,0632,-0.9,-0.8,0.0,9,13,9,1/153,1/124,1/86
野川,2026-09-10,2026-09-10,9/10 23:31,スロット,3160,L北斗の拳 転生の章2MW,0633,0.1,0.0,-1.9,31,22,15,1/91,1/89,1/174
野川,2026-09-10,2026-09-10,9/10 23:31,スロット,3160,L北斗の拳 転生の章2MW,0634,0.1,-0.1,-0.9,3,0,9,1/77,1/49,1/162
野川,2026-09-10,2026-09-10,9/10 23:31,スロット,3160,L北斗の拳 転生の章2MW,0635,-0.5,-2.6,-0.9,20,40,15,1/99,1/129,1/124
野川,2026-09-10,2026-09-10,9/10 23:31,スロット,3160,L北斗の拳 転生の章2MW,0636,-2.8,-0.3,-1.5,56,4,6,1/128,1/159,1/247
野川,2026-09-10,2026-09-10,9/10 23:31,スロット,3090,L咲-Saki- 頂上決戦YR,0684,0.4,0.2,0.0,15,17,6,1/64,1/70,1/76
野川,2026-09-10,2026-09-10,9/10 23:31,スロット,3029,L回胴黙示録ｶｲｼﾞ 狂宴,0683,0.1,1.5,-0.2,15,26,3,1/177,1/114,1/183
野川,2026-09-10,2026-09-10,9/10 23:31,スロット,2767,L戦国乙女4 戦乱に閃く炯眼の軍師,0543,-2.6,-0.5,-2.1,9,20,6,1/366,1/271,1/375
野川,2026-09-10,2026-09-10,9/10 23:31,スロット,2767,L戦国乙女4 戦乱に閃く炯眼の軍師,0544,-1.6,-0.7,0.0,3,11,17,1/394,1/279,1/223
野川,2026-09-10,2026-09-10,9/10 23:31,スロット,3205,L戦国乙女5L8,0560,-2.4,5.4,-3.6,24,59,9,1/157,1/75,1/326
野川,2026-09-10,2026-09-10,9/10 23:31,スロット,3205,L戦国乙女5L8,0561,1.5,4.0,-2.4,30,53,8,1/71,1/86,1/290
野川,2026-09-10,2026-09-10,9/10 23:31,スロット,3205,L戦国乙女5L8,0562,0.2,-1.4,-2.4,38,41,44,1/90,1/105,1/115
野川,2026-09-10,2026-09-10,9/10 23:31,スロット,3224,L戦国ｺﾚｸｼｮﾝ6KS,0677,-2.4,-1.2,-3.5,26,24,25,1/217,1/218,1/232
野川,2026-09-10,2026-09-10,9/10 23:31,スロット,3165,L攻殻機動隊 ZS,0668,-2.9,3.5,-1.8,6,35,9,1/423,1/139,1/331
野川,2026-09-10,2026-09-10,9/10 23:31,スロット,3113,L新鬼武者3SA,0596,0.1,-0.6,-1.2,3,45,12,1/64,1/83,1/129
野川,2026-09-10,2026-09-10,9/10 23:31,スロット,3113,L新鬼武者3SA,0597,-1.2,-2.2,-0.6,3,26,3,1/313,1/165,1/197
野川,2026-09-10,2026-09-10,9/10 23:31,スロット,3113,L新鬼武者3SA,0598,0.1,0.4,0.1,7,10,13,1/87,1/49,1/95
野川,2026-09-10,2026-09-10,9/10 23:31,スロット,3113,L新鬼武者3SA,0599,-1.1,-1.2,-0.7,3,1,6,1/299,1/806,1/167
野川,2026-09-10,2026-09-10,9/10 23:31,スロット,3113,L新鬼武者3SA,0600,-0.6,-1.4,-0.3,6,6,8,1/166,1/385,1/130
野川,2026-09-10,2026-09-10,9/10 23:31,スロット,3167,L炎炎ﾉ消防隊2,0612,-2.0,-4.3,-0.5,11,33,2,1/262,1/250,1/286
野川,2026-09-10,2026-09-10,9/10 23:31,スロット,3167,L炎炎ﾉ消防隊2,0613,-2.7,18.6,-1.6,7,77,4,1/431,1/34,1/542
野川,2026-09-10,2026-09-10,9/10 23:31,スロット,3152,L無職転生 異世界行ったら本気だす,0679,-3.6,-1.3,-2.3,11,38,17,1/314,1/104,1/181
野川,2026-09-10,2026-09-10,9/10 23:31,スロット,3166,L範馬刃牙L5,0681,0.0,0.4,0.0,2,12,0,1/88,1/53,
野川,2026-09-10,2026-09-10,9/10 23:31,スロット,3237,L邪神ちゃんﾄﾞﾛｯﾌﾟｷｯｸTX,0672,-5.3,6.0,-0.7,19,30,28,1/332,1/304,1/225
野川,2026-09-10,2026-09-10,9/10 23:31,スロット,3161,L鉄拳6YDO1H,0555,6.2,3.1,0.1,24,12,2,1/78,1/80,1/117
野川,2026-09-10,2026-09-10,9/10 23:31,スロット,3161,L鉄拳6YDO1H,0556,0.0,-1.3,1.3,0,4,15,,1/278,1/110
野川,2026-09-10,2026-09-10,9/10 23:31,スロット,3161,L鉄拳6YDO1H,0557,0.0,-0.4,0.2,0,8,7,,1/151,1/146
野川,2026-09-10,2026-09-10,9/10 23:31,スロット,3161,L鉄拳6YDO1H,0558,0.0,0.9,-0.5,0,13,1,,1/192,1/636
野川,2026-09-10,2026-09-10,9/10 23:31,スロット,3161,L鉄拳6YDO1H,0559,-0.6,0.0,-0.5,1,0,2,1/434,,1/257
野川,2026-09-10,2026-09-10,9/10 23:31,スロット,3246,L青春ﾌﾞﾀ野郎L1,0574,0.2,5.3,-3.2,35,73,56,1/110,1/86,1/125
野川,2026-09-10,2026-09-10,9/10 23:31,スロット,3246,L青春ﾌﾞﾀ野郎L1,0575,-0.4,4.8,-3.9,42,55,48,1/97,1/125,1/149
野川,2026-09-10,2026-09-10,9/10 23:31,スロット,3128,L革命機ｳﾞｧﾙｳﾞﾚｲｳﾞ2jF,0539,1.7,-2.5,-0.7,26,18,4,1/52,1/180,1/248
野川,2026-09-10,2026-09-10,9/10 23:31,スロット,3128,L革命機ｳﾞｧﾙｳﾞﾚｲｳﾞ2jF,0540,-1.4,-1.1,-0.2,2,1,29,1/636,1/1028,1/123
野川,2026-09-10,2026-09-10,9/10 23:31,スロット,3186,L／SHAMANKING／SS,0664,0.0,0.0,0.0,0,0,0,,,
野川,2026-09-10,2026-09-10,9/10 23:31,スロット,3162,L／オキドキデュオ2／FR,0670,3.3,0.1,0.4,23,5,3,1/49,1/103,1/85
野川,2026-09-10,2026-09-10,9/10 23:31,スロット,3190,L／ミリオンゴッド／CX,0531,-2.9,1.2,-2.1,0,0,0,1/5156,1/8340,1/1704
野川,2026-09-10,2026-09-10,9/10 23:31,スロット,3190,L／ミリオンゴッド／CX,0532,7.4,-1.3,-1.0,0,14,0,1/885,1/306,1/1098
野川,2026-09-10,2026-09-10,9/10 23:31,スロット,3190,L／ミリオンゴッド／CX,0533,1.5,-2.1,-1.4,0,0,0,1/924,1/4955,1/3422
野川,2026-09-10,2026-09-10,9/10 23:31,スロット,3190,L／ミリオンゴッド／CX,0534,5.8,-2.6,-1.6,0,0,0,1/3585,1/3815,1/3112
野川,2026-09-10,2026-09-10,9/10 23:31,スロット,3190,L／ミリオンゴッド／CX,0535,-1.7,6.0,-2.5,0,0,0,1/2123,1/4108,1/2498
野川,2026-09-10,2026-09-10,9/10 23:31,スロット,3180,L／真打吉宗／A1,0678,1.2,-3.5,2.4,44,13,46,1/66,1/226,1/60
野川,2026-09-10,2026-09-10,9/10 23:31,スロット,3182,LｱｸﾀﾞﾏﾄﾞﾗｲﾌﾞTP,0674,1.5,9.3,-0.4,14,26,1,1/180,1/29,1/518
野川,2026-09-10,2026-09-10,9/10 23:31,スロット,3103,Lｸﾚｱの秘宝伝 ﾎﾞｰﾅｽﾄﾘｶﾞｰver./A2,0652,-1.1,-0.4,-0.6,5,2,6,1/444,1/420,1/321
野川,2026-09-10,2026-09-10,9/10 23:31,スロット,3164,LｺﾞﾌﾞﾘﾝｽﾚｲﾔｰⅡJZ,0682,-0.4,-1.2,-0.8,2,4,3,1/233,1/257,1/331
野川,2026-09-10,2026-09-10,9/10 23:31,スロット,3196,Lｽｰﾊﾟｰﾘｵｴｰｽ2NDO2H,0545,-0.5,-1.2,0.7,6,11,20,1/180,1/156,1/166
野川,2026-09-10,2026-09-10,9/10 23:31,スロット,3196,Lｽｰﾊﾟｰﾘｵｴｰｽ2NDO2H,0546,2.6,-1.5,-3.0,27,19,22,1/137,1/217,1/208
野川,2026-09-10,2026-09-10,9/10 23:31,スロット,3235,Lｽﾄﾘｰﾄﾌｧｲﾀｰ6SB,0665,-0.9,-0.9,1.3,16,16,23,1/180,1/157,1/124
野川,2026-09-10,2026-09-10,9/10 23:31,スロット,3150,Lｽﾏｽﾛ 化物語KH,0536,1.2,-2.3,-0.8,46,18,35,1/79,1/158,1/105
野川,2026-09-10,2026-09-10,9/10 23:31,スロット,3150,Lｽﾏｽﾛ 化物語KH,0537,-0.6,-1.8,3.0,37,41,65,1/123,1/111,1/88
野川,2026-09-10,2026-09-10,9/10 23:31,スロット,3150,Lｽﾏｽﾛ 化物語KH,0538,-1.7,-0.2,0.8,5,48,65,1/304,1/89,1/89
野川,2026-09-10,2026-09-10,9/10 23:31,スロット,3105,Lｽﾏｽﾛ 東京ﾘﾍﾞﾝｼﾞｬｰｽﾞZF,0610,0.2,2.6,1.1,7,28,9,1/166,1/174,1/128
野川,2026-09-10,2026-09-10,9/10 23:31,スロット,3105,Lｽﾏｽﾛ 東京ﾘﾍﾞﾝｼﾞｬｰｽﾞZF,0611,2.3,-0.3,-2.1,29,1,17,1/191,1/345,1/286
野川,2026-09-10,2026-09-10,9/10 23:31,スロット,3193,LﾀｸﾄｵｰﾊﾟｽM1,0673,-0.3,-1.2,-0.7,1,8,3,1/374,1/213,1/260
野川,2026-09-10,2026-09-10,9/10 23:31,スロット,3206,LﾊﾞｰﾃﾞｨｰｳｲﾝｸﾞBC,0675,-0.5,-0.2,-0.6,5,8,24,1/115,1/82,1/76
野川,2026-09-10,2026-09-10,9/10 23:31,スロット,3028,Lﾊﾞｲｵﾊｻﾞｰﾄﾞ5,0570,-1.2,0.1,0.7,2,3,9,1/446,1/198,1/151
野川,2026-09-10,2026-09-10,9/10 23:31,スロット,3028,Lﾊﾞｲｵﾊｻﾞｰﾄﾞ5,0571,-0.9,0.0,0.6,1,0,6,1/721,,1/176
野川,2026-09-10,2026-09-10,9/10 23:31,スロット,3195,LﾊﾞｲｵﾊｻﾞｰﾄﾞRE:3 ZD,0604,-1.7,-0.1,-0.3,3,2,3,1/411,1/106,1/127
野川,2026-09-10,2026-09-10,9/10 23:31,スロット,3195,LﾊﾞｲｵﾊｻﾞｰﾄﾞRE:3 ZD,0605,-0.2,-1.0,-0.8,2,8,25,1/155,1/152,1/95
野川,2026-09-10,2026-09-10,9/10 23:31,スロット,3195,LﾊﾞｲｵﾊｻﾞｰﾄﾞRE:3 ZD,0606,-0.6,3.6,-2.5,17,28,11,1/99,1/54,1/213
野川,2026-09-10,2026-09-10,9/10 23:31,スロット,2952,Lﾊﾟﾁｽﾛ かぐや様は告らせたい,0547,-1.5,-2.0,0.0,1,6,0,1/1237,1/389,
野川,2026-09-10,2026-09-10,9/10 23:31,スロット,2952,Lﾊﾟﾁｽﾛ かぐや様は告らせたい,0548,0.0,0.8,-0.8,0,10,4,,1/124,1/308
野川,2026-09-10,2026-09-10,9/10 23:31,スロット,2952,Lﾊﾟﾁｽﾛ かぐや様は告らせたい,0549,-1.1,-2.2,0.0,1,5,0,1/915,1/475,
野川,2026-09-10,2026-09-10,9/10 23:31,スロット,2952,Lﾊﾟﾁｽﾛ かぐや様は告らせたい,0550,-1.1,-1.6,-0.5,3,1,0,1/419,1/1312,1/272
野川,2026-09-10,2026-09-10,9/10 23:31,スロット,2892,Lﾊﾟﾁｽﾛ 炎炎ﾉ消防隊,0694,-0.3,1.0,-0.2,0,26,8,1/204,1/128,1/205
野川,2026-09-10,2026-09-10,9/10 23:31,スロット,2892,Lﾊﾟﾁｽﾛ 炎炎ﾉ消防隊,0695,-0.2,0.8,-0.4,0,14,0,1/180,1/100,1/359
野川,2026-09-10,2026-09-10,9/10 23:31,スロット,2682,Lﾊﾟﾁｽﾛ北斗の拳AD　XR,0618,0.4,-1.0,3.1,7,3,86,1/65,1/390,1/65
野川,2026-09-10,2026-09-10,9/10 23:31,スロット,2682,Lﾊﾟﾁｽﾛ北斗の拳AD　XR,0619,0.6,-0.2,0.3,6,8,24,1/36,1/95,1/79
野川,2026-09-10,2026-09-10,9/10 23:31,スロット,2682,Lﾊﾟﾁｽﾛ北斗の拳AD　XR,0620,-0.6,-0.5,2.1,32,1,87,1/118,1/431,1/76
野川,2026-09-10,2026-09-10,9/10 23:31,スロット,2682,Lﾊﾟﾁｽﾛ北斗の拳AD　XR,0621,-0.1,-0.2,0.6,10,15,21,1/96,1/108,1/77
野川,2026-09-10,2026-09-10,9/10 23:31,スロット,2682,Lﾊﾟﾁｽﾛ北斗の拳AD　XR,0622,-0.4,-0.3,1.0,11,2,80,1/90,1/190,1/89
野川,2026-09-10,2026-09-10,9/10 23:31,スロット,2682,Lﾊﾟﾁｽﾛ北斗の拳AD　XR,0623,-1.7,-0.3,2.1,10,8,45,1/199,1/129,1/53
野川,2026-09-10,2026-09-10,9/10 23:31,スロット,2682,Lﾊﾟﾁｽﾛ北斗の拳AD　XR,0624,0.1,-0.4,0.7,2,1,72,1/77,1/377,1/87
野川,2026-09-10,2026-09-10,9/10 23:31,スロット,2682,Lﾊﾟﾁｽﾛ北斗の拳AD　XR,0625,-2.6,-0.6,1.9,6,60,46,1/382,1/104,1/63
野川,2026-09-10,2026-09-10,9/10 23:31,スロット,2682,Lﾊﾟﾁｽﾛ北斗の拳AD　XR,0626,0.6,0.0,3.7,27,2,77,1/71,1/103,1/66
野川,2026-09-10,2026-09-10,9/10 23:31,スロット,2682,Lﾊﾟﾁｽﾛ北斗の拳AD　XR,0627,-0.9,-0.3,4.6,1,7,59,1/745,1/122,1/32
野川,2026-09-10,2026-09-10,9/10 23:31,スロット,2682,Lﾊﾟﾁｽﾛ北斗の拳AD　XR,0628,-1.3,0.2,6.1,8,7,109,1/188,1/70,1/57
野川,2026-09-10,2026-09-10,9/10 23:31,スロット,3194,Lﾋﾞｯｸﾞﾄﾞﾘｰﾑ KR,0607,-1.9,0.0,0.0,8,0,0,1/222,,
野川,2026-09-10,2026-09-10,9/10 23:31,スロット,3194,Lﾋﾞｯｸﾞﾄﾞﾘｰﾑ KR,0608,0.0,0.0,0.0,0,0,0,1/1,,
野川,2026-09-10,2026-09-10,9/10 23:31,スロット,3194,Lﾋﾞｯｸﾞﾄﾞﾘｰﾑ KR,0609,-0.5,-0.5,0.0,3,9,0,1/185,1/113,
野川,2026-09-10,2026-09-10,9/10 23:31,スロット,3036,Lﾏｷﾞｱﾚｺｰﾄﾞ まどマギ外伝,0696,1.2,0.9,-0.6,2,13,1,1/173,1/209,1/478
野川,2026-09-10,2026-09-10,9/10 23:31,スロット,3036,Lﾏｷﾞｱﾚｺｰﾄﾞ まどマギ外伝,0697,-1.3,0.9,-0.8,12,15,2,1/198,1/151,1/298
野川,2026-09-10,2026-09-10,9/10 23:31,スロット,3036,Lﾏｷﾞｱﾚｺｰﾄﾞ まどマギ外伝,0698,-0.1,0.0,1.2,2,8,4,1/302,1/202,1/262
野川,2026-09-10,2026-09-10,9/10 23:31,スロット,3036,Lﾏｷﾞｱﾚｺｰﾄﾞ まどマギ外伝,0699,0.7,0.0,-0.6,9,3,1,1/238,1/141,1/444
野川,2026-09-10,2026-09-10,9/10 23:31,スロット,3036,Lﾏｷﾞｱﾚｺｰﾄﾞ まどマギ外伝,0700,0.5,3.1,0.8,5,9,7,1/232,1/240,1/256
野川,2026-09-10,2026-09-10,9/10 23:31,スロット,3222,LﾔﾊﾞﾁﾊﾞZM,0669,4.3,-2.2,-1.1,13,3,3,1/83,1/580,1/371
野川,2026-09-10,2026-09-10,9/10 23:31,スロット,2984,Lﾙﾊﾟﾝ三世 大航海者の秘宝,0688,0.4,0.5,0.0,6,12,0,1/126,1/173,
野川,2026-09-10,2026-09-10,9/10 23:31,スロット,2510,Sこの素晴らしい世界に祝福を！ZR,0516,-0.4,-0.1,0.5,11,13,25,1/75,1/54,1/28
野川,2026-09-10,2026-09-10,9/10 23:31,スロット,2678,SキングハナハナSP-30,0518,-0.2,-0.7,1.0,1,4,14,1/469,1/428,1/182
野川,2026-09-10,2026-09-10,9/10 23:31,スロット,2678,SキングハナハナSP-30,0519,-0.1,-0.8,-0.3,1,1,1,1/235,1/997,1/644
野川,2026-09-10,2026-09-10,9/10 23:31,スロット,2595,SバイオハザードRE：２ XB,0514,-0.5,-0.7,0.0,0,4,0,1/326,1/256,
野川,2026-09-10,2026-09-10,9/10 23:31,スロット,2494,S押忍！番長ZERO PC1,0512,-0.4,1.2,-1.0,0,13,2,1/259,1/34,1/380
野川,2026-09-10,2026-09-10,9/10 23:31,スロット,2554,S甲鉄城のカバネリ ZR,0513,0.0,3.5,0.0,0,78,0,,1/69,
野川,2026-09-10,2026-09-10,9/10 23:31,スロット,2799,Sｴｳﾚｶｾﾌﾞﾝ ﾊｲｴﾎﾞｾﾞﾛ TYPE-ART,0515,-1.1,1.2,-0.8,7,21,6,1/291,1/137,1/252
野川,2026-09-10,2026-09-10,9/10 23:31,スロット,3111,SﾈｵｱｲﾑｼﾞｬｸﾞﾗｰEX-KK,0362,1.4,-0.3,-0.5,23,10,3,1/215,1/287,1/323
野川,2026-09-10,2026-09-10,9/10 23:31,スロット,3111,SﾈｵｱｲﾑｼﾞｬｸﾞﾗｰEX-KK,0414,0.3,-0.3,-0.5,11,1,9,1/235,1/459,1/313
野川,2026-09-10,2026-09-10,9/10 23:31,スロット,3111,SﾈｵｱｲﾑｼﾞｬｸﾞﾗｰEX-KK,0426,-0.4,-0.6,-0.2,3,3,9,1/340,1/394,1/279
野川,2026-09-10,2026-09-10,9/10 23:31,スロット,3111,SﾈｵｱｲﾑｼﾞｬｸﾞﾗｰEX-KK,0442,-0.6,-2.2,0.6,7,5,13,1/329,1/668,1/216
野川,2026-09-10,2026-09-10,9/10 23:31,スロット,3111,SﾈｵｱｲﾑｼﾞｬｸﾞﾗｰEX-KK,0483,2.5,0.3,0.3,38,20,17,1/199,1/261,1/220
野川,2026-09-10,2026-09-10,9/10 23:31,スロット,3111,SﾈｵｱｲﾑｼﾞｬｸﾞﾗｰEX-KK,0498,-0.6,-0.2,-0.2,3,0,6,1/381,1/170,1/274
野川,2026-09-10,2026-09-10,9/10 23:31,スロット,3054,七つの魔剣が支配する,0666,-1.5,-0.1,1.0,2,7,9,1/694,1/76,1/46
野川,2026-09-10,2026-09-10,9/10 23:31,スロット,2617,各　SハッピージャグラーVⅢEA,0360,-0.1,-0.6,-0.3,7,3,10,1/319,1/481,1/246
野川,2026-09-10,2026-09-10,9/10 23:31,スロット,2617,各　SハッピージャグラーVⅢEA,0370,0.2,0.0,-0.7,7,3,9,1/218,1/211,1/339
野川,2026-09-10,2026-09-10,9/10 23:31,スロット,2617,各　SハッピージャグラーVⅢEA,0418,0.6,-0.3,-1.3,13,0,1,1/185,1/283,1/1404
野川,2026-09-10,2026-09-10,9/10 23:31,スロット,2617,各　SハッピージャグラーVⅢEA,0423,-0.4,0.3,-0.9,8,10,3,1/309,1/219,1/534
野川,2026-09-10,2026-09-10,9/10 23:31,スロット,2617,各　SハッピージャグラーVⅢEA,0427,-0.4,-0.2,-0.4,0,1,0,1/571,1/576,1/469
野川,2026-09-10,2026-09-10,9/10 23:31,スロット,2617,各　SハッピージャグラーVⅢEA,0435,0.7,0.1,0.0,13,3,3,1/205,1/210,1/241
野川,2026-09-10,2026-09-10,9/10 23:31,スロット,2617,各　SハッピージャグラーVⅢEA,0443,-0.8,-0.8,-0.5,1,3,8,1/837,1/453,1/310
野川,2026-09-10,2026-09-10,9/10 23:31,スロット,2617,各　SハッピージャグラーVⅢEA,0484,-0.1,-0.1,1.0,0,0,15,1/104,1/155,1/221
野川,2026-09-10,2026-09-10,9/10 23:31,スロット,2617,各　SハッピージャグラーVⅢEA,0495,-0.4,-0.2,-0.3,0,0,13,1/429,1/185,1/298
野川,2026-09-10,2026-09-10,9/10 23:31,スロット,2424,各　Sファンキージャグラー２/KT,0358,2.5,0.5,0.3,32,16,15,1/185,1/216,1/212
野川,2026-09-10,2026-09-10,9/10 23:31,スロット,2424,各　Sファンキージャグラー２/KT,0364,0.3,-0.5,-0.8,13,3,5,1/213,1/314,1/422
野川,2026-09-10,2026-09-10,9/10 23:31,スロット,2424,各　Sファンキージャグラー２/KT,0368,-0.7,-1.1,4.6,1,0,40,1/820,1/973,1/171
野川,2026-09-10,2026-09-10,9/10 23:31,スロット,2424,各　Sファンキージャグラー２/KT,0412,-0.5,0.3,-1.4,3,9,3,1/376,1/250,1/673
野川,2026-09-10,2026-09-10,9/10 23:31,スロット,2424,各　Sファンキージャグラー２/KT,0417,-0.2,-0.1,-0.6,4,5,3,1/280,1/282,1/400
野川,2026-09-10,2026-09-10,9/10 23:31,スロット,2424,各　Sファンキージャグラー２/KT,0421,-0.2,-0.6,-0.5,2,1,20,1/261,1/977,1/293
野川,2026-09-10,2026-09-10,9/10 23:31,スロット,2424,各　Sファンキージャグラー２/KT,0425,1.1,-0.5,0.5,20,3,13,1/196,1/375,1/206
野川,2026-09-10,2026-09-10,9/10 23:31,スロット,2424,各　Sファンキージャグラー２/KT,0430,-0.5,-0.3,-1.6,15,14,1,1/273,1/298,1/1627
野川,2026-09-10,2026-09-10,9/10 23:31,スロット,2424,各　Sファンキージャグラー２/KT,0438,0.3,1.0,-0.5,9,22,12,1/232,1/232,1/318
野川,2026-09-10,2026-09-10,9/10 23:31,スロット,2424,各　Sファンキージャグラー２/KT,0441,0.1,-0.2,-1.3,5,1,16,1/229,1/337,1/394
野川,2026-09-10,2026-09-10,9/10 23:31,スロット,2424,各　Sファンキージャグラー２/KT,0445,0.5,0.0,0.5,13,2,19,1/222,1/265,1/195
野川,2026-09-10,2026-09-10,9/10 23:31,スロット,2424,各　Sファンキージャグラー２/KT,0486,0.1,0.4,-0.3,2,5,6,1/262,1/188,1/310
野川,2026-09-10,2026-09-10,9/10 23:31,スロット,2424,各　Sファンキージャグラー２/KT,0488,-1.1,-0.3,1.3,9,8,18,1/424,1/301,1/198
野川,2026-09-10,2026-09-10,9/10 23:31,スロット,2424,各　Sファンキージャグラー２/KT,0493,-0.3,-0.6,0.5,3,5,19,1/356,1/303,1/239
野川,2026-09-10,2026-09-10,9/10 23:31,スロット,2424,各　Sファンキージャグラー２/KT,0496,-0.7,1.9,-0.1,3,28,8,1/462,1/222,1/353
野川,2026-09-10,2026-09-10,9/10 23:31,スロット,2437,各　SマイジャグラーⅤ KD,0359,-0.4,-0.4,-1.0,0,5,15,1/322,1/275,1/353
野川,2026-09-10,2026-09-10,9/10 23:31,スロット,2437,各　SマイジャグラーⅤ KD,0363,-0.3,-0.4,-0.3,4,3,12,1/363,1/308,1/252
野川,2026-09-10,2026-09-10,9/10 23:31,スロット,2437,各　SマイジャグラーⅤ KD,0367,-0.7,-0.6,-0.7,2,1,6,1/622,1/789,1/326
野川,2026-09-10,2026-09-10,9/10 23:31,スロット,2437,各　SマイジャグラーⅤ KD,0371,0.1,0.8,0.7,3,10,24,1/305,1/159,1/243
野川,2026-09-10,2026-09-10,9/10 23:31,スロット,2437,各　SマイジャグラーⅤ KD,0411,-0.7,0.4,-1.1,11,18,18,1/288,1/220,1/289
野川,2026-09-10,2026-09-10,9/10 23:31,スロット,2437,各　SマイジャグラーⅤ KD,0415,-1.6,-1.2,-1.0,3,8,4,1/682,1/380,1/544
野川,2026-09-10,2026-09-10,9/10 23:31,スロット,2437,各　SマイジャグラーⅤ KD,0420,-1.0,-0.7,0.9,12,16,28,1/368,1/277,1/285
野川,2026-09-10,2026-09-10,9/10 23:31,スロット,2437,各　SマイジャグラーⅤ KD,0424,-0.4,-0.4,-0.2,5,2,20,1/279,1/479,1/298
野川,2026-09-10,2026-09-10,9/10 23:31,スロット,2437,各　SマイジャグラーⅤ KD,0433,0.3,-0.6,-1.2,7,7,5,1/192,1/402,1/420
野川,2026-09-10,2026-09-10,9/10 23:31,スロット,2437,各　SマイジャグラーⅤ KD,0436,-0.5,1.5,1.7,2,25,32,1/475,1/165,1/239
野川,2026-09-10,2026-09-10,9/10 23:31,スロット,2437,各　SマイジャグラーⅤ KD,0439,0.3,-0.4,-0.2,25,2,24,1/268,1/475,1/328
野川,2026-09-10,2026-09-10,9/10 23:31,スロット,2437,各　SマイジャグラーⅤ KD,0446,-0.8,1.7,-1.4,3,22,5,1/528,1/168,1/587
野川,2026-09-10,2026-09-10,9/10 23:31,スロット,2437,各　SマイジャグラーⅤ KD,0485,-1.1,0.3,-2.4,3,10,8,1/603,1/237,1/554
野川,2026-09-10,2026-09-10,9/10 23:31,スロット,2437,各　SマイジャグラーⅤ KD,0489,-0.2,0.8,-1.7,14,20,25,1/275,1/193,1/303
野川,2026-09-10,2026-09-10,9/10 23:31,スロット,2437,各　SマイジャグラーⅤ KD,0492,0.0,-0.7,-0.1,13,9,27,1/252,1/284,1/264
野川,2026-09-10,2026-09-10,9/10 23:31,スロット,2437,各　SマイジャグラーⅤ KD,0497,-0.2,0.1,0.2,9,2,25,1/239,1/185,1/237
野川,2026-09-10,2026-09-10,9/10 23:31,スロット,2707,各　Sｺﾞｰｺﾞｰｼﾞｬｸﾞﾗｰ3KA,0357,0.3,-0.7,0.9,9,2,36,1/210,1/522,1/233
野川,2026-09-10,2026-09-10,9/10 23:31,スロット,2707,各　Sｺﾞｰｺﾞｰｼﾞｬｸﾞﾗｰ3KA,0361,-0.5,-0.2,-0.8,3,6,9,1/417,1/276,1/306
野川,2026-09-10,2026-09-10,9/10 23:31,スロット,2707,各　Sｺﾞｰｺﾞｰｼﾞｬｸﾞﾗｰ3KA,0365,0.5,0.1,-1.4,15,10,13,1/203,1/258,1/391
野川,2026-09-10,2026-09-10,9/10 23:31,スロット,2707,各　Sｺﾞｰｺﾞｰｼﾞｬｸﾞﾗｰ3KA,0369,0.4,-0.3,-0.3,9,7,8,1/277,1/314,1/302
野川,2026-09-10,2026-09-10,9/10 23:31,スロット,2707,各　Sｺﾞｰｺﾞｰｼﾞｬｸﾞﾗｰ3KA,0373,0.3,-0.8,0.4,9,4,12,1/195,1/415,1/224
野川,2026-09-10,2026-09-10,9/10 23:31,スロット,2707,各　Sｺﾞｰｺﾞｰｼﾞｬｸﾞﾗｰ3KA,0413,-0.5,0.8,-0.2,3,21,16,1/414,1/218,1/229
野川,2026-09-10,2026-09-10,9/10 23:31,スロット,2707,各　Sｺﾞｰｺﾞｰｼﾞｬｸﾞﾗｰ3KA,0416,-0.9,-0.1,-1.3,1,3,16,1/1240,1/366,1/334
野川,2026-09-10,2026-09-10,9/10 23:31,スロット,2707,各　Sｺﾞｰｺﾞｰｼﾞｬｸﾞﾗｰ3KA,0419,-1.0,0.5,0.7,2,20,35,1/620,1/219,1/244
野川,2026-09-10,2026-09-10,9/10 23:31,スロット,2707,各　Sｺﾞｰｺﾞｰｼﾞｬｸﾞﾗｰ3KA,0422,-0.6,-0.6,1.0,4,3,20,1/520,1/372,1/224
野川,2026-09-10,2026-09-10,9/10 23:31,スロット,2707,各　Sｺﾞｰｺﾞｰｼﾞｬｸﾞﾗｰ3KA,0432,-0.2,-0.6,-0.8,10,2,6,1/222,1/451,1/390
野川,2026-09-10,2026-09-10,9/10 23:31,スロット,2707,各　Sｺﾞｰｺﾞｰｼﾞｬｸﾞﾗｰ3KA,0434,-0.6,-0.6,0.4,3,7,13,1/482,1/284,1/220
野川,2026-09-10,2026-09-10,9/10 23:31,スロット,2707,各　Sｺﾞｰｺﾞｰｼﾞｬｸﾞﾗｰ3KA,0437,-0.8,-0.1,-0.1,8,11,12,1/273,1/268,1/326
野川,2026-09-10,2026-09-10,9/10 23:31,スロット,2707,各　Sｺﾞｰｺﾞｰｼﾞｬｸﾞﾗｰ3KA,0440,0.4,1.8,-0.7,15,32,6,1/222,1/188,1/317
野川,2026-09-10,2026-09-10,9/10 23:31,スロット,2707,各　Sｺﾞｰｺﾞｰｼﾞｬｸﾞﾗｰ3KA,0444,0.0,1.2,1.0,12,24,18,1/285,1/207,1/174
野川,2026-09-10,2026-09-10,9/10 23:31,スロット,2707,各　Sｺﾞｰｺﾞｰｼﾞｬｸﾞﾗｰ3KA,0487,1.2,-1.4,0.8,22,1,14,1/235,1/1462,1/173
野川,2026-09-10,2026-09-10,9/10 23:31,スロット,2707,各　Sｺﾞｰｺﾞｰｼﾞｬｸﾞﾗｰ3KA,0490,-1.5,1.2,-0.5,0,25,17,1/1254,1/228,1/266
野川,2026-09-10,2026-09-10,9/10 23:31,スロット,2707,各　Sｺﾞｰｺﾞｰｼﾞｬｸﾞﾗｰ3KA,0494,-0.8,-0.4,-0.9,4,8,2,1/394,1/259,1/518
野川,2026-09-10,2026-09-10,9/10 23:31,スロット,2707,各　Sｺﾞｰｺﾞｰｼﾞｬｸﾞﾗｰ3KA,0500,0.5,-0.5,4.4,28,0,40,1/218,1/387,1/141
野川,2026-09-10,2026-09-10,9/10 23:31,スロット,2878,押忍!番長4,0671,0.0,0.0,0.1,0,0,7,,,1/49
野川,2026-09-10,2026-09-10,9/10 23:31,スロット,2916,沖ﾄﾞｷ!BLACK,0520,-0.3,-2.0,1.2,0,3,15,1/150,1/630,1/146
野川,2026-09-10,2026-09-10,9/10 23:31,スロット,2916,沖ﾄﾞｷ!BLACK,0521,-0.3,0.7,0.8,0,10,10,1/295,1/160,1/113
野川,2026-09-10,2026-09-10,9/10 23:31,スロット,2916,沖ﾄﾞｷ!BLACK,0522,-1.0,-0.9,4.2,3,1,20,1/400,1/658,1/17
野川,2026-09-10,2026-09-10,9/10 23:31,スロット,2916,沖ﾄﾞｷ!BLACK,0523,0.7,-0.1,-1.4,4,7,5,1/107,1/185,1/336
野川,2026-09-10,2026-09-10,9/10 23:31,スロット,2916,沖ﾄﾞｷ!BLACK,0524,1.2,1.8,0.4,9,13,5,1/85,1/90,1/150
野川,2026-09-10,2026-09-10,9/10 23:31,スロット,2987,ｳﾙﾄﾗﾐﾗｸﾙｼﾞｬｸﾞﾗｰ,0374,1.2,-0.2,-0.8,22,13,24,1/225,1/247,1/279
野川,2026-09-10,2026-09-10,9/10 23:31,スロット,2987,ｳﾙﾄﾗﾐﾗｸﾙｼﾞｬｸﾞﾗｰ,0429,0.2,2.1,-0.5,8,27,31,1/164,1/193,1/254
野川,2026-09-10,2026-09-10,9/10 23:31,スロット,2987,ｳﾙﾄﾗﾐﾗｸﾙｼﾞｬｸﾞﾗｰ,0491,0.0,-0.3,-1.3,5,2,5,1/242,1/419,1/543
野川,2026-09-10,2026-09-10,9/10 23:31,スロット,2814,ｸﾗﾝｷｰｸﾚｽﾄ,0517,-0.9,5.7,-1.3,0,47,1,1/778,1/176,1/1174
野川,2026-09-10,2026-09-10,9/10 23:31,スロット,2879,ｼﾞｬｸﾞﾗｰｶﾞｰﾙｽﾞSS,0372,0.8,-0.9,0.9,23,4,27,1/216,1/398,1/257
野川,2026-09-10,2026-09-10,9/10 23:31,スロット,2879,ｼﾞｬｸﾞﾗｰｶﾞｰﾙｽﾞSS,0499,-0.3,2.1,0.1,1,37,16,1/489,1/224,1/255
野川,2026-09-10,2026-09-10,9/10 23:31,スロット,3044,ｽﾏｽﾛ 吉宗,0690,-0.4,-2.8,0.5,1,3,2,1/732,1/1163,1/376
野川,2026-09-10,2026-09-10,9/10 23:31,スロット,3044,ｽﾏｽﾛ 吉宗,0691,-1.6,-0.8,-0.7,0,0,0,1/1200,1/555,1/429
野川,2026-09-10,2026-09-10,9/10 23:31,スロット,3044,ｽﾏｽﾛ 吉宗,0692,-0.3,1.7,-0.1,0,8,0,1/190,1/356,1/79
野川,2026-09-10,2026-09-10,9/10 23:31,スロット,3044,ｽﾏｽﾛ 吉宗,0693,-0.3,-0.3,-0.3,0,0,2,1/200,1/192,1/598
野川,2026-09-10,2026-09-10,9/10 23:31,スロット,2919,ｽﾏｽﾛ ｺﾞｯﾄﾞｲｰﾀｰ ﾘｻﾞﾚｸｼｮﾝ,0689,-1.0,-1.9,-0.5,3,12,6,1/255,1/156,1/127
野川,2026-09-10,2026-09-10,9/10 23:31,スロット,2974,ｽﾏｽﾛ ﾓﾝｽﾀｰﾊﾝﾀｰﾗｲｽﾞ,0525,-2.9,-0.3,2.1,13,5,32,1/225,1/112,1/43
野川,2026-09-10,2026-09-10,9/10 23:31,スロット,2974,ｽﾏｽﾛ ﾓﾝｽﾀｰﾊﾝﾀｰﾗｲｽﾞ,0526,-0.6,0.7,-0.1,2,19,5,1/284,1/80,1/134
野川,2026-09-10,2026-09-10,9/10 23:31,スロット,2974,ｽﾏｽﾛ ﾓﾝｽﾀｰﾊﾝﾀｰﾗｲｽﾞ,0527,0.4,1.1,0.6,22,17,14,1/70,1/41,1/58
野川,2026-09-10,2026-09-10,9/10 23:31,スロット,2974,ｽﾏｽﾛ ﾓﾝｽﾀｰﾊﾝﾀｰﾗｲｽﾞ,0528,0.0,1.0,-1.9,12,19,17,1/73,1/69,1/152
野川,2026-09-10,2026-09-10,9/10 23:31,スロット,2974,ｽﾏｽﾛ ﾓﾝｽﾀｰﾊﾝﾀｰﾗｲｽﾞ,0529,-1.3,-2.0,0.0,15,7,12,1/122,1/285,1/83
野川,2026-09-10,2026-09-10,9/10 23:31,スロット,2974,ｽﾏｽﾛ ﾓﾝｽﾀｰﾊﾝﾀｰﾗｲｽﾞ,0530,4.2,-0.6,-0.1,33,4,5,1/23,1/162,1/93
野川,2026-09-10,2026-09-10,9/10 23:31,スロット,2901,ｽﾏｽﾛ防振り,0680,-2.5,-0.8,-0.6,2,1,14,1/958,1/754,1/200
野川,2026-09-10,2026-09-10,9/10 23:31,スロット,3017,ｽﾏｽﾛｽｰﾊﾟｰﾌﾞﾗｯｸｼﾞｬｯｸ,0551,-1.0,0.0,-1.5,2,0,4,1/366,,1/342
野川,2026-09-10,2026-09-10,9/10 23:31,スロット,3017,ｽﾏｽﾛｽｰﾊﾟｰﾌﾞﾗｯｸｼﾞｬｯｸ,0552,-0.9,-0.1,0.0,2,0,19,1/378,1/59,1/65
野川,2026-09-10,2026-09-10,9/10 23:31,スロット,3017,ｽﾏｽﾛｽｰﾊﾟｰﾌﾞﾗｯｸｼﾞｬｯｸ,0553,-0.4,-0.9,-0.3,3,4,2,1/151,1/228,1/192
野川,2026-09-10,2026-09-10,9/10 23:31,スロット,3017,ｽﾏｽﾛｽｰﾊﾟｰﾌﾞﾗｯｸｼﾞｬｯｸ,0554,-0.1,-0.6,-0.4,0,2,41,1/79,1/266,1/72
野川,2026-09-10,2026-09-10,9/10 23:31,スロット,2816,ｽﾏｽﾛﾓﾝｷｰﾀｰﾝⅤ,0645,-1.1,-1.7,-1.9,7,21,19,1/163,1/118,1/173
野川,2026-09-10,2026-09-10,9/10 23:31,スロット,2816,ｽﾏｽﾛﾓﾝｷｰﾀｰﾝⅤ,0646,-0.2,-0.3,3.9,1,18,42,1/198,1/105,1/72
野川,2026-09-10,2026-09-10,9/10 23:31,スロット,2816,ｽﾏｽﾛﾓﾝｷｰﾀｰﾝⅤ,0647,0.9,-1.3,-0.9,48,3,25,1/84,1/318,1/108
野川,2026-09-10,2026-09-10,9/10 23:31,スロット,2816,ｽﾏｽﾛﾓﾝｷｰﾀｰﾝⅤ,0648,-2.0,0.2,9.3,20,42,53,1/169,1/95,1/42
野川,2026-09-10,2026-09-10,9/10 23:31,スロット,2816,ｽﾏｽﾛﾓﾝｷｰﾀｰﾝⅤ,0649,-1.1,-0.7,0.8,11,23,20,1/142,1/101,1/93
野川,2026-09-10,2026-09-10,9/10 23:31,スロット,2816,ｽﾏｽﾛﾓﾝｷｰﾀｰﾝⅤ,0650,-1.0,1.8,-1.3,21,37,20,1/117,1/84,1/123
野川,2026-09-10,2026-09-10,9/10 23:31,スロット,2816,ｽﾏｽﾛﾓﾝｷｰﾀｰﾝⅤ,0651,-1.7,2.7,-1.1,18,31,45,1/138,1/79,1/92
野川,2026-09-10,2026-09-10,9/10 23:31,スロット,2917,ﾐｽﾀｰｼﾞｬｸﾞﾗｰ,0366,-0.5,0.2,-0.9,4,13,13,1/383,1/241,1/300
野川,2026-09-10,2026-09-10,9/10 23:31,スロット,2917,ﾐｽﾀｰｼﾞｬｸﾞﾗｰ,0428,-0.9,-1.4,2.2,1,2,29,1/1030,1/771,1/193
野川,2026-09-10,2026-09-10,9/10 23:31,スロット,2917,ﾐｽﾀｰｼﾞｬｸﾞﾗｰ,0431,-0.3,-0.5,-0.7,1,0,21,1/571,1/378,1/273
東名,2026-09-11,2026-09-11,9/11 23:32,パチンコ,3807,e/押忍番長漢の頂/A03,0401,-1.0,5.2,-6.8,1,19,3,1/104,1/67,1/219
東名,2026-09-11,2026-09-11,9/11 23:32,パチンコ,3807,e/押忍番長漢の頂/A03,0402,3.1,-1.5,-1.5,16,0,1,1/45,1/129,1/144
東名,2026-09-11,2026-09-11,9/11 23:32,パチンコ,3794,e/ﾜｰﾙﾄﾞﾀﾞｲｽﾀｰ/L04,0398,0.4,-1.0,0.1,3,4,2,1/18,1/74,1/45
東名,2026-09-11,2026-09-11,9/11 23:32,パチンコ,3825,etakt op. DestinyH6,0404,1.8,0.6,2.9,26,15,20,1/125,1/199,1/169
東名,2026-09-11,2026-09-11,9/11 23:32,パチンコ,3733,eいせれべFSZ,0357,0.0,-0.1,-0.1,0,0,0,,1/11,1/20
東名,2026-09-11,2026-09-11,9/11 23:32,パチンコ,3683,eとある科学の超電磁砲 LTRSY,0389,-1.2,0.0,-2.1,3,0,2,1/55,,1/124
東名,2026-09-11,2026-09-11,9/11 23:32,パチンコ,3640,eとある魔術の禁書目録 一方通行,0406,-0.7,-1.0,-1.1,0,1,0,1/84,1/225,1/121
東名,2026-09-11,2026-09-11,9/11 23:32,パチンコ,3640,eとある魔術の禁書目録 一方通行,0407,-0.5,-0.8,6.0,0,0,6,1/47,1/93,1/101
東名,2026-09-11,2026-09-11,9/11 23:32,パチンコ,3777,eひきこまり吸血姫の悶々FHV,0361,-9.3,-5.8,-4.8,3,5,11,1/365,1/179,1/149
東名,2026-09-11,2026-09-11,9/11 23:32,パチンコ,3806,e七つの大罪3GFEA,0370,-1.9,11.9,2.1,1,8,5,1/213,1/128,1/290
東名,2026-09-11,2026-09-11,9/11 23:32,パチンコ,3414,e乃木坂46ⅡK4,0411,-0.9,0.0,-3.2,6,0,1,1/313,,1/312
東名,2026-09-11,2026-09-11,9/11 23:32,パチンコ,3595,e仮面ﾗｲﾀﾞｰBLACK-KRJ2,0354,-0.2,-0.2,1.6,0,0,3,1/27,1/25,1/24
東名,2026-09-11,2026-09-11,9/11 23:32,パチンコ,3785,e化物語2GSED,0360,-1.9,-3.8,-1.0,5,5,1,1/214,1/87,1/96
東名,2026-09-11,2026-09-11,9/11 23:32,パチンコ,3705,e北斗の拳11暴凶星SHEF,0247,-0.5,-4.3,-1.4,1,0,1,1/127,1/444,1/189
東名,2026-09-11,2026-09-11,9/11 23:32,パチンコ,3705,e北斗の拳11暴凶星SHEF,0248,-0.4,-1.7,-2.6,0,2,1,1/32,1/139,1/321
東名,2026-09-11,2026-09-11,9/11 23:32,パチンコ,3705,e北斗の拳11暴凶星SHEF,0249,4.0,-0.6,-2.4,8,0,0,1/207,1/55,1/219
東名,2026-09-11,2026-09-11,9/11 23:32,パチンコ,3705,e北斗の拳11暴凶星SHEF,0250,-0.9,16.0,-0.8,1,22,1,1/101,1/34,1/166
東名,2026-09-11,2026-09-11,9/11 23:32,パチンコ,3705,e北斗の拳11暴凶星SHEF,0251,-5.7,5.8,1.6,2,12,10,1/350,1/242,1/111
東名,2026-09-11,2026-09-11,9/11 23:32,パチンコ,3706,e地獄少女7500Ver.RHZ,0246,-0.5,-2.1,-0.2,8,0,8,1/175,1/311,1/172
東名,2026-09-11,2026-09-11,9/11 23:32,パチンコ,3728,e女神のｶﾌｪﾃﾗｽJLZ,0184,-1.8,-1.9,5.9,0,0,5,1/349,1/366,1/59
東名,2026-09-11,2026-09-11,9/11 23:32,パチンコ,3728,e女神のｶﾌｪﾃﾗｽJLZ,0185,3.6,9.9,-6.4,5,13,1,1/170,1/300,1/776
東名,2026-09-11,2026-09-11,9/11 23:32,パチンコ,3713,e新世紀ｴｳﾞｧﾝｹﾞﾘｵﾝ17,0237,-1.4,12.7,2.3,7,13,10,1/418,1/226,1/153
東名,2026-09-11,2026-09-11,9/11 23:32,パチンコ,3713,e新世紀ｴｳﾞｧﾝｹﾞﾘｵﾝ17,0238,-3.2,32.2,-0.8,3,28,1,1/128,1/142,1/96
東名,2026-09-11,2026-09-11,9/11 23:32,パチンコ,3713,e新世紀ｴｳﾞｧﾝｹﾞﾘｵﾝ17,0239,-0.8,-0.2,5.7,0,0,9,1/77,1/23,1/173
東名,2026-09-11,2026-09-11,9/11 23:32,パチンコ,3713,e新世紀ｴｳﾞｧﾝｹﾞﾘｵﾝ17,0240,2.8,1.0,1.4,6,4,3,1/127,1/97,1/112
東名,2026-09-11,2026-09-11,9/11 23:32,パチンコ,3713,e新世紀ｴｳﾞｧﾝｹﾞﾘｵﾝ17,0241,6.7,5.0,2.9,9,8,6,1/116,1/147,1/121
東名,2026-09-11,2026-09-11,9/11 23:32,パチンコ,3713,e新世紀ｴｳﾞｧﾝｹﾞﾘｵﾝ17,0242,9.0,-6.9,-2.4,20,2,2,1/152,1/384,1/146
東名,2026-09-11,2026-09-11,9/11 23:32,パチンコ,3713,e新世紀ｴｳﾞｧﾝｹﾞﾘｵﾝ17,0243,5.3,-7.3,-2.0,13,4,2,1/468,1/281,1/109
東名,2026-09-11,2026-09-11,9/11 23:32,パチンコ,3713,e新世紀ｴｳﾞｧﾝｹﾞﾘｵﾝ17,0244,13.2,1.2,-11.2,13,6,3,1/182,1/221,1/368
東名,2026-09-11,2026-09-11,9/11 23:32,パチンコ,3803,e東京喰種MW,0181,-6.9,-1.6,-0.9,14,14,39,1/387,1/551,1/323
東名,2026-09-11,2026-09-11,9/11 23:32,パチンコ,3803,e東京喰種MW,0182,2.9,-6.8,-10.1,28,13,12,1/340,1/344,1/281
東名,2026-09-11,2026-09-11,9/11 23:32,パチンコ,3803,e東京喰種MW,0183,-5.5,-5.7,-10.6,16,12,27,1/608,1/349,1/240
東名,2026-09-11,2026-09-11,9/11 23:32,パチンコ,3565,e東京喰種W,0186,-3.7,0.4,4.9,2,9,11,1/224,1/127,1/134
東名,2026-09-11,2026-09-11,9/11 23:32,パチンコ,3565,e東京喰種W,0187,13.0,-6.0,-3.4,16,8,7,1/128,1/114,1/110
東名,2026-09-11,2026-09-11,9/11 23:32,パチンコ,3565,e東京喰種W,0188,-0.6,9.6,-3.2,8,16,4,1/155,1/89,1/110
東名,2026-09-11,2026-09-11,9/11 23:32,パチンコ,3565,e東京喰種W,0189,-6.8,-2.4,12.7,2,4,10,1/342,1/119,1/196
東名,2026-09-11,2026-09-11,9/11 23:32,パチンコ,3565,e東京喰種W,0190,-6.4,11.2,-8.2,3,13,1,1/221,1/111,1/795
東名,2026-09-11,2026-09-11,9/11 23:32,パチンコ,3565,e東京喰種W,0191,-7.1,0.0,-5.7,4,7,4,1/246,1/103,1/162
東名,2026-09-11,2026-09-11,9/11 23:32,パチンコ,3644,e東京ﾘﾍﾞﾝｼﾞｬｰｽﾞGFEC,0380,-1.8,-1.0,-1.4,1,0,0,1/192,1/98,1/133
東名,2026-09-11,2026-09-11,9/11 23:32,パチンコ,3644,e東京ﾘﾍﾞﾝｼﾞｬｰｽﾞGFEC,0381,-2.9,-0.2,-2.1,1,1,0,1/274,1/29,1/189
東名,2026-09-11,2026-09-11,9/11 23:32,パチンコ,3644,e東京ﾘﾍﾞﾝｼﾞｬｰｽﾞGFEC,0382,-3.5,-3.1,-0.4,1,1,0,1/346,1/349,1/31
東名,2026-09-11,2026-09-11,9/11 23:32,パチンコ,3791,e東京ﾘﾍﾞﾝｼﾞｬｰｽﾞ聖夜決戦編EREC,0366,2.3,-7.6,-0.1,7,0,0,1/91,1/687,1/7
東名,2026-09-11,2026-09-11,9/11 23:32,パチンコ,3791,e東京ﾘﾍﾞﾝｼﾞｬｰｽﾞ聖夜決戦編EREC,0367,-6.8,-7.9,9.3,3,2,26,1/219,1/357,1/109
東名,2026-09-11,2026-09-11,9/11 23:32,パチンコ,3792,e無職転生異世界行ったら本気だす,0368,4.0,-5.6,4.5,9,0,8,1/282,1/526,1/134
東名,2026-09-11,2026-09-11,9/11 23:32,パチンコ,3656,e牙狼12XX-MJ,0233,-5.6,1.6,-2.0,1,3,0,1/570,1/40,1/197
東名,2026-09-11,2026-09-11,9/11 23:32,パチンコ,3656,e牙狼12XX-MJ,0234,-3.2,8.1,0.2,1,11,2,1/465,1/51,1/126
東名,2026-09-11,2026-09-11,9/11 23:32,パチンコ,3656,e牙狼12XX-MJ,0235,-2.2,-0.1,-1.3,11,0,2,1/232,1/14,1/312
東名,2026-09-11,2026-09-11,9/11 23:32,パチンコ,3656,e牙狼12XX-MJ,0236,-13.8,9.7,-3.9,2,15,0,1/770,1/67,1/405
東名,2026-09-11,2026-09-11,9/11 23:32,パチンコ,3746,e牙狼ﾄﾘﾌﾟﾙﾊﾞｰｽﾄRF,0177,-1.4,-3.9,-0.7,10,4,0,1/363,1/268,1/132
東名,2026-09-11,2026-09-11,9/11 23:32,パチンコ,3747,e甲鉄城のｶﾊﾞﾈﾘ2GFEA,0371,-0.5,-1.0,0.0,0,0,0,1/45,1/98,
東名,2026-09-11,2026-09-11,9/11 23:32,パチンコ,3720,e盾の勇者の成り上がりEREF,0245,-0.9,-1.0,0.0,1,0,0,1/86,1/88,
東名,2026-09-11,2026-09-11,9/11 23:32,パチンコ,3731,e真北斗無双5夢幻闘双SCEA,0231,-0.1,-1.3,-0.9,0,0,1,1/12,1/132,1/103
東名,2026-09-11,2026-09-11,9/11 23:32,パチンコ,3731,e真北斗無双5夢幻闘双SCEA,0232,-0.3,13.9,-2.7,0,17,0,1/27,1/38,1/288
東名,2026-09-11,2026-09-11,9/11 23:32,パチンコ,3653,e真･一騎当千~軍神覚醒~AM-TS,0408,5.5,-5.2,-2.7,14,0,9,1/162,1/737,1/229
東名,2026-09-11,2026-09-11,9/11 23:32,パチンコ,3793,e結城友奈は勇者であるMP,0369,-0.3,-2.8,4.4,0,0,3,1/29,1/261,1/93
東名,2026-09-11,2026-09-11,9/11 23:32,パチンコ,3650,e花の慶次~傾奇一転H6,0355,-1.3,-0.8,-1.4,0,1,0,1/141,1/134,1/158
東名,2026-09-11,2026-09-11,9/11 23:32,パチンコ,3650,e花の慶次~傾奇一転H6,0356,0.0,-1.1,-0.6,0,0,3,,1/130,1/126
東名,2026-09-11,2026-09-11,9/11 23:32,パチンコ,3696,e花の慶次~黄金の一撃H4,0372,-0.1,3.1,-0.2,0,8,0,1/9,1/438,1/21
東名,2026-09-11,2026-09-11,9/11 23:32,パチンコ,3696,e花の慶次~黄金の一撃H4,0373,-13.2,-6.8,12.6,4,2,24,1/751,1/375,1/674
東名,2026-09-11,2026-09-11,9/11 23:32,パチンコ,3696,e花の慶次~黄金の一撃H4,0374,0.0,5.2,-0.7,0,8,0,,1/102,1/78
東名,2026-09-11,2026-09-11,9/11 23:32,パチンコ,3822,e魔女と野獣FKZ,0178,5.4,-12.6,-5.9,25,3,18,1/323,1/754,1/415
東名,2026-09-11,2026-09-11,9/11 23:32,パチンコ,3750,e魔法少女まどか☆ﾏｷﾞｶ3LPM1,0378,-4.2,-2.7,-1.3,0,1,0,1/442,1/296,1/140
東名,2026-09-11,2026-09-11,9/11 23:32,パチンコ,3750,e魔法少女まどか☆ﾏｷﾞｶ3LPM1,0379,0.0,-0.4,3.1,0,0,13,,1/48,1/178
東名,2026-09-11,2026-09-11,9/11 23:32,パチンコ,3654,e黄門ちゃま9HC3,0412,-6.8,1.9,0.8,1,4,2,1/813,1/97,1/99
東名,2026-09-11,2026-09-11,9/11 23:32,パチンコ,3761,eｱｸﾀﾞﾏﾄﾞﾗｲﾌﾞEHLT,0394,-1.5,0.0,0.0,0,0,0,1/171,,
東名,2026-09-11,2026-09-11,9/11 23:32,パチンコ,3823,eｱｻﾙﾄﾘﾘｨZ,0179,-9.6,-9.0,-6.0,4,11,9,1/306,1/130,1/175
東名,2026-09-11,2026-09-11,9/11 23:32,パチンコ,3823,eｱｻﾙﾄﾘﾘｨZ,0180,-4.3,-2.0,-5.1,12,5,4,1/167,1/349,1/164
東名,2026-09-11,2026-09-11,9/11 23:32,パチンコ,3684,eｶﾞｰﾙｽﾞ&ﾊﾟﾝﾂｧｰ3LAH1,0390,1.9,5.2,0.0,6,8,0,1/80,1/44,
東名,2026-09-11,2026-09-11,9/11 23:32,パチンコ,3778,eｷﾞﾝﾊﾟﾗVIVAFESTAHTA2,0358,10.2,-0.5,-0.8,19,0,0,1/74,1/48,1/78
東名,2026-09-11,2026-09-11,9/11 23:32,パチンコ,3805,eｿｰﾄﾞｱｰﾄ･ｵﾝﾗｲﾝ ｱﾘｼｾﾞｰｼｮﾝYKJ11,0359,-1.0,-8.7,1.3,20,16,21,1/151,1/211,1/222
東名,2026-09-11,2026-09-11,9/11 23:32,パチンコ,3483,eｿｰﾄﾞｱｰﾄ･ｵﾝﾗｲﾝ~閃光の軌跡~K7,0391,-2.7,-3.8,-3.7,0,5,0,1/254,1/258,1/330
東名,2026-09-11,2026-09-11,9/11 23:32,パチンコ,3483,eｿｰﾄﾞｱｰﾄ･ｵﾝﾗｲﾝ~閃光の軌跡~K7,0392,-1.0,-2.0,10.1,3,1,28,1/276,1/225,1/66
東名,2026-09-11,2026-09-11,9/11 23:32,パチンコ,3820,eｿﾞﾝ100MA,0393,-0.9,-3.1,-4.8,0,2,5,1/112,1/220,1/138
東名,2026-09-11,2026-09-11,9/11 23:32,パチンコ,3693,eﾉｰｹﾞｰﾑ･ﾉｰﾗｲﾌV3C,0353,0.0,-3.5,-4.9,0,3,0,,1/130,1/458
東名,2026-09-11,2026-09-11,9/11 23:32,パチンコ,3779,eﾊﾞｲｵﾊｻﾞｰﾄﾞ6APN,0365,-3.1,-2.4,-3.7,9,1,2,1/71,1/236,1/193
東名,2026-09-11,2026-09-11,9/11 23:32,パチンコ,3553,eﾌｨｰﾊﾞｰうたわれるものZ,0409,0.0,0.0,0.0,0,0,0,,,
東名,2026-09-11,2026-09-11,9/11 23:32,パチンコ,3553,eﾌｨｰﾊﾞｰうたわれるものZ,0410,-0.2,1.9,-0.3,2,3,0,1/51,1/33,1/24
東名,2026-09-11,2026-09-11,9/11 23:32,パチンコ,3425,eﾌｨｰﾊﾞｰからくりｻｰｶｽ2R,0396,-1.9,-1.7,5.6,0,0,7,1/185,1/176,1/69
東名,2026-09-11,2026-09-11,9/11 23:32,パチンコ,3425,eﾌｨｰﾊﾞｰからくりｻｰｶｽ2R,0397,-1.4,-1.8,-5.8,1,0,1,1/211,1/174,1/600
東名,2026-09-11,2026-09-11,9/11 23:32,パチンコ,3694,eﾌｨｰﾊﾞｰもののがたりF,0385,0.0,0.0,-3.1,0,0,3,,,1/115
東名,2026-09-11,2026-09-11,9/11 23:32,パチンコ,3694,eﾌｨｰﾊﾞｰもののがたりF,0386,-1.6,-0.6,-0.8,0,0,0,1/163,1/54,1/104
東名,2026-09-11,2026-09-11,9/11 23:32,パチンコ,3606,eﾌｨｰﾊﾞｰ彼女、お借りしますH,0405,-8.7,-7.4,50.4,3,6,53,1/388,1/179,1/107
東名,2026-09-11,2026-09-11,9/11 23:32,パチンコ,3804,eﾌｨｰﾊﾞｰ機動戦士ｶﾞﾝﾀﾞﾑSEED2bF,0226,-5.7,-9.4,1.4,7,3,10,1/343,1/367,1/195
東名,2026-09-11,2026-09-11,9/11 23:32,パチンコ,3804,eﾌｨｰﾊﾞｰ機動戦士ｶﾞﾝﾀﾞﾑSEED2bF,0227,6.0,3.2,-5.7,18,15,1,1/106,1/381,1/591
東名,2026-09-11,2026-09-11,9/11 23:32,パチンコ,3804,eﾌｨｰﾊﾞｰ機動戦士ｶﾞﾝﾀﾞﾑSEED2bF,0228,1.9,25.1,8.0,16,36,15,1/167,1/133,1/336
東名,2026-09-11,2026-09-11,9/11 23:32,パチンコ,3639,eﾌｨｰﾊﾞｰ炎炎ﾉ消防隊2MS,0222,12.8,-2.5,1.1,20,0,5,1/108,1/274,1/146
東名,2026-09-11,2026-09-11,9/11 23:32,パチンコ,3639,eﾌｨｰﾊﾞｰ炎炎ﾉ消防隊2MS,0223,-0.8,-2.3,-1.3,6,0,0,1/274,1/219,1/117
東名,2026-09-11,2026-09-11,9/11 23:32,パチンコ,3639,eﾌｨｰﾊﾞｰ炎炎ﾉ消防隊2MS,0224,-1.0,-3.0,-1.7,1,2,0,1/181,1/176,1/171
東名,2026-09-11,2026-09-11,9/11 23:32,パチンコ,3639,eﾌｨｰﾊﾞｰ炎炎ﾉ消防隊2MS,0225,-3.6,-5.5,11.7,1,0,20,1/435,1/597,1/94
東名,2026-09-11,2026-09-11,9/11 23:32,パチンコ,3760,eﾌｨｰﾊﾞｰﾀﾞﾝﾍﾞﾙ何ｷﾛ持てる?2F,0387,-9.8,-1.3,2.7,10,3,5,1/109,1/131,1/122
東名,2026-09-11,2026-09-11,9/11 23:32,パチンコ,3760,eﾌｨｰﾊﾞｰﾀﾞﾝﾍﾞﾙ何ｷﾛ持てる?2F,0388,-5.3,-1.9,-0.6,1,0,1,1/524,1/190,1/61
東名,2026-09-11,2026-09-11,9/11 23:32,パチンコ,3730,eﾌｨｰﾊﾞｰﾊﾞｽﾀｰﾄﾞG,0403,-6.6,-1.3,-0.3,1,0,0,1/683,1/127,1/25
東名,2026-09-11,2026-09-11,9/11 23:32,パチンコ,3670,eﾌｨｰﾊﾞｰﾌﾞﾙｰﾛｯｸMZ,0375,-0.4,-1.1,-4.4,0,0,1,1/41,1/99,1/506
東名,2026-09-11,2026-09-11,9/11 23:32,パチンコ,3670,eﾌｨｰﾊﾞｰﾌﾞﾙｰﾛｯｸMZ,0376,0.0,-0.7,-0.6,0,0,0,,1/73,1/72
東名,2026-09-11,2026-09-11,9/11 23:32,パチンコ,3795,eﾌｨｰﾊﾞｰﾌﾞﾙｰﾛｯｸY,0399,2.6,-3.8,2.2,12,3,18,1/55,1/140,1/72
東名,2026-09-11,2026-09-11,9/11 23:32,パチンコ,3795,eﾌｨｰﾊﾞｰﾌﾞﾙｰﾛｯｸY,0400,-1.7,-3.5,-1.5,0,6,4,1/166,1/81,1/46
東名,2026-09-11,2026-09-11,9/11 23:32,パチンコ,3801,eﾍﾞﾙｾﾙｸ無双2HM4,0395,-7.1,5.2,-4.9,3,34,2,1/301,1/107,1/320
東名,2026-09-11,2026-09-11,9/11 23:32,パチンコ,3649,eﾏｷﾞｱﾚｺｰﾄﾞ魔法少女まどか☆外伝,0383,-0.1,-1.2,-0.3,0,0,0,1/5,1/138,1/30
東名,2026-09-11,2026-09-11,9/11 23:32,パチンコ,3649,eﾏｷﾞｱﾚｺｰﾄﾞ魔法少女まどか☆外伝,0384,0.2,-0.7,0.0,1,0,0,1/39,1/64,
東名,2026-09-11,2026-09-11,9/11 23:32,パチンコ,3764,eﾗｸﾞﾅﾄﾞｰﾙCMB,0362,-1.9,5.0,-1.6,1,9,0,1/188,1/4,1/156
東名,2026-09-11,2026-09-11,9/11 23:32,パチンコ,3763,eﾘｺﾘｽ･ﾘｺｲﾙM3,0363,-5.8,-4.3,-5.3,2,4,13,1/613,1/176,1/104
東名,2026-09-11,2026-09-11,9/11 23:32,パチンコ,3763,eﾘｺﾘｽ･ﾘｺｲﾙM3,0364,-6.0,16.0,6.7,2,57,32,1/305,1/140,1/135
東名,2026-09-11,2026-09-11,9/11 23:32,パチンコ,3770,eﾘﾝｸﾞ 最恐領域RHA,0229,-0.9,2.6,30.1,0,5,38,1/97,1/136,1/88
東名,2026-09-11,2026-09-11,9/11 23:32,パチンコ,3770,eﾘﾝｸﾞ 最恐領域RHA,0230,16.3,0.0,-1.2,17,0,0,1/85,,1/134
東名,2026-09-11,2026-09-11,9/11 23:32,パチンコ,3695,eﾙﾊﾟﾝ三世VSｷｬｯﾂｱｲMAH4,0377,1.3,-2.6,8.0,7,0,21,1/111,1/227,1/110
東名,2026-09-11,2026-09-11,9/11 23:32,パチンコ,2371,P Re:ｾﾞﾛ鬼がかりver.M08,0147,-0.1,-1.1,0.0,0,0,0,1/6,1/128,
東名,2026-09-11,2026-09-11,9/11 23:32,パチンコ,2371,P Re:ｾﾞﾛ鬼がかりver.M08,0148,0.0,-2.9,-4.5,0,0,0,,1/336,1/453
東名,2026-09-11,2026-09-11,9/11 23:32,パチンコ,3749,P/Re:ｾﾞﾛseason2/M04,0336,-4.8,-2.8,1.3,24,1,12,1/306,1/283,1/135
東名,2026-09-11,2026-09-11,9/11 23:32,パチンコ,3692,P/Re:ｾﾞﾛから始める異世界生活L07,0310,-1.8,-0.2,5.8,2,2,7,1/310,1/119,1/156
東名,2026-09-11,2026-09-11,9/11 23:32,パチンコ,2831,P009 RE:CYBORG N3-K,0087,-0.5,0.5,-1.3,0,7,0,1/43,1/37,1/119
東名,2026-09-11,2026-09-11,9/11 23:32,パチンコ,2320,P009RE:CYBORGM4-K,0352,-4.8,-4.0,1.4,2,1,7,1/256,1/446,1/102
東名,2026-09-11,2026-09-11,9/11 23:32,パチンコ,3641,PACYBORG009N2-K,0258,0.0,0.0,0.0,0,0,0,,,
東名,2026-09-11,2026-09-11,9/11 23:32,パチンコ,3548,PAひぐらしのなく頃に･輪廻転生99,0315,-1.1,0.0,1.1,3,4,16,1/86,1/41,1/88
東名,2026-09-11,2026-09-11,9/11 23:32,パチンコ,3409,PAわんわんｾﾚﾌﾞﾚｰｼｮﾝAGBD,0081,-0.1,0.9,-0.5,0,7,0,1/4,1/52,1/39
東名,2026-09-11,2026-09-11,9/11 23:32,パチンコ,3409,PAわんわんｾﾚﾌﾞﾚｰｼｮﾝAGBD,0082,0.6,-0.6,-0.8,8,1,4,1/143,1/93,1/158
東名,2026-09-11,2026-09-11,9/11 23:32,パチンコ,3409,PAわんわんｾﾚﾌﾞﾚｰｼｮﾝAGBD,0083,-2.3,-2.5,0.5,11,11,33,1/72,1/126,1/85
東名,2026-09-11,2026-09-11,9/11 23:32,パチンコ,3409,PAわんわんｾﾚﾌﾞﾚｰｼｮﾝAGBD,0084,3.3,-0.5,-2.4,25,10,4,1/94,1/182,1/112
東名,2026-09-11,2026-09-11,9/11 23:32,パチンコ,3729,PA乗物娘2N,0132,0.1,0.0,-0.2,3,0,0,1/34,,1/22
東名,2026-09-11,2026-09-11,9/11 23:32,パチンコ,3538,PA大海物語5HLD,0215,-0.8,0.2,-3.6,4,4,9,1/61,1/81,1/109
東名,2026-09-11,2026-09-11,9/11 23:32,パチンコ,3538,PA大海物語5HLD,0216,-0.9,-0.7,-0.5,3,1,2,1/207,1/84,1/84
東名,2026-09-11,2026-09-11,9/11 23:32,パチンコ,3824,PA大海物語ｱｸﾞﾈｽﾌﾟﾚﾐｱRBA,0207,-1.5,-1.8,-0.1,36,20,22,1/86,1/90,1/66
東名,2026-09-11,2026-09-11,9/11 23:32,パチンコ,3824,PA大海物語ｱｸﾞﾈｽﾌﾟﾚﾐｱRBA,0208,-1.0,0.5,1.2,10,16,6,1/86,1/80,1/55
東名,2026-09-11,2026-09-11,9/11 23:32,パチンコ,3824,PA大海物語ｱｸﾞﾈｽﾌﾟﾚﾐｱRBA,0209,2.6,0.1,-1.0,24,27,8,1/74,1/64,1/128
東名,2026-09-11,2026-09-11,9/11 23:32,パチンコ,3824,PA大海物語ｱｸﾞﾈｽﾌﾟﾚﾐｱRBA,0210,-4.8,-1.8,-0.6,11,22,7,1/146,1/135,1/99
東名,2026-09-11,2026-09-11,9/11 23:32,パチンコ,2530,PA新海物語AR BB,0218,0.6,0.0,-0.5,4,0,10,1/21,,1/65
東名,2026-09-11,2026-09-11,9/11 23:32,パチンコ,2530,PA新海物語AR BB,0219,-0.5,0.0,3.3,8,5,25,1/123,1/152,1/53
東名,2026-09-11,2026-09-11,9/11 23:32,パチンコ,3601,PA海物語3R3LBA,0194,1.3,-0.4,1.4,40,0,35,1/98,1/39,1/127
東名,2026-09-11,2026-09-11,9/11 23:32,パチンコ,3601,PA海物語3R3LBA,0195,0.0,0.0,-1.0,0,0,0,,,1/117
東名,2026-09-11,2026-09-11,9/11 23:32,パチンコ,2275,PA海物語INｼﾞｬﾊﾟﾝ2RA,0217,0.0,0.0,-0.3,9,0,2,1/76,,1/44
東名,2026-09-11,2026-09-11,9/11 23:32,パチンコ,3712,PA海物語極ｼﾞｬﾊﾟﾝHBD,0192,-0.6,0.4,2.3,0,6,13,1/68,1/41,1/71
東名,2026-09-11,2026-09-11,9/11 23:32,パチンコ,3712,PA海物語極ｼﾞｬﾊﾟﾝHBD,0193,0.0,0.5,-3.1,0,11,7,,1/108,1/295
東名,2026-09-11,2026-09-11,9/11 23:32,パチンコ,3727,PA清流物語4HBB,0196,-0.9,-1.0,-1.5,1,3,13,1/142,1/99,1/47
東名,2026-09-11,2026-09-11,9/11 23:32,パチンコ,2476,PA激ﾃﾞｼﾞｼﾞｭｰｼｰﾊﾆｰ3NCY,0290,1.8,-0.5,-0.6,11,13,20,1/63,1/109,1/134
東名,2026-09-11,2026-09-11,9/11 23:32,パチンコ,3784,PA花の慶次~傾奇一転N,0272,-0.7,-1.5,0.2,0,4,2,1/59,1/143,1/12
東名,2026-09-11,2026-09-11,9/11 23:32,パチンコ,3784,PA花の慶次~傾奇一転N,0273,0.0,0.0,0.0,0,0,0,,,
東名,2026-09-11,2026-09-11,9/11 23:32,パチンコ,3784,PA花の慶次~傾奇一転N,0274,1.9,0.0,0.0,14,0,0,1/34,,
東名,2026-09-11,2026-09-11,9/11 23:32,パチンコ,2183,PA花の慶次~蓮N-V,0282,-0.2,-0.2,-1.0,0,7,0,1/26,1/233,1/93
東名,2026-09-11,2026-09-11,9/11 23:32,パチンコ,2183,PA花の慶次~蓮N-V,0283,-0.6,-0.8,-1.0,0,6,2,1/58,1/131,1/136
東名,2026-09-11,2026-09-11,9/11 23:32,パチンコ,2183,PA花の慶次~蓮N-V,0284,-0.5,2.6,3.2,0,10,10,1/55,1/35,1/43
東名,2026-09-11,2026-09-11,9/11 23:32,パチンコ,3081,PA豊丸ととある企業の最新作2V1,0316,-2.1,1.1,0.1,0,7,4,1/193,1/36,1/74
東名,2026-09-11,2026-09-11,9/11 23:32,パチンコ,3081,PA豊丸ととある企業の最新作2V1,0345,0.5,0.1,0.3,4,8,7,1/69,1/48,1/80
東名,2026-09-11,2026-09-11,9/11 23:32,パチンコ,2338,PA野生の王国5N-K,0324,-0.3,0.2,-0.2,6,5,0,1/55,1/43,1/12
東名,2026-09-11,2026-09-11,9/11 23:32,パチンコ,3707,PA野生の王国6N2,0285,-1.4,-0.3,-2.1,14,12,1,1/128,1/86,1/256
東名,2026-09-11,2026-09-11,9/11 23:32,パチンコ,2425,PA野生の王国どらむN-K1 YT299,0296,3.8,1.5,-1.1,21,19,8,1/66,1/84,1/95
東名,2026-09-11,2026-09-11,9/11 23:32,パチンコ,3666,PAｱｽﾞｰﾙﾚｰﾝ~異次元ﾄﾘｶﾞｰ79Ver.~M2,0311,-1.8,1.5,-0.4,0,20,12,1/184,1/80,1/95
東名,2026-09-11,2026-09-11,9/11 23:32,パチンコ,2395,PAｷﾞﾝﾊﾟﾗ夢幻ｶｰﾆﾊﾞﾙHBA,0092,0.1,0.0,1.3,15,0,8,1/56,,1/79
東名,2026-09-11,2026-09-11,9/11 23:32,パチンコ,3372,PAｺﾏｺﾏ倶楽部with坂本冬美LOOP1,0291,0.0,0.3,-2.3,0,10,8,,1/71,1/162
東名,2026-09-11,2026-09-11,9/11 23:32,パチンコ,3668,PAｼﾝ･ｴｳﾞｧﾝｹﾞﾘｵﾝY,0318,-0.5,-1.6,-4.5,0,6,1,1/47,1/77,1/525
東名,2026-09-11,2026-09-11,9/11 23:32,パチンコ,3668,PAｼﾝ･ｴｳﾞｧﾝｹﾞﾘｵﾝY,0319,-0.2,-0.2,-0.3,1,3,5,1/35,1/19,1/41
東名,2026-09-11,2026-09-11,9/11 23:32,パチンコ,3338,PAｽｰﾊﾟｰ海物語IN地中海2HLA,0213,-0.2,-0.3,-1.2,0,5,0,1/21,1/60,1/109
東名,2026-09-11,2026-09-11,9/11 23:32,パチンコ,3338,PAｽｰﾊﾟｰ海物語IN地中海2HLA,0214,3.9,1.5,-3.0,37,43,12,1/82,1/104,1/86
東名,2026-09-11,2026-09-11,9/11 23:32,パチンコ,2716,PAｽｰﾊﾟｰ海物語IN沖縄5YBA,0197,1.6,-0.6,2.1,15,7,20,1/19,1/95,1/53
東名,2026-09-11,2026-09-11,9/11 23:32,パチンコ,2716,PAｽｰﾊﾟｰ海物語IN沖縄5YBA,0198,-1.0,2.4,-0.5,21,25,0,1/130,1/55,1/67
東名,2026-09-11,2026-09-11,9/11 23:32,パチンコ,3783,PAｽｰﾊﾟｰ海物語IN沖縄6RBD,0220,-2.8,-0.6,1.0,2,0,15,1/192,1/69,1/65
東名,2026-09-11,2026-09-11,9/11 23:32,パチンコ,3783,PAｽｰﾊﾟｰ海物語IN沖縄6RBD,0221,-1.8,1.1,-2.1,5,8,11,1/125,1/76,1/97
東名,2026-09-11,2026-09-11,9/11 23:32,パチンコ,3723,PAﾌｨｰﾊﾞｰうたわれるものY,0288,-0.1,0.0,3.5,1,0,28,1/23,,1/40
東名,2026-09-11,2026-09-11,9/11 23:32,パチンコ,3643,PAﾌｨｰﾊﾞｰ機動戦士ｶﾞﾝﾀﾞﾑﾕﾆｺｰﾝ2 AR,0329,2.7,-1.8,0.8,9,2,9,1/39,1/113,1/68
東名,2026-09-11,2026-09-11,9/11 23:32,パチンコ,2913,PAﾌｨｰﾊﾞｰ起動戦士ｶﾞﾝﾀﾞﾑﾕﾆｺｰﾝbY,0077,-0.3,0.6,0.2,0,4,3,1/23,1/9,1/27
東名,2026-09-11,2026-09-11,9/11 23:32,パチンコ,3776,PAﾌｨｰﾊﾞｰｸｨｰﾝⅡYS,0292,2.5,-0.6,-0.2,66,0,0,1/54,1/62,1/20
東名,2026-09-11,2026-09-11,9/11 23:32,パチンコ,3202,PAﾌｨｰﾊﾞｰﾊﾟﾜﾌﾙR,0095,-1.1,-0.2,-1.5,1,6,0,1/124,1/42,1/140
東名,2026-09-11,2026-09-11,9/11 23:32,パチンコ,3202,PAﾌｨｰﾊﾞｰﾊﾟﾜﾌﾙR,0096,0.6,0.5,2.3,6,13,22,1/113,1/52,1/48
東名,2026-09-11,2026-09-11,9/11 23:32,パチンコ,3411,PCYBORG009VS3-K,0337,0.2,-1.2,-0.3,3,0,6,1/62,1/127,1/204
東名,2026-09-11,2026-09-11,9/11 23:32,パチンコ,2976,PGO!GO!ﾏﾘﾝ3000HCD,0350,0.0,-0.1,-0.6,0,0,1,,1/17,1/97
東名,2026-09-11,2026-09-11,9/11 23:32,パチンコ,3534,PLT OVERLORD魔導王光臨ARC,0343,-1.3,-0.7,0.0,1,0,0,1/191,1/80,
東名,2026-09-11,2026-09-11,9/11 23:32,パチンコ,3599,PLT世界でいちばん強くなりたいMQ,0330,-0.3,-0.2,-0.4,0,0,0,1/38,1/21,1/46
東名,2026-09-11,2026-09-11,9/11 23:32,パチンコ,3592,PToLOVEるﾀﾞｰｸﾈｽL0YU1,0255,-1.4,0.2,-0.4,1,3,0,1/160,1/112,1/47
東名,2026-09-11,2026-09-11,9/11 23:32,パチンコ,3457,PToLOVEるﾀﾞｰｸﾈｽL9YZ4,0151,-0.4,-2.1,-1.0,1,0,1,1/54,1/218,1/106
東名,2026-09-11,2026-09-11,9/11 23:32,パチンコ,3546,Pうまい棒2おかわりちょちょちょ,0308,-2.9,-1.0,-3.7,0,0,0,1/21,1/9,1/30
東名,2026-09-11,2026-09-11,9/11 23:32,パチンコ,3546,Pうまい棒2おかわりちょちょちょ,0309,0.0,0.0,0.0,0,0,0,,,
東名,2026-09-11,2026-09-11,9/11 23:32,パチンコ,3762,Pえとたま2SE,0320,3.0,-1.3,-0.7,10,0,2,1/26,1/154,1/59
東名,2026-09-11,2026-09-11,9/11 23:32,パチンコ,2833,Pとある科学 最強御坂VerRXZ,0347,0.1,-1.5,-0.9,9,19,2,1/90,1/170,1/50
東名,2026-09-11,2026-09-11,9/11 23:32,パチンコ,3374,Pとある科学の超電磁砲2JMB,0263,-0.7,-2.7,-1.0,1,0,0,1/92,1/286,1/102
東名,2026-09-11,2026-09-11,9/11 23:32,パチンコ,3374,Pとある科学の超電磁砲2JMB,0264,-1.1,-1.2,-1.0,0,0,11,1/143,1/129,1/270
東名,2026-09-11,2026-09-11,9/11 23:32,パチンコ,3150,Pとある魔術の禁書目録2JMZ,0304,-0.8,0.0,-0.4,0,1,0,1/64,1/63,1/38
東名,2026-09-11,2026-09-11,9/11 23:32,パチンコ,3150,Pとある魔術の禁書目録2JMZ,0305,2.0,-1.6,0.0,7,0,0,1/352,1/149,
東名,2026-09-11,2026-09-11,9/11 23:32,パチンコ,3447,Pにゃんこ大戦争~多様性のﾈｺ~M4,0137,-1.0,-0.5,-1.0,0,0,1,1/122,1/40,1/118
東名,2026-09-11,2026-09-11,9/11 23:32,パチンコ,3447,Pにゃんこ大戦争~多様性のﾈｺ~M4,0138,-2.5,0.9,-6.9,1,3,11,1/254,1/43,1/121
東名,2026-09-11,2026-09-11,9/11 23:32,パチンコ,3500,P世界最高の暗殺者JMB,0307,-1.4,-0.1,0.0,0,0,0,1/151,1/14,
東名,2026-09-11,2026-09-11,9/11 23:32,パチンコ,3413,P中森明菜･歌姫伝説愛KD-NS,0079,0.4,-3.0,1.3,2,18,7,1/24,1/144,1/44
東名,2026-09-11,2026-09-11,9/11 23:32,パチンコ,3148,P中森明菜･歌姫伝説極KM-TF,0331,1.4,0.0,0.0,6,0,0,1/131,,
東名,2026-09-11,2026-09-11,9/11 23:32,パチンコ,3539,P俺の妹がこんなに可愛いわけが,0333,0.0,0.0,0.0,0,0,0,,,
東名,2026-09-11,2026-09-11,9/11 23:32,パチンコ,2443,P元祖ｷﾞﾝｷﾞﾗﾊﾟﾗﾀﾞｲｽHCB,0091,-1.7,-0.2,0.0,0,0,0,1/213,1/22,
東名,2026-09-11,2026-09-11,9/11 23:32,パチンコ,2167,P冬のｿﾅﾀForeverM2,0141,1.8,-1.4,-1.3,5,0,0,1/124,1/150,1/128
東名,2026-09-11,2026-09-11,9/11 23:32,パチンコ,3234,P化物語2GRPA,0300,-2.0,-3.6,-0.7,0,4,0,1/184,1/442,1/67
東名,2026-09-11,2026-09-11,9/11 23:32,パチンコ,2408,P北斗の拳8究極乱世SSF,0293,1.7,3.6,-4.6,23,48,2,1/37,1/104,1/299
東名,2026-09-11,2026-09-11,9/11 23:32,パチンコ,3200,P北斗の拳強敵SSPA,0128,-1.0,-0.6,-0.7,5,5,1,1/61,1/208,1/104
東名,2026-09-11,2026-09-11,9/11 23:32,パチンコ,3200,P北斗の拳強敵SSPA,0129,-1.6,-2.0,0.9,0,0,11,1/155,1/215,1/36
東名,2026-09-11,2026-09-11,9/11 23:32,パチンコ,3200,P北斗の拳強敵SSPA,0130,-1.2,-1.4,2.2,0,2,14,1/129,1/172,1/99
東名,2026-09-11,2026-09-11,9/11 23:32,パチンコ,3200,P北斗の拳強敵SSPA,0131,0.1,-6.0,-0.5,6,4,0,1/116,1/163,1/42
東名,2026-09-11,2026-09-11,9/11 23:32,パチンコ,2896,P北斗の拳暴凶星SFPA,0125,-2.1,-0.4,0.5,11,0,4,1/185,1/50,1/144
東名,2026-09-11,2026-09-11,9/11 23:32,パチンコ,2896,P北斗の拳暴凶星SFPA,0126,2.1,0.6,-1.0,3,1,1,1/28,1/21,1/171
東名,2026-09-11,2026-09-11,9/11 23:32,パチンコ,2896,P北斗の拳暴凶星SFPA,0127,-1.0,-0.7,13.9,0,0,29,1/105,1/76,1/133
東名,2026-09-11,2026-09-11,9/11 23:32,パチンコ,2803,P地獄少女覚醒3000Ver FHZ,0289,-0.2,0.0,-0.2,0,0,0,1/17,,1/20
東名,2026-09-11,2026-09-11,9/11 23:32,パチンコ,3424,P大海物語5ｽﾍﾟｼｬﾙALTA,0203,-0.7,-0.1,0.0,3,0,0,1/167,1/9,
東名,2026-09-11,2026-09-11,9/11 23:32,パチンコ,3424,P大海物語5ｽﾍﾟｼｬﾙALTA,0204,-4.9,-0.9,-0.6,5,1,0,1/308,1/168,1/51
東名,2026-09-11,2026-09-11,9/11 23:32,パチンコ,3424,P大海物語5ｽﾍﾟｼｬﾙALTA,0205,-1.3,2.2,-2.4,1,5,0,1/216,1/98,1/298
東名,2026-09-11,2026-09-11,9/11 23:32,パチンコ,3424,P大海物語5ｽﾍﾟｼｬﾙALTA,0206,-5.3,-1.0,0.9,5,8,4,1/546,1/268,1/251
東名,2026-09-11,2026-09-11,9/11 23:32,パチンコ,2770,P天才ﾊﾞｶﾎﾞﾝ6FD-RS,0351,-3.9,-3.4,3.2,1,1,15,1/411,1/334,1/104
東名,2026-09-11,2026-09-11,9/11 23:32,パチンコ,3203,P天才ﾊﾞｶﾎﾞﾝ7~福神ｽﾍﾟｯｸ~LTH-JH,0302,10.5,2.2,-1.1,25,9,3,1/53,1/77,1/86
東名,2026-09-11,2026-09-11,9/11 23:32,パチンコ,2494,P宇宙戦艦ﾔﾏﾄ2022 ONLYONE R,0317,0.6,0.0,2.5,21,0,24,1/187,,1/86
東名,2026-09-11,2026-09-11,9/11 23:32,パチンコ,3410,P宇宙戦艦ﾔﾏﾄ2202-3G,0265,-4.1,-0.4,-1.5,2,0,0,1/254,1/46,1/183
東名,2026-09-11,2026-09-11,9/11 23:32,パチンコ,3410,P宇宙戦艦ﾔﾏﾄ2202-3G,0266,-0.8,-1.5,0.0,0,1,0,1/66,1/176,
東名,2026-09-11,2026-09-11,9/11 23:32,パチンコ,3591,P宇宙戦艦ﾔﾏﾄ2202-3MF,0140,0.0,-0.1,0.6,0,0,1,,1/4,1/16
東名,2026-09-11,2026-09-11,9/11 23:32,パチンコ,2266,P宇宙戦艦ﾔﾏﾄ2202bS,0299,0.0,-1.2,-2.8,0,1,0,,1/114,1/311
東名,2026-09-11,2026-09-11,9/11 23:32,パチンコ,3161,P弾球黙示録ｶｲｼﾞ沼5V1U,0261,-2.1,26.6,0.0,0,38,0,1/229,1/82,
東名,2026-09-11,2026-09-11,9/11 23:32,パチンコ,3161,P弾球黙示録ｶｲｼﾞ沼5V1U,0262,0.0,0.0,-0.3,0,0,0,,,1/26
東名,2026-09-11,2026-09-11,9/11 23:32,パチンコ,3669,P戦国乙女7H0YZ3,0252,-0.3,-1.8,-1.6,0,2,7,1/65,1/198,1/239
東名,2026-09-11,2026-09-11,9/11 23:32,パチンコ,3748,P戦国乙女7L0YU1,0268,0.7,0.7,0.7,11,5,8,1/60,1/47,1/48
東名,2026-09-11,2026-09-11,9/11 23:32,パチンコ,3748,P戦国乙女7L0YU1,0269,2.1,-0.4,7.5,11,0,45,1/28,1/41,1/31
東名,2026-09-11,2026-09-11,9/11 23:32,パチンコ,3748,P戦国乙女7L0YU1,0270,1.6,-0.3,0.0,9,7,0,1/81,1/32,
東名,2026-09-11,2026-09-11,9/11 23:32,パチンコ,2767,P戦国乙女ﾚｼﾞｪﾝﾄﾞﾊﾞﾄﾙ9YU1Y,0294,-1.3,-4.2,-0.6,11,17,10,1/111,1/141,1/145
東名,2026-09-11,2026-09-11,9/11 23:32,パチンコ,3617,P戦国無双HM3,0278,-1.0,-0.6,-0.8,1,0,2,1/233,1/121,1/134
東名,2026-09-11,2026-09-11,9/11 23:32,パチンコ,3617,P戦国無双HM3,0279,-0.6,-2.6,14.6,1,1,38,1/162,1/532,1/241
東名,2026-09-11,2026-09-11,9/11 23:32,パチンコ,2361,P新世紀ｴｳﾞｧﾝｹﾞﾘｵﾝ15 未来への咆哮,0169,5.1,2.2,6.3,10,5,19,1/245,1/67,1/101
東名,2026-09-11,2026-09-11,9/11 23:32,パチンコ,2361,P新世紀ｴｳﾞｧﾝｹﾞﾘｵﾝ15 未来への咆哮,0170,-6.3,4.4,-6.5,1,8,1,1/700,1/132,1/759
東名,2026-09-11,2026-09-11,9/11 23:32,パチンコ,2361,P新世紀ｴｳﾞｧﾝｹﾞﾘｵﾝ15 未来への咆哮,0171,-3.1,-4.5,17.0,0,2,24,1/327,1/549,1/108
東名,2026-09-11,2026-09-11,9/11 23:32,パチンコ,2361,P新世紀ｴｳﾞｧﾝｹﾞﾘｵﾝ15 未来への咆哮,0172,-3.5,-7.3,9.7,0,0,26,1/377,1/758,1/336
東名,2026-09-11,2026-09-11,9/11 23:32,パチンコ,2361,P新世紀ｴｳﾞｧﾝｹﾞﾘｵﾝ15 未来への咆哮,0173,0.4,-0.3,-3.2,4,0,0,1/211,1/24,1/386
東名,2026-09-11,2026-09-11,9/11 23:32,パチンコ,2361,P新世紀ｴｳﾞｧﾝｹﾞﾘｵﾝ15 未来への咆哮,0174,-1.9,-1.8,-2.3,6,1,4,1/148,1/253,1/160
東名,2026-09-11,2026-09-11,9/11 23:32,パチンコ,2361,P新世紀ｴｳﾞｧﾝｹﾞﾘｵﾝ15 未来への咆哮,0175,-0.7,3.8,-3.8,0,6,1,1/65,1/30,1/458
東名,2026-09-11,2026-09-11,9/11 23:32,パチンコ,2361,P新世紀ｴｳﾞｧﾝｹﾞﾘｵﾝ15 未来への咆哮,0176,2.8,4.4,-4.7,9,10,4,1/164,1/148,1/157
東名,2026-09-11,2026-09-11,9/11 23:32,パチンコ,3022,P新世紀ｴｳﾞｧﾝｹﾞﾘｵﾝ15未来への咆哮F,0257,0.2,-2.4,-4.2,7,2,2,1/84,1/120,1/242
東名,2026-09-11,2026-09-11,9/11 23:32,パチンコ,3181,P新世紀ｴｳﾞｧﾝｹﾞﾘｵﾝ15未来への咆哮Y,0123,5.5,0.6,10.5,25,17,32,1/71,1/186,1/20
東名,2026-09-11,2026-09-11,9/11 23:32,パチンコ,3181,P新世紀ｴｳﾞｧﾝｹﾞﾘｵﾝ15未来への咆哮Y,0124,-3.4,1.7,1.8,3,15,6,1/195,1/112,1/52
東名,2026-09-11,2026-09-11,9/11 23:32,パチンコ,3420,P江頭2:50 inﾅﾅｼｰV3,0303,-0.2,-0.1,1.1,2,0,3,1/185,,1/25
東名,2026-09-11,2026-09-11,9/11 23:32,パチンコ,3714,P沖ﾄﾞｷ!LG,0286,0.0,-2.2,0.0,0,1,0,,1/30,
東名,2026-09-11,2026-09-11,9/11 23:32,パチンコ,2157,P海物語E,0089,-0.3,-0.4,1.3,0,0,5,1/43,1/70,1/305
東名,2026-09-11,2026-09-11,9/11 23:32,パチンコ,2157,P海物語E,0090,0.0,-0.1,-1.1,0,0,0,1/1,1/2,1/118
東名,2026-09-11,2026-09-11,9/11 23:32,パチンコ,2157,P海物語E,0146,0.0,-0.7,-0.1,0,0,0,,1/80,1/3
東名,2026-09-11,2026-09-11,9/11 23:32,パチンコ,2157,P海物語E,0211,-0.1,-1.7,0.9,0,0,13,1/13,1/225,1/183
東名,2026-09-11,2026-09-11,9/11 23:32,パチンコ,2157,P海物語E,0212,-0.3,-1.5,0.0,0,0,1,1/47,1/185,1/94
東名,2026-09-11,2026-09-11,9/11 23:32,パチンコ,3024,P消されたﾙﾊﾟﾝ9YU1Y,0287,-2.0,-1.6,-0.3,2,10,0,1/113,1/121,1/37
東名,2026-09-11,2026-09-11,9/11 23:32,パチンコ,3252,P牙狼11~冴島大河~XX-MU,0159,0.0,-2.6,10.4,0,1,15,,1/346,1/79
東名,2026-09-11,2026-09-11,9/11 23:32,パチンコ,3252,P牙狼11~冴島大河~XX-MU,0160,0.0,0.0,-0.9,0,0,0,,,1/93
東名,2026-09-11,2026-09-11,9/11 23:32,パチンコ,3252,P牙狼11~冴島大河~XX-MU,0161,3.1,0.0,-0.1,6,0,0,1/101,,1/14
東名,2026-09-11,2026-09-11,9/11 23:32,パチンコ,2412,P真北斗無双3ｼﾞｬｷﾞの逆襲GEE,0325,0.0,9.4,-0.2,0,13,0,,1/14,1/13
東名,2026-09-11,2026-09-11,9/11 23:32,パチンコ,2391,P真北斗無双FWQG,0162,8.1,-0.3,-3.3,15,0,0,1/39,1/25,1/345
東名,2026-09-11,2026-09-11,9/11 23:32,パチンコ,2391,P真北斗無双FWQG,0163,0.0,-0.4,-1.0,0,0,0,,1/36,1/97
東名,2026-09-11,2026-09-11,9/11 23:32,パチンコ,2391,P真北斗無双FWQG,0164,0.0,-0.6,-0.5,0,0,0,,1/52,1/50
東名,2026-09-11,2026-09-11,9/11 23:32,パチンコ,2391,P真北斗無双FWQG,0165,0.0,-2.7,-4.4,0,4,0,,1/274,1/446
東名,2026-09-11,2026-09-11,9/11 23:32,パチンコ,2391,P真北斗無双FWQG,0166,0.0,-0.4,-4.7,0,0,0,,1/37,1/439
東名,2026-09-11,2026-09-11,9/11 23:32,パチンコ,2391,P真北斗無双FWQG,0167,-0.1,-0.3,-1.4,0,0,0,1/21,1/28,1/151
東名,2026-09-11,2026-09-11,9/11 23:32,パチンコ,2391,P真北斗無双FWQG,0168,-2.0,-0.6,1.1,1,2,5,1/256,1/89,1/104
東名,2026-09-11,2026-09-11,9/11 23:32,パチンコ,2978,P真･一騎当千~桃園の誓い~FM-JT,0139,0.0,3.7,0.0,0,5,0,,1/19,
東名,2026-09-11,2026-09-11,9/11 23:32,パチンコ,2978,P真･一騎当千~桃園の誓い~FM-JT,0154,-0.6,-1.1,-0.8,0,0,0,1/61,1/106,1/87
東名,2026-09-11,2026-09-11,9/11 23:32,パチンコ,3453,P真･一騎当千~桃園の誓い~LTH-FH,0332,2.9,-2.8,-3.7,6,2,0,1/57,1/190,1/353
東名,2026-09-11,2026-09-11,9/11 23:32,パチンコ,3162,P真･花の慶次3N-K,0097,-0.8,-0.7,2.9,5,0,10,1/82,1/82,1/47
東名,2026-09-11,2026-09-11,9/11 23:32,パチンコ,3162,P真･花の慶次3N-K,0098,0.0,-0.7,0.2,0,0,4,,1/82,1/35
東名,2026-09-11,2026-09-11,9/11 23:32,パチンコ,3162,P真･花の慶次3N-K,0099,0.0,-0.6,0.0,11,0,0,1/48,1/61,
東名,2026-09-11,2026-09-11,9/11 23:32,パチンコ,3205,P緋弾のｱﾘｱ ~緋緋神降臨~LT搭載FSZ,0088,0.0,0.0,0.6,0,0,6,,,1/200
東名,2026-09-11,2026-09-11,9/11 23:32,パチンコ,3535,P緋弾のｱﾘｱ~緋緋神降臨~199Ver.FQU,0328,0.0,-0.7,-2.9,0,3,0,,1/148,1/306
東名,2026-09-11,2026-09-11,9/11 23:32,パチンコ,3596,P織田信奈の野望全国版V1D,0271,0.0,0.0,0.0,0,0,0,,,
東名,2026-09-11,2026-09-11,9/11 23:32,パチンコ,3596,P織田信奈の野望全国版V1D,0348,0.0,-0.3,0.0,0,0,0,,1/31,
東名,2026-09-11,2026-09-11,9/11 23:32,パチンコ,3790,P織田信奈の野望全国版V4A,0297,-1.4,-0.9,-9.4,0,3,6,1/273,1/149,1/442
東名,2026-09-11,2026-09-11,9/11 23:32,パチンコ,3513,P花の慶次~裂N2-VC,0259,-0.6,-0.2,-0.6,0,0,4,1/62,1/14,1/122
東名,2026-09-11,2026-09-11,9/11 23:32,パチンコ,3513,P花の慶次~裂N2-VC,0260,0.0,0.0,0.0,0,0,0,,,1/1
東名,2026-09-11,2026-09-11,9/11 23:32,パチンコ,3314,P貞子FMD,0253,-2.1,0.0,0.5,5,0,4,1/106,,1/78
東名,2026-09-11,2026-09-11,9/11 23:32,パチンコ,3667,P頭文字D2GCPC,0313,0.0,-0.3,-2.1,0,0,12,,1/36,1/94
東名,2026-09-11,2026-09-11,9/11 23:32,パチンコ,3278,P魔法少女まどか☆ﾏｷﾞｶ3LM3,0155,0.0,-0.7,-2.6,0,1,1,,1/92,1/305
東名,2026-09-11,2026-09-11,9/11 23:32,パチンコ,3278,P魔法少女まどか☆ﾏｷﾞｶ3LM3,0156,-0.6,-0.4,-0.1,0,0,0,1/63,1/36,1/7
東名,2026-09-11,2026-09-11,9/11 23:32,パチンコ,3278,P魔法少女まどか☆ﾏｷﾞｶ3LM3,0157,-0.1,-1.0,-0.1,0,0,0,1/5,1/121,1/6
東名,2026-09-11,2026-09-11,9/11 23:32,パチンコ,3278,P魔法少女まどか☆ﾏｷﾞｶ3LM3,0158,-1.4,-1.2,-0.7,0,3,1,1/125,1/127,1/86
東名,2026-09-11,2026-09-11,9/11 23:32,パチンコ,3732,P黄門ちゃま9AD2,0267,-0.9,0.2,-2.0,1,3,3,1/134,1/55,1/147
東名,2026-09-11,2026-09-11,9/11 23:32,パチンコ,3316,PｱｽﾞｰﾙﾚｰﾝTHE ANIMATION~ﾄﾘｶﾞｰ199~,0149,8.8,-0.6,0.0,11,1,0,1/44,1/65,
東名,2026-09-11,2026-09-11,9/11 23:32,パチンコ,3316,PｱｽﾞｰﾙﾚｰﾝTHE ANIMATION~ﾄﾘｶﾞｰ199~,0150,-1.5,-2.1,0.0,1,1,0,1/154,1/208,
東名,2026-09-11,2026-09-11,9/11 23:32,パチンコ,3552,Pｱﾅｻﾞｰｺﾞｯﾄﾞﾊｰﾃﾞｽ3SB,0342,-0.4,-3.6,-2.6,0,3,1,1/37,1/166,1/305
東名,2026-09-11,2026-09-11,9/11 23:32,パチンコ,3276,Pｸｲｰﾝｽﾞﾌﾞﾚｲﾄﾞ4V1D,0145,0.0,-0.6,-0.2,0,0,0,,1/55,1/14
東名,2026-09-11,2026-09-11,9/11 23:32,パチンコ,3655,Pｸｲｰﾝｽﾞﾌﾞﾚｲﾄﾞ奈落V1C,0326,0.0,0.0,0.0,0,0,0,,,
東名,2026-09-11,2026-09-11,9/11 23:32,パチンコ,3201,Pｺｰﾄﾞｷﾞｱｽ 反逆のﾙﾙｰｼｭ3Y,0086,0.7,3.9,2.4,14,34,31,1/196,1/71,1/64
東名,2026-09-11,2026-09-11,9/11 23:32,パチンコ,2695,Pｺﾞｼﾞﾗ対ｴｳﾞｧﾝｹﾞﾘｵﾝ G細胞覚醒L,0298,-1.7,-0.6,-2.3,0,0,0,1/180,1/64,1/231
東名,2026-09-11,2026-09-11,9/11 23:32,パチンコ,3721,Pｺﾞｼﾞﾗ対ｴｳﾞｧﾝｹﾞﾘｵﾝ2LV,0280,-0.2,-1.8,-0.8,3,2,4,1/134,1/198,1/86
東名,2026-09-11,2026-09-11,9/11 23:32,パチンコ,3259,Pｺﾞﾌﾞﾘﾝｽﾚｲﾔｰ ﾗｯｷｰﾄﾘｶﾞｰVerJVR,0256,0.0,0.0,0.0,0,0,0,,,
東名,2026-09-11,2026-09-11,9/11 23:32,パチンコ,3141,Pｼﾝ･ｴｳﾞｧﾝｹﾞﾘｵﾝX,0117,0.0,-3.2,-5.1,0,0,1,,1/339,1/573
東名,2026-09-11,2026-09-11,9/11 23:32,パチンコ,3141,Pｼﾝ･ｴｳﾞｧﾝｹﾞﾘｵﾝX,0118,6.3,0.0,-0.3,20,0,0,1/194,,1/41
東名,2026-09-11,2026-09-11,9/11 23:32,パチンコ,3141,Pｼﾝ･ｴｳﾞｧﾝｹﾞﾘｵﾝX,0119,-1.0,-0.1,-0.2,0,0,0,1/106,1/11,1/24
東名,2026-09-11,2026-09-11,9/11 23:32,パチンコ,3141,Pｼﾝ･ｴｳﾞｧﾝｹﾞﾘｵﾝX,0120,0.0,10.9,0.0,0,24,0,,1/98,
東名,2026-09-11,2026-09-11,9/11 23:32,パチンコ,3141,Pｼﾝ･ｴｳﾞｧﾝｹﾞﾘｵﾝX,0121,0.0,-0.1,0.0,0,0,0,,1/6,
東名,2026-09-11,2026-09-11,9/11 23:32,パチンコ,3141,Pｼﾝ･ｴｳﾞｧﾝｹﾞﾘｵﾝX,0122,-0.3,-2.2,0.0,0,0,0,1/32,1/232,
東名,2026-09-11,2026-09-11,9/11 23:32,パチンコ,3603,Pｼﾞｭｰｼｰﾊﾆｰ極嬢77LT-ARB,0078,-0.7,0.0,0.0,0,0,0,1/78,,
東名,2026-09-11,2026-09-11,9/11 23:32,パチンコ,3501,Pｼﾞｭｰｼｰﾊﾆｰ極嬢MA,0344,-1.1,-2.4,-4.7,2,1,8,1/94,1/274,1/210
東名,2026-09-11,2026-09-11,9/11 23:32,パチンコ,3681,Pｽｰﾊﾟｰ海物語IN沖縄6LTP,0199,-3.6,-0.7,-0.9,0,0,0,1/444,1/76,1/104
東名,2026-09-11,2026-09-11,9/11 23:32,パチンコ,3681,Pｽｰﾊﾟｰ海物語IN沖縄6LTP,0200,-1.1,-0.2,1.0,0,3,11,1/128,1/330,1/143
東名,2026-09-11,2026-09-11,9/11 23:32,パチンコ,3681,Pｽｰﾊﾟｰ海物語IN沖縄6LTP,0201,-0.9,0.1,-1.5,0,3,0,1/112,1/285,1/187
東名,2026-09-11,2026-09-11,9/11 23:32,パチンコ,3681,Pｽｰﾊﾟｰ海物語IN沖縄6LTP,0202,0.4,0.8,-0.8,19,4,10,1/410,1/199,1/552
東名,2026-09-11,2026-09-11,9/11 23:32,パチンコ,3564,PｿﾞﾝﾋﾞﾗﾝﾄﾞｻｶﾞSCPC,0093,-0.1,0.0,-0.4,0,0,0,1/8,,1/33
東名,2026-09-11,2026-09-11,9/11 23:32,パチンコ,3564,PｿﾞﾝﾋﾞﾗﾝﾄﾞｻｶﾞSCPC,0094,0.0,0.0,-0.1,0,0,0,,,1/7
東名,2026-09-11,2026-09-11,9/11 23:32,パチンコ,3593,Pﾃﾞｼﾞﾊﾈ北斗の拳慈母SSPC,0100,0.0,-0.2,0.0,0,0,0,,1/16,
東名,2026-09-11,2026-09-11,9/11 23:32,パチンコ,3593,Pﾃﾞｼﾞﾊﾈ北斗の拳慈母SSPC,0101,0.7,-1.1,-0.6,5,0,0,1/28,1/102,1/57
東名,2026-09-11,2026-09-11,9/11 23:32,パチンコ,3593,Pﾃﾞｼﾞﾊﾈ北斗の拳慈母SSPC,0102,-1.3,0.0,-0.1,1,8,0,1/195,1/92,1/10
東名,2026-09-11,2026-09-11,9/11 23:32,パチンコ,3593,Pﾃﾞｼﾞﾊﾈ北斗の拳慈母SSPC,0103,-0.4,-0.4,-0.1,0,3,0,1/31,1/67,1/6
東名,2026-09-11,2026-09-11,9/11 23:32,パチンコ,3176,Pﾃﾞｼﾞﾊﾈ聖戦士ﾀﾞﾝﾊﾞｲﾝ2SSPB,0321,-0.3,-0.4,-0.1,1,0,0,1/38,1/30,1/5
東名,2026-09-11,2026-09-11,9/11 23:32,パチンコ,3176,Pﾃﾞｼﾞﾊﾈ聖戦士ﾀﾞﾝﾊﾞｲﾝ2SSPB,0322,-0.9,0.0,4.4,3,0,56,1/122,,1/51
東名,2026-09-11,2026-09-11,9/11 23:32,パチンコ,3602,PﾃﾞｼﾞﾊﾈﾓﾝｽﾀｰﾊﾝﾀｰﾗｲｽﾞGSPB,0152,0.7,0.0,0.0,9,0,0,1/61,,
東名,2026-09-11,2026-09-11,9/11 23:32,パチンコ,3602,PﾃﾞｼﾞﾊﾈﾓﾝｽﾀｰﾊﾝﾀｰﾗｲｽﾞGSPB,0153,0.0,0.0,-0.5,0,0,0,,,1/38
東名,2026-09-11,2026-09-11,9/11 23:32,パチンコ,2996,Pﾃﾞﾋﾞﾙﾏﾝ黄金黙示録N-K1 YT250,0312,-0.3,-2.8,-1.9,11,31,2,1/53,1/139,1/296
東名,2026-09-11,2026-09-11,9/11 23:32,パチンコ,3642,Pﾄﾞﾗﾑだ!金ﾄﾞﾝSB,0301,0.0,-0.9,0.0,0,0,0,,1/83,
東名,2026-09-11,2026-09-11,9/11 23:32,パチンコ,3179,PﾆｭｰﾄｷｵGREENV1,0341,-0.8,-0.7,0.0,1,3,8,1/70,1/31,1/24
東名,2026-09-11,2026-09-11,9/11 23:32,パチンコ,3515,PﾊﾈﾓﾉﾌｧﾐﾘｰｽﾀｼﾞｱﾑMD,0338,0.3,-1.3,-0.1,1,1,1,1/19,1/115,1/56
東名,2026-09-11,2026-09-11,9/11 23:32,パチンコ,3515,PﾊﾈﾓﾉﾌｧﾐﾘｰｽﾀｼﾞｱﾑMD,0339,-0.3,-1.0,-0.3,0,6,1,1/20,1/39,1/52
東名,2026-09-11,2026-09-11,9/11 23:32,パチンコ,3235,PﾊﾞｲｵﾊｻﾞｰﾄﾞRE2L9YZ4,0346,13.1,-1.7,-0.1,19,0,0,1/101,1/178,1/4
東名,2026-09-11,2026-09-11,9/11 23:32,パチンコ,3361,PﾊﾞﾝﾄﾞﾘH1YZ4,0327,-0.6,0.0,-1.3,0,0,0,1/60,,1/142
東名,2026-09-11,2026-09-11,9/11 23:32,パチンコ,3537,PﾊﾞﾝﾄﾞﾘL1AU1,0306,-0.1,-0.2,-0.3,0,10,2,1/5,1/181,1/65
東名,2026-09-11,2026-09-11,9/11 23:32,パチンコ,3090,PﾌｨｰﾊﾞｰからくりｻｰｶｽY,0323,0.1,0.0,-1.1,3,0,0,1/37,,1/108
東名,2026-09-11,2026-09-11,9/11 23:32,パチンコ,3722,Pﾌｨｰﾊﾞｰ彼女、お借りしますLR,0281,-0.2,-1.0,-0.4,0,0,1,1/43,1/182,1/113
東名,2026-09-11,2026-09-11,9/11 23:32,パチンコ,3526,Pﾌｨｰﾊﾞｰ戦姫絶唱ｼﾝﾌｫｷﾞｱ4Z,0133,0.0,-0.3,0.0,0,0,0,,1/29,
東名,2026-09-11,2026-09-11,9/11 23:32,パチンコ,3526,Pﾌｨｰﾊﾞｰ戦姫絶唱ｼﾝﾌｫｷﾞｱ4Z,0134,-0.3,-0.1,-0.2,0,0,0,1/25,1/14,1/19
東名,2026-09-11,2026-09-11,9/11 23:32,パチンコ,3526,Pﾌｨｰﾊﾞｰ戦姫絶唱ｼﾝﾌｫｷﾞｱ4Z,0135,-0.2,-0.3,-0.3,0,0,0,1/17,1/32,1/25
東名,2026-09-11,2026-09-11,9/11 23:32,パチンコ,3526,Pﾌｨｰﾊﾞｰ戦姫絶唱ｼﾝﾌｫｷﾞｱ4Z,0136,0.0,0.0,-0.4,0,0,0,,,1/48
東名,2026-09-11,2026-09-11,9/11 23:32,パチンコ,3597,Pﾌｨｰﾊﾞｰ機動戦士ｶﾞﾝﾀﾞﾑﾕﾆｺｰﾝ2 Y,0254,-0.5,-0.9,-0.4,1,1,0,1/67,1/110,1/38
東名,2026-09-11,2026-09-11,9/11 23:32,パチンコ,2872,Pﾌｨｰﾊﾞｰ炎炎ﾉ消防隊G,0275,-1.4,4.7,-0.1,2,8,4,1/283,1/169,1/325
東名,2026-09-11,2026-09-11,9/11 23:32,パチンコ,2872,Pﾌｨｰﾊﾞｰ炎炎ﾉ消防隊G,0276,-3.2,-3.4,-1.0,0,0,0,1/289,1/339,1/90
東名,2026-09-11,2026-09-11,9/11 23:32,パチンコ,2872,Pﾌｨｰﾊﾞｰ炎炎ﾉ消防隊G,0277,-0.8,-1.7,-0.8,0,1,0,1/63,1/239,1/83
東名,2026-09-11,2026-09-11,9/11 23:32,パチンコ,3261,Pﾌｨｰﾊﾞｰ炎炎ﾉ消防隊YR,0076,0.2,0.4,-2.3,4,3,2,1/39,1/71,1/266
東名,2026-09-11,2026-09-11,9/11 23:32,パチンコ,2967,PﾌｨｰﾊﾞｰｸｨｰﾝⅡV,0295,0.0,-1.6,-1.3,0,3,2,,1/117,1/165
東名,2026-09-11,2026-09-11,9/11 23:32,パチンコ,3514,Pﾌﾞﾗｯｸﾗｸﾞｰﾝ4GCPA,0334,0.0,-2.8,-1.1,0,3,1,,1/112,1/119
東名,2026-09-11,2026-09-11,9/11 23:32,パチンコ,2949,Pﾌﾞﾗｯｸﾗｸﾞｰﾝ4GFPJ,0349,-0.5,-4.8,-5.9,1,2,0,1/80,1/266,1/559
東名,2026-09-11,2026-09-11,9/11 23:32,パチンコ,3152,Pﾎﾟﾁｯと一発おだてﾌﾞﾀ2V1,0340,-1.3,-0.2,1.1,3,9,8,1/47,1/30,1/22
東名,2026-09-11,2026-09-11,9/11 23:32,パチンコ,3703,PﾒｲﾄﾞｲﾝｱﾋﾞｽSL,0335,1.2,0.1,0.3,8,2,3,1/50,1/32,1/38
東名,2026-09-11,2026-09-11,9/11 23:32,パチンコ,3427,Pﾘﾝｸﾞ 呪いの7日間3 Light JVZ,0085,-0.7,-1.1,-0.6,0,0,1,1/64,1/130,1/54
東名,2026-09-11,2026-09-11,9/11 23:32,パチンコ,3360,Pﾘﾝｸﾞ 呪いの7日間3 LT搭載 JSG,0142,0.0,0.0,-0.3,0,0,0,,,1/36
東名,2026-09-11,2026-09-11,9/11 23:32,パチンコ,3360,Pﾘﾝｸﾞ 呪いの7日間3 LT搭載 JSG,0143,0.0,1.2,0.0,0,7,0,,1/61,
東名,2026-09-11,2026-09-11,9/11 23:32,パチンコ,3360,Pﾘﾝｸﾞ 呪いの7日間3 LT搭載 JSG,0144,-0.6,0.0,0.0,3,0,0,1/224,,
東名,2026-09-11,2026-09-11,9/11 23:32,パチンコ,3375,Pﾙﾊﾟﾝ三世137YR2,0080,0.0,-0.8,-2.1,0,0,8,,1/91,1/67
東名,2026-09-11,2026-09-11,9/11 23:32,パチンコ,3679,Pﾙﾊﾟﾝ三世14L0YU1,0314,0.0,-1.3,-0.9,0,1,1,,1/178,1/126
東名,2026-09-11,2026-09-11,9/11 23:32,パチンコ,3816,①e/吉宗極乗3000ver/L06,0055,-4.4,-7.9,-1.0,4,1,10,1/145,1/797,1/212
東名,2026-09-11,2026-09-11,9/11 23:32,パチンコ,3816,①e/吉宗極乗3000ver/L06,0056,-10.9,-10.0,-5.7,3,6,2,1/418,1/243,1/316
東名,2026-09-11,2026-09-11,9/11 23:32,パチンコ,3800,①e/押忍番長漢の頂/L09,0054,19.7,12.1,-11.0,44,29,3,1/172,1/73,1/344
東名,2026-09-11,2026-09-11,9/11 23:32,パチンコ,3739,①e牙狼神速神撃3000LT-RB,0059,-9.8,8.2,3.6,3,14,4,1/337,1/140,1/107
東名,2026-09-11,2026-09-11,9/11 23:32,パチンコ,3739,①e牙狼神速神撃3000LT-RB,0060,10.2,-3.9,-6.2,11,0,4,1/35,1/392,1/432
東名,2026-09-11,2026-09-11,9/11 23:32,パチンコ,3818,①e甲鉄城のｶﾊﾞﾈﾘ2GFEA,0058,-2.9,-3.9,4.1,3,4,14,1/614,1/909,1/97
東名,2026-09-11,2026-09-11,9/11 23:32,パチンコ,3817,①e花の慶次~黄金の一撃H4,0053,4.5,7.5,-13.7,14,10,1,1/384,1/89,1/1328
東名,2026-09-11,2026-09-11,9/11 23:32,パチンコ,3754,①eｺﾞｼﾞﾗ対ｴｳﾞｧﾝｹﾞﾘｵﾝ2bA,0057,-0.6,-0.9,-10.6,0,0,2,1/60,1/87,1/550
東名,2026-09-11,2026-09-11,9/11 23:32,パチンコ,2641,①PAぱちんこ仮面ﾗｲﾀﾞｰ轟音MA1,0001,0.4,-1.4,3.1,22,22,16,1/47,1/142,1/12
東名,2026-09-11,2026-09-11,9/11 23:32,パチンコ,3139,①PAぱちんこ冬のｿﾅﾀForeverMA1,0034,2.8,2.8,1.7,31,45,25,1/84,1/70,1/54
東名,2026-09-11,2026-09-11,9/11 23:32,パチンコ,2554,①PA大海物語4ｽﾍﾟｼｬﾙRBA,0009,-0.5,2.5,-2.4,13,19,4,1/63,1/53,1/117
東名,2026-09-11,2026-09-11,9/11 23:32,パチンコ,3137,①PA大海物語4ｽﾍﾟｼｬﾙRBA,0023,1.1,1.4,-0.4,37,14,1,1/85,1/58,1/64
東名,2026-09-11,2026-09-11,9/11 23:32,パチンコ,3137,①PA大海物語4ｽﾍﾟｼｬﾙRBA,0027,-2.1,1.4,0.6,7,8,12,1/166,1/28,1/76
東名,2026-09-11,2026-09-11,9/11 23:32,パチンコ,3614,①PA大海物語5ARBC,0026,1.9,1.2,0.2,33,24,13,1/143,1/73,1/113
東名,2026-09-11,2026-09-11,9/11 23:32,パチンコ,3614,①PA大海物語5ARBC,0049,1.5,-1.2,-2.5,21,6,8,1/41,1/136,1/169
東名,2026-09-11,2026-09-11,9/11 23:32,パチンコ,3652,①PA海物語3R2ｽﾍﾟｼｬﾙMBA,0010,-2.2,-0.3,0.5,5,0,19,1/312,1/38,1/80
東名,2026-09-11,2026-09-11,9/11 23:32,パチンコ,3652,①PA海物語3R2ｽﾍﾟｼｬﾙMBA,0024,1.2,0.4,-0.7,15,16,0,1/101,1/98,1/107
東名,2026-09-11,2026-09-11,9/11 23:32,パチンコ,3549,①PA激ﾃﾞｼﾞ牙狼月虹ﾉ旅人-RL,0042,-3.9,-1.5,-7.7,8,6,17,1/100,1/84,1/108
東名,2026-09-11,2026-09-11,9/11 23:32,パチンコ,3347,①PA真･暴れん坊将軍99Ver.FWZ,0033,-1.8,-0.6,1.3,2,1,14,1/145,1/114,1/113
東名,2026-09-11,2026-09-11,9/11 23:32,パチンコ,3431,①PA真･花の慶次2N2-X1,0006,2.0,-2.1,-0.6,21,0,23,1/71,1/236,1/158
東名,2026-09-11,2026-09-11,9/11 23:32,パチンコ,3431,①PA真･花の慶次2N2-X1,0008,0.6,3.2,-3.9,9,24,7,1/115,1/33,1/102
東名,2026-09-11,2026-09-11,9/11 23:32,パチンコ,3226,①PAｽｰﾊﾟｰ海物語INｼﾞｬﾊﾟﾝ2RA,0021,0.0,0.0,0.0,0,0,12,,,1/101
東名,2026-09-11,2026-09-11,9/11 23:32,パチンコ,3756,①PAﾌｨｰﾊﾞｰﾀﾞﾝﾍﾞﾙ何ｷﾛ持てる?Y,0018,-0.9,-1.3,1.1,27,23,26,1/75,1/97,1/75
東名,2026-09-11,2026-09-11,9/11 23:32,パチンコ,3662,①PGO!GO!ﾏﾘﾝ3000HCD,0048,-2.1,-1.9,-7.4,6,0,14,1/161,1/205,1/242
東名,2026-09-11,2026-09-11,9/11 23:32,パチンコ,3628,①Pうまい棒4500から10500V1,0046,-2.1,-0.3,-2.5,0,0,0,1/16,1/2,1/17
東名,2026-09-11,2026-09-11,9/11 23:32,パチンコ,3449,①Pぱちんこ水戸黄門4KC1,0044,-0.4,-1.5,4.2,0,0,7,1/36,1/162,1/127
東名,2026-09-11,2026-09-11,9/11 23:32,パチンコ,3758,①PわんﾆｬﾝｱﾄﾞﾍﾞﾝﾁｬｰHCB,0043,2.9,-4.2,-5.6,22,3,4,1/189,1/186,1/375
東名,2026-09-11,2026-09-11,9/11 23:32,パチンコ,3544,①P元祖ｷﾞﾝｷﾞﾗﾊﾟﾗﾀﾞｲｽHCB,0013,-2.3,2.9,7.6,0,18,21,1/256,1/137,1/123
東名,2026-09-11,2026-09-11,9/11 23:32,パチンコ,3620,①P天才ﾊﾞｶﾎﾞﾝ7~福神ｽﾍﾟｯｸ~LTH-JH,0047,-2.0,11.0,-1.2,12,35,0,1/107,1/92,1/143
東名,2026-09-11,2026-09-11,9/11 23:32,パチンコ,3678,①P宇宙戦艦ﾔﾏﾄ2202-3MF,0041,0.5,21.0,-3.9,18,35,7,1/124,1/124,1/247
東名,2026-09-11,2026-09-11,9/11 23:32,パチンコ,3406,①P宇宙戦艦ﾔﾏﾄ2202bH,0037,-4.5,-7.2,3.2,24,25,80,1/113,1/150,1/114
東名,2026-09-11,2026-09-11,9/11 23:32,パチンコ,3574,①P新･遠山の金さん 77Ver.JWZ,0020,0.0,-3.6,-1.3,24,35,34,1/63,1/65,1/47
東名,2026-09-11,2026-09-11,9/11 23:32,パチンコ,2988,①P海物語E,0014,-1.0,1.9,-0.6,0,6,0,1/126,1/288,1/62
東名,2026-09-11,2026-09-11,9/11 23:32,パチンコ,2988,①P海物語E,0015,0.0,-2.6,0.2,3,0,6,1/205,1/279,1/462
東名,2026-09-11,2026-09-11,9/11 23:32,パチンコ,2988,①P海物語E,0030,4.5,-0.2,5.6,9,0,12,1/159,1/31,1/215
東名,2026-09-11,2026-09-11,9/11 23:32,パチンコ,3136,①P海物語E,0028,-0.5,-1.2,-0.7,0,2,0,1/55,1/356,1/84
東名,2026-09-11,2026-09-11,9/11 23:32,パチンコ,3136,①P海物語E,0029,-0.1,0.0,0.0,0,0,0,1/2,,
東名,2026-09-11,2026-09-11,9/11 23:32,パチンコ,3627,①P清流物語4HLC,0025,6.3,-1.2,5.3,14,9,15,1/110,1/332,1/74
東名,2026-09-11,2026-09-11,9/11 23:32,パチンコ,3129,①P激ﾃﾞｼﾞ真･牙狼RBY4,0039,3.8,-1.1,-1.4,37,7,18,1/58,1/78,1/71
東名,2026-09-11,2026-09-11,9/11 23:32,パチンコ,3429,①P百花繚乱FM-JF,0017,-2.2,2.4,1.0,2,5,5,1/289,1/150,1/221
東名,2026-09-11,2026-09-11,9/11 23:32,パチンコ,3633,①P盾の勇者の成り上がりGFPC,0052,-4.7,-1.7,-7.9,0,7,4,1/490,1/242,1/235
東名,2026-09-11,2026-09-11,9/11 23:32,パチンコ,2734,①P真･花の慶次2M3-VC,0038,-1.9,-1.9,3.8,0,13,10,1/176,1/83,1/60
東名,2026-09-11,2026-09-11,9/11 23:32,パチンコ,2730,①P真･花の慶次3L12-K,0012,-6.7,-1.6,-3.4,3,0,6,1/264,1/155,1/214
東名,2026-09-11,2026-09-11,9/11 23:32,パチンコ,3433,①P銀河鉄道99929YU1Y,0002,-1.3,-3.8,2.2,16,12,21,1/122,1/136,1/54
東名,2026-09-11,2026-09-11,9/11 23:32,パチンコ,3466,①P魔王学院の不適合者FMY,0035,-0.2,-4.7,10.6,0,5,17,1/15,1/119,1/65
東名,2026-09-11,2026-09-11,9/11 23:32,パチンコ,2591,①Pｶﾞｰﾙｽﾞ&ﾊﾟﾝﾂｧｰ28YQ1Y,0050,5.5,0.5,-2.1,27,6,14,1/58,1/27,1/67
東名,2026-09-11,2026-09-11,9/11 23:32,パチンコ,3404,①Pｺﾞｼﾞﾗ対ｴｳﾞｧﾝｹﾞﾘｵﾝ G細胞覚醒YR,0022,-6.2,-3.5,0.8,37,17,40,1/111,1/140,1/99
東名,2026-09-11,2026-09-11,9/11 23:32,パチンコ,3624,①Pｽｰﾊﾟｰ海物語IN沖縄5YTC,0004,-0.1,-2.8,-1.2,8,7,8,1/189,1/186,1/306
東名,2026-09-11,2026-09-11,9/11 23:32,パチンコ,3624,①Pｽｰﾊﾟｰ海物語IN沖縄5YTC,0036,-1.9,-3.7,-5.9,0,0,3,1/212,1/387,1/722
東名,2026-09-11,2026-09-11,9/11 23:32,パチンコ,3676,①Pﾃﾞｼﾞﾊﾈｴｳﾚｶｾﾌﾞﾝﾊｲｴﾎﾞ2SSPB,0031,0.7,-4.8,-3.2,24,19,6,1/64,1/150,1/158
東名,2026-09-11,2026-09-11,9/11 23:32,パチンコ,3700,①Pﾊﾞｷ319H1YZ2,0016,-1.0,-0.1,-0.3,0,5,0,1/111,1/386,1/39
東名,2026-09-11,2026-09-11,9/11 23:32,パチンコ,2790,①PﾌｨｰﾊﾞｰからくりｻｰｶｽV,0005,-4.2,-6.0,-4.8,1,1,1,1/543,1/728,1/597
東名,2026-09-11,2026-09-11,9/11 23:32,パチンコ,3403,①Pﾌﾞﾗｯｸﾗｸﾞｰﾝ4GFPJ,0019,-0.3,4.9,17.0,0,8,22,1/22,1/225,1/76
東名,2026-09-11,2026-09-11,9/11 23:32,パチンコ,3130,①PﾓﾓｷｭﾝｿｰﾄﾞGC250A,0040,-0.6,-0.6,-2.4,21,44,19,1/76,1/80,1/75
東名,2026-09-11,2026-09-11,9/11 23:32,パチンコ,3619,①Pﾗﾌﾞ嬢3H1YZ6,0045,-5.1,-5.7,-5.1,1,1,10,1/577,1/682,1/291
東名,2026-09-11,2026-09-11,9/11 23:32,パチンコ,3009,①Pﾘｱﾙ鬼ごっこ2V3A,0003,-2.9,2.8,0.4,20,47,37,1/173,1/46,1/50
東名,2026-09-11,2026-09-11,9/11 23:32,パチンコ,3508,①Pﾘﾝｸﾞ 呪いの7日間3 JMA,0051,-1.5,2.8,-3.8,4,10,1,1/253,1/128,1/504
東名,2026-09-11,2026-09-11,9/11 23:32,パチンコ,2791,①Pﾘﾝｸﾞ呪いの7日間2 FWA,0011,-1.6,4.1,-4.0,8,22,3,1/236,1/95,1/265
東名,2026-09-11,2026-09-11,9/11 23:32,パチンコ,3757,①Pﾙﾊﾟﾝ三世137YR2,0032,7.0,3.1,0.4,37,34,27,1/109,1/67,1/72
東名,2026-09-11,2026-09-11,9/11 23:32,パチンコ,3634,①Pﾙﾊﾟﾝ三世14H1YZ4,0007,-6.8,0.3,-2.0,5,3,0,1/521,1/192,1/193
東名,2026-09-11,2026-09-11,9/11 23:32,パチンコ,3815,②e/押忍番長漢の頂/L09,0113,1.8,-0.4,-1.2,8,0,1,1/101,1/33,1/152
東名,2026-09-11,2026-09-11,9/11 23:32,パチンコ,3819,②eいせれべFSZ,0111,0.0,0.0,0.0,0,0,0,,,
東名,2026-09-11,2026-09-11,9/11 23:32,パチンコ,3819,②eいせれべFSZ,0112,0.0,0.0,0.0,0,0,0,,,
東名,2026-09-11,2026-09-11,9/11 23:32,パチンコ,3789,②e仮面ﾗｲﾀﾞｰBLACK-KRJ2,0114,-0.7,-0.7,2.4,0,0,9,1/89,1/79,1/108
東名,2026-09-11,2026-09-11,9/11 23:32,パチンコ,3740,②eﾌｨｰﾊﾞｰからくりｻｰｶｽ2R,0115,-1.0,0.0,-1.3,1,0,2,1/121,,1/100
東名,2026-09-11,2026-09-11,9/11 23:32,パチンコ,3773,②eﾌｨｰﾊﾞｰ戦姫絶唱ｼﾝﾌｫｷﾞｱ4F,0116,-0.2,0.0,-2.7,0,0,2,1/15,,1/175
東名,2026-09-11,2026-09-11,9/11 23:32,パチンコ,3246,②P009 RE:CYBORG N3-K,0065,-1.0,-0.4,-0.6,1,2,5,1/120,1/75,1/87
東名,2026-09-11,2026-09-11,9/11 23:32,パチンコ,3438,②PA緋弾のｱﾘｱ~緋弾覚醒編~FRA,0061,0.0,8.2,0.0,0,41,0,,1/58,
東名,2026-09-11,2026-09-11,9/11 23:32,パチンコ,3759,②PAﾌｨｰﾊﾞｰかぐや様は告らせたいYG,0071,-1.7,-1.1,-4.2,0,3,3,1/168,1/95,1/170
東名,2026-09-11,2026-09-11,9/11 23:32,パチンコ,3491,②PGⅠ優駿倶楽部2HT,0110,-0.1,0.0,-1.4,0,0,1,1/13,,1/200
東名,2026-09-11,2026-09-11,9/11 23:32,パチンコ,3472,②Psin七つの大罪V3B,0062,4.6,-2.6,-1.4,11,0,0,1/30,1/278,1/170
東名,2026-09-11,2026-09-11,9/11 23:32,パチンコ,3630,②Pうまい棒4500から10500V1,0075,-2.0,-1.5,3.1,0,0,5,1/17,1/11,1/8
東名,2026-09-11,2026-09-11,9/11 23:32,パチンコ,3638,②Pえとたま2MY,0105,0.0,-2.8,-0.3,0,13,0,,1/192,1/34
東名,2026-09-11,2026-09-11,9/11 23:32,パチンコ,3581,②Pとある科学の超電磁砲2JMB,0109,0.0,-1.4,1.8,0,0,6,,1/132,1/355
東名,2026-09-11,2026-09-11,9/11 23:32,パチンコ,3560,②Pとある魔術の禁書目録2JMZ,0068,-1.7,-5.4,7.9,0,1,11,1/202,1/686,1/30
東名,2026-09-11,2026-09-11,9/11 23:32,パチンコ,3622,②P俺の妹がこんなに可愛いわけが,0066,1.6,0.0,4.1,6,0,12,1/38,,1/101
東名,2026-09-11,2026-09-11,9/11 23:32,パチンコ,3621,②P愛の不時着MF,0072,-0.1,0.0,-0.3,0,0,0,1/15,,1/31
東名,2026-09-11,2026-09-11,9/11 23:32,パチンコ,3475,②P牙狼11~冴島大河~XX-MU,0067,-7.2,-1.3,-0.9,0,2,2,1/805,1/256,1/220
東名,2026-09-11,2026-09-11,9/11 23:32,パチンコ,3270,②P真･花の慶次3TL5-MX,0064,-0.1,-0.2,3.4,0,0,11,1/19,1/24,1/289
東名,2026-09-11,2026-09-11,9/11 23:32,パチンコ,3579,②Pｴｳﾞｧﾝｹﾞﾘｵﾝ15未来への咆哮F,0074,4.9,1.0,-3.1,16,12,1,1/185,1/76,1/365
東名,2026-09-11,2026-09-11,9/11 23:32,パチンコ,3387,②Pｺﾞｼﾞﾗ対ｴｳﾞｧﾝｹﾞﾘｵﾝ G細胞覚醒YR,0107,5.3,0.0,2.2,32,0,14,1/48,,1/44
東名,2026-09-11,2026-09-11,9/11 23:32,パチンコ,3629,②Pｺﾞｼﾞﾗ対ｴｳﾞｧﾝｹﾞﾘｵﾝ2R,0108,-1.5,-0.4,-1.0,0,4,0,1/171,1/125,1/125
東名,2026-09-11,2026-09-11,9/11 23:32,パチンコ,3710,②Pｺﾞﾌﾞﾘﾝｽﾚｲﾔｰ ﾗｯｷｰﾄﾘｶﾞｰVer,0069,-1.0,-1.4,-1.3,0,1,0,1/115,1/159,1/142
東名,2026-09-11,2026-09-11,9/11 23:32,パチンコ,3473,②Pｻﾗﾘｰﾏﾝ金太郎 FVE,0063,-0.6,-0.5,0.0,0,0,0,1/53,1/58,
東名,2026-09-11,2026-09-11,9/11 23:32,パチンコ,3584,②Pﾃﾞｼﾞﾊﾈ聖戦士ﾀﾞﾝﾊﾞｲﾝ2SSPB,0073,2.1,-0.2,0.0,25,0,0,1/78,1/26,
東名,2026-09-11,2026-09-11,9/11 23:32,パチンコ,3631,②Pﾌｨｰﾊﾞｰかぐや様は告らせたいR,0106,-0.8,-0.8,-1.2,0,0,0,1/109,1/93,1/121
東名,2026-09-11,2026-09-11,9/11 23:32,パチンコ,3615,②Pﾘﾝｸﾞ 呪いの7日間3 Light JVZ,0104,2.4,0.8,-0.1,16,5,0,1/62,1/90,1/9
東名,2026-09-11,2026-09-11,9/11 23:32,パチンコ,2579,②バジリスク2AB,0070,-2.3,-4.5,-0.9,8,8,14,1/75,1/139,1/131
東名,2026-09-11,2026-09-11,9/11 23:32,スロット,3379,L A-SLOT+このすば FX,0438,0.0,-0.6,-0.2,0,5,0,,1/336,1/88
東名,2026-09-11,2026-09-11,9/11 23:32,スロット,3379,L A-SLOT+このすば FX,0439,-0.3,0.0,-0.4,0,0,0,1/201,,1/237
東名,2026-09-11,2026-09-11,9/11 23:32,スロット,3744,L 甲鉄城のｶﾊﾞﾈﾘ 海門決戦 XX,0591,2.2,0.5,2.3,73,23,37,1/76,1/81,1/68
東名,2026-09-11,2026-09-11,9/11 23:32,スロット,3744,L 甲鉄城のｶﾊﾞﾈﾘ 海門決戦 XX,0592,-1.1,0.9,0.2,51,21,3,1/91,1/69,1/19
東名,2026-09-11,2026-09-11,9/11 23:32,スロット,3744,L 甲鉄城のｶﾊﾞﾈﾘ 海門決戦 XX,0593,-1.8,0.1,-1.9,40,29,24,1/107,1/77,1/117
東名,2026-09-11,2026-09-11,9/11 23:32,スロット,3744,L 甲鉄城のｶﾊﾞﾈﾘ 海門決戦 XX,0594,-1.1,-0.1,1.6,4,14,19,1/195,1/112,1/53
東名,2026-09-11,2026-09-11,9/11 23:32,スロット,3744,L 甲鉄城のｶﾊﾞﾈﾘ 海門決戦 XX,0595,0.5,1.6,0.0,41,19,0,1/86,1/50,
東名,2026-09-11,2026-09-11,9/11 23:32,スロット,3744,L 甲鉄城のｶﾊﾞﾈﾘ 海門決戦 XX,0596,-1.9,-2.1,4.9,17,7,33,1/135,1/213,1/47
東名,2026-09-11,2026-09-11,9/11 23:32,スロット,3744,L 甲鉄城のｶﾊﾞﾈﾘ 海門決戦 XX,0597,-1.8,-1.4,1.3,16,9,21,1/162,1/179,1/66
東名,2026-09-11,2026-09-11,9/11 23:32,スロット,3744,L 甲鉄城のｶﾊﾞﾈﾘ 海門決戦 XX,0598,-0.6,-0.3,-0.6,7,30,2,1/120,1/93,1/251
東名,2026-09-11,2026-09-11,9/11 23:32,スロット,3283,L 防振り FN,0654,-1.5,-1.4,-0.2,1,1,3,1/875,1/823,1/169
東名,2026-09-11,2026-09-11,9/11 23:32,スロット,3283,L 防振り FN,0655,-1.9,0.0,-2.4,3,0,0,1/488,,1/1328
東名,2026-09-11,2026-09-11,9/11 23:32,スロット,3283,L 防振り FN,0656,-0.7,0.0,0.1,1,0,4,1/607,,1/240
東名,2026-09-11,2026-09-11,9/11 23:32,スロット,3828,L ｽﾏｽﾛ ﾘｺﾘｽ･ﾘｺｲﾙ KX,0637,0.7,8.4,-4.8,92,97,32,1/94,1/70,1/154
東名,2026-09-11,2026-09-11,9/11 23:32,スロット,3828,L ｽﾏｽﾛ ﾘｺﾘｽ･ﾘｺｲﾙ KX,0638,-1.3,-2.1,-3.6,73,56,30,1/107,1/108,1/132
東名,2026-09-11,2026-09-11,9/11 23:32,スロット,3828,L ｽﾏｽﾛ ﾘｺﾘｽ･ﾘｺｲﾙ KX,0639,-6.1,-1.4,-1.1,62,58,75,1/136,1/113,1/104
東名,2026-09-11,2026-09-11,9/11 23:32,スロット,3828,L ｽﾏｽﾛ ﾘｺﾘｽ･ﾘｺｲﾙ KX,0640,4.5,-1.3,-1.4,118,53,35,1/81,1/104,1/109
東名,2026-09-11,2026-09-11,9/11 23:32,スロット,3828,L ｽﾏｽﾛ ﾘｺﾘｽ･ﾘｺｲﾙ KX,0641,1.7,-1.8,-0.3,86,56,75,1/98,1/103,1/83
東名,2026-09-11,2026-09-11,9/11 23:32,スロット,3828,L ｽﾏｽﾛ ﾘｺﾘｽ･ﾘｺｲﾙ KX,0642,1.9,-1.1,-2.1,98,84,53,1/94,1/98,1/98
東名,2026-09-11,2026-09-11,9/11 23:32,スロット,3708,L ｽﾏｽﾛ化物語 KH,0537,-0.4,-3.0,-1.5,3,9,2,1/154,1/251,1/437
東名,2026-09-11,2026-09-11,9/11 23:32,スロット,3708,L ｽﾏｽﾛ化物語 KH,0538,-0.8,-2.2,-2.5,1,6,3,1/518,1/285,1/546
東名,2026-09-11,2026-09-11,9/11 23:32,スロット,3724,L ｽﾏｽﾛ北斗の拳 転生の章2 MW,0413,-0.7,-0.9,-3.8,39,21,11,1/99,1/113,1/259
東名,2026-09-11,2026-09-11,9/11 23:32,スロット,3724,L ｽﾏｽﾛ北斗の拳 転生の章2 MW,0414,-0.3,-0.6,0.1,0,4,14,1/131,1/154,1/89
東名,2026-09-11,2026-09-11,9/11 23:32,スロット,3724,L ｽﾏｽﾛ北斗の拳 転生の章2 MW,0415,-3.3,-1.7,1.3,14,7,14,1/206,1/216,1/51
東名,2026-09-11,2026-09-11,9/11 23:32,スロット,3724,L ｽﾏｽﾛ北斗の拳 転生の章2 MW,0416,-0.5,-1.2,-0.3,4,6,0,1/155,1/188,1/126
東名,2026-09-11,2026-09-11,9/11 23:32,スロット,3724,L ｽﾏｽﾛ北斗の拳 転生の章2 MW,0417,-0.2,-1.2,-0.3,0,4,0,1/116,1/238,1/170
東名,2026-09-11,2026-09-11,9/11 23:32,スロット,3724,L ｽﾏｽﾛ北斗の拳 転生の章2 MW,0418,1.5,-0.9,-0.8,30,13,1,1/72,1/122,1/504
東名,2026-09-11,2026-09-11,9/11 23:32,スロット,3724,L ｽﾏｽﾛ北斗の拳 転生の章2 MW,0419,1.6,-0.3,-0.6,23,14,7,1/62,1/111,1/144
東名,2026-09-11,2026-09-11,9/11 23:32,スロット,3724,L ｽﾏｽﾛ北斗の拳 転生の章2 MW,0420,-0.4,-1.2,-0.5,0,6,0,1/170,1/185,1/253
東名,2026-09-11,2026-09-11,9/11 23:32,スロット,3724,L ｽﾏｽﾛ北斗の拳 転生の章2 MW,0421,-1.9,-0.5,-0.3,41,7,0,1/107,1/125,1/135
東名,2026-09-11,2026-09-11,9/11 23:32,スロット,3724,L ｽﾏｽﾛ北斗の拳 転生の章2 MW,0422,-0.8,3.5,-1.9,8,47,6,1/132,1/48,1/246
東名,2026-09-11,2026-09-11,9/11 23:32,スロット,3724,L ｽﾏｽﾛ北斗の拳 転生の章2 MW,0423,-1.1,-0.4,-1.1,43,0,40,1/102,1/204,1/106
東名,2026-09-11,2026-09-11,9/11 23:32,スロット,3736,L ｽﾏｽﾛ攻殻機動隊 ZS,0555,2.4,3.0,-0.3,15,14,6,1/154,1/79,1/154
東名,2026-09-11,2026-09-11,9/11 23:32,スロット,3416,L ｽﾏｽﾛ頭文字D2nd YR,0687,-0.6,-0.2,2.3,1,14,22,1/317,1/102,1/129
東名,2026-09-11,2026-09-11,9/11 23:32,スロット,3416,L ｽﾏｽﾛ頭文字D2nd YR,0688,0.3,-1.6,-2.3,43,11,11,1/100,1/147,1/184
東名,2026-09-11,2026-09-11,9/11 23:32,スロット,3542,L ｽﾏｽﾛｶｲｼﾞ 狂宴 FJ,0660,-0.9,-1.2,-0.3,5,2,6,1/215,1/489,1/195
東名,2026-09-11,2026-09-11,9/11 23:32,スロット,3782,L ﾋﾞｯｸﾞﾄﾞﾘｰﾑ KR,0466,-2.0,0.0,-0.5,3,0,10,1/377,,1/101
東名,2026-09-11,2026-09-11,9/11 23:32,スロット,3782,L ﾋﾞｯｸﾞﾄﾞﾘｰﾑ KR,0467,-2.1,-1.9,-3.2,3,12,6,1/403,1/150,1/323
東名,2026-09-11,2026-09-11,9/11 23:32,スロット,3782,L ﾋﾞｯｸﾞﾄﾞﾘｰﾑ KR,0468,-1.9,0.0,-1.0,3,0,3,1/391,,1/241
東名,2026-09-11,2026-09-11,9/11 23:32,スロット,3533,L/SHAMANKING/SS,0679,-6.2,-0.8,-1.0,8,1,1,1/449,1/464,1/546
東名,2026-09-11,2026-09-11,9/11 23:32,スロット,3609,L/いざ番長/SB8,0545,1.4,0.0,-0.7,10,0,3,1/42,,1/205
東名,2026-09-11,2026-09-11,9/11 23:32,スロット,3609,L/いざ番長/SB8,0546,-0.1,-0.8,-0.9,0,7,10,1/23,1/167,1/160
東名,2026-09-11,2026-09-11,9/11 23:32,スロット,3609,L/いざ番長/SB8,0547,0.0,0.0,-0.4,0,0,3,,,1/169
東名,2026-09-11,2026-09-11,9/11 23:32,スロット,3767,L/真打吉宗/A1,0644,-2.7,-1.2,-2.5,26,13,23,1/132,1/118,1/130
東名,2026-09-11,2026-09-11,9/11 23:32,スロット,3767,L/真打吉宗/A1,0645,-6.3,-5.9,7.0,29,20,84,1/178,1/228,1/45
東名,2026-09-11,2026-09-11,9/11 23:32,スロット,3715,L/ｵｷﾄﾞｷﾃﾞｭｵ2/FR,0689,-0.2,-0.5,-0.1,0,3,0,1/95,1/167,1/42
東名,2026-09-11,2026-09-11,9/11 23:32,スロット,3715,L/ｵｷﾄﾞｷﾃﾞｭｵ2/FR,0690,-0.2,0.0,-0.2,0,0,0,1/63,1/8,1/63
東名,2026-09-11,2026-09-11,9/11 23:32,スロット,3715,L/ｵｷﾄﾞｷﾃﾞｭｵ2/FR,0691,-0.4,-0.1,-0.4,0,0,3,1/161,1/44,1/200
東名,2026-09-11,2026-09-11,9/11 23:32,スロット,3715,L/ｵｷﾄﾞｷﾃﾞｭｵ2/FR,0692,-0.2,5.3,-0.2,0,25,0,1/73,1/25,1/62
東名,2026-09-11,2026-09-11,9/11 23:32,スロット,3716,L/ｽﾏｽﾛ秘宝伝/PA7,0629,-1.1,-0.5,0.0,3,2,2,1/357,1/288,1/145
東名,2026-09-11,2026-09-11,9/11 23:32,スロット,3716,L/ｽﾏｽﾛ秘宝伝/PA7,0630,-0.8,-0.6,-0.3,1,5,0,1/576,1/216,1/216
東名,2026-09-11,2026-09-11,9/11 23:32,スロット,3716,L/ｽﾏｽﾛ秘宝伝/PA7,0631,0.1,4.4,-0.5,1,19,1,1/104,1/61,1/438
東名,2026-09-11,2026-09-11,9/11 23:32,スロット,3562,L/ｽﾏｽﾛﾏｷﾞｱﾚｺｰﾄﾞ/RN,0539,5.4,0.0,0.6,14,0,1,1/187,1/6,1/112
東名,2026-09-11,2026-09-11,9/11 23:32,スロット,3562,L/ｽﾏｽﾛﾏｷﾞｱﾚｺｰﾄﾞ/RN,0540,0.0,0.0,-0.7,0,0,1,,,1/383
東名,2026-09-11,2026-09-11,9/11 23:32,スロット,3562,L/ｽﾏｽﾛﾏｷﾞｱﾚｺｰﾄﾞ/RN,0541,-1.7,0.0,-0.5,9,0,1,1/286,,1/327
東名,2026-09-11,2026-09-11,9/11 23:32,スロット,3788,L/ｿｰﾄﾞｱｰﾄ･ｵﾝﾗｲﾝⅡ/PA1,0548,-3.1,-3.3,-3.7,23,33,66,1/124,1/115,1/124
東名,2026-09-11,2026-09-11,9/11 23:32,スロット,3788,L/ｿｰﾄﾞｱｰﾄ･ｵﾝﾗｲﾝⅡ/PA1,0549,4.6,-0.1,-4.4,72,30,52,1/78,1/94,1/123
東名,2026-09-11,2026-09-11,9/11 23:32,スロット,3788,L/ｿｰﾄﾞｱｰﾄ･ｵﾝﾗｲﾝⅡ/PA1,0550,-3.1,2.2,-4.5,15,52,60,1/178,1/86,1/137
東名,2026-09-11,2026-09-11,9/11 23:32,スロット,3743,L/ﾊﾅﾋﾞ/KM,0479,-1.1,1.2,1.3,6,10,14,1/406,1/236,1/211
東名,2026-09-11,2026-09-11,9/11 23:32,スロット,3743,L/ﾊﾅﾋﾞ/KM,0480,-1.0,-0.7,-0.1,2,6,5,1/493,1/367,1/275
東名,2026-09-11,2026-09-11,9/11 23:32,スロット,3685,L/ﾊﾞﾍﾞﾙ/BA,0693,0.0,0.0,0.0,0,0,0,,,
東名,2026-09-11,2026-09-11,9/11 23:32,スロット,3771,L/ﾐﾘｵﾝｺﾞｯﾄﾞ/CX,0632,0.0,-3.8,7.8,3,0,6,1/2586,1/2146,1/381
東名,2026-09-11,2026-09-11,9/11 23:32,スロット,3771,L/ﾐﾘｵﾝｺﾞｯﾄﾞ/CX,0633,-0.2,-2.1,-2.7,0,0,0,1/1872,1/1294,1/2698
東名,2026-09-11,2026-09-11,9/11 23:32,スロット,3771,L/ﾐﾘｵﾝｺﾞｯﾄﾞ/CX,0634,-2.9,-1.4,0.1,0,0,0,1/3091,1/924,1/3557
東名,2026-09-11,2026-09-11,9/11 23:32,スロット,3771,L/ﾐﾘｵﾝｺﾞｯﾄﾞ/CX,0635,-2.9,-0.7,-3.6,6,0,0,1/940,1/577,1/2895
東名,2026-09-11,2026-09-11,9/11 23:32,スロット,3771,L/ﾐﾘｵﾝｺﾞｯﾄﾞ/CX,0636,1.1,-0.9,4.0,5,0,13,1/406,1/1893,1/391
東名,2026-09-11,2026-09-11,9/11 23:32,スロット,3568,L/ﾖｼﾑﾈS/SC2,0625,-1.7,-0.1,-0.5,0,2,0,1/1031,1/565,1/231
東名,2026-09-11,2026-09-11,9/11 23:32,スロット,3568,L/ﾖｼﾑﾈS/SC2,0626,-0.6,0.0,-2.5,0,0,0,1/404,1/1,1/1423
東名,2026-09-11,2026-09-11,9/11 23:32,スロット,3568,L/ﾖｼﾑﾈS/SC2,0627,0.6,-0.5,-0.5,2,0,1,1/346,1/227,1/757
東名,2026-09-11,2026-09-11,9/11 23:32,スロット,3568,L/ﾖｼﾑﾈS/SC2,0628,0.3,1.1,-1.4,4,6,0,1/454,1/416,1/824
東名,2026-09-11,2026-09-11,9/11 23:32,スロット,3811,L/ﾜｰﾙﾄﾞﾀﾞｲｽﾀｰ/PA3,0557,-6.3,-2.4,-0.7,23,4,6,1/322,1/586,1/439
東名,2026-09-11,2026-09-11,9/11 23:32,スロット,3768,LB 異世界かるてっと KR,0681,-1.5,-0.6,-0.8,6,1,2,1/267,1/579,1/345
東名,2026-09-11,2026-09-11,9/11 23:32,スロット,3674,LB/ｸﾚｱの秘宝伝ﾎﾞｰﾅｽﾄﾘｶﾞｰVER./A2,0682,-0.2,-0.5,1.0,1,1,9,1/305,1/531,1/269
東名,2026-09-11,2026-09-11,9/11 23:32,スロット,3674,LB/ｸﾚｱの秘宝伝ﾎﾞｰﾅｽﾄﾘｶﾞｰVER./A2,0683,-0.1,0.9,0.3,0,6,4,1/38,1/186,1/219
東名,2026-09-11,2026-09-11,9/11 23:32,スロット,3689,LB/ｼｪｲｸﾎﾞｰﾅｽﾄﾘｶﾞｰ/A1,0680,0.3,-0.5,0.9,6,2,8,1/311,1/520,1/275
東名,2026-09-11,2026-09-11,9/11 23:32,スロット,3745,LB/ｽﾏｽﾛｻﾝﾀﾞｰVHA,0673,-2.0,1.1,-0.9,12,22,16,1/334,1/249,1/316
東名,2026-09-11,2026-09-11,9/11 23:32,スロット,3829,LB/ﾀｺｽﾛBD,0672,-0.2,-0.6,-0.3,20,22,15,1/330,1/342,1/319
東名,2026-09-11,2026-09-11,9/11 23:32,スロット,3647,LBAREXBRIGHTBA,0671,-0.3,-2.1,-0.2,3,1,14,1/324,1/1695,1/283
東名,2026-09-11,2026-09-11,9/11 23:32,スロット,3611,LB翔べ!ﾊｰﾚﾑｴｰｽCF,0667,0.6,1.3,0.0,4,4,1,1/270,1/103,1/468
東名,2026-09-11,2026-09-11,9/11 23:32,スロット,3648,LBｴｳﾞｧﾝｹﾞﾘｵﾝsR,0670,1.5,-0.6,-0.2,7,2,3,1/155,1/412,1/269
東名,2026-09-11,2026-09-11,9/11 23:32,スロット,3798,LBｹﾛｯﾄ5ND05H,0674,-1.0,-1.3,-0.9,4,9,2,1/440,1/272,1/519
東名,2026-09-11,2026-09-11,9/11 23:32,スロット,3798,LBｹﾛｯﾄ5ND05H,0675,-1.2,-0.7,0.6,3,9,17,1/609,1/257,1/196
東名,2026-09-11,2026-09-11,9/11 23:32,スロット,3610,LBﾆｭｰﾊﾟﾙｻｰBTC9,0429,-0.3,0.6,0.0,0,3,0,1/183,1/155,
東名,2026-09-11,2026-09-11,9/11 23:32,スロット,3612,LBﾌﾟﾚﾐｱﾑうまい棒S1,0666,-0.1,-0.1,-0.4,12,2,0,1/280,1/314,1/276
東名,2026-09-11,2026-09-11,9/11 23:32,スロット,3680,LBﾏｼﾞｶﾙﾊﾛｳｨﾝGS,0663,-1.5,-0.2,0.7,2,1,6,1/824,1/500,1/186
東名,2026-09-11,2026-09-11,9/11 23:32,スロット,3185,LGⅠ優駿倶楽部黄金KD,0665,0.0,-0.2,-3.9,0,6,18,,1/131,1/213
東名,2026-09-11,2026-09-11,9/11 23:32,スロット,3531,Lありふれた職業で世界最強jA,0457,-1.1,-0.2,-0.7,1,0,1,1/698,1/115,1/465
東名,2026-09-11,2026-09-11,9/11 23:32,スロット,3531,Lありふれた職業で世界最強jA,0458,-0.3,-1.2,0.0,0,1,0,1/162,1/828,
東名,2026-09-11,2026-09-11,9/11 23:32,スロット,3378,Lかぐや様は告らせたいjA,0650,-0.5,0.0,-0.6,9,0,1,1/198,,1/518
東名,2026-09-11,2026-09-11,9/11 23:32,スロット,3378,Lかぐや様は告らせたいjA,0651,-1.2,0.1,1.7,3,2,12,1/379,1/121,1/144
東名,2026-09-11,2026-09-11,9/11 23:32,スロット,3378,Lかぐや様は告らせたいjA,0652,-1.3,-0.1,-0.9,4,0,18,1/379,1/39,1/216
東名,2026-09-11,2026-09-11,9/11 23:32,スロット,3797,Lからくりｻｰｶｽ2jG,0506,-1.5,-2.0,-2.5,5,3,21,1/214,1/376,1/131
東名,2026-09-11,2026-09-11,9/11 23:32,スロット,3797,Lからくりｻｰｶｽ2jG,0507,-1.5,-0.6,2.9,20,2,22,1/128,1/238,1/21
東名,2026-09-11,2026-09-11,9/11 23:32,スロット,3797,Lからくりｻｰｶｽ2jG,0508,3.0,-3.1,-2.2,19,7,20,1/65,1/291,1/117
東名,2026-09-11,2026-09-11,9/11 23:32,スロット,3797,Lからくりｻｰｶｽ2jG,0509,-1.3,-2.1,-2.3,13,5,13,1/120,1/299,1/167
東名,2026-09-11,2026-09-11,9/11 23:32,スロット,2953,LからくりｻｰｶｽG,0517,-0.2,-2.4,0.9,0,15,12,1/89,1/145,1/91
東名,2026-09-11,2026-09-11,9/11 23:32,スロット,2953,LからくりｻｰｶｽG,0518,-0.2,-0.4,-1.0,0,0,10,1/93,1/214,1/127
東名,2026-09-11,2026-09-11,9/11 23:32,スロット,2953,LからくりｻｰｶｽG,0519,0.2,0.9,-0.5,2,40,0,1/24,1/84,1/277
東名,2026-09-11,2026-09-11,9/11 23:32,スロット,2953,LからくりｻｰｶｽG,0520,5.4,-1.4,0.0,39,6,4,1/72,1/193,1/50
東名,2026-09-11,2026-09-11,9/11 23:32,スロット,2953,LからくりｻｰｶｽG,0521,-0.1,-3.9,-0.8,0,3,10,1/73,1/747,1/110
東名,2026-09-11,2026-09-11,9/11 23:32,スロット,3699,Lとある科学の超電磁砲2FV,0643,3.9,0.0,-1.0,9,0,2,1/86,,1/356
東名,2026-09-11,2026-09-11,9/11 23:32,スロット,3813,Lとある魔術の禁書目録2FA,0646,6.4,-3.7,0.1,28,21,16,1/115,1/210,1/153
東名,2026-09-11,2026-09-11,9/11 23:32,スロット,3813,Lとある魔術の禁書目録2FA,0647,-0.4,1.8,-2.1,18,25,35,1/161,1/143,1/146
東名,2026-09-11,2026-09-11,9/11 23:32,スロット,3813,Lとある魔術の禁書目録2FA,0648,-4.1,-1.0,-7.1,19,3,18,1/224,1/271,1/320
東名,2026-09-11,2026-09-11,9/11 23:32,スロット,3813,Lとある魔術の禁書目録2FA,0649,-1.9,2.6,-1.6,14,19,10,1/210,1/137,1/216
東名,2026-09-11,2026-09-11,9/11 23:32,スロット,3812,LとんでもｽｷﾙKM,0558,1.0,3.9,-1.0,18,55,8,1/33,1/25,1/121
東名,2026-09-11,2026-09-11,9/11 23:32,スロット,3808,Lやじきた道中記参る!BG,0551,-1.1,8.1,-3.5,7,7,6,1/496,1/229,1/610
東名,2026-09-11,2026-09-11,9/11 23:32,スロット,3646,Lわたしの幸せな結婚PN,0464,3.6,2.9,-0.3,16,14,1,1/143,1/101,1/235
東名,2026-09-11,2026-09-11,9/11 23:32,スロット,3646,Lわたしの幸せな結婚PN,0465,0.0,0.0,0.5,0,0,2,,,1/105
東名,2026-09-11,2026-09-11,9/11 23:32,スロット,3600,L七つの魔剣が支配するPU,0430,0.1,-1.8,0.0,5,3,0,1/28,1/403,
東名,2026-09-11,2026-09-11,9/11 23:32,スロット,3417,L今日から俺は!!FE,0686,1.3,-1.8,0.5,11,2,3,1/383,1/917,1/356
東名,2026-09-11,2026-09-11,9/11 23:32,スロット,3660,L咲-Saki-頂上決戦YR,0657,1.3,0.0,-0.2,30,4,0,1/60,1/66,1/80
東名,2026-09-11,2026-09-11,9/11 23:32,スロット,3005,L戦国乙女4S3,0697,0.3,-1.0,-0.5,4,6,5,1/206,1/230,1/191
東名,2026-09-11,2026-09-11,9/11 23:32,スロット,3005,L戦国乙女4S3,0698,-0.1,0.0,-2.9,2,0,9,1/303,,1/313
東名,2026-09-11,2026-09-11,9/11 23:32,スロット,3786,L戦国乙女5L8,0481,2.0,1.7,2.7,19,53,56,1/60,1/68,1/83
東名,2026-09-11,2026-09-11,9/11 23:32,スロット,3786,L戦国乙女5L8,0482,-0.6,5.6,-1.9,22,60,32,1/115,1/48,1/120
東名,2026-09-11,2026-09-11,9/11 23:32,スロット,3786,L戦国乙女5L8,0483,-6.0,-3.6,-3.5,21,10,37,1/231,1/276,1/138
東名,2026-09-11,2026-09-11,9/11 23:32,スロット,3026,L戦国ｺﾚｸｼｮﾝ5GJ,0661,7.2,5.5,-0.1,38,45,0,1/23,1/43,1/29
東名,2026-09-11,2026-09-11,9/11 23:32,スロット,3796,L戦国ｺﾚｸｼｮﾝ6KS,0478,-3.9,3.4,-0.4,13,25,3,1/258,1/169,1/484
東名,2026-09-11,2026-09-11,9/11 23:32,スロット,3687,L新鬼武者3SA,0434,-1.3,-1.3,0.8,5,4,9,1/233,1/222,1/63
東名,2026-09-11,2026-09-11,9/11 23:32,スロット,3687,L新鬼武者3SA,0435,0.1,1.1,-0.7,3,30,1,1/150,1/71,1/456
東名,2026-09-11,2026-09-11,9/11 23:32,スロット,3687,L新鬼武者3SA,0436,0.2,-0.9,7.3,10,2,41,1/88,1/312,1/18
東名,2026-09-11,2026-09-11,9/11 23:32,スロット,3687,L新鬼武者3SA,0437,-1.1,-1.0,-1.2,1,14,5,1/597,1/107,1/207
東名,2026-09-11,2026-09-11,9/11 23:32,スロット,3532,L東京喰種CT,0601,-6.0,-2.5,3.2,22,35,30,1/270,1/157,1/102
東名,2026-09-11,2026-09-11,9/11 23:32,スロット,3532,L東京喰種CT,0602,0.1,0.7,4.6,2,35,21,1/48,1/108,1/79
東名,2026-09-11,2026-09-11,9/11 23:32,スロット,3532,L東京喰種CT,0603,-1.7,-4.9,4.1,4,36,26,1/328,1/165,1/54
東名,2026-09-11,2026-09-11,9/11 23:32,スロット,3532,L東京喰種CT,0604,-0.6,1.7,9.4,22,13,47,1/118,1/142,1/81
東名,2026-09-11,2026-09-11,9/11 23:32,スロット,3532,L東京喰種CT,0605,-0.7,5.8,-1.4,5,39,4,1/186,1/84,1/275
東名,2026-09-11,2026-09-11,9/11 23:32,スロット,3532,L東京喰種CT,0606,-1.0,-1.1,4.3,2,4,27,1/396,1/268,1/87
東名,2026-09-11,2026-09-11,9/11 23:32,スロット,3734,L炎炎ﾉ消防隊2,0599,-3.4,-1.8,2.9,31,14,11,1/246,1/218,1/219
東名,2026-09-11,2026-09-11,9/11 23:32,スロット,3734,L炎炎ﾉ消防隊2,0600,-1.9,-0.2,0.0,39,0,6,1/175,1/122,1/152
東名,2026-09-11,2026-09-11,9/11 23:32,スロット,3263,L炎炎ﾉ消防隊jG,0684,2.2,0.0,0.0,15,0,0,1/69,1/9,
東名,2026-09-11,2026-09-11,9/11 23:32,スロット,3263,L炎炎ﾉ消防隊jG,0685,-1.3,-0.2,7.9,0,0,46,1/815,1/141,1/57
東名,2026-09-11,2026-09-11,9/11 23:32,スロット,3735,L範馬刃牙L5,0500,-0.4,-0.2,4.9,3,0,21,1/137,1/93,1/29
東名,2026-09-11,2026-09-11,9/11 23:32,スロット,3698,L絶対衝激ﾌｫｰｽFH,0653,-0.4,-0.2,0.0,2,0,0,1/157,1/94,
東名,2026-09-11,2026-09-11,9/11 23:32,スロット,3661,L転生したら剣でしたGT,0459,-0.3,-1.4,0.0,5,4,0,1/140,1/263,
東名,2026-09-11,2026-09-11,9/11 23:32,スロット,3661,L転生したら剣でしたGT,0460,-0.2,0.0,-0.3,0,3,4,1/112,1/59,1/122
東名,2026-09-11,2026-09-11,9/11 23:32,スロット,3810,L邪神ちゃんﾄﾞﾛｯﾌﾟｷｯｸTX,0554,-0.6,-1.7,-1.5,8,11,11,1/365,1/292,1/376
東名,2026-09-11,2026-09-11,9/11 23:32,スロット,3826,L青春ﾌﾞﾀ野郎L1,0484,-4.9,-4.4,4.9,39,25,55,1/141,1/192,1/78
東名,2026-09-11,2026-09-11,9/11 23:32,スロット,3826,L青春ﾌﾞﾀ野郎L1,0485,-1.9,9.1,1.6,32,49,33,1/130,1/65,1/99
東名,2026-09-11,2026-09-11,9/11 23:32,スロット,3826,L青春ﾌﾞﾀ野郎L1,0486,4.3,2.8,0.5,52,37,29,1/92,1/95,1/164
東名,2026-09-11,2026-09-11,9/11 23:32,スロット,3697,L革命機ｳﾞｧﾙｳﾞﾚｲｳﾞ2jF,0469,-0.1,9.8,-6.4,11,73,8,1/95,1/38,1/637
東名,2026-09-11,2026-09-11,9/11 23:32,スロット,3697,L革命機ｳﾞｧﾙｳﾞﾚｲｳﾞ2jF,0470,0.0,0.0,0.0,0,0,0,,,
東名,2026-09-11,2026-09-11,9/11 23:32,スロット,3697,L革命機ｳﾞｧﾙｳﾞﾚｲｳﾞ2jF,0471,0.0,-0.1,0.1,0,16,4,1/26,1/116,1/165
東名,2026-09-11,2026-09-11,9/11 23:32,スロット,3697,L革命機ｳﾞｧﾙｳﾞﾚｲｳﾞ2jF,0472,0.8,0.0,0.3,20,0,4,1/69,,1/142
東名,2026-09-11,2026-09-11,9/11 23:32,スロット,3697,L革命機ｳﾞｧﾙｳﾞﾚｲｳﾞ2jF,0473,2.8,-1.0,-1.9,21,19,1,1/72,1/137,1/1378
東名,2026-09-11,2026-09-11,9/11 23:32,スロット,3025,L麻雀格闘倶楽部覚醒KM,0668,-1.9,2.3,0.2,7,29,20,1/355,1/125,1/136
東名,2026-09-11,2026-09-11,9/11 23:32,スロット,3025,L麻雀格闘倶楽部覚醒KM,0669,0.0,-0.5,2.0,15,6,31,1/152,1/161,1/61
東名,2026-09-11,2026-09-11,9/11 23:32,スロット,3765,LｱｸﾀﾞﾏﾄﾞﾗｲﾌﾞTP,0552,1.9,-0.5,0.4,10,5,16,1/191,1/205,1/229
東名,2026-09-11,2026-09-11,9/11 23:32,スロット,3659,LｱｽﾞｰﾙﾚｰﾝTHE ANIMATION KN,0560,6.2,-1.3,1.3,67,3,13,1/18,1/346,1/9
東名,2026-09-11,2026-09-11,9/11 23:32,スロット,3189,Lｺﾞｼﾞﾗ対ｴｳﾞｧﾝｹﾞﾘｵﾝjA,0440,0.9,0.0,1.4,5,2,10,1/125,1/113,1/82
東名,2026-09-11,2026-09-11,9/11 23:32,スロット,3189,Lｺﾞｼﾞﾗ対ｴｳﾞｧﾝｹﾞﾘｵﾝjA,0441,0.0,0.0,-1.0,0,0,1,,,1/607
東名,2026-09-11,2026-09-11,9/11 23:32,スロット,3540,LｼｽﾀｰｸｴｽﾄCA,0662,0.0,0.0,4.6,0,0,52,,,1/32
東名,2026-09-11,2026-09-11,9/11 23:32,スロット,3530,LｽｰﾊﾟｰﾌﾞﾗｯｸｼﾞｬｯｸSLDC,0658,0.3,-3.4,0.0,11,6,24,1/72,1/327,1/56
東名,2026-09-11,2026-09-11,9/11 23:32,スロット,3530,LｽｰﾊﾟｰﾌﾞﾗｯｸｼﾞｬｯｸSLDC,0659,-1.7,-0.3,0.7,1,21,45,1/901,1/74,1/57
東名,2026-09-11,2026-09-11,9/11 23:32,スロット,3809,Lｽﾄﾘｰﾄﾌｧｲﾀｰ6SB,0553,4.5,-2.0,3.2,49,4,43,1/80,1/349,1/109
東名,2026-09-11,2026-09-11,9/11 23:32,スロット,3300,Lｽﾛｯﾄ ｿｰﾄﾞｱｰﾄ･ｵﾝﾗｲﾝB2,0624,-0.5,-0.9,1.1,2,2,20,1/250,1/392,1/59
東名,2026-09-11,2026-09-11,9/11 23:32,スロット,3657,LﾀﾞｰﾘﾝｲﾝｻﾞﾌﾗﾝｷｽSA,0461,-0.1,0.0,0.0,0,0,0,1/69,,
東名,2026-09-11,2026-09-11,9/11 23:32,スロット,3657,LﾀﾞｰﾘﾝｲﾝｻﾞﾌﾗﾝｷｽSA,0462,-0.1,-0.2,0.0,0,0,0,1/59,1/92,
東名,2026-09-11,2026-09-11,9/11 23:32,スロット,3657,LﾀﾞｰﾘﾝｲﾝｻﾞﾌﾗﾝｷｽSA,0463,-0.6,0.0,-0.9,2,0,6,1/352,,1/247
東名,2026-09-11,2026-09-11,9/11 23:32,スロット,3486,Lﾀﾞﾝﾍﾞﾙ何ｷﾛ持てる?X,0431,-1.4,0.0,0.5,51,0,7,1/70,,1/13
東名,2026-09-11,2026-09-11,9/11 23:32,スロット,3613,Lﾃﾞﾋﾞﾙﾒｲｸﾗｲ5ST XA,0694,0.1,-1.7,-0.6,3,6,1,1/93,1/244,1/334
東名,2026-09-11,2026-09-11,9/11 23:32,スロット,3613,Lﾃﾞﾋﾞﾙﾒｲｸﾗｲ5ST XA,0695,0.0,0.0,0.0,0,0,0,,,
東名,2026-09-11,2026-09-11,9/11 23:32,スロット,3613,Lﾃﾞﾋﾞﾙﾒｲｸﾗｲ5ST XA,0696,0.0,-2.3,-1.3,0,3,1,,1/473,1/847
東名,2026-09-11,2026-09-11,9/11 23:32,スロット,3702,LﾈｵﾌﾟﾗﾈｯﾄSLED,0499,10.8,0.2,-0.6,44,7,2,1/143,1/246,1/419
東名,2026-09-11,2026-09-11,9/11 23:32,スロット,3787,LﾊﾞｰﾃﾞｨｰｳｲﾝｸﾞBC,0477,-3.1,-1.2,0.0,14,7,0,1/170,1/144,
東名,2026-09-11,2026-09-11,9/11 23:32,スロット,3541,Lﾊﾞｲｵﾊｻﾞｰﾄﾞ5ZE,0676,-1.5,-0.8,-1.9,8,5,2,1/264,1/187,1/650
東名,2026-09-11,2026-09-11,9/11 23:32,スロット,3541,Lﾊﾞｲｵﾊｻﾞｰﾄﾞ5ZE,0677,0.2,-1.5,-0.5,3,4,7,1/92,1/278,1/172
東名,2026-09-11,2026-09-11,9/11 23:32,スロット,3541,Lﾊﾞｲｵﾊｻﾞｰﾄﾞ5ZE,0678,6.5,-0.5,-1.4,21,1,15,1/119,1/392,1/159
東名,2026-09-11,2026-09-11,9/11 23:32,スロット,3781,LﾊﾞｲｵﾊｻﾞｰﾄﾞRE:3 ZD,0474,-0.3,-1.7,-0.8,4,1,2,1/133,1/957,1/299
東名,2026-09-11,2026-09-11,9/11 23:32,スロット,3781,LﾊﾞｲｵﾊｻﾞｰﾄﾞRE:3 ZD,0475,0.0,-1.0,0.4,0,6,8,,1/157,1/60
東名,2026-09-11,2026-09-11,9/11 23:32,スロット,3781,LﾊﾞｲｵﾊｻﾞｰﾄﾞRE:3 ZD,0476,0.0,0.0,0.0,0,28,0,,1/76,
東名,2026-09-11,2026-09-11,9/11 23:32,スロット,3084,Lﾊﾟﾁｽﾛひぐらしのなく頃に業SS,0664,0.0,1.7,0.8,5,9,8,1/406,1/285,1/327
東名,2026-09-11,2026-09-11,9/11 23:32,スロット,2853,Lﾊﾟﾁｽﾛ北斗の拳AD XR,0487,3.5,-0.2,-0.1,39,0,0,1/36,1/109,1/64
東名,2026-09-11,2026-09-11,9/11 23:32,スロット,2853,Lﾊﾟﾁｽﾛ北斗の拳AD XR,0488,0.3,-1.8,0.0,6,23,0,1/61,1/131,1/18
東名,2026-09-11,2026-09-11,9/11 23:32,スロット,2853,Lﾊﾟﾁｽﾛ北斗の拳AD XR,0489,-0.5,0.7,-0.7,13,8,4,1/127,1/41,1/172
東名,2026-09-11,2026-09-11,9/11 23:32,スロット,2853,Lﾊﾟﾁｽﾛ北斗の拳AD XR,0490,-2.2,-1.6,-0.1,5,1,15,1/340,1/933,1/102
東名,2026-09-11,2026-09-11,9/11 23:32,スロット,2853,Lﾊﾟﾁｽﾛ北斗の拳AD XR,0491,-0.1,-0.8,-1.0,0,4,2,1/64,1/188,1/410
東名,2026-09-11,2026-09-11,9/11 23:32,スロット,2853,Lﾊﾟﾁｽﾛ北斗の拳AD XR,0492,-0.4,0.3,-0.7,1,8,3,1/361,1/93,1/207
東名,2026-09-11,2026-09-11,9/11 23:32,スロット,2853,Lﾊﾟﾁｽﾛ北斗の拳AD XR,0493,-0.5,-0.6,-0.6,3,3,1,1/163,1/215,1/346
東名,2026-09-11,2026-09-11,9/11 23:32,スロット,2853,Lﾊﾟﾁｽﾛ北斗の拳AD XR,0494,-0.1,0.2,-0.2,0,2,0,1/59,1/75,1/77
東名,2026-09-11,2026-09-11,9/11 23:32,スロット,2853,Lﾊﾟﾁｽﾛ北斗の拳AD XR,0495,-1.5,-0.6,-0.3,1,1,5,1/939,1/392,1/103
東名,2026-09-11,2026-09-11,9/11 23:32,スロット,2853,Lﾊﾟﾁｽﾛ北斗の拳AD XR,0496,-0.7,-0.1,-0.2,2,0,9,1/352,1/82,1/102
東名,2026-09-11,2026-09-11,9/11 23:32,スロット,2853,Lﾊﾟﾁｽﾛ北斗の拳AD XR,0497,-0.9,1.6,0.7,2,36,11,1/333,1/64,1/64
東名,2026-09-11,2026-09-11,9/11 23:32,スロット,2853,Lﾊﾟﾁｽﾛ北斗の拳AD XR,0498,-0.2,-1.0,0.2,0,19,4,1/126,1/120,1/58
東名,2026-09-11,2026-09-11,9/11 23:32,スロット,3821,Lﾊﾟﾁｽﾛ喰霊零Re/L3,0556,1.9,-2.9,-1.6,20,21,15,1/206,1/271,1/266
東名,2026-09-11,2026-09-11,9/11 23:32,スロット,3725,Lﾊﾟﾁｽﾛ鉄拳6YD01H,0424,0.0,0.0,-0.4,0,0,4,,1/4,1/196
東名,2026-09-11,2026-09-11,9/11 23:32,スロット,3725,Lﾊﾟﾁｽﾛ鉄拳6YD01H,0425,0.0,0.0,-0.3,0,0,2,,,1/268
東名,2026-09-11,2026-09-11,9/11 23:32,スロット,3725,Lﾊﾟﾁｽﾛ鉄拳6YD01H,0426,-0.2,-0.8,0.0,0,5,0,1/123,1/168,
東名,2026-09-11,2026-09-11,9/11 23:32,スロット,3725,Lﾊﾟﾁｽﾛ鉄拳6YD01H,0427,5.9,-1.5,0.0,29,4,0,1/50,1/306,
東名,2026-09-11,2026-09-11,9/11 23:32,スロット,3725,Lﾊﾟﾁｽﾛ鉄拳6YD01H,0428,-0.1,0.0,-3.1,0,0,4,1/38,,1/472
東名,2026-09-11,2026-09-11,9/11 23:32,スロット,3329,LﾊﾟﾁｽﾛｺﾞｯﾄﾞｲｰﾀｰﾘｻﾞﾚｸｼｮﾝSLED,0542,-0.6,-0.4,4.0,3,4,27,1/161,1/159,1/29
東名,2026-09-11,2026-09-11,9/11 23:32,スロット,3329,LﾊﾟﾁｽﾛｺﾞｯﾄﾞｲｰﾀｰﾘｻﾞﾚｸｼｮﾝSLED,0543,-0.3,-1.0,3.3,2,4,28,1/134,1/195,1/38
東名,2026-09-11,2026-09-11,9/11 23:32,スロット,3329,LﾊﾟﾁｽﾛｺﾞｯﾄﾞｲｰﾀｰﾘｻﾞﾚｸｼｮﾝSLED,0544,0.0,3.3,-2.1,23,32,9,1/74,1/41,1/162
東名,2026-09-11,2026-09-11,9/11 23:32,スロット,3780,Lﾊﾟﾁｽﾛｽｰﾊﾟｰﾘｵｴｰｽ2ND02H,0510,-2.1,-0.6,2.9,3,17,20,1/408,1/109,1/106
東名,2026-09-11,2026-09-11,9/11 23:32,スロット,3780,Lﾊﾟﾁｽﾛｽｰﾊﾟｰﾘｵｴｰｽ2ND02H,0511,-1.3,0.0,-1.3,1,28,3,1/675,1/76,1/262
東名,2026-09-11,2026-09-11,9/11 23:32,スロット,3766,LﾊﾟﾁｽﾛﾖﾙﾑﾝｶﾞﾝﾄﾞND01G,0433,-0.8,-0.5,0.7,5,5,12,1/237,1/262,1/183
東名,2026-09-11,2026-09-11,9/11 23:32,スロット,3709,LﾌﾟﾘｽﾞﾑﾅﾅCC,0432,0.0,0.0,0.0,0,0,0,,,
東名,2026-09-11,2026-09-11,9/11 23:32,スロット,3096,Lﾏｼﾞｶﾙﾊﾛｳｨﾝ8FE,0622,-1.4,0.1,-0.1,1,1,0,1/1037,1/245,1/37
東名,2026-09-11,2026-09-11,9/11 23:32,スロット,3096,Lﾏｼﾞｶﾙﾊﾛｳｨﾝ8FE,0623,2.9,-0.2,-0.1,29,6,0,1/153,1/148,1/36
東名,2026-09-11,2026-09-11,9/11 23:32,スロット,3098,Lﾓﾝｷｰﾀｰﾝ5CE,0512,4.3,7.8,-0.5,32,39,9,1/44,1/23,1/96
東名,2026-09-11,2026-09-11,9/11 23:32,スロット,3098,Lﾓﾝｷｰﾀｰﾝ5CE,0513,-0.2,0.2,-0.9,5,4,4,1/205,1/59,1/223
東名,2026-09-11,2026-09-11,9/11 23:32,スロット,3098,Lﾓﾝｷｰﾀｰﾝ5CE,0514,-1.3,2.0,-0.2,2,21,2,1/401,1/51,1/113
東名,2026-09-11,2026-09-11,9/11 23:32,スロット,3098,Lﾓﾝｷｰﾀｰﾝ5CE,0515,0.2,0.4,-2.2,25,11,10,1/67,1/83,1/212
東名,2026-09-11,2026-09-11,9/11 23:32,スロット,3098,Lﾓﾝｷｰﾀｰﾝ5CE,0516,1.1,3.6,0.6,20,15,14,1/86,1/34,1/92
東名,2026-09-11,2026-09-11,9/11 23:32,スロット,3448,LﾓﾝｽﾀｰﾊﾝﾀｰﾗｲｽﾞXA,0501,-0.7,0.5,-0.9,13,8,2,1/101,1/40,1/285
東名,2026-09-11,2026-09-11,9/11 23:32,スロット,3448,LﾓﾝｽﾀｰﾊﾝﾀｰﾗｲｽﾞXA,0502,-1.4,0.0,-0.5,3,27,2,1/291,1/86,1/258
東名,2026-09-11,2026-09-11,9/11 23:32,スロット,3448,LﾓﾝｽﾀｰﾊﾝﾀｰﾗｲｽﾞXA,0503,-0.5,-0.2,0.0,2,0,0,1/173,1/68,
東名,2026-09-11,2026-09-11,9/11 23:32,スロット,3448,LﾓﾝｽﾀｰﾊﾝﾀｰﾗｲｽﾞXA,0504,0.1,-0.2,0.3,6,0,4,1/71,1/99,1/55
東名,2026-09-11,2026-09-11,9/11 23:32,スロット,3448,LﾓﾝｽﾀｰﾊﾝﾀｰﾗｲｽﾞXA,0505,-0.7,1.7,0.7,17,41,27,1/96,1/46,1/63
東名,2026-09-11,2026-09-11,9/11 23:32,スロット,3827,Lﾚﾝﾀﾙ彼女bK,0559,7.4,-5.7,19.1,82,28,138,1/68,1/201,1/41
東名,2026-09-11,2026-09-11,9/11 23:32,スロット,3056,S ｴｳﾚｶｾﾌﾞﾝHIEVO XS,0699,3.5,0.4,1.9,33,18,23,1/194,1/179,1/151
東名,2026-09-11,2026-09-11,9/11 23:32,スロット,3056,S ｴｳﾚｶｾﾌﾞﾝHIEVO XS,0700,-0.7,0.8,-0.8,28,11,23,1/216,1/125,1/208
東名,2026-09-11,2026-09-11,9/11 23:32,スロット,2710,S/沖ﾄﾞｷ!GOLD/GS,0707,-2.6,4.2,-3.3,3,21,4,1/692,1/48,1/636
東名,2026-09-11,2026-09-11,9/11 23:32,スロット,2710,S/沖ﾄﾞｷ!GOLD/GS,0708,2.2,-1.4,-3.5,30,3,6,1/117,1/491,1/445
東名,2026-09-11,2026-09-11,9/11 23:32,スロット,2710,S/沖ﾄﾞｷ!GOLD/GS,0709,-0.2,-3.0,-2.2,0,8,17,1/84,1/340,1/237
東名,2026-09-11,2026-09-11,9/11 23:32,スロット,2710,S/沖ﾄﾞｷ!GOLD/GS,0710,-4.4,-4.2,0.4,7,7,3,1/475,1/473,1/79
東名,2026-09-11,2026-09-11,9/11 23:32,スロット,2874,S/ｱﾅｻﾞｰｺﾞｯﾄﾞﾊｰﾃﾞｽ/SL,0705,1.9,-0.2,2.5,6,0,5,1/268,1/122,1/75
東名,2026-09-11,2026-09-11,9/11 23:32,スロット,3675,S/ﾄﾞﾙｱｰｶﾞの塔/ZU,0714,2.2,-0.5,0.8,27,16,17,1/249,1/339,1/282
東名,2026-09-11,2026-09-11,9/11 23:32,スロット,3461,SｳﾙﾄﾗﾐﾗｸﾙｼﾞｬｸﾞﾗｰKT,0588,-0.7,1.0,0.1,0,15,3,1/761,1/174,1/191
東名,2026-09-11,2026-09-11,9/11 23:32,スロット,3461,SｳﾙﾄﾗﾐﾗｸﾙｼﾞｬｸﾞﾗｰKT,0589,-1.1,0.9,0.1,0,11,5,1/837,1/178,1/202
東名,2026-09-11,2026-09-11,9/11 23:32,スロット,3461,SｳﾙﾄﾗﾐﾗｸﾙｼﾞｬｸﾞﾗｰKT,0590,-0.9,-0.4,-0.7,11,1,1,1/353,1/480,1/768
東名,2026-09-11,2026-09-11,9/11 23:32,スロット,2923,Sｺｰﾄﾞｷﾞｱｽ3C.C.FS,0703,-0.1,0.0,-0.4,0,0,1,1/64,,1/440
東名,2026-09-11,2026-09-11,9/11 23:32,スロット,2923,Sｺｰﾄﾞｷﾞｱｽ3C.C.FS,0704,-0.2,0.0,-0.1,0,0,4,1/80,,1/287
東名,2026-09-11,2026-09-11,9/11 23:32,スロット,2952,Sｺﾞｰｺﾞｰｼﾞｬｸﾞﾗｰ3KA,0576,-0.4,-1.1,-0.9,4,6,0,1/322,1/363,1/723
東名,2026-09-11,2026-09-11,9/11 23:32,スロット,2952,Sｺﾞｰｺﾞｰｼﾞｬｸﾞﾗｰ3KA,0577,0.1,-0.9,-0.7,22,1,2,1/228,1/734,1/475
東名,2026-09-11,2026-09-11,9/11 23:32,スロット,2952,Sｺﾞｰｺﾞｰｼﾞｬｸﾞﾗｰ3KA,0578,-1.1,-0.6,-0.3,5,1,8,1/346,1/557,1/238
東名,2026-09-11,2026-09-11,9/11 23:32,スロット,2952,Sｺﾞｰｺﾞｰｼﾞｬｸﾞﾗｰ3KA,0579,-0.2,-0.3,0.0,14,0,1,1/276,1/286,1/198
東名,2026-09-11,2026-09-11,9/11 23:32,スロット,2952,Sｺﾞｰｺﾞｰｼﾞｬｸﾞﾗｰ3KA,0580,-0.6,-0.4,0.5,1,20,37,1/572,1/344,1/221
東名,2026-09-11,2026-09-11,9/11 23:32,スロット,2952,Sｺﾞｰｺﾞｰｼﾞｬｸﾞﾗｰ3KA,0581,0.6,0.1,-0.5,23,6,0,1/231,1/268,1/460
東名,2026-09-11,2026-09-11,9/11 23:32,スロット,2952,Sｺﾞｰｺﾞｰｼﾞｬｸﾞﾗｰ3KA,0582,0.1,-0.5,0.0,15,11,10,1/268,1/296,1/219
東名,2026-09-11,2026-09-11,9/11 23:32,スロット,2952,Sｺﾞｰｺﾞｰｼﾞｬｸﾞﾗｰ3KA,0583,-0.3,-0.2,-0.4,5,3,5,1/328,1/274,1/275
東名,2026-09-11,2026-09-11,9/11 23:32,スロット,2952,Sｺﾞｰｺﾞｰｼﾞｬｸﾞﾗｰ3KA,0584,-1.3,0.5,-0.7,11,20,1,1/317,1/208,1/777
東名,2026-09-11,2026-09-11,9/11 23:32,スロット,3242,SｼﾞｬｸﾞﾗｰｶﾞｰﾙｽﾞSS-KH,0522,0.1,-0.4,-0.7,6,4,9,1/241,1/352,1/294
東名,2026-09-11,2026-09-11,9/11 23:32,スロット,3242,SｼﾞｬｸﾞﾗｰｶﾞｰﾙｽﾞSS-KH,0523,0.4,0.4,0.2,14,4,3,1/254,1/130,1/150
東名,2026-09-11,2026-09-11,9/11 23:32,スロット,3242,SｼﾞｬｸﾞﾗｰｶﾞｰﾙｽﾞSS-KH,0573,1.3,-1.5,-0.3,13,6,2,1/184,1/504,1/405
東名,2026-09-11,2026-09-11,9/11 23:32,スロット,3242,SｼﾞｬｸﾞﾗｰｶﾞｰﾙｽﾞSS-KH,0574,-0.4,0.3,0.3,2,5,8,1/342,1/162,1/217
東名,2026-09-11,2026-09-11,9/11 23:32,スロット,3242,SｼﾞｬｸﾞﾗｰｶﾞｰﾙｽﾞSS-KH,0575,0.1,-0.8,-0.4,10,5,1,1/238,1/296,1/540
東名,2026-09-11,2026-09-11,9/11 23:32,スロット,3242,SｼﾞｬｸﾞﾗｰｶﾞｰﾙｽﾞSS-KH,0711,0.2,0.0,0.0,1,0,0,1/55,1/23,
東名,2026-09-11,2026-09-11,9/11 23:32,スロット,3242,SｼﾞｬｸﾞﾗｰｶﾞｰﾙｽﾞSS-KH,0712,-0.5,0.0,-0.1,0,1,0,1/381,1/212,1/29
東名,2026-09-11,2026-09-11,9/11 23:32,スロット,3242,SｼﾞｬｸﾞﾗｰｶﾞｰﾙｽﾞSS-KH,0713,-0.3,-0.2,0.0,1,0,0,1/843,1/105,
東名,2026-09-11,2026-09-11,9/11 23:32,スロット,3256,Sﾀﾞﾝまち2XZ,0706,-0.1,2.7,1.9,0,47,14,1/47,1/151,1/147
東名,2026-09-11,2026-09-11,9/11 23:32,スロット,3265,SﾆｭｰﾊﾟﾙｻｰSP4SLE8,0701,-0.1,-0.1,0.0,0,0,6,1/31,1/48,1/264
東名,2026-09-11,2026-09-11,9/11 23:32,スロット,3265,SﾆｭｰﾊﾟﾙｻｰSP4SLE8,0702,-0.1,-0.2,1.5,0,1,18,1/60,1/315,1/192
東名,2026-09-11,2026-09-11,9/11 23:32,スロット,3672,SﾈｵｱｲﾑｼﾞｬｸﾞﾗｰEX-KK,0607,-1.0,-0.6,-1.0,4,3,15,1/472,1/429,1/313
東名,2026-09-11,2026-09-11,9/11 23:32,スロット,3672,SﾈｵｱｲﾑｼﾞｬｸﾞﾗｰEX-KK,0608,-0.5,0.0,-0.4,3,1,1,1/367,1/185,1/542
東名,2026-09-11,2026-09-11,9/11 23:32,スロット,3672,SﾈｵｱｲﾑｼﾞｬｸﾞﾗｰEX-KK,0609,0.3,1.1,0.4,21,23,4,1/271,1/215,1/219
東名,2026-09-11,2026-09-11,9/11 23:32,スロット,3672,SﾈｵｱｲﾑｼﾞｬｸﾞﾗｰEX-KK,0610,-1.0,0.3,-0.1,3,14,3,1/524,1/223,1/238
東名,2026-09-11,2026-09-11,9/11 23:32,スロット,3672,SﾈｵｱｲﾑｼﾞｬｸﾞﾗｰEX-KK,0611,-0.3,0.6,-0.3,5,8,1,1/267,1/224,1/336
東名,2026-09-11,2026-09-11,9/11 23:32,スロット,3672,SﾈｵｱｲﾑｼﾞｬｸﾞﾗｰEX-KK,0612,-0.5,0.1,-1.0,3,5,2,1/344,1/200,1/708
東名,2026-09-11,2026-09-11,9/11 23:32,スロット,3672,SﾈｵｱｲﾑｼﾞｬｸﾞﾗｰEX-KK,0613,0.4,-0.1,-0.6,15,2,2,1/208,1/239,1/446
東名,2026-09-11,2026-09-11,9/11 23:32,スロット,3672,SﾈｵｱｲﾑｼﾞｬｸﾞﾗｰEX-KK,0614,0.2,1.8,-0.7,7,15,2,1/186,1/189,1/555
東名,2026-09-11,2026-09-11,9/11 23:32,スロット,3672,SﾈｵｱｲﾑｼﾞｬｸﾞﾗｰEX-KK,0615,-0.9,1.3,-0.5,3,16,0,1/438,1/166,1/301
東名,2026-09-11,2026-09-11,9/11 23:32,スロット,2609,SﾊｯﾋﾟｰｼﾞｬｸﾞﾗｰⅤⅢ,0616,0.7,0.1,-0.3,10,2,0,1/167,1/225,1/248
東名,2026-09-11,2026-09-11,9/11 23:32,スロット,2609,SﾊｯﾋﾟｰｼﾞｬｸﾞﾗｰⅤⅢ,0617,-0.3,-0.4,0.6,3,0,8,1/390,1/360,1/160
東名,2026-09-11,2026-09-11,9/11 23:32,スロット,2609,SﾊｯﾋﾟｰｼﾞｬｸﾞﾗｰⅤⅢ,0618,-0.8,-0.2,-0.2,11,2,3,1/280,1/453,1/300
東名,2026-09-11,2026-09-11,9/11 23:32,スロット,2609,SﾊｯﾋﾟｰｼﾞｬｸﾞﾗｰⅤⅢ,0619,-2.4,0.7,-0.4,3,10,2,1/911,1/193,1/291
東名,2026-09-11,2026-09-11,9/11 23:32,スロット,2609,SﾊｯﾋﾟｰｼﾞｬｸﾞﾗｰⅤⅢ,0620,-0.9,-0.1,-0.8,2,3,8,1/498,1/224,1/289
東名,2026-09-11,2026-09-11,9/11 23:32,スロット,2609,SﾊｯﾋﾟｰｼﾞｬｸﾞﾗｰⅤⅢ,0621,-1.1,-0.2,-0.2,7,1,2,1/423,1/452,1/269
東名,2026-09-11,2026-09-11,9/11 23:32,スロット,2318,Sﾌｧﾝｷｰｼﾞｬｸﾞﾗｰ2KT,0561,-2.3,-0.7,0.9,11,2,13,1/394,1/436,1/182
東名,2026-09-11,2026-09-11,9/11 23:32,スロット,2318,Sﾌｧﾝｷｰｼﾞｬｸﾞﾗｰ2KT,0562,-0.2,-0.5,-0.3,3,8,6,1/255,1/280,1/259
東名,2026-09-11,2026-09-11,9/11 23:32,スロット,2318,Sﾌｧﾝｷｰｼﾞｬｸﾞﾗｰ2KT,0563,-1.4,-0.9,-0.4,4,1,1,1/551,1/1035,1/538
東名,2026-09-11,2026-09-11,9/11 23:32,スロット,2318,Sﾌｧﾝｷｰｼﾞｬｸﾞﾗｰ2KT,0564,-0.4,1.5,-0.1,11,22,2,1/278,1/184,1/296
東名,2026-09-11,2026-09-11,9/11 23:32,スロット,2318,Sﾌｧﾝｷｰｼﾞｬｸﾞﾗｰ2KT,0565,-0.2,-0.9,-0.2,12,2,5,1/253,1/497,1/243
東名,2026-09-11,2026-09-11,9/11 23:32,スロット,2318,Sﾌｧﾝｷｰｼﾞｬｸﾞﾗｰ2KT,0566,-0.4,-1.8,-0.7,13,1,3,1/251,1/1710,1/432
東名,2026-09-11,2026-09-11,9/11 23:32,スロット,2318,Sﾌｧﾝｷｰｼﾞｬｸﾞﾗｰ2KT,0567,-1.0,-0.5,-0.1,2,0,2,1/591,1/302,1/270
東名,2026-09-11,2026-09-11,9/11 23:32,スロット,2318,Sﾌｧﾝｷｰｼﾞｬｸﾞﾗｰ2KT,0568,0.1,0.0,-0.4,9,21,1,1/192,1/211,1/519
東名,2026-09-11,2026-09-11,9/11 23:32,スロット,2318,Sﾌｧﾝｷｰｼﾞｬｸﾞﾗｰ2KT,0569,-0.1,0.5,-0.2,9,4,6,1/275,1/128,1/304
東名,2026-09-11,2026-09-11,9/11 23:32,スロット,2318,Sﾌｧﾝｷｰｼﾞｬｸﾞﾗｰ2KT,0570,0.2,2.1,-0.6,7,30,0,1/202,1/203,1/330
東名,2026-09-11,2026-09-11,9/11 23:32,スロット,2318,Sﾌｧﾝｷｰｼﾞｬｸﾞﾗｰ2KT,0571,-0.6,0.6,-0.6,12,7,5,1/312,1/169,1/302
東名,2026-09-11,2026-09-11,9/11 23:32,スロット,2318,Sﾌｧﾝｷｰｼﾞｬｸﾞﾗｰ2KT,0572,-0.1,0.2,-0.2,2,2,5,1/269,1/206,1/265
東名,2026-09-11,2026-09-11,9/11 23:32,スロット,2357,SﾏｲｼﾞｬｸﾞﾗｰVKD,0524,-0.5,0.7,1.1,7,24,22,1/320,1/250,1/207
東名,2026-09-11,2026-09-11,9/11 23:32,スロット,2357,SﾏｲｼﾞｬｸﾞﾗｰVKD,0525,0.2,0.9,-0.7,16,9,10,1/250,1/154,1/306
東名,2026-09-11,2026-09-11,9/11 23:32,スロット,2357,SﾏｲｼﾞｬｸﾞﾗｰVKD,0526,-0.6,-0.5,-0.7,1,1,1,1/733,1/753,1/837
東名,2026-09-11,2026-09-11,9/11 23:32,スロット,2357,SﾏｲｼﾞｬｸﾞﾗｰVKD,0527,-0.7,2.6,-0.2,12,29,4,1/285,1/183,1/289
東名,2026-09-11,2026-09-11,9/11 23:32,スロット,2357,SﾏｲｼﾞｬｸﾞﾗｰVKD,0528,1.2,-0.9,-2.8,18,5,8,1/187,1/405,1/574
東名,2026-09-11,2026-09-11,9/11 23:32,スロット,2357,SﾏｲｼﾞｬｸﾞﾗｰVKD,0529,3.0,-0.4,-0.5,21,9,3,1/154,1/260,1/415
東名,2026-09-11,2026-09-11,9/11 23:32,スロット,2357,SﾏｲｼﾞｬｸﾞﾗｰVKD,0530,-0.5,-0.9,-0.7,6,4,3,1/340,1/356,1/509
東名,2026-09-11,2026-09-11,9/11 23:32,スロット,2357,SﾏｲｼﾞｬｸﾞﾗｰVKD,0531,-0.4,-0.5,-0.9,5,7,7,1/321,1/269,1/361
東名,2026-09-11,2026-09-11,9/11 23:32,スロット,2357,SﾏｲｼﾞｬｸﾞﾗｰVKD,0532,-1.1,-0.7,1.0,5,3,20,1/355,1/357,1/209
東名,2026-09-11,2026-09-11,9/11 23:32,スロット,2357,SﾏｲｼﾞｬｸﾞﾗｰVKD,0533,1.1,-0.7,-0.6,23,11,6,1/233,1/325,1/298
東名,2026-09-11,2026-09-11,9/11 23:32,スロット,2357,SﾏｲｼﾞｬｸﾞﾗｰVKD,0534,-0.1,-0.7,0.6,20,5,13,1/294,1/394,1/246
東名,2026-09-11,2026-09-11,9/11 23:32,スロット,2357,SﾏｲｼﾞｬｸﾞﾗｰVKD,0535,-0.8,-0.1,0.0,0,7,12,1/659,1/263,1/247
東名,2026-09-11,2026-09-11,9/11 23:32,スロット,2357,SﾏｲｼﾞｬｸﾞﾗｰVKD,0536,0.0,-0.5,-0.9,26,14,5,1/275,1/269,1/396
東名,2026-09-11,2026-09-11,9/11 23:32,スロット,3326,SﾐｽﾀｰｼﾞｬｸﾞﾗｰKK,0585,-0.4,-0.4,-0.4,3,1,0,1/326,1/535,1/305
東名,2026-09-11,2026-09-11,9/11 23:32,スロット,3326,SﾐｽﾀｰｼﾞｬｸﾞﾗｰKK,0586,0.3,0.0,-0.5,18,6,1,1/242,1/260,1/538
東名,2026-09-11,2026-09-11,9/11 23:32,スロット,3326,SﾐｽﾀｰｼﾞｬｸﾞﾗｰKK,0587,1.0,-0.2,0.6,18,7,18,1/178,1/230,1/195
東名,2026-09-11,2026-09-11,9/11 23:32,スロット,3814,⑤L/いざ番長/SB8,0715,-0.6,-2.0,-2.4,29,1,17,1/96,1/1106,1/173
東名,2026-09-11,2026-09-11,9/11 23:32,スロット,3690,⑤L/緑ﾄﾞﾝ5/FY,0716,1.1,0.0,0.0,35,13,11,1/142,1/144,1/187
東名,2026-09-11,2026-09-11,9/11 23:32,スロット,3832,⑤LBﾆｭｰﾊﾟﾙｻｰBTC9,0717,0.1,0.0,-1.5,3,12,4,1/282,1/295,1/538
東名,2026-09-11,2026-09-11,9/11 23:32,スロット,3831,⑤LからくりｻｰｶｽG,0719,0.2,-1.0,2.3,22,18,67,1/108,1/93,1/67
東名,2026-09-11,2026-09-11,9/11 23:32,スロット,3830,⑤L革命機ｳﾞｧﾙｳﾞﾚｲｳﾞ2jF,0718,-1.7,-1.1,-3.1,26,23,18,1/149,1/157,1/269
東名,2026-09-11,2026-09-11,9/11 23:32,スロット,3303,⑤S ｴｳﾚｶｾﾌﾞﾝHIEVO XS,0723,-1.4,0.4,-0.1,31,3,44,1/257,1/251,1/180
東名,2026-09-11,2026-09-11,9/11 23:32,スロット,3311,⑤S ｶﾞﾒﾗ2 XR,0722,-0.6,-0.5,-0.5,2,3,2,1/593,1/469,1/482
東名,2026-09-11,2026-09-11,9/11 23:32,スロット,3267,⑤S/沖ﾄﾞｷ!DUO/DH,0445,-0.2,0.0,-2.8,1,19,4,1/342,1/148,1/553
東名,2026-09-11,2026-09-11,9/11 23:32,スロット,3310,⑤S/沖ﾄﾞｷ!GOLD/GS,0446,-0.3,-7.0,1.7,0,8,13,1/134,1/622,1/110
東名,2026-09-11,2026-09-11,9/11 23:32,スロット,3310,⑤S/沖ﾄﾞｷ!GOLD/GS,0447,-2.5,-0.6,-2.4,17,0,3,1/245,1/282,1/544
東名,2026-09-11,2026-09-11,9/11 23:32,スロット,3296,⑤S/ｸﾗﾝｷｰｸﾚｽﾄ/CR,0456,0.5,0.7,1.6,12,13,16,1/193,1/207,1/182
東名,2026-09-11,2026-09-11,9/11 23:32,スロット,3299,⑤S/ﾊﾞｰｻｽﾘｳﾞｧｲｽﾞ/HS,0721,-0.2,0.7,-0.2,3,10,1,1/299,1/195,1/407
東名,2026-09-11,2026-09-11,9/11 23:32,スロット,3308,⑤S炎炎ﾉ消防隊jS,0450,2.1,-1.7,1.3,31,12,22,1/99,1/226,1/109
東名,2026-09-11,2026-09-11,9/11 23:32,スロット,3308,⑤S炎炎ﾉ消防隊jS,0451,-0.5,1.1,-2.5,10,22,5,1/174,1/110,1/399
東名,2026-09-11,2026-09-11,9/11 23:32,スロット,3308,⑤S炎炎ﾉ消防隊jS,0452,0.5,-0.9,-0.3,17,24,32,1/114,1/157,1/150
東名,2026-09-11,2026-09-11,9/11 23:32,スロット,3307,⑤SｸﾞﾗﾝﾍﾞﾙﾑZXZ,0720,1.2,-1.3,-2.3,44,14,31,1/27,1/122,1/114
東名,2026-09-11,2026-09-11,9/11 23:32,スロット,3480,⑤Sﾀﾞﾝまち2XZ,0443,-0.2,-0.3,-1.4,3,3,21,1/277,1/251,1/200
東名,2026-09-11,2026-09-11,9/11 23:32,スロット,3480,⑤Sﾀﾞﾝまち2XZ,0444,-0.9,-0.3,-0.2,7,7,14,1/186,1/121,1/192
東名,2026-09-11,2026-09-11,9/11 23:32,スロット,3302,⑤SﾊﾞｲｵﾊｻﾞｰﾄﾞRE:2 XB,0448,0.0,-1.5,-1.1,24,24,13,1/90,1/124,1/133
東名,2026-09-11,2026-09-11,9/11 23:32,スロット,3309,⑤Sﾊﾟﾁｽﾛ甲鉄城のｶﾊﾞﾈﾘZR,0453,0.0,-1.2,4.8,7,3,20,1/80,1/335,1/65
東名,2026-09-11,2026-09-11,9/11 23:32,スロット,3309,⑤Sﾊﾟﾁｽﾛ甲鉄城のｶﾊﾞﾈﾘZR,0454,-1.3,-0.1,-0.6,1,2,8,1/792,1/137,1/139
東名,2026-09-11,2026-09-11,9/11 23:32,スロット,3309,⑤Sﾊﾟﾁｽﾛ甲鉄城のｶﾊﾞﾈﾘZR,0455,2.5,-1.8,-3.5,43,32,10,1/65,1/112,1/277
東名,2026-09-11,2026-09-11,9/11 23:32,スロット,3479,⑤SﾊﾟﾁｽﾛｳﾙﾄﾗﾏﾝﾀﾛｳMG,0724,1.3,0.3,-1.8,11,10,23,1/35,1/67,1/121
東名,2026-09-11,2026-09-11,9/11 23:32,スロット,2714,⑤ﾊﾟﾁｽﾛ頭文字D XR,0442,0.6,-1.4,-2.1,9,10,14,1/227,1/240,1/304
東名,2026-09-11,2026-09-11,9/11 23:32,スロット,2714,⑤ﾊﾟﾁｽﾛ頭文字D XR,0449,0.5,-1.8,1.4,6,14,16,1/182,1/223,1/139
野川,2026-09-11,2026-09-11,9/11 23:31,パチンコ,2802,e Re:ｾﾞﾛから始める異世界生活2,0323,1.2,-0.2,0.0,5,3,0,1/181,1/138,
野川,2026-09-11,2026-09-11,9/11 23:31,パチンコ,2802,e Re:ｾﾞﾛから始める異世界生活2,0324,0.0,0.0,-0.8,0,0,0,,,1/79
野川,2026-09-11,2026-09-11,9/11 23:31,パチンコ,3242,e 七つの大罪3GFEA,0459,-5.2,-5.8,4.6,5,3,7,1/139,1/224,1/480
野川,2026-09-11,2026-09-11,9/11 23:31,パチンコ,3070,e 新･必殺仕置人 超斬撃99,0469,-0.3,4.1,-2.7,0,13,3,1/36,1/22,1/116
野川,2026-09-11,2026-09-11,9/11 23:31,パチンコ,3040,e 東京喰種,0478,-2.1,12.8,-1.0,3,13,11,1/126,1/124,1/131
野川,2026-09-11,2026-09-11,9/11 23:31,パチンコ,3040,e 東京喰種,0479,-5.9,2.1,-6.8,2,2,2,1/384,1/25,1/426
野川,2026-09-11,2026-09-11,9/11 23:31,パチンコ,3040,e 東京喰種,0480,-1.8,0.4,3.0,2,3,9,1/151,1/108,1/111
野川,2026-09-11,2026-09-11,9/11 23:31,パチンコ,3040,e 東京喰種,0481,-2.1,-2.4,5.3,1,2,5,1/240,1/145,1/193
野川,2026-09-11,2026-09-11,9/11 23:31,パチンコ,3040,e 東京喰種,0482,1.0,3.7,1.1,13,6,4,1/237,1/191,1/196
野川,2026-09-11,2026-09-11,9/11 23:31,パチンコ,3176,e 甲鉄城のｶﾊﾞﾈﾘ2GFEA,0317,0.0,-0.3,-0.3,0,0,0,,1/26,1/37
野川,2026-09-11,2026-09-11,9/11 23:31,パチンコ,3176,e 甲鉄城のｶﾊﾞﾈﾘ2GFEA,0318,-0.4,0.0,-1.0,0,0,0,1/51,,1/102
野川,2026-09-11,2026-09-11,9/11 23:31,パチンコ,3178,e 魔法少女まどか☆ﾏｷﾞｶ3LPM1,0398,-1.2,-0.7,-4.7,0,0,1,1/130,1/88,1/634
野川,2026-09-11,2026-09-11,9/11 23:31,パチンコ,3178,e 魔法少女まどか☆ﾏｷﾞｶ3LPM1,0399,-1.3,0.2,4.9,0,1,30,1/160,1/10,1/263
野川,2026-09-11,2026-09-11,9/11 23:31,パチンコ,3240,e ｿｰﾄﾞｱｰﾄ･ｵﾝﾗｲﾝ ｱﾘｼｾﾞｰｼｮﾝYKJ11,0325,0.5,-7.6,-10.7,20,14,8,1/143,1/286,1/263
野川,2026-09-11,2026-09-11,9/11 23:31,パチンコ,3240,e ｿｰﾄﾞｱｰﾄ･ｵﾝﾗｲﾝ ｱﾘｼｾﾞｰｼｮﾝYKJ11,0326,8.3,-2.5,3.4,30,9,22,1/127,1/380,1/159
野川,2026-09-11,2026-09-11,9/11 23:31,パチンコ,3086,e ﾏｷﾞｱﾚｺｰﾄﾞまどか☆ﾏｷﾞｶ外伝KRJ1,0391,-0.1,0.0,-1.8,0,0,0,1/7,,1/175
野川,2026-09-11,2026-09-11,9/11 23:31,パチンコ,3086,e ﾏｷﾞｱﾚｺｰﾄﾞまどか☆ﾏｷﾞｶ外伝KRJ1,0392,-6.0,-1.8,-1.1,0,5,0,1/605,1/571,1/91
野川,2026-09-11,2026-09-11,9/11 23:31,パチンコ,3241,e/押忍!番長 漢の頂/A03 99Ver,0402,-3.1,-1.4,-2.0,2,2,2,1/177,1/97,1/113
野川,2026-09-11,2026-09-11,9/11 23:31,パチンコ,3241,e/押忍!番長 漢の頂/A03 99Ver,0403,3.3,-1.5,6.0,14,7,21,1/38,1/84,1/48
野川,2026-09-11,2026-09-11,9/11 23:31,パチンコ,3217,e/ｶﾞﾝｹﾞｲﾙ･ｵﾝﾗｲﾝ/M08,0387,-0.2,0.0,-0.1,0,0,0,1/25,,1/6
野川,2026-09-11,2026-09-11,9/11 23:31,パチンコ,3217,e/ｶﾞﾝｹﾞｲﾙ･ｵﾝﾗｲﾝ/M08,0388,6.9,-0.8,9.1,23,0,32,1/179,1/84,1/129
野川,2026-09-11,2026-09-11,9/11 23:31,パチンコ,3169,eいせれべFSZ,0381,-0.1,0.0,0.0,0,0,0,1/9,,
野川,2026-09-11,2026-09-11,9/11 23:31,パチンコ,3169,eいせれべFSZ,0382,-0.9,-0.4,-1.0,3,0,0,1/68,1/67,1/139
野川,2026-09-11,2026-09-11,9/11 23:31,パチンコ,3169,eいせれべFSZ,0383,-0.1,0.0,-0.3,0,0,0,1/19,,1/45
野川,2026-09-11,2026-09-11,9/11 23:31,パチンコ,3126,eとある科学の超電磁砲LT RSY,0350,4.3,-0.2,-0.2,6,0,0,1/50,1/17,1/24
野川,2026-09-11,2026-09-11,9/11 23:31,パチンコ,2995,eぱちんこ押忍!番長 漢の頂,0393,0.3,-3.7,-6.4,2,1,3,1/22,1/425,1/258
野川,2026-09-11,2026-09-11,9/11 23:31,パチンコ,2995,eぱちんこ押忍!番長 漢の頂,0394,-0.2,-0.1,-4.2,2,0,2,1/77,1/17,1/256
野川,2026-09-11,2026-09-11,9/11 23:31,パチンコ,3201,eひきこまり吸血姫の悶々FHV,0395,5.1,-2.0,-0.6,8,3,0,1/278,1/137,1/56
野川,2026-09-11,2026-09-11,9/11 23:31,パチンコ,3201,eひきこまり吸血姫の悶々FHV,0396,-0.1,-0.1,-0.6,0,0,0,1/6,1/4,1/72
野川,2026-09-11,2026-09-11,9/11 23:31,パチンコ,3201,eひきこまり吸血姫の悶々FHV,0397,-1.3,-2.8,-0.5,0,3,0,1/116,1/131,1/41
野川,2026-09-11,2026-09-11,9/11 23:31,パチンコ,3163,eバキ2LBM4,0389,-1.4,0.0,0.0,1,0,0,1/162,,
野川,2026-09-11,2026-09-11,9/11 23:31,パチンコ,3163,eバキ2LBM4,0390,-0.1,0.0,-0.8,0,0,0,1/5,,1/83
野川,2026-09-11,2026-09-11,9/11 23:31,パチンコ,3171,eフィーバーバスタードG,0353,-0.8,4.0,-1.8,0,7,0,1/77,1/140,1/165
野川,2026-09-11,2026-09-11,9/11 23:31,パチンコ,3219,e冥妃転生,0348,0.3,-1.2,-4.0,2,0,0,1/61,1/120,1/451
野川,2026-09-11,2026-09-11,9/11 23:31,パチンコ,3146,e北斗の拳11暴凶星SHEA,0375,-3.7,0.2,-0.4,0,12,0,1/408,1/180,1/58
野川,2026-09-11,2026-09-11,9/11 23:31,パチンコ,3146,e北斗の拳11暴凶星SHEA,0376,0.0,-0.4,-0.2,0,0,0,,1/49,1/12
野川,2026-09-11,2026-09-11,9/11 23:31,パチンコ,3146,e北斗の拳11暴凶星SHEA,0377,-0.5,-0.2,-1.4,0,0,0,1/62,1/27,1/175
野川,2026-09-11,2026-09-11,9/11 23:31,パチンコ,3146,e北斗の拳11暴凶星SHEA,0378,3.7,-0.2,-1.3,8,0,0,1/195,1/25,1/150
野川,2026-09-11,2026-09-11,9/11 23:31,パチンコ,3146,e北斗の拳11暴凶星SHEA,0379,4.4,-0.3,-0.5,8,0,0,1/227,1/42,1/44
野川,2026-09-11,2026-09-11,9/11 23:31,パチンコ,3146,e北斗の拳11暴凶星SHEA,0380,-3.0,14.1,0.0,0,23,0,1/311,1/117,
野川,2026-09-11,2026-09-11,9/11 23:31,パチンコ,3158,e吉宗 極乗3000ver.L06,0384,0.9,-0.2,-1.4,6,4,0,1/129,1/148,1/142
野川,2026-09-11,2026-09-11,9/11 23:31,パチンコ,3158,e吉宗 極乗3000ver.L06,0385,-0.4,-1.6,-3.9,0,1,0,1/39,1/241,1/431
野川,2026-09-11,2026-09-11,9/11 23:31,パチンコ,3158,e吉宗 極乗3000ver.L06,0386,-0.3,-2.7,-0.2,0,2,0,1/32,1/205,1/28
野川,2026-09-11,2026-09-11,9/11 23:31,パチンコ,3099,e女神のｶﾌｪﾃﾗｽJLZ,0406,-3.9,-7.7,-2.8,4,1,3,1/171,1/1329,1/175
野川,2026-09-11,2026-09-11,9/11 23:31,パチンコ,3099,e女神のｶﾌｪﾃﾗｽJLZ,0407,5.4,-1.0,-2.1,7,0,1,1/494,1/144,1/353
野川,2026-09-11,2026-09-11,9/11 23:31,パチンコ,3099,e女神のｶﾌｪﾃﾗｽJLZ,0408,-0.3,-1.6,1.5,0,0,6,1/35,1/257,1/233
野川,2026-09-11,2026-09-11,9/11 23:31,パチンコ,3232,e必殺仕事人ⅥM2,0356,3.5,15.0,11.7,9,32,33,1/328,1/120,1/135
野川,2026-09-11,2026-09-11,9/11 23:31,パチンコ,3153,e新世紀ｴｳﾞｧﾝｹﾞﾘｵﾝ はじまりの記憶,0332,-3.8,0.0,-2.7,2,0,1,1/608,,1/263
野川,2026-09-11,2026-09-11,9/11 23:31,パチンコ,3153,e新世紀ｴｳﾞｧﾝｹﾞﾘｵﾝ はじまりの記憶,0333,-4.4,0.3,-3.0,2,5,9,1/263,1/213,1/397
野川,2026-09-11,2026-09-11,9/11 23:31,パチンコ,3153,e新世紀ｴｳﾞｧﾝｹﾞﾘｵﾝ はじまりの記憶,0334,-1.8,5.3,-0.4,1,6,0,1/210,1/116,1/53
野川,2026-09-11,2026-09-11,9/11 23:31,パチンコ,3153,e新世紀ｴｳﾞｧﾝｹﾞﾘｵﾝ はじまりの記憶,0335,-2.2,-6.8,-10.2,0,0,2,1/234,1/771,1/605
野川,2026-09-11,2026-09-11,9/11 23:31,パチンコ,3153,e新世紀ｴｳﾞｧﾝｹﾞﾘｵﾝ はじまりの記憶,0336,-2.8,-3.1,-1.4,0,1,0,1/290,1/368,1/142
野川,2026-09-11,2026-09-11,9/11 23:31,パチンコ,3153,e新世紀ｴｳﾞｧﾝｹﾞﾘｵﾝ はじまりの記憶,0337,-1.2,-1.6,-5.2,2,0,2,1/321,1/184,1/767
野川,2026-09-11,2026-09-11,9/11 23:31,パチンコ,3153,e新世紀ｴｳﾞｧﾝｹﾞﾘｵﾝ はじまりの記憶,0338,-1.6,-2.4,-4.6,0,3,0,1/173,1/104,1/515
野川,2026-09-11,2026-09-11,9/11 23:31,パチンコ,3153,e新世紀ｴｳﾞｧﾝｹﾞﾘｵﾝ はじまりの記憶,0339,-4.4,-8.0,16.6,9,1,20,1/98,1/968,1/104
野川,2026-09-11,2026-09-11,9/11 23:31,パチンコ,3216,e東京喰種MW,0319,-17.3,3.0,-8.7,20,18,9,1/322,1/227,1/334
野川,2026-09-11,2026-09-11,9/11 23:31,パチンコ,3216,e東京喰種MW,0320,-10.0,6.0,-9.1,4,21,20,1/807,1/278,1/360
野川,2026-09-11,2026-09-11,9/11 23:31,パチンコ,3216,e東京喰種MW,0321,12.9,1.9,5.6,38,13,22,1/686,1/217,1/174
野川,2026-09-11,2026-09-11,9/11 23:31,パチンコ,3216,e東京喰種MW,0322,-11.0,-5.2,6.1,18,16,29,1/416,1/346,1/237
野川,2026-09-11,2026-09-11,9/11 23:31,パチンコ,3078,e東京ﾘﾍﾞﾝｼﾞｬｰｽﾞGFEC,0305,-0.3,-0.1,-0.8,0,2,0,1/24,1/127,1/76
野川,2026-09-11,2026-09-11,9/11 23:31,パチンコ,3078,e東京ﾘﾍﾞﾝｼﾞｬｰｽﾞGFEC,0306,0.0,0.0,-2.7,0,0,0,,,1/281
野川,2026-09-11,2026-09-11,9/11 23:31,パチンコ,3078,e東京ﾘﾍﾞﾝｼﾞｬｰｽﾞGFEC,0307,-2.8,-0.3,-1.0,1,0,1,1/295,1/22,1/107
野川,2026-09-11,2026-09-11,9/11 23:31,パチンコ,3233,e東京ﾘﾍﾞﾝｼﾞｬｰｽﾞ聖夜決戦編EREC,0474,4.8,-0.1,-1.3,10,0,0,1/76,1/5,1/106
野川,2026-09-11,2026-09-11,9/11 23:31,パチンコ,3233,e東京ﾘﾍﾞﾝｼﾞｬｰｽﾞ聖夜決戦編EREC,0475,-0.7,-0.3,-1.3,0,0,1,1/59,1/39,1/135
野川,2026-09-11,2026-09-11,9/11 23:31,パチンコ,3230,e無職転生異世界行ったら本気H2E,0308,-6.8,-2.6,3.9,4,3,14,1/249,1/170,1/363
野川,2026-09-11,2026-09-11,9/11 23:31,パチンコ,3230,e無職転生異世界行ったら本気H2E,0309,0.7,-3.4,-1.7,3,0,0,1/147,1/364,1/172
野川,2026-09-11,2026-09-11,9/11 23:31,パチンコ,3094,e牙狼12XX-MJ,0314,-1.8,-9.2,38.2,4,1,57,1/117,1/1036,1/160
野川,2026-09-11,2026-09-11,9/11 23:31,パチンコ,3094,e牙狼12XX-MJ,0315,-0.7,-0.4,2.6,0,0,15,1/75,1/36,1/148
野川,2026-09-11,2026-09-11,9/11 23:31,パチンコ,3094,e牙狼12XX-MJ,0316,-0.7,-3.4,-6.7,2,0,5,1/230,1/372,1/291
野川,2026-09-11,2026-09-11,9/11 23:31,パチンコ,3033,e牙狼神速神撃3000LT,0354,-2.4,0.0,-0.1,2,0,0,1/456,,1/18
野川,2026-09-11,2026-09-11,9/11 23:31,パチンコ,3177,e牙狼ﾄﾘﾌﾟﾙﾊﾞｰｽﾄRF,0461,-0.2,0.0,6.3,0,0,9,1/34,,1/36
野川,2026-09-11,2026-09-11,9/11 23:31,パチンコ,3177,e牙狼ﾄﾘﾌﾟﾙﾊﾞｰｽﾄRF,0462,8.0,-0.5,-0.1,11,0,0,1/20,1/94,1/16
野川,2026-09-11,2026-09-11,9/11 23:31,パチンコ,3252,e甲鉄城のｶﾊﾞﾈﾘ2SCEA 119Ver,0345,-3.7,5.8,-5.3,13,26,7,1/155,1/97,1/170
野川,2026-09-11,2026-09-11,9/11 23:31,パチンコ,3170,e真北斗無双5 夢幻闘双SCEA,0453,7.2,-0.4,-3.3,8,0,2,1/67,1/31,1/189
野川,2026-09-11,2026-09-11,9/11 23:31,パチンコ,3170,e真北斗無双5 夢幻闘双SCEA,0454,-1.6,-5.2,-2.2,1,3,0,1/146,1/185,1/225
野川,2026-09-11,2026-09-11,9/11 23:31,パチンコ,3170,e真北斗無双5 夢幻闘双SCEA,0455,-0.2,-3.1,-2.5,0,0,0,1/18,1/298,1/250
野川,2026-09-11,2026-09-11,9/11 23:31,パチンコ,3095,e真･一騎当千~軍神覚醒AM-TS,0330,-1.1,-5.6,-4.6,1,2,3,1/206,1/527,1/472
野川,2026-09-11,2026-09-11,9/11 23:31,パチンコ,3095,e真･一騎当千~軍神覚醒AM-TS,0331,-1.9,-4.0,2.8,1,1,10,1/363,1/697,1/337
野川,2026-09-11,2026-09-11,9/11 23:31,パチンコ,3134,e花の慶次～黄金の一撃H4,0447,0.0,-4.2,-0.4,0,1,0,,1/511,1/39
野川,2026-09-11,2026-09-11,9/11 23:31,パチンコ,3134,e花の慶次～黄金の一撃H4,0448,-9.1,8.7,-0.1,3,15,1,1/615,1/68,1/82
野川,2026-09-11,2026-09-11,9/11 23:31,パチンコ,3134,e花の慶次～黄金の一撃H4,0449,0.0,0.0,-2.5,0,0,0,,,1/253
野川,2026-09-11,2026-09-11,9/11 23:31,パチンコ,3234,e虚構推理MHJT,0476,-0.1,0.0,-2.8,0,0,0,1/20,,1/533
野川,2026-09-11,2026-09-11,9/11 23:31,パチンコ,3234,e虚構推理MHJT,0477,3.2,0.0,0.0,6,0,0,1/167,,
野川,2026-09-11,2026-09-11,9/11 23:31,パチンコ,3251,e魔女と野獣FKZ,0344,10.8,3.8,7.1,38,18,21,1/357,1/526,1/303
野川,2026-09-11,2026-09-11,9/11 23:31,パチンコ,3231,e魔法少女ﾘﾘｶﾙなのはHTEZS2,0355,-2.8,-3.4,-1.8,0,1,0,1/313,1/410,1/189
野川,2026-09-11,2026-09-11,9/11 23:31,パチンコ,3096,e黄門ちゃま9HC3,0346,-1.5,-1.1,0.9,0,0,6,1/268,1/221,1/136
野川,2026-09-11,2026-09-11,9/11 23:31,パチンコ,3179,eｱｸﾀﾞﾏﾄﾞﾗｲﾌﾞEHLT,0471,0.0,0.0,0.9,0,0,2,,,1/19
野川,2026-09-11,2026-09-11,9/11 23:31,パチンコ,3253,eｱｻﾙﾄﾘﾘｨZ,0456,-3.1,-4.1,-6.2,15,6,13,1/253,1/220,1/112
野川,2026-09-11,2026-09-11,9/11 23:31,パチンコ,3253,eｱｻﾙﾄﾘﾘｨZ,0457,5.7,-7.4,-6.2,20,8,12,1/193,1/126,1/105
野川,2026-09-11,2026-09-11,9/11 23:31,パチンコ,3243,eｴﾃﾞﾝｽﾞｾﾞﾛAIN,0470,3.7,-1.2,-1.2,3,0,0,1/315,1/114,1/124
野川,2026-09-11,2026-09-11,9/11 23:31,パチンコ,3200,eｷﾞﾝﾊﾟﾗVIVA FESTA HTA2,0349,-2.4,-0.7,0.0,0,3,0,1/373,1/197,
野川,2026-09-11,2026-09-11,9/11 23:31,パチンコ,3132,eﾉｰｹﾞｰﾑ･ﾉｰﾗｲﾌV3C,0465,-0.1,0.0,0.0,0,0,0,1/18,,
野川,2026-09-11,2026-09-11,9/11 23:31,パチンコ,3132,eﾉｰｹﾞｰﾑ･ﾉｰﾗｲﾌV3C,0466,2.7,0.0,0.0,6,0,0,1/91,,
野川,2026-09-11,2026-09-11,9/11 23:31,パチンコ,2967,eﾌｨｰﾊﾞｰからくりｻｰｶｽ2 魔王ver.,0352,-0.1,-3.3,-5.6,0,3,3,1/6,1/149,1/216
野川,2026-09-11,2026-09-11,9/11 23:31,パチンコ,3133,eﾌｨｰﾊﾞｰもののがたりF,0327,-2.3,-0.3,-0.2,0,0,0,1/260,1/27,1/18
野川,2026-09-11,2026-09-11,9/11 23:31,パチンコ,3133,eﾌｨｰﾊﾞｰもののがたりF,0328,0.0,-1.3,-2.1,0,0,2,,1/133,1/126
野川,2026-09-11,2026-09-11,9/11 23:31,パチンコ,3133,eﾌｨｰﾊﾞｰもののがたりF,0329,-2.2,-1.2,-0.4,4,0,1,1/71,1/138,1/48
野川,2026-09-11,2026-09-11,9/11 23:31,パチンコ,2994,eﾌｨｰﾊﾞｰ戦姫絶唱ｼﾝﾌｫｷﾞｱ4 ｷｬﾛﾙver.,0460,-0.5,0.0,-0.7,0,0,0,1/51,,1/87
野川,2026-09-11,2026-09-11,9/11 23:31,パチンコ,3239,eﾌｨｰﾊﾞｰ機動戦士ｶﾞﾝﾀﾞﾑSEED2b,0310,-1.2,-0.4,-8.1,4,0,0,1/188,1/36,1/867
野川,2026-09-11,2026-09-11,9/11 23:31,パチンコ,3239,eﾌｨｰﾊﾞｰ機動戦士ｶﾞﾝﾀﾞﾑSEED2b,0311,-1.5,-3.0,4.6,0,5,15,1/141,1/222,1/252
野川,2026-09-11,2026-09-11,9/11 23:31,パチンコ,3239,eﾌｨｰﾊﾞｰ機動戦士ｶﾞﾝﾀﾞﾑSEED2b,0312,-4.1,10.2,-2.3,5,18,1,1/890,1/201,1/255
野川,2026-09-11,2026-09-11,9/11 23:31,パチンコ,3239,eﾌｨｰﾊﾞｰ機動戦士ｶﾞﾝﾀﾞﾑSEED2b,0313,-7.4,-1.5,-7.1,1,2,2,1/882,1/136,1/476
野川,2026-09-11,2026-09-11,9/11 23:31,パチンコ,2925,eﾌｨｰﾊﾞｰ機動戦士ｶﾞﾝﾀﾞﾑﾕﾆｺｰﾝ 再来,0463,0.0,-0.2,-0.8,0,0,0,,1/42,1/126
野川,2026-09-11,2026-09-11,9/11 23:31,パチンコ,2925,eﾌｨｰﾊﾞｰ機動戦士ｶﾞﾝﾀﾞﾑﾕﾆｺｰﾝ 再来,0464,-0.3,-0.7,-1.5,3,0,0,1/41,1/123,1/256
野川,2026-09-11,2026-09-11,9/11 23:31,パチンコ,3079,eﾌｨｰﾊﾞｰ炎炎ﾉ消防隊2MS,0472,-1.0,-0.6,0.0,0,0,0,1/112,1/50,
野川,2026-09-11,2026-09-11,9/11 23:31,パチンコ,3079,eﾌｨｰﾊﾞｰ炎炎ﾉ消防隊2MS,0473,-0.7,-1.8,14.6,0,3,24,1/70,1/120,1/133
野川,2026-09-11,2026-09-11,9/11 23:31,パチンコ,3218,eﾌｨｰﾊﾞｰﾃﾞｯﾄﾞﾏｳﾝﾄ･ﾃﾞｽﾌﾟﾚｲT,0404,-1.5,-0.3,-0.4,0,0,0,1/134,1/38,1/41
野川,2026-09-11,2026-09-11,9/11 23:31,パチンコ,3218,eﾌｨｰﾊﾞｰﾃﾞｯﾄﾞﾏｳﾝﾄ･ﾃﾞｽﾌﾟﾚｲT,0405,-0.4,-0.7,-1.3,0,0,0,1/58,1/82,1/129
野川,2026-09-11,2026-09-11,9/11 23:31,パチンコ,3110,eﾌｨｰﾊﾞｰﾌﾞﾙｰﾛｯｸMZ,0467,-0.1,-1.0,-1.4,0,0,0,1/10,1/120,1/116
野川,2026-09-11,2026-09-11,9/11 23:31,パチンコ,3110,eﾌｨｰﾊﾞｰﾌﾞﾙｰﾛｯｸMZ,0468,-1.8,0.0,-6.0,0,0,1,1/199,,1/716
野川,2026-09-11,2026-09-11,9/11 23:31,パチンコ,3199,eﾗｲｻﾞのｱﾄﾘｴK3,0351,-0.4,-1.1,-1.3,0,0,0,1/44,1/114,1/147
野川,2026-09-11,2026-09-11,9/11 23:31,パチンコ,3189,eﾗｸﾞﾅﾄﾞｰﾙCMB,0458,-1.3,0.0,-0.1,0,0,0,1/154,,1/6
野川,2026-09-11,2026-09-11,9/11 23:31,パチンコ,3188,eﾘｺﾘｽ･ﾘｺｲﾙM3,0409,0.4,17.5,2.6,22,78,38,1/786,1/199,1/137
野川,2026-09-11,2026-09-11,9/11 23:31,パチンコ,3188,eﾘｺﾘｽ･ﾘｺｲﾙM3,0410,-9.7,-1.7,8.4,4,23,57,1/278,1/256,1/131
野川,2026-09-11,2026-09-11,9/11 23:31,パチンコ,3192,eﾘﾝｸﾞ最恐領域RHA,0450,-2.2,-0.4,-1.3,5,0,7,1/339,1/38,1/852
野川,2026-09-11,2026-09-11,9/11 23:31,パチンコ,3192,eﾘﾝｸﾞ最恐領域RHA,0451,11.6,0.0,-0.6,16,0,0,1/90,,1/64
野川,2026-09-11,2026-09-11,9/11 23:31,パチンコ,3192,eﾘﾝｸﾞ最恐領域RHA,0452,-0.5,0.0,6.5,1,0,9,1/150,,1/55
野川,2026-09-11,2026-09-11,9/11 23:31,パチンコ,3135,eﾙﾊﾟﾝ三世VSｷｬｯﾂ･ｱｲMAH4,0347,0.0,0.0,-1.7,0,0,4,,,1/200
野川,2026-09-11,2026-09-11,9/11 23:31,パチンコ,2975,P にゃんこ大戦争 多様性のﾈｺ,0238,0.0,-1.3,-0.4,0,0,0,,1/148,1/53
野川,2026-09-11,2026-09-11,9/11 23:31,パチンコ,2975,P にゃんこ大戦争 多様性のﾈｺ,0239,-0.3,-1.5,-0.1,0,0,0,1/30,1/166,1/14
野川,2026-09-11,2026-09-11,9/11 23:31,パチンコ,2975,P にゃんこ大戦争 多様性のﾈｺ,0262,-3.0,-2.0,-2.8,5,4,0,1/135,1/146,1/292
野川,2026-09-11,2026-09-11,9/11 23:31,パチンコ,2975,P にゃんこ大戦争 多様性のﾈｺ,0263,0.0,-0.5,-0.9,0,0,0,,1/42,1/85
野川,2026-09-11,2026-09-11,9/11 23:31,パチンコ,3050,P 宇宙戦艦ﾔﾏﾄ2202超波動森雪199LT,0256,0.9,0.0,-0.1,2,0,0,1/39,,1/11
野川,2026-09-11,2026-09-11,9/11 23:31,パチンコ,3050,P 宇宙戦艦ﾔﾏﾄ2202超波動森雪199LT,0257,0.0,0.0,-0.6,0,0,0,,,1/53
野川,2026-09-11,2026-09-11,9/11 23:31,パチンコ,2838,P 新世紀ｴｳﾞｧﾝｹﾞﾘｵﾝ未来への咆哮Y,0170,-0.4,-0.3,-0.3,0,0,0,1/38,1/24,1/23
野川,2026-09-11,2026-09-11,9/11 23:31,パチンコ,2838,P 新世紀ｴｳﾞｧﾝｹﾞﾘｵﾝ未来への咆哮Y,0196,-1.8,2.3,-0.1,1,14,0,1/219,1/149,1/10
野川,2026-09-11,2026-09-11,9/11 23:31,パチンコ,2978,P ｺﾞｼﾞﾗ対ｴｳﾞｧﾝｹﾞﾘｵﾝ ｾｶﾝﾄﾞｲﾝﾊﾟｸﾄ,0224,-0.3,-0.2,-0.2,0,0,0,1/18,1/17,1/25
野川,2026-09-11,2026-09-11,9/11 23:31,パチンコ,2978,P ｺﾞｼﾞﾗ対ｴｳﾞｧﾝｹﾞﾘｵﾝ ｾｶﾝﾄﾞｲﾝﾊﾟｸﾄ,0225,0.0,-0.7,0.0,0,0,0,,1/72,
野川,2026-09-11,2026-09-11,9/11 23:31,パチンコ,2784,P ｺﾞｼﾞﾗ対ｴｳﾞｧﾝｹﾞﾘｵﾝG細胞覚醒ﾗｲﾄ,0193,-0.6,-0.6,-2.2,0,0,2,1/72,1/47,1/139
野川,2026-09-11,2026-09-11,9/11 23:31,パチンコ,2795,P009 RE:CYBORG ACCELE 99ver,0148,1.3,0.3,-2.0,9,6,0,1/40,1/165,1/205
野川,2026-09-11,2026-09-11,9/11 23:31,パチンコ,2795,P009 RE:CYBORG ACCELE 99ver,0149,0.3,-3.2,-2.7,4,6,2,1/17,1/91,1/305
野川,2026-09-11,2026-09-11,9/11 23:31,パチンコ,3082,PA CYBORG009N2-K,0171,-1.3,-0.8,-0.3,2,8,17,1/88,1/214,1/73
野川,2026-09-11,2026-09-11,9/11 23:31,パチンコ,2957,PAわんわんﾊﾟﾗﾀﾞｲｽCELEBRATION,0208,-1.7,1.7,-1.3,4,9,5,1/83,1/44,1/118
野川,2026-09-11,2026-09-11,9/11 23:31,パチンコ,2957,PAわんわんﾊﾟﾗﾀﾞｲｽCELEBRATION,0209,-0.5,4.2,-0.5,6,24,6,1/288,1/45,1/86
野川,2026-09-11,2026-09-11,9/11 23:31,パチンコ,2646,PAスーパー海物語IN沖縄５YBA,0201,-0.4,-2.1,-1.9,24,1,29,1/72,1/283,1/91
野川,2026-09-11,2026-09-11,9/11 23:31,パチンコ,2646,PAスーパー海物語IN沖縄５YBA,0202,0.8,-1.4,0.4,29,11,32,1/59,1/64,1/123
野川,2026-09-11,2026-09-11,9/11 23:31,パチンコ,3121,PAフィーバーダンまち2YG,0187,-0.1,0.3,0.7,0,3,12,1/9,1/2,1/65
野川,2026-09-11,2026-09-11,9/11 23:31,パチンコ,3025,PA大海物語5ﾌﾞﾗｯｸLT99ver.,0203,3.0,-6.7,-1.1,29,8,33,1/158,1/106,1/128
野川,2026-09-11,2026-09-11,9/11 23:31,パチンコ,3025,PA大海物語5ﾌﾞﾗｯｸLT99ver.,0204,13.2,-5.5,-4.1,57,20,32,1/32,1/90,1/79
野川,2026-09-11,2026-09-11,9/11 23:31,パチンコ,3025,PA大海物語5ﾌﾞﾗｯｸLT99ver.,0205,19.1,8.8,-7.6,73,48,36,1/31,1/53,1/110
野川,2026-09-11,2026-09-11,9/11 23:31,パチンコ,3250,PA大海物語ｱｸﾞﾈｽﾌﾟﾚﾐｱRBA,0154,-1.4,5.0,-0.5,37,53,42,1/78,1/56,1/125
野川,2026-09-11,2026-09-11,9/11 23:31,パチンコ,3250,PA大海物語ｱｸﾞﾈｽﾌﾟﾚﾐｱRBA,0155,2.1,0.1,0.4,32,27,32,1/76,1/117,1/94
野川,2026-09-11,2026-09-11,9/11 23:31,パチンコ,3250,PA大海物語ｱｸﾞﾈｽﾌﾟﾚﾐｱRBA,0156,-2.7,-4.0,-2.0,24,16,35,1/97,1/108,1/135
野川,2026-09-11,2026-09-11,9/11 23:31,パチンコ,3250,PA大海物語ｱｸﾞﾈｽﾌﾟﾚﾐｱRBA,0157,0.3,-4.8,1.2,28,24,44,1/67,1/110,1/78
野川,2026-09-11,2026-09-11,9/11 23:31,パチンコ,3250,PA大海物語ｱｸﾞﾈｽﾌﾟﾚﾐｱRBA,0158,3.0,3.2,2.0,33,56,43,1/50,1/64,1/88
野川,2026-09-11,2026-09-11,9/11 23:31,パチンコ,3145,PA海物語極ジャパンHBD,0159,2.3,0.8,1.1,20,9,13,1/111,1/66,1/180
野川,2026-09-11,2026-09-11,9/11 23:31,パチンコ,3145,PA海物語極ジャパンHBD,0160,4.8,-2.6,1.7,26,4,25,1/44,1/84,1/46
野川,2026-09-11,2026-09-11,9/11 23:31,パチンコ,3145,PA海物語極ジャパンHBD,0161,-4.3,-0.8,-1.3,14,3,16,1/84,1/125,1/94
野川,2026-09-11,2026-09-11,9/11 23:31,パチンコ,2828,PA激ﾃﾞｼﾞ牙狼月虹ﾉ旅人,0172,0.0,0.0,0.0,0,0,0,,,
野川,2026-09-11,2026-09-11,9/11 23:31,パチンコ,2511,PA真・花の慶次２N2-X1,0168,-0.3,-0.4,-0.8,1,0,6,1/48,1/38,1/254
野川,2026-09-11,2026-09-11,9/11 23:31,パチンコ,3004,PA花の慶次 裂 99ver.,0213,0.0,-0.4,3.5,0,2,19,,1/39,1/278
野川,2026-09-11,2026-09-11,9/11 23:31,パチンコ,3004,PA花の慶次 裂 99ver.,0214,0.0,2.3,-2.7,0,8,2,,1/19,1/142
野川,2026-09-11,2026-09-11,9/11 23:31,パチンコ,3144,PA野生の王国6N2,0150,-0.6,0.3,-3.2,3,4,3,1/71,1/54,1/248
野川,2026-09-11,2026-09-11,9/11 23:31,パチンコ,3144,PA野生の王国6N2,0151,3.1,-0.1,2.1,12,5,14,1/5,1/129,1/52
野川,2026-09-11,2026-09-11,9/11 23:31,パチンコ,3112,PAｱｽﾞｰﾙﾚｰﾝ異次元ﾄﾘｶﾞｰ 79ver.～M2,0163,-1.2,2.1,-0.6,0,10,1,1/127,1/29,1/80
野川,2026-09-11,2026-09-11,9/11 23:31,パチンコ,3112,PAｱｽﾞｰﾙﾚｰﾝ異次元ﾄﾘｶﾞｰ 79ver.～M2,0185,-0.9,3.4,-0.3,17,33,3,1/51,1/35,1/36
野川,2026-09-11,2026-09-11,9/11 23:31,パチンコ,3108,PAｼﾝ･ｴｳﾞｧﾝｹﾞﾘｵﾝY,0145,-5.4,-0.5,1.6,10,0,13,1/87,1/48,1/88
野川,2026-09-11,2026-09-11,9/11 23:31,パチンコ,3108,PAｼﾝ･ｴｳﾞｧﾝｹﾞﾘｵﾝY,0146,2.2,-0.6,4.4,8,0,16,1/91,1/59,1/34
野川,2026-09-11,2026-09-11,9/11 23:31,パチンコ,3108,PAｼﾝ･ｴｳﾞｧﾝｹﾞﾘｵﾝY,0147,-0.2,-0.6,3.8,0,1,17,1/23,1/87,1/46
野川,2026-09-11,2026-09-11,9/11 23:31,パチンコ,3215,PAｽｰﾊﾟｰ海物語IN沖縄6RBD,0197,-1.6,-2.1,-2.5,2,2,7,1/123,1/130,1/98
野川,2026-09-11,2026-09-11,9/11 23:31,パチンコ,3215,PAｽｰﾊﾟｰ海物語IN沖縄6RBD,0198,-0.2,-1.5,-0.4,6,2,15,1/121,1/113,1/79
野川,2026-09-11,2026-09-11,9/11 23:31,パチンコ,3215,PAｽｰﾊﾟｰ海物語IN沖縄6RBD,0199,-0.5,-0.5,0.5,14,4,7,1/86,1/61,1/81
野川,2026-09-11,2026-09-11,9/11 23:31,パチンコ,3215,PAｽｰﾊﾟｰ海物語IN沖縄6RBD,0200,-0.3,0.7,-3.0,5,12,20,1/71,1/101,1/100
野川,2026-09-11,2026-09-11,9/11 23:31,パチンコ,2875,PAﾊｲｽｸｰﾙ･ﾌﾘｰﾄ ｵｰﾙｽﾀｰ すい~とで,0165,-1.7,1.9,-0.3,1,12,0,1/217,1/83,1/30
野川,2026-09-11,2026-09-11,9/11 23:31,パチンコ,3203,PAﾌｨｰﾊﾞｰｸｨｰﾝⅡYS,0175,0.1,-1.2,-0.9,3,7,0,1/63,1/104,1/94
野川,2026-09-11,2026-09-11,9/11 23:31,パチンコ,3203,PAﾌｨｰﾊﾞｰｸｨｰﾝⅡYS,0176,-1.0,-2.0,-1.3,3,1,3,1/94,1/219,1/229
野川,2026-09-11,2026-09-11,9/11 23:31,パチンコ,3072,PLT激ﾃﾞｼﾞ ｼﾞｭｰｼｰﾊﾆｰ極嬢,0190,-0.3,-0.7,-1.4,1,1,0,1/42,1/95,1/138
野川,2026-09-11,2026-09-11,9/11 23:31,パチンコ,3174,PRe:ｾﾞﾛから始めるseason2 249ver.,0278,-0.6,-0.8,-0.8,0,0,0,1/57,1/81,1/64
野川,2026-09-11,2026-09-11,9/11 23:31,パチンコ,3131,PRe:ｾﾞﾛから始める鬼がかり199ver.,0258,-1.6,18.0,1.4,2,19,4,1/98,1/60,1/90
野川,2026-09-11,2026-09-11,9/11 23:31,パチンコ,3131,PRe:ｾﾞﾛから始める鬼がかり199ver.,0259,-3.6,-0.2,-1.5,2,1,0,1/206,1/40,1/147
野川,2026-09-11,2026-09-11,9/11 23:31,パチンコ,3130,Pいくさの子戦極最強GRPJ,0290,-2.8,-0.7,-0.6,0,0,0,1/415,1/86,1/93
野川,2026-09-11,2026-09-11,9/11 23:31,パチンコ,3130,Pいくさの子戦極最強GRPJ,0291,-1.5,0.0,0.0,1,0,0,1/254,,
野川,2026-09-11,2026-09-11,9/11 23:31,パチンコ,3130,Pいくさの子戦極最強GRPJ,0292,-0.3,0.0,0.0,2,0,0,1/53,,
野川,2026-09-11,2026-09-11,9/11 23:31,パチンコ,3031,Pうまい棒2,0287,-0.5,0.0,-0.3,0,0,0,1/2,,1/3
野川,2026-09-11,2026-09-11,9/11 23:31,パチンコ,3187,Pにゃんこ大戦争88ばーじょんM2,0177,-2.2,0.4,5.3,0,2,15,1/255,1/8,1/10
野川,2026-09-11,2026-09-11,9/11 23:31,パチンコ,3187,Pにゃんこ大戦争88ばーじょんM2,0178,0.5,-0.4,-0.1,6,3,0,1/127,1/28,1/13
野川,2026-09-11,2026-09-11,9/11 23:31,パチンコ,2451,Pエヴァンゲリオン15未来への咆哮,0226,-0.8,-4.5,-0.4,1,1,7,1/117,1/597,1/298
野川,2026-09-11,2026-09-11,9/11 23:31,パチンコ,2451,Pエヴァンゲリオン15未来への咆哮,0227,7.2,-8.7,-5.2,22,1,2,1/228,1/1124,1/350
野川,2026-09-11,2026-09-11,9/11 23:31,パチンコ,2451,Pエヴァンゲリオン15未来への咆哮,0228,-1.5,-3.2,14.7,0,1,24,1/165,1/413,1/419
野川,2026-09-11,2026-09-11,9/11 23:31,パチンコ,2451,Pエヴァンゲリオン15未来への咆哮,0229,2.5,13.4,0.0,8,26,0,1/326,1/205,
野川,2026-09-11,2026-09-11,9/11 23:31,パチンコ,2451,Pエヴァンゲリオン15未来への咆哮,0230,-1.8,-0.1,-1.6,0,0,5,1/193,1/18,1/266
野川,2026-09-11,2026-09-11,9/11 23:31,パチンコ,2451,Pエヴァンゲリオン15未来への咆哮,0231,5.5,14.8,10.6,12,23,17,1/146,1/81,1/244
野川,2026-09-11,2026-09-11,9/11 23:31,パチンコ,2451,Pエヴァンゲリオン15未来への咆哮,0232,-2.6,9.6,2.8,2,19,15,1/185,1/165,1/281
野川,2026-09-11,2026-09-11,9/11 23:31,パチンコ,2451,Pエヴァンゲリオン15未来への咆哮,0269,-0.8,-1.3,-6.8,17,8,3,1/240,1/365,1/957
野川,2026-09-11,2026-09-11,9/11 23:31,パチンコ,2451,Pエヴァンゲリオン15未来への咆哮,0270,-3.7,-5.7,-3.4,7,0,1,1/454,1/687,1/411
野川,2026-09-11,2026-09-11,9/11 23:31,パチンコ,2451,Pエヴァンゲリオン15未来への咆哮,0271,-0.7,-4.5,2.8,2,0,15,1/60,1/507,1/273
野川,2026-09-11,2026-09-11,9/11 23:31,パチンコ,2451,Pエヴァンゲリオン15未来への咆哮,0272,0.0,-3.7,-4.6,9,5,0,1/198,1/254,1/531
野川,2026-09-11,2026-09-11,9/11 23:31,パチンコ,2451,Pエヴァンゲリオン15未来への咆哮,0273,-4.6,-1.5,-2.6,1,7,2,1/553,1/233,1/441
野川,2026-09-11,2026-09-11,9/11 23:31,パチンコ,2451,Pエヴァンゲリオン15未来への咆哮,0274,-2.6,-12.4,-6.8,0,3,4,1/332,1/574,1/547
野川,2026-09-11,2026-09-11,9/11 23:31,パチンコ,2832,P中森明菜･歌姫伝説BLACKDIVA極,0254,-3.3,0.0,3.8,3,0,7,1/649,,1/153
野川,2026-09-11,2026-09-11,9/11 23:31,パチンコ,2832,P中森明菜･歌姫伝説BLACKDIVA極,0255,-3.1,3.1,-2.3,0,8,1,1/327,1/101,1/314
野川,2026-09-11,2026-09-11,9/11 23:31,パチンコ,3120,P冬のｿﾅﾀ My Memory MA2,0167,0.4,0.0,-0.1,7,0,0,1/32,,1/5
野川,2026-09-11,2026-09-11,9/11 23:31,パチンコ,2855,P北斗の拳 強敵 LT,0179,-4.9,-0.6,-0.8,1,0,0,1/560,1/59,1/100
野川,2026-09-11,2026-09-11,9/11 23:31,パチンコ,2855,P北斗の拳 強敵 LT,0180,-0.1,0.0,-0.4,0,0,0,1/14,,1/36
野川,2026-09-11,2026-09-11,9/11 23:31,パチンコ,2855,P北斗の拳 強敵 LT,0181,-0.7,-0.7,-0.4,0,0,1,1/89,1/81,1/56
野川,2026-09-11,2026-09-11,9/11 23:31,パチンコ,2689,P北斗の拳暴凶星,0245,-1.3,0.1,0.0,0,1,0,1/123,1/64,
野川,2026-09-11,2026-09-11,9/11 23:31,パチンコ,2689,P北斗の拳暴凶星,0246,-0.3,0.0,-0.3,0,0,0,1/23,,1/42
野川,2026-09-11,2026-09-11,9/11 23:31,パチンコ,2689,P北斗の拳暴凶星,0247,-0.6,-0.6,-0.1,0,1,1,1/72,1/162,1/90
野川,2026-09-11,2026-09-11,9/11 23:31,パチンコ,2497,P北斗の拳８究極乱世SSF,0174,0.0,0.0,0.0,0,0,0,,,
野川,2026-09-11,2026-09-11,9/11 23:31,パチンコ,2867,P大工の源さん超韋駄天2 極源LighT,0195,-3.3,-1.1,-0.1,1,1,0,1/441,1/116,1/4
野川,2026-09-11,2026-09-11,9/11 23:31,パチンコ,2705,P大海物語5,0283,-1.1,-0.7,-0.8,0,0,0,1/138,1/83,1/72
野川,2026-09-11,2026-09-11,9/11 23:31,パチンコ,2705,P大海物語5,0284,-0.9,-0.9,4.2,0,3,14,1/104,1/188,1/128
野川,2026-09-11,2026-09-11,9/11 23:31,パチンコ,2705,P大海物語5,0285,-0.3,1.2,-1.2,0,3,1,1/34,1/123,1/218
野川,2026-09-11,2026-09-11,9/11 23:31,パチンコ,2705,P大海物語5,0286,-1.1,0.2,3.1,0,3,11,1/121,1/119,1/207
野川,2026-09-11,2026-09-11,9/11 23:31,パチンコ,2809,P大海物語5 ﾌﾞﾗｯｸ,0217,-2.2,-2.8,-0.1,0,0,29,1/268,1/308,1/225
野川,2026-09-11,2026-09-11,9/11 23:31,パチンコ,3204,P大海物語5ｽﾍﾟｼｬﾙALTA,0281,-0.6,1.8,-1.7,0,6,1,1/44,1/139,1/281
野川,2026-09-11,2026-09-11,9/11 23:31,パチンコ,3204,P大海物語5ｽﾍﾟｼｬﾙALTA,0282,-0.6,-0.4,1.2,0,0,2,1/50,1/31,1/35
野川,2026-09-11,2026-09-11,9/11 23:31,パチンコ,3109,P戦国乙女7HOYZ3,0242,-0.1,0.0,-3.1,3,0,0,1/113,,1/488
野川,2026-09-11,2026-09-11,9/11 23:31,パチンコ,3109,P戦国乙女7HOYZ3,0243,0.0,0.0,-0.3,0,0,1,,,1/44
野川,2026-09-11,2026-09-11,9/11 23:31,パチンコ,3109,P戦国乙女7HOYZ3,0244,-1.2,-0.3,-2.0,0,0,1,1/216,1/64,1/350
野川,2026-09-11,2026-09-11,9/11 23:31,パチンコ,3202,P戦国無双N,0169,-2.3,-5.1,-1.6,3,21,11,1/158,1/71,1/98
野川,2026-09-11,2026-09-11,9/11 23:31,パチンコ,2772,P新世紀ｴｳﾞｧﾝｹﾞﾘｵﾝ未来への咆哮Ｌ,0275,4.5,-0.5,8.5,17,0,17,1/76,1/51,1/49
野川,2026-09-11,2026-09-11,9/11 23:31,パチンコ,2772,P新世紀ｴｳﾞｧﾝｹﾞﾘｵﾝ未来への咆哮Ｌ,0276,-1.3,-1.5,0.0,0,0,0,1/150,1/146,
野川,2026-09-11,2026-09-11,9/11 23:31,パチンコ,2772,P新世紀ｴｳﾞｧﾝｹﾞﾘｵﾝ未来への咆哮Ｌ,0277,-1.2,0.1,-2.6,11,10,0,1/145,1/146,1/280
野川,2026-09-11,2026-09-11,9/11 23:31,パチンコ,3056,P機動戦士ｶﾞﾝﾀﾞﾑﾕﾆｺｰﾝ 再来129ver.,0152,-0.2,-0.1,-0.7,0,0,1,1/29,1/10,1/90
野川,2026-09-11,2026-09-11,9/11 23:31,パチンコ,3056,P機動戦士ｶﾞﾝﾀﾞﾑﾕﾆｺｰﾝ 再来129ver.,0153,-0.4,-0.3,-1.1,0,1,0,1/53,1/60,1/91
野川,2026-09-11,2026-09-11,9/11 23:31,パチンコ,2997,P清流物語4 ﾇｼを求めて4000匹,0218,-1.3,-2.1,-1.5,0,1,1,1/169,1/254,1/197
野川,2026-09-11,2026-09-11,9/11 23:31,パチンコ,2997,P清流物語4 ﾇｼを求めて4000匹,0219,5.0,-7.3,-4.3,29,8,6,1/161,1/462,1/539
野川,2026-09-11,2026-09-11,9/11 23:31,パチンコ,2997,P清流物語4 ﾇｼを求めて4000匹,0220,-6.0,4.1,-1.5,12,16,0,1/105,1/195,1/163
野川,2026-09-11,2026-09-11,9/11 23:31,パチンコ,2876,P牙狼11~冴島大河~XX,0248,0.0,0.0,-1.5,0,0,0,,,1/161
野川,2026-09-11,2026-09-11,9/11 23:31,パチンコ,2876,P牙狼11~冴島大河~XX,0249,-0.4,0.0,-0.1,0,0,0,1/34,,1/16
野川,2026-09-11,2026-09-11,9/11 23:31,パチンコ,2876,P牙狼11~冴島大河~XX,0250,-0.1,3.5,-3.9,0,8,3,1/16,1/207,1/273
野川,2026-09-11,2026-09-11,9/11 23:31,パチンコ,2876,P牙狼11~冴島大河~XX,0251,-1.8,0.0,0.9,0,0,5,1/188,,1/231
野川,2026-09-11,2026-09-11,9/11 23:31,パチンコ,2876,P牙狼11~冴島大河~XX,0252,2.2,0.0,-2.1,8,0,0,1/80,,1/214
野川,2026-09-11,2026-09-11,9/11 23:31,パチンコ,2876,P牙狼11~冴島大河~XX,0253,-1.9,0.0,2.8,0,0,6,1/218,,1/133
野川,2026-09-11,2026-09-11,9/11 23:31,パチンコ,2979,P盾の勇者の成り上がり,0296,0.0,-0.4,-1.4,3,0,0,1/194,1/43,1/125
野川,2026-09-11,2026-09-11,9/11 23:31,パチンコ,2979,P盾の勇者の成り上がり,0297,-0.3,-1.6,-2.4,1,1,0,1/50,1/198,1/272
野川,2026-09-11,2026-09-11,9/11 23:31,パチンコ,2459,P真北斗無双FWQG,0300,0.0,0.0,-0.8,0,0,4,,,1/96
野川,2026-09-11,2026-09-11,9/11 23:31,パチンコ,2459,P真北斗無双FWQG,0301,-0.1,5.2,0.0,0,11,0,1/4,1/33,
野川,2026-09-11,2026-09-11,9/11 23:31,パチンコ,2459,P真北斗無双FWQG,0302,-0.1,-1.9,-9.3,0,0,3,1/4,1/182,1/550
野川,2026-09-11,2026-09-11,9/11 23:31,パチンコ,2459,P真北斗無双FWQG,0303,-1.0,-0.3,-0.1,0,0,0,1/119,1/28,1/16
野川,2026-09-11,2026-09-11,9/11 23:31,パチンコ,2459,P真北斗無双FWQG,0304,-0.6,-0.4,-3.1,0,0,7,1/65,1/53,1/238
野川,2026-09-11,2026-09-11,9/11 23:31,パチンコ,2800,P真･北斗無双 第4章 下剋上闘,0279,-0.2,-1.4,0.1,1,0,3,1/30,1/146,1/99
野川,2026-09-11,2026-09-11,9/11 23:31,パチンコ,3229,P織田信奈の野望全国版V4A,0222,-1.6,-0.6,-3.9,0,0,4,1/327,1/139,1/284
野川,2026-09-11,2026-09-11,9/11 23:31,パチンコ,3229,P織田信奈の野望全国版V4A,0223,2.3,-1.7,-8.5,7,8,3,1/578,1/191,1/655
野川,2026-09-11,2026-09-11,9/11 23:31,パチンコ,2422,P花満開　月光ZC,0280,-3.1,-0.4,0.6,1,0,5,1/517,1/47,1/102
野川,2026-09-11,2026-09-11,9/11 23:31,パチンコ,2910,P貞子,0298,1.0,-0.5,-2.4,9,2,2,1/98,1/70,1/271
野川,2026-09-11,2026-09-11,9/11 23:31,パチンコ,2910,P貞子,0299,0.0,-1.7,0.0,0,2,3,,1/197,1/446
野川,2026-09-11,2026-09-11,9/11 23:31,パチンコ,3038,P防振り,0260,-0.5,-0.3,-0.7,1,0,1,1/67,1/28,1/83
野川,2026-09-11,2026-09-11,9/11 23:31,パチンコ,3038,P防振り,0261,-0.4,-0.5,-0.2,0,0,0,1/41,1/52,1/26
野川,2026-09-11,2026-09-11,9/11 23:31,パチンコ,3214,P魔法少女まどか☆ﾏｷﾞｶ3MAJ1,0182,-2.9,0.0,-0.5,2,0,4,1/178,,1/71
野川,2026-09-11,2026-09-11,9/11 23:31,パチンコ,3214,P魔法少女まどか☆ﾏｷﾞｶ3MAJ1,0183,-2.9,0.9,-1.6,3,8,1,1/112,1/194,1/166
野川,2026-09-11,2026-09-11,9/11 23:31,パチンコ,3214,P魔法少女まどか☆ﾏｷﾞｶ3MAJ1,0184,-0.9,0.0,-0.7,3,0,6,1/144,,1/23
野川,2026-09-11,2026-09-11,9/11 23:31,パチンコ,3034,Pｱﾅｻﾞｰｺﾞｯﾄﾞﾊｰﾃﾞｽ-獄炎-,0288,-0.6,-3.8,-0.4,0,4,0,1/51,1/225,1/53
野川,2026-09-11,2026-09-11,9/11 23:31,パチンコ,2821,Pｼﾝ･ｴｳﾞｧﾝｹﾞﾘｵﾝ Type ﾚｲ,0233,17.2,-0.8,-0.3,25,0,0,1/114,1/91,1/37
野川,2026-09-11,2026-09-11,9/11 23:31,パチンコ,2821,Pｼﾝ･ｴｳﾞｧﾝｹﾞﾘｵﾝ Type ﾚｲ,0234,-0.3,-1.6,-0.6,0,1,0,1/29,1/184,1/69
野川,2026-09-11,2026-09-11,9/11 23:31,パチンコ,2821,Pｼﾝ･ｴｳﾞｧﾝｹﾞﾘｵﾝ Type ﾚｲ,0235,-0.1,-2.3,-2.2,0,0,0,1/3,1/237,1/247
野川,2026-09-11,2026-09-11,9/11 23:31,パチンコ,2821,Pｼﾝ･ｴｳﾞｧﾝｹﾞﾘｵﾝ Type ﾚｲ,0236,-1.0,-0.3,0.1,0,0,2,1/108,1/41,1/92
野川,2026-09-11,2026-09-11,9/11 23:31,パチンコ,2821,Pｼﾝ･ｴｳﾞｧﾝｹﾞﾘｵﾝ Type ﾚｲ,0237,-1.0,-1.8,-1.6,0,0,2,1/94,1/190,1/254
野川,2026-09-11,2026-09-11,9/11 23:31,パチンコ,2821,Pｼﾝ･ｴｳﾞｧﾝｹﾞﾘｵﾝ Type ﾚｲ,0264,-0.6,0.0,-0.1,1,0,0,1/96,,1/15
野川,2026-09-11,2026-09-11,9/11 23:31,パチンコ,2821,Pｼﾝ･ｴｳﾞｧﾝｹﾞﾘｵﾝ Type ﾚｲ,0265,-1.6,-1.3,-1.6,1,0,0,1/169,1/131,1/157
野川,2026-09-11,2026-09-11,9/11 23:31,パチンコ,2821,Pｼﾝ･ｴｳﾞｧﾝｹﾞﾘｵﾝ Type ﾚｲ,0266,-0.7,-1.7,-0.1,0,2,0,1/69,1/285,1/4
野川,2026-09-11,2026-09-11,9/11 23:31,パチンコ,2821,Pｼﾝ･ｴｳﾞｧﾝｹﾞﾘｵﾝ Type ﾚｲ,0267,-3.6,1.4,-0.6,2,7,0,1/212,1/144,1/61
野川,2026-09-11,2026-09-11,9/11 23:31,パチンコ,2821,Pｼﾝ･ｴｳﾞｧﾝｹﾞﾘｵﾝ Type ﾚｲ,0268,-2.9,-2.3,2.4,4,0,7,1/642,1/255,1/296
野川,2026-09-11,2026-09-11,9/11 23:31,パチンコ,3122,Pｽｰﾊﾟｰ海物語IN沖縄6LTP,0215,2.0,-0.8,-2.0,3,0,0,1/29,1/87,1/243
野川,2026-09-11,2026-09-11,9/11 23:31,パチンコ,3122,Pｽｰﾊﾟｰ海物語IN沖縄6LTP,0216,0.0,-0.3,-1.5,0,0,0,,1/37,1/167
野川,2026-09-11,2026-09-11,9/11 23:31,パチンコ,3039,Pｿﾞﾝﾋﾞﾗﾝﾄﾞｻｶﾞ,0221,0.0,0.0,-0.9,0,0,0,,,1/97
野川,2026-09-11,2026-09-11,9/11 23:31,パチンコ,2911,Pﾌｨｰﾊﾞｰありふれた職業でLight,0173,-0.3,2.7,-0.1,0,13,0,1/30,1/47,1/12
野川,2026-09-11,2026-09-11,9/11 23:31,パチンコ,3159,Pﾌｨｰﾊﾞｰうたわれるもの Y,0194,0.0,-0.5,-1.7,0,0,0,,1/50,1/157
野川,2026-09-11,2026-09-11,9/11 23:31,パチンコ,2779,Pﾌｨｰﾊﾞｰかぐや様は告らせたい,0289,0.0,0.0,0.0,0,0,0,,,
野川,2026-09-11,2026-09-11,9/11 23:31,パチンコ,2940,Pﾌｨｰﾊﾞｰかぐや様は告らせたいLight,0210,-0.1,-0.3,-0.1,0,0,0,1/4,1/29,1/10
野川,2026-09-11,2026-09-11,9/11 23:31,パチンコ,2940,Pﾌｨｰﾊﾞｰかぐや様は告らせたいLight,0211,-2.7,-0.8,-0.8,8,0,0,1/88,1/66,1/69
野川,2026-09-11,2026-09-11,9/11 23:31,パチンコ,2940,Pﾌｨｰﾊﾞｰかぐや様は告らせたいLight,0212,0.0,-0.5,-0.1,0,0,0,,1/60,1/12
野川,2026-09-11,2026-09-11,9/11 23:31,パチンコ,2811,Pﾌｨｰﾊﾞｰからくりｻｰｶｽ Light ver.,0162,-3.9,1.2,-3.8,1,14,0,1/370,1/64,1/383
野川,2026-09-11,2026-09-11,9/11 23:31,パチンコ,3012,Pﾌｨｰﾊﾞｰ戦姫絶唱ｼﾝﾌｫｷﾞｱ4 199ver.,0340,-1.3,0.0,-1.2,3,0,2,1/99,,1/101
野川,2026-09-11,2026-09-11,9/11 23:31,パチンコ,3012,Pﾌｨｰﾊﾞｰ戦姫絶唱ｼﾝﾌｫｷﾞｱ4 199ver.,0341,-2.2,0.0,-3.5,0,0,1,1/230,,1/411
野川,2026-09-11,2026-09-11,9/11 23:31,パチンコ,3012,Pﾌｨｰﾊﾞｰ戦姫絶唱ｼﾝﾌｫｷﾞｱ4 199ver.,0342,-0.1,-0.7,-0.1,0,0,0,1/13,1/75,1/16
野川,2026-09-11,2026-09-11,9/11 23:31,パチンコ,3012,Pﾌｨｰﾊﾞｰ戦姫絶唱ｼﾝﾌｫｷﾞｱ4 199ver.,0343,-3.0,-1.5,0.0,4,0,0,1/130,1/165,
野川,2026-09-11,2026-09-11,9/11 23:31,パチンコ,2886,Pﾌｨｰﾊﾞｰ炎炎ﾉ消防隊 Light ver.,0166,-1.6,-2.3,-0.1,0,0,0,1/168,1/227,1/7
野川,2026-09-11,2026-09-11,9/11 23:31,パチンコ,2749,PﾌｨｰﾊﾞｰｸｨｰﾝⅡV,0192,-0.1,1.4,-0.4,0,9,0,1/14,1/132,1/37
野川,2026-09-11,2026-09-11,9/11 23:31,パチンコ,2858,Pﾌｨｰﾊﾞｰﾊﾟﾜﾌﾙ（2024年）,0189,-0.5,-0.5,-0.4,4,0,0,1/53,1/39,1/42
野川,2026-09-11,2026-09-11,9/11 23:31,パチンコ,3005,Pﾌﾞﾗｯｸﾗｸﾞｰﾝ4 129ver.,0188,-1.2,-0.1,-0.4,0,0,0,1/158,1/6,1/37
野川,2026-09-11,2026-09-11,9/11 23:31,パチンコ,3142,PﾒｲﾄﾞｲﾝｱﾋﾞｽSL,0164,1.3,-0.5,-3.1,10,2,1,1/70,1/94,1/360
野川,2026-09-11,2026-09-11,9/11 23:31,パチンコ,2934,Pﾘﾝｸﾞ 呪いの7日間3 ﾗｯｷｰﾄﾘｶﾞｰVer.,0293,-2.6,6.8,1.2,0,14,6,1/305,1/15,1/71
野川,2026-09-11,2026-09-11,9/11 23:31,パチンコ,2934,Pﾘﾝｸﾞ 呪いの7日間3 ﾗｯｷｰﾄﾘｶﾞｰVer.,0294,-0.8,0.0,-1.1,0,0,0,1/94,,1/107
野川,2026-09-11,2026-09-11,9/11 23:31,パチンコ,2934,Pﾘﾝｸﾞ 呪いの7日間3 ﾗｯｷｰﾄﾘｶﾞｰVer.,0295,2.7,0.0,-0.2,6,0,0,1/59,,1/34
野川,2026-09-11,2026-09-11,9/11 23:31,パチンコ,2955,Pﾙﾊﾟﾝ三世 ONE COLLECTION,0240,-0.7,0.0,-0.1,0,0,0,1/83,,1/17
野川,2026-09-11,2026-09-11,9/11 23:31,パチンコ,2955,Pﾙﾊﾟﾝ三世 ONE COLLECTION,0241,-5.8,0.0,-2.2,1,0,0,1/613,,1/236
野川,2026-09-11,2026-09-11,9/11 23:31,パチンコ,2848,Pﾙﾊﾟﾝ三世 THE FIRST 99ver.,0191,1.6,-6.4,0.4,41,48,27,1/97,1/129,1/59
野川,2026-09-11,2026-09-11,9/11 23:31,パチンコ,2939,Pﾙﾊﾟﾝ三世 銭形招待状 77Sweet,0186,0.9,-0.1,-2.4,7,0,1,1/58,1/11,1/264
野川,2026-09-11,2026-09-11,9/11 23:31,パチンコ,3211,①e北斗の拳10GHEG,0140,5.4,-3.9,-2.7,20,1,9,1/78,1/455,1/333
野川,2026-09-11,2026-09-11,9/11 23:31,パチンコ,3197,①e蒼天の拳羅龍SREN,0142,-1.1,-3.4,3.1,0,1,6,1/126,1/364,1/63
野川,2026-09-11,2026-09-11,9/11 23:31,パチンコ,3212,①eｼｬｰﾏﾝｷﾝｸﾞMH,0141,0.0,-1.0,-1.7,0,0,1,,1/120,1/247
野川,2026-09-11,2026-09-11,9/11 23:31,パチンコ,3191,①eｿｰﾄﾞｱｰﾄ･ｵﾝﾗｲﾝ 閃光の軌跡K7,0144,-12.3,-12.6,-4.0,3,5,15,1/474,1/301,1/416
野川,2026-09-11,2026-09-11,9/11 23:31,パチンコ,3198,①eﾌｨｰﾊﾞｰ炎炎ﾉ消防隊2MS,0143,-8.7,-0.1,9.0,10,3,27,1/283,1/265,1/646
野川,2026-09-11,2026-09-11,9/11 23:31,パチンコ,3154,①P FAIRY TAIL七炎竜の力だFSA,0115,-3.4,-0.3,0.7,0,0,5,1/365,1/29,1/86
野川,2026-09-11,2026-09-11,9/11 23:31,パチンコ,3140,①PACYBORG009N2-K,0034,-4.5,19.6,-5.8,38,101,4,1/76,1/63,1/180
野川,2026-09-11,2026-09-11,9/11 23:31,パチンコ,2958,①PAわんわんﾊﾟﾗﾀﾞｲｽCELEBRATION,0009,0.5,6.0,-0.4,51,66,54,1/99,1/71,1/141
野川,2026-09-11,2026-09-11,9/11 23:31,パチンコ,2648,①PAスーパー海物語IN沖縄５SBA,0019,-4.5,-0.4,2.2,19,28,31,1/138,1/107,1/79
野川,2026-09-11,2026-09-11,9/11 23:31,パチンコ,2648,①PAスーパー海物語IN沖縄５SBA,0020,-1.8,0.9,0.7,6,9,18,1/145,1/85,1/78
野川,2026-09-11,2026-09-11,9/11 23:31,パチンコ,2648,①PAスーパー海物語IN沖縄５SBA,0021,1.2,-0.5,-0.2,19,2,9,1/92,1/60,1/90
野川,2026-09-11,2026-09-11,9/11 23:31,パチンコ,2748,①PA大海物語5ARBC,0048,1.5,2.0,0.8,47,41,38,1/125,1/132,1/98
野川,2026-09-11,2026-09-11,9/11 23:31,パチンコ,2748,①PA大海物語5ARBC,0049,0.0,0.7,1.2,29,44,40,1/80,1/113,1/78
野川,2026-09-11,2026-09-11,9/11 23:31,パチンコ,2748,①PA大海物語5ARBC,0050,-6.4,-1.7,-5.1,17,30,36,1/187,1/100,1/106
野川,2026-09-11,2026-09-11,9/11 23:31,パチンコ,2748,①PA大海物語5ARBC,0051,1.4,2.7,2.2,36,48,46,1/110,1/63,1/69
野川,2026-09-11,2026-09-11,9/11 23:31,パチンコ,3057,①PA大海物語5ARBC,0017,-4.9,3.0,0.9,23,38,42,1/150,1/88,1/107
野川,2026-09-11,2026-09-11,9/11 23:31,パチンコ,3057,①PA大海物語5ARBC,0018,1.0,1.7,1.3,41,63,48,1/107,1/81,1/95
野川,2026-09-11,2026-09-11,9/11 23:31,パチンコ,3209,①PA大海物語5HLD,0025,5.6,-0.7,7.6,33,28,82,1/180,1/347,1/91
野川,2026-09-11,2026-09-11,9/11 23:31,パチンコ,3249,①PA大海物語ｱｸﾞﾈｽﾌﾟﾚﾐｱRBA,0059,-3.5,0.0,3.4,48,47,62,1/86,1/86,1/82
野川,2026-09-11,2026-09-11,9/11 23:31,パチンコ,2694,①PA巨人の星明子2000,0066,1.8,-0.8,-2.1,38,32,39,1/125,1/118,1/94
野川,2026-09-11,2026-09-11,9/11 23:31,パチンコ,3064,①PA海物語3R3,0014,-3.0,-0.3,0.2,6,18,10,1/239,1/71,1/67
野川,2026-09-11,2026-09-11,9/11 23:31,パチンコ,3208,①PA海物語3R3LBA,0022,-1.9,-4.1,-3.2,47,23,16,1/63,1/187,1/105
野川,2026-09-11,2026-09-11,9/11 23:31,パチンコ,3208,①PA海物語3R3LBA,0023,-0.8,0.6,-4.6,25,16,22,1/82,1/114,1/119
野川,2026-09-11,2026-09-11,9/11 23:31,パチンコ,3208,①PA海物語3R3LBA,0024,-5.0,-1.7,0.8,8,18,21,1/161,1/80,1/73
野川,2026-09-11,2026-09-11,9/11 23:31,パチンコ,2718,①PA火曜ｻｽﾍﾟﾝｽ劇場3GSA,0036,1.0,-0.7,3.4,26,24,37,1/124,1/106,1/136
野川,2026-09-11,2026-09-11,9/11 23:31,パチンコ,3117,①PA花の慶次～裂N3-VY,0069,-7.7,-2.4,3.8,22,25,51,1/115,1/113,1/86
野川,2026-09-11,2026-09-11,9/11 23:31,パチンコ,2941,①PAｺﾞｼﾞﾗ対ｴｳﾞｧﾝｹﾞﾘｵﾝG細胞覚醒,0005,1.7,-2.9,-0.2,26,15,48,1/69,1/127,1/67
野川,2026-09-11,2026-09-11,9/11 23:31,パチンコ,2941,①PAｺﾞｼﾞﾗ対ｴｳﾞｧﾝｹﾞﾘｵﾝG細胞覚醒,0042,1.4,-7.9,-4.2,16,10,22,1/78,1/136,1/109
野川,2026-09-11,2026-09-11,9/11 23:31,パチンコ,3107,①PAｼﾝ･ｴｳﾞｧﾝｹﾞﾘｵﾝY,0040,6.2,-1.1,4.8,54,49,42,1/85,1/97,1/112
野川,2026-09-11,2026-09-11,9/11 23:31,パチンコ,3007,①PAｽｰﾊﾟｰ海物語 IN 地中海2,0015,-1.2,2.0,16.1,44,75,105,1/93,1/75,1/90
野川,2026-09-11,2026-09-11,9/11 23:31,パチンコ,3007,①PAｽｰﾊﾟｰ海物語 IN 地中海2,0016,-4.7,0.2,-2.7,19,35,14,1/101,1/92,1/91
野川,2026-09-11,2026-09-11,9/11 23:31,パチンコ,3007,①PAｽｰﾊﾟｰ海物語 IN 地中海2,0055,1.3,-6.3,-5.7,44,18,5,1/111,1/133,1/198
野川,2026-09-11,2026-09-11,9/11 23:31,パチンコ,3007,①PAｽｰﾊﾟｰ海物語 IN 地中海2,0056,-1.7,2.7,4.8,11,46,56,1/144,1/70,1/78
野川,2026-09-11,2026-09-11,9/11 23:31,パチンコ,3007,①PAｽｰﾊﾟｰ海物語 IN 地中海2,0057,5.9,1.7,-3.8,58,41,35,1/59,1/81,1/95
野川,2026-09-11,2026-09-11,9/11 23:31,パチンコ,3248,①PAｽｰﾊﾟｰ海物語IN沖縄6RBD,0012,-4.2,0.7,6.6,16,23,62,1/291,1/77,1/62
野川,2026-09-11,2026-09-11,9/11 23:31,パチンコ,3248,①PAｽｰﾊﾟｰ海物語IN沖縄6RBD,0013,-1.9,-7.8,1.6,29,22,51,1/169,1/151,1/71
野川,2026-09-11,2026-09-11,9/11 23:31,パチンコ,3008,①PAｽｰﾊﾟｰ海物語沖縄5夜桜99ver.,0052,0.5,-2.6,-2.0,39,18,60,1/186,1/116,1/121
野川,2026-09-11,2026-09-11,9/11 23:31,パチンコ,3008,①PAｽｰﾊﾟｰ海物語沖縄5夜桜99ver.,0053,7.2,0.9,-0.1,131,42,59,1/90,1/75,1/95
野川,2026-09-11,2026-09-11,9/11 23:31,パチンコ,3008,①PAｽｰﾊﾟｰ海物語沖縄5夜桜99ver.,0054,-5.1,-5.5,-5.2,45,32,37,1/131,1/152,1/185
野川,2026-09-11,2026-09-11,9/11 23:31,パチンコ,3008,①PAｽｰﾊﾟｰ海物語沖縄5夜桜99ver.,0058,-1.4,1.6,-3.0,50,76,36,1/105,1/80,1/93
野川,2026-09-11,2026-09-11,9/11 23:31,パチンコ,3077,①PAﾌｨｰﾊﾞｰﾊﾟﾜﾌﾙR（2024年）,0038,-1.8,-0.3,4.3,16,0,28,1/96,1/24,1/49
野川,2026-09-11,2026-09-11,9/11 23:31,パチンコ,3148,①PLTｼﾞｭｰｼｰﾊﾆｰ極嬢MA,0080,-1.4,-4.1,-1.2,4,1,1,1/73,1/512,1/148
野川,2026-09-11,2026-09-11,9/11 23:31,パチンコ,3148,①PLTｼﾞｭｰｼｰﾊﾆｰ極嬢MA,0112,-2.8,-0.4,-0.9,1,0,0,1/313,1/34,1/105
野川,2026-09-11,2026-09-11,9/11 23:31,パチンコ,3074,①Pありふれた職業で世界最強Light,0032,0.3,-5.5,7.4,22,24,40,1/168,1/107,1/48
野川,2026-09-11,2026-09-11,9/11 23:31,パチンコ,3136,①Pうまい棒2おかわりちょちょV3,0114,-2.2,-7.0,-5.4,0,6,9,1/15,1/97,1/54
野川,2026-09-11,2026-09-11,9/11 23:31,パチンコ,3156,①Pえとたま2MY,0134,-0.9,-1.6,-0.2,0,2,0,1/111,1/137,1/27
野川,2026-09-11,2026-09-11,9/11 23:31,パチンコ,2999,①Pとある魔術の禁書目録2,0129,-0.9,-3.7,-1.0,0,5,0,1/83,1/237,1/100
野川,2026-09-11,2026-09-11,9/11 23:31,パチンコ,2999,①Pとある魔術の禁書目録2,0130,-0.1,-1.1,8.4,0,0,12,1/4,1/123,1/57
野川,2026-09-11,2026-09-11,9/11 23:31,パチンコ,2999,①Pとある魔術の禁書目録2,0131,1.3,6.2,-2.6,4,20,0,1/178,1/118,1/257
野川,2026-09-11,2026-09-11,9/11 23:31,パチンコ,2988,①Pひぐらしのなく頃に 輪廻転生,0136,-1.9,2.2,-0.1,0,5,0,1/203,1/149,1/10
野川,2026-09-11,2026-09-11,9/11 23:31,パチンコ,2677,①Pデビルマン疾風迅雷N2-X1,0062,-2.5,2.7,4.3,6,35,40,1/133,1/35,1/133
野川,2026-09-11,2026-09-11,9/11 23:31,パチンコ,2677,①Pデビルマン疾風迅雷N2-X1,0063,-0.9,-2.7,-0.8,1,1,18,1/98,1/304,1/146
野川,2026-09-11,2026-09-11,9/11 23:31,パチンコ,2660,①PフィーバーダンまちF,0139,-5.1,1.5,5.6,0,14,11,1/392,1/446,1/66
野川,2026-09-11,2026-09-11,9/11 23:31,パチンコ,2946,①P七つの大罪2 神千斬りVER.,0106,-1.2,2.8,2.6,9,12,15,1/79,1/150,1/98
野川,2026-09-11,2026-09-11,9/11 23:31,パチンコ,3076,①P世紀末･天才ﾊﾞｶﾎﾞﾝ~福神LTH-JH,0010,-1.4,-0.1,-1.5,0,2,4,1/141,1/93,1/88
野川,2026-09-11,2026-09-11,9/11 23:31,パチンコ,3102,①P中森明菜･歌姫伝説極KM-TF,0135,-9.0,7.3,-9.4,16,15,12,1/425,1/178,1/371
野川,2026-09-11,2026-09-11,9/11 23:31,パチンコ,3227,①P俺の妹がこんなに可愛ﾜｹｶﾞﾅｲM3,0086,4.9,0.8,-1.4,26,9,0,1/120,1/97,1/170
野川,2026-09-11,2026-09-11,9/11 23:31,パチンコ,3227,①P俺の妹がこんなに可愛ﾜｹｶﾞﾅｲM3,0087,1.2,0.8,-2.0,23,8,1,1/144,1/169,1/301
野川,2026-09-11,2026-09-11,9/11 23:31,パチンコ,3210,①P冬のｿﾅﾀ MyMemoryMA2,0026,0.5,3.0,-2.5,45,74,59,1/87,1/67,1/91
野川,2026-09-11,2026-09-11,9/11 23:31,パチンコ,3210,①P冬のｿﾅﾀ MyMemoryMA2,0027,1.9,6.3,6.8,53,43,74,1/70,1/75,1/67
野川,2026-09-11,2026-09-11,9/11 23:31,パチンコ,2944,①P化物語 319ver.,0079,-0.2,-3.0,-0.8,0,0,0,1/29,1/320,1/100
野川,2026-09-11,2026-09-11,9/11 23:31,パチンコ,3041,①P北斗の拳 強敵 LT,0046,-4.6,8.2,-2.2,7,44,18,1/137,1/74,1/87
野川,2026-09-11,2026-09-11,9/11 23:31,パチンコ,3041,①P北斗の拳 強敵 LT,0047,-4.4,-10.9,5.4,14,14,67,1/172,1/183,1/78
野川,2026-09-11,2026-09-11,9/11 23:31,パチンコ,3041,①P北斗の拳 強敵 LT,0064,-2.1,-1.1,-1.6,5,23,28,1/84,1/89,1/102
野川,2026-09-11,2026-09-11,9/11 23:31,パチンコ,3041,①P北斗の拳 強敵 LT,0065,16.3,0.6,7.0,90,6,42,1/74,1/82,1/110
野川,2026-09-11,2026-09-11,9/11 23:31,パチンコ,3226,①P大海物語5HCL,0124,-7.7,-5.5,-4.4,12,26,16,1/394,1/169,1/294
野川,2026-09-11,2026-09-11,9/11 23:31,パチンコ,3101,①P大海物語5MTE2,0097,-1.7,-5.0,-0.2,6,0,6,1/744,1/616,1/184
野川,2026-09-11,2026-09-11,9/11 23:31,パチンコ,3101,①P大海物語5MTE2,0098,-0.9,-4.1,-12.3,12,6,4,1/442,1/276,1/467
野川,2026-09-11,2026-09-11,9/11 23:31,パチンコ,3101,①P大海物語5MTE2,0099,-2.7,-2.8,-10.8,3,1,1,1/595,1/371,1/1378
野川,2026-09-11,2026-09-11,9/11 23:31,パチンコ,3101,①P大海物語5MTE2,0118,9.4,-0.7,0.5,24,0,24,1/255,1/64,1/343
野川,2026-09-11,2026-09-11,9/11 23:31,パチンコ,3101,①P大海物語5MTE2,0119,5.8,-8.4,-5.4,14,1,3,1/174,1/1029,1/458
野川,2026-09-11,2026-09-11,9/11 23:31,パチンコ,3016,①P宇宙戦艦ﾔﾏﾄ2202 超波動,0108,-0.1,-2.5,-5.8,4,1,7,1/188,1/305,1/366
野川,2026-09-11,2026-09-11,9/11 23:31,パチンコ,3016,①P宇宙戦艦ﾔﾏﾄ2202 超波動,0113,0.2,-0.8,-12.0,9,1,2,1/149,1/174,1/661
野川,2026-09-11,2026-09-11,9/11 23:31,パチンコ,2973,①P弾球黙示録ｶｲｼﾞ沼5,0116,-2.3,10.6,-12.2,0,16,4,1/265,1/125,1/761
野川,2026-09-11,2026-09-11,9/11 23:31,パチンコ,3100,①P愛の不時着MF,0084,0.0,0.0,-9.4,0,0,1,,,1/1052
野川,2026-09-11,2026-09-11,9/11 23:31,パチンコ,3100,①P愛の不時着MF,0085,-0.1,4.2,-0.8,0,8,0,1/12,1/84,1/76
野川,2026-09-11,2026-09-11,9/11 23:31,パチンコ,2774,①P戦姫絶唱ｼﾝﾌｫｷﾞｱ3黄金絶唱L,0003,5.8,-2.2,-2.0,66,4,25,1/95,1/153,1/69
野川,2026-09-11,2026-09-11,9/11 23:31,パチンコ,2774,①P戦姫絶唱ｼﾝﾌｫｷﾞｱ3黄金絶唱L,0044,-1.7,-5.2,-0.8,27,13,37,1/201,1/144,1/149
野川,2026-09-11,2026-09-11,9/11 23:31,パチンコ,3149,①P攻殻機動隊SAC＿2045AH-RS,0078,-3.8,10.0,7.2,21,29,31,1/157,1/108,1/182
野川,2026-09-11,2026-09-11,9/11 23:31,パチンコ,2971,①P新世紀ｴｳﾞｧ未来への咆哮SP,0127,0.0,-3.1,1.2,23,7,38,1/158,1/216,1/148
野川,2026-09-11,2026-09-11,9/11 23:31,パチンコ,2971,①P新世紀ｴｳﾞｧ未来への咆哮SP,0128,-1.7,2.7,-20.3,23,13,4,1/172,1/385,1/523
野川,2026-09-11,2026-09-11,9/11 23:31,パチンコ,3157,①P江頭2:50inﾅﾅｼｰV3,0011,-0.4,-0.1,-3.7,4,0,9,1/82,1/6,1/128
野川,2026-09-11,2026-09-11,9/11 23:31,パチンコ,3213,①P激ﾃﾞｼﾞ真･牙狼RBY4,0002,1.1,-0.4,1.2,25,4,18,1/57,1/67,1/42
野川,2026-09-11,2026-09-11,9/11 23:31,パチンコ,2643,①P真・花の慶次２M3-VC,0077,2.1,1.5,-3.8,7,7,8,1/287,1/121,1/97
野川,2026-09-11,2026-09-11,9/11 23:31,パチンコ,2598,①P真北斗無双FWQG,0088,-8.1,-1.6,-2.6,4,0,11,1/1125,1/165,1/302
野川,2026-09-11,2026-09-11,9/11 23:31,パチンコ,2598,①P真北斗無双FWQG,0089,3.2,-1.7,-8.2,20,4,1,1/184,1/219,1/845
野川,2026-09-11,2026-09-11,9/11 23:31,パチンコ,2598,①P真北斗無双FWQG,0090,-6.0,7.3,-6.8,0,18,2,1/651,1/104,1/372
野川,2026-09-11,2026-09-11,9/11 23:31,パチンコ,3063,①P花の慶次 裂 蓮極129ver.,0028,1.8,14.0,-5.8,11,37,3,1/154,1/204,1/318
野川,2026-09-11,2026-09-11,9/11 23:31,パチンコ,3063,①P花の慶次 裂 蓮極129ver.,0029,-3.4,-0.5,5.0,7,0,30,1/140,1/44,1/89
野川,2026-09-11,2026-09-11,9/11 23:31,パチンコ,3063,①P花の慶次 裂 蓮極129ver.,0030,5.1,-2.9,-4.6,15,1,14,1/293,1/308,1/87
野川,2026-09-11,2026-09-11,9/11 23:31,パチンコ,2721,①P革命機ｳﾞｧﾙｳﾞﾚｲｳﾞ2F,0039,-0.4,4.8,-3.9,16,45,7,1/88,1/98,1/155
野川,2026-09-11,2026-09-11,9/11 23:31,パチンコ,3093,①P魔王学院の不適合者FMY,0081,-1.5,-0.4,-2.4,0,0,0,1/144,1/33,1/248
野川,2026-09-11,2026-09-11,9/11 23:31,パチンコ,2667,①P黄門ちゃま８L9AZ1,0107,6.8,-2.1,-4.6,16,1,3,1/251,1/280,1/363
野川,2026-09-11,2026-09-11,9/11 23:31,パチンコ,2577,①P００９ RE:CYBORG M4-K,0110,1.6,-4.6,-5.8,20,11,14,1/100,1/432,1/219
野川,2026-09-11,2026-09-11,9/11 23:31,パチンコ,3000,①PｱｽﾞｰﾙﾚｰﾝTHE異次元ﾄﾘｶﾞｰ,0076,12.0,-1.7,-5.5,18,2,0,1/173,1/102,1/613
野川,2026-09-11,2026-09-11,9/11 23:31,パチンコ,3138,①Pｱｽﾞｰﾙﾚｰﾝ異次元ﾄﾘｶﾞｰ79ver.M2,0004,-0.8,1.6,4.9,45,27,45,1/65,1/58,1/87
野川,2026-09-11,2026-09-11,9/11 23:31,パチンコ,3220,①Pｷﾞﾙﾃｨｸﾗｳﾝ2SB,0008,-4.6,-2.7,-0.8,11,2,5,1/117,1/170,1/416
野川,2026-09-11,2026-09-11,9/11 23:31,パチンコ,2959,①Pｺｰﾄﾞｷﾞｱｽ反逆のﾙﾙｰｼｭﾗｲﾄver,0006,-1.6,4.5,2.2,12,34,35,1/106,1/36,1/94
野川,2026-09-11,2026-09-11,9/11 23:31,パチンコ,2959,①Pｺｰﾄﾞｷﾞｱｽ反逆のﾙﾙｰｼｭﾗｲﾄver,0067,-3.8,5.2,-1.2,2,42,25,1/222,1/64,1/86
野川,2026-09-11,2026-09-11,9/11 23:31,パチンコ,3058,①Pｼﾝ･ｴｳﾞｧﾝｹﾞﾘｵﾝX,0100,-2.8,-3.0,-0.3,6,10,11,1/332,1/306,1/264
野川,2026-09-11,2026-09-11,9/11 23:31,パチンコ,3058,①Pｼﾝ･ｴｳﾞｧﾝｹﾞﾘｵﾝX,0101,-0.4,-1.0,0.8,0,2,8,1/48,1/214,1/227
野川,2026-09-11,2026-09-11,9/11 23:31,パチンコ,3058,①Pｼﾝ･ｴｳﾞｧﾝｹﾞﾘｵﾝX,0102,10.3,-0.9,9.9,16,0,17,1/158,1/105,1/295
野川,2026-09-11,2026-09-11,9/11 23:31,パチンコ,3058,①Pｼﾝ･ｴｳﾞｧﾝｹﾞﾘｵﾝX,0103,-1.4,2.0,20.0,0,7,32,1/150,1/123,1/105
野川,2026-09-11,2026-09-11,9/11 23:31,パチンコ,3058,①Pｼﾝ･ｴｳﾞｧﾝｹﾞﾘｵﾝX,0104,-2.5,-2.2,-0.4,4,4,16,1/247,1/238,1/173
野川,2026-09-11,2026-09-11,9/11 23:31,パチンコ,2790,①Pｽｰﾊﾟｰ海物語 IN 沖縄5,0091,-1.1,-0.5,-6.5,2,9,2,1/310,1/341,1/909
野川,2026-09-11,2026-09-11,9/11 23:31,パチンコ,2790,①Pｽｰﾊﾟｰ海物語 IN 沖縄5,0092,1.3,-4.1,3.0,11,0,19,1/247,1/556,1/281
野川,2026-09-11,2026-09-11,9/11 23:31,パチンコ,2790,①Pｽｰﾊﾟｰ海物語 IN 沖縄5,0093,-4.9,0.3,-7.2,0,8,14,1/606,1/149,1/478
野川,2026-09-11,2026-09-11,9/11 23:31,パチンコ,2790,①Pｽｰﾊﾟｰ海物語 IN 沖縄5,0094,-8.3,-7.3,-9.0,0,1,3,1/869,1/877,1/388
野川,2026-09-11,2026-09-11,9/11 23:31,パチンコ,2790,①Pｽｰﾊﾟｰ海物語 IN 沖縄5,0095,-1.5,-1.2,7.5,1,1,12,1/272,1/235,1/77
野川,2026-09-11,2026-09-11,9/11 23:31,パチンコ,2790,①Pｽｰﾊﾟｰ海物語 IN 沖縄5,0096,4.5,-2.3,0.7,9,0,6,1/76,1/239,1/228
野川,2026-09-11,2026-09-11,9/11 23:31,パチンコ,3225,①Pｽｰﾊﾟｰ海物語IN沖縄6LTP,0125,-4.0,-1.1,4.0,0,0,6,1/451,1/111,1/54
野川,2026-09-11,2026-09-11,9/11 23:31,パチンコ,3225,①Pｽｰﾊﾟｰ海物語IN沖縄6LTP,0126,0.5,-1.8,-8.6,2,3,3,1/118,1/239,1/1171
野川,2026-09-11,2026-09-11,9/11 23:31,パチンコ,2808,①Pｽｰﾊﾟｰ海物語沖縄5 夜桜超旋風,0120,-2.6,-0.2,-2.7,0,2,6,1/322,1/59,1/286
野川,2026-09-11,2026-09-11,9/11 23:31,パチンコ,2808,①Pｽｰﾊﾟｰ海物語沖縄5 夜桜超旋風,0121,-1.4,-6.0,-5.0,0,8,0,1/168,1/849,1/582
野川,2026-09-11,2026-09-11,9/11 23:31,パチンコ,2808,①Pｽｰﾊﾟｰ海物語沖縄5 夜桜超旋風,0122,-1.0,-1.8,-4.3,0,0,2,1/114,1/234,1/559
野川,2026-09-11,2026-09-11,9/11 23:31,パチンコ,2808,①Pｽｰﾊﾟｰ海物語沖縄5 夜桜超旋風,0123,-2.7,-0.6,-3.6,0,0,24,1/266,1/81,1/303
野川,2026-09-11,2026-09-11,9/11 23:31,パチンコ,3228,①PｿﾞﾝﾋﾞﾗﾝﾄﾞｻｶﾞSCPC,0138,-3.3,-5.7,-6.6,16,5,3,1/86,1/181,1/449
野川,2026-09-11,2026-09-11,9/11 23:31,パチンコ,3116,①PﾃﾞｼﾞﾊﾈﾓﾝｽﾀｰﾊﾝﾀｰﾗｲｽﾞGSPB,0001,0.6,-0.5,4.9,9,9,39,1/162,1/126,1/161
野川,2026-09-11,2026-09-11,9/11 23:31,パチンコ,3116,①PﾃﾞｼﾞﾊﾈﾓﾝｽﾀｰﾊﾝﾀｰﾗｲｽﾞGSPB,0061,1.3,-0.5,0.4,26,5,12,1/185,1/173,1/114
野川,2026-09-11,2026-09-11,9/11 23:31,パチンコ,3023,①Pﾄﾞﾗﾑだ!金ﾄﾞﾝ 花火外伝,0073,-1.5,-0.7,4.0,1,0,13,1/284,1/85,1/101
野川,2026-09-11,2026-09-11,9/11 23:31,パチンコ,3147,①Pﾄﾞﾗﾑだ!金ﾄﾞﾝSB,0060,-0.2,0.1,-2.2,0,12,6,1/18,1/57,1/177
野川,2026-09-11,2026-09-11,9/11 23:31,パチンコ,2825,①Pﾌｨｰﾊﾞｰ 機動戦士ｶﾞﾝﾀﾞﾑﾕﾆｺｰﾝ,0105,9.6,-0.2,6.0,13,0,12,1/1,1/21,1/110
野川,2026-09-11,2026-09-11,9/11 23:31,パチンコ,2882,①Pﾌｨｰﾊﾞｰかぐや様は告らせたい,0132,2.6,-0.2,3.4,7,0,6,1/250,1/23,1/35
野川,2026-09-11,2026-09-11,9/11 23:31,パチンコ,2882,①Pﾌｨｰﾊﾞｰかぐや様は告らせたい,0133,-1.5,9.2,-3.1,0,13,5,1/150,1/31,1/609
野川,2026-09-11,2026-09-11,9/11 23:31,パチンコ,3009,①Pﾌｨｰﾊﾞｰからくりｻｰｶｽ Light ver.,0043,7.2,2.3,2.7,49,31,45,1/87,1/76,1/77
野川,2026-09-11,2026-09-11,9/11 23:31,パチンコ,2972,①Pﾌｨｰﾊﾞｰ三国戦騎7500,0074,-14.0,-0.8,2.4,5,18,22,1/327,1/231,1/301
野川,2026-09-11,2026-09-11,9/11 23:31,パチンコ,3155,①Pﾌｨｰﾊﾞｰ機動戦士ｶﾞﾝﾀﾞﾑﾕﾆｺｰﾝ2S,0111,7.4,-1.4,-16.7,12,0,19,1/75,1/158,1/516
野川,2026-09-11,2026-09-11,9/11 23:31,パチンコ,2881,①Pﾌｨｰﾊﾞｰ炎炎ﾉ消防隊,0082,-1.7,-0.1,-2.3,0,0,0,1/153,1/10,1/231
野川,2026-09-11,2026-09-11,9/11 23:31,パチンコ,2881,①Pﾌｨｰﾊﾞｰ炎炎ﾉ消防隊,0083,-1.8,-1.8,3.7,3,1,10,1/145,1/278,1/170
野川,2026-09-11,2026-09-11,9/11 23:31,パチンコ,3139,①Pﾌｨｰﾊﾞｰ炎炎ﾉ消防隊YR,0037,-6.8,-6.3,0.5,16,19,50,1/163,1/108,1/92
野川,2026-09-11,2026-09-11,9/11 23:31,パチンコ,2885,①PﾌｨｰﾊﾞｰｸｨｰﾝⅡ 30thAE,0007,-0.7,-3.8,4.2,32,9,52,1/65,1/173,1/83
野川,2026-09-11,2026-09-11,9/11 23:31,パチンコ,2906,①Pﾌｨｰﾊﾞｰﾀﾞﾝﾍﾞﾙ何ｷﾛ持てる?Light,0045,0.5,-1.0,-7.1,18,13,25,1/81,1/120,1/114
野川,2026-09-11,2026-09-11,9/11 23:31,パチンコ,2942,①Pﾌｨｰﾊﾞｰﾀﾞﾝﾍﾞﾙ何ｷﾛ持てる?Light,0031,-0.3,4.0,8.0,3,27,48,1/104,1/147,1/59
野川,2026-09-11,2026-09-11,9/11 23:31,パチンコ,2907,①Pﾌｨｰﾊﾞｰﾏｸﾛｽﾌﾛﾝﾃｨｱ5,0137,-0.1,-0.8,-3.7,0,0,15,1/11,1/77,1/356
野川,2026-09-11,2026-09-11,9/11 23:31,パチンコ,3141,①Pﾌﾞﾗｯｸﾗｸﾞｰﾝ4GCPA,0041,-2.5,-1.3,-2.8,1,3,5,1/293,1/63,1/157
野川,2026-09-11,2026-09-11,9/11 23:31,パチンコ,3043,①Pﾗﾌﾞ嬢　~極嬢のﾊｰﾚﾑ体験~,0075,0.6,4.4,3.5,3,10,6,1/128,1/340,1/61
野川,2026-09-11,2026-09-11,9/11 23:31,パチンコ,3043,①Pﾗﾌﾞ嬢　~極嬢のﾊｰﾚﾑ体験~,0117,-0.1,0.0,-0.6,0,0,0,1/7,,1/66
野川,2026-09-11,2026-09-11,9/11 23:31,パチンコ,3106,①Pﾙﾊﾟﾝ三世137YR2,0071,-1.6,-2.0,0.5,19,7,26,1/58,1/128,1/52
野川,2026-09-11,2026-09-11,9/11 23:31,パチンコ,3106,①Pﾙﾊﾟﾝ三世137YR2,0072,-4.7,-1.4,-5.9,10,11,17,1/79,1/37,1/119
野川,2026-09-11,2026-09-11,9/11 23:31,パチンコ,3137,①Pﾙﾊﾟﾝ三世真速9YS1Y,0068,0.3,-1.8,-1.7,57,59,43,1/64,1/111,1/111
野川,2026-09-11,2026-09-11,9/11 23:31,パチンコ,2717,①宇宙戦艦ﾔﾏﾄ2202bH,0035,0.1,-1.5,1.2,15,1,40,1/66,1/197,1/64
野川,2026-09-11,2026-09-11,9/11 23:31,パチンコ,2727,①ｻﾗﾘｰﾏﾝ金太郎FMY,0109,-8.4,10.5,9.2,1,23,29,1/1074,1/327,1/311
野川,2026-09-11,2026-09-11,9/11 23:31,パチンコ,2966,①ﾃﾞｼﾞﾊﾈP聖戦士ﾀﾞﾝﾊﾞｲﾝ2,0033,-1.3,-0.8,-1.5,7,5,31,1/79,1/71,1/68
野川,2026-09-11,2026-09-11,9/11 23:31,パチンコ,2966,①ﾃﾞｼﾞﾊﾈP聖戦士ﾀﾞﾝﾊﾞｲﾝ2,0070,-1.9,-2.0,0.9,22,0,14,1/532,1/242,1/96
野川,2026-09-11,2026-09-11,9/11 23:31,パチンコ,3087,ﾃﾞｶｽﾀe花の慶次~傾奇一転H6,0400,0.0,0.0,-0.4,0,0,0,,,1/76
野川,2026-09-11,2026-09-11,9/11 23:31,パチンコ,3087,ﾃﾞｶｽﾀe花の慶次~傾奇一転H6,0401,0.0,0.0,0.3,0,0,2,,,1/163
野川,2026-09-11,2026-09-11,9/11 23:31,パチンコ,3055,ﾃﾞｼﾞﾊﾈP北斗の拳 慈母,0206,-2.2,-0.5,0.3,0,4,38,1/206,1/56,1/63
野川,2026-09-11,2026-09-11,9/11 23:31,パチンコ,3055,ﾃﾞｼﾞﾊﾈP北斗の拳 慈母,0207,-0.1,3.0,-1.3,0,25,2,1/17,1/40,1/205
野川,2026-09-11,2026-09-11,9/11 23:31,スロット,3085,L ToLOVEるﾀﾞｰｸﾈｽ TRANCE ver.8.7,0687,-4.8,-0.5,-0.3,13,8,5,1/313,1/141,1/153
野川,2026-09-11,2026-09-11,9/11 23:31,スロット,3011,L にゃんこ大戦争 超神速,0685,-1.0,-0.4,-0.1,4,4,6,1/254,1/151,1/98
野川,2026-09-11,2026-09-11,9/11 23:31,スロット,3018,L 東京喰種,0501,-0.9,2.3,-2.4,18,26,47,1/158,1/127,1/156
野川,2026-09-11,2026-09-11,9/11 23:31,スロット,3018,L 東京喰種,0502,0.3,2.3,1.1,23,26,17,1/124,1/103,1/129
野川,2026-09-11,2026-09-11,9/11 23:31,スロット,3018,L 東京喰種,0503,-0.1,-1.8,-1.2,35,5,3,1/145,1/438,1/323
野川,2026-09-11,2026-09-11,9/11 23:31,スロット,3018,L 東京喰種,0504,-1.0,-0.5,-1.3,10,6,7,1/218,1/150,1/265
野川,2026-09-11,2026-09-11,9/11 23:31,スロット,3018,L 東京喰種,0505,-1.8,9.1,-3.2,39,48,8,1/135,1/14,1/351
野川,2026-09-11,2026-09-11,9/11 23:31,スロット,3018,L 東京喰種,0506,3.0,-0.8,-4.4,32,14,6,1/94,1/120,1/576
野川,2026-09-11,2026-09-11,9/11 23:31,スロット,3018,L 東京喰種,0507,-0.6,-0.2,0.1,6,15,1,1/153,1/131,1/115
野川,2026-09-11,2026-09-11,9/11 23:31,スロット,3018,L 東京喰種,0508,-1.2,1.8,-0.7,21,27,30,1/174,1/119,1/130
野川,2026-09-11,2026-09-11,9/11 23:31,スロット,3018,L 東京喰種,0509,-3.0,-1.6,-0.3,38,3,0,1/173,1/472,1/167
野川,2026-09-11,2026-09-11,9/11 23:31,スロット,3018,L 東京喰種,0510,2.8,-3.8,3.1,31,18,39,1/74,1/276,1/67
野川,2026-09-11,2026-09-11,9/11 23:31,スロット,3018,L 東京喰種,0511,-0.4,-1.4,-3.4,15,17,36,1/159,1/165,1/177
野川,2026-09-11,2026-09-11,9/11 23:31,スロット,3172,L 甲鉄城のｶﾊﾞﾈﾘ 海門決戦 XX,0581,-1.6,-0.1,1.1,10,2,23,1/189,1/93,1/54
野川,2026-09-11,2026-09-11,9/11 23:31,スロット,3172,L 甲鉄城のｶﾊﾞﾈﾘ 海門決戦 XX,0582,-2.6,2.4,-1.1,7,38,11,1/311,1/66,1/139
野川,2026-09-11,2026-09-11,9/11 23:31,スロット,3172,L 甲鉄城のｶﾊﾞﾈﾘ 海門決戦 XX,0583,-0.8,-2.3,0.5,25,4,25,1/106,1/403,1/89
野川,2026-09-11,2026-09-11,9/11 23:31,スロット,3172,L 甲鉄城のｶﾊﾞﾈﾘ 海門決戦 XX,0584,-0.9,-0.2,-0.5,17,11,3,1/121,1/115,1/198
野川,2026-09-11,2026-09-11,9/11 23:31,スロット,3172,L 甲鉄城のｶﾊﾞﾈﾘ 海門決戦 XX,0585,-1.6,0.2,0.0,13,20,0,1/170,1/104,
野川,2026-09-11,2026-09-11,9/11 23:31,スロット,3172,L 甲鉄城のｶﾊﾞﾈﾘ 海門決戦 XX,0586,1.4,-0.7,-2.5,47,9,6,1/65,1/138,1/350
野川,2026-09-11,2026-09-11,9/11 23:31,スロット,3172,L 甲鉄城のｶﾊﾞﾈﾘ 海門決戦 XX,0587,-1.1,-2.0,0.0,4,13,0,1/297,1/168,
野川,2026-09-11,2026-09-11,9/11 23:31,スロット,3172,L 甲鉄城のｶﾊﾞﾈﾘ 海門決戦 XX,0588,-1.3,-0.4,1.0,11,6,33,1/171,1/129,1/77
野川,2026-09-11,2026-09-11,9/11 23:31,スロット,3172,L 甲鉄城のｶﾊﾞﾈﾘ 海門決戦 XX,0589,-1.8,-1.9,0.1,13,19,11,1/169,1/161,1/61
野川,2026-09-11,2026-09-11,9/11 23:31,スロット,3172,L 甲鉄城のｶﾊﾞﾈﾘ 海門決戦 XX,0590,-1.6,-1.4,-0.5,10,4,5,1/189,1/295,1/154
野川,2026-09-11,2026-09-11,9/11 23:31,スロット,3172,L 甲鉄城のｶﾊﾞﾈﾘ 海門決戦 XX,0591,-0.4,-1.9,-0.2,21,5,15,1/87,1/340,1/102
野川,2026-09-11,2026-09-11,9/11 23:31,スロット,3172,L 甲鉄城のｶﾊﾞﾈﾘ 海門決戦 XX,0592,-0.5,8.3,0.2,2,64,5,1/243,1/46,1/72
野川,2026-09-11,2026-09-11,9/11 23:31,スロット,3172,L 甲鉄城のｶﾊﾞﾈﾘ 海門決戦 XX,0593,-0.9,0.3,-0.1,5,41,3,1/185,1/91,1/129
野川,2026-09-11,2026-09-11,9/11 23:31,スロット,3172,L 甲鉄城のｶﾊﾞﾈﾘ 海門決戦 XX,0594,-1.2,-0.6,-0.6,5,2,5,1/243,1/313,1/174
野川,2026-09-11,2026-09-11,9/11 23:31,スロット,3172,L 甲鉄城のｶﾊﾞﾈﾘ 海門決戦 XX,0595,-1.6,-0.1,-0.3,46,28,11,1/116,1/83,1/127
野川,2026-09-11,2026-09-11,9/11 23:31,スロット,3091,L 転生したら剣でしたGT,0686,-1.5,0.0,-0.7,4,0,13,1/331,,1/130
野川,2026-09-11,2026-09-11,9/11 23:31,スロット,3089,L ｱｽﾞｰﾙﾚｰﾝ THE ANIMATION　KN,0563,-0.2,0.7,-0.9,2,13,2,1/167,1/29,1/392
野川,2026-09-11,2026-09-11,9/11 23:31,スロット,3089,L ｱｽﾞｰﾙﾚｰﾝ THE ANIMATION　KN,0564,-0.3,-0.6,-0.2,0,13,0,1/219,1/104,1/169
野川,2026-09-11,2026-09-11,9/11 23:31,スロット,3089,L ｱｽﾞｰﾙﾚｰﾝ THE ANIMATION　KN,0565,-0.2,0.1,-1.1,0,3,9,1/74,1/46,1/150
野川,2026-09-11,2026-09-11,9/11 23:31,スロット,3089,L ｱｽﾞｰﾙﾚｰﾝ THE ANIMATION　KN,0566,-1.7,0.1,-1.0,7,4,3,1/250,1/65,1/333
野川,2026-09-11,2026-09-11,9/11 23:31,スロット,3244,L ｽﾏｽﾛ ﾘｺﾘｽ･ﾘｺｲﾙ KX,0637,0.7,1.6,-3.4,98,82,65,1/100,1/99,1/106
野川,2026-09-11,2026-09-11,9/11 23:31,スロット,3244,L ｽﾏｽﾛ ﾘｺﾘｽ･ﾘｺｲﾙ KX,0638,-1.8,0.0,-1.4,79,87,67,1/111,1/95,1/102
野川,2026-09-11,2026-09-11,9/11 23:31,スロット,3244,L ｽﾏｽﾛ ﾘｺﾘｽ･ﾘｺｲﾙ KX,0639,0.0,-1.3,-3.8,113,78,59,1/90,1/105,1/132
野川,2026-09-11,2026-09-11,9/11 23:31,スロット,3244,L ｽﾏｽﾛ ﾘｺﾘｽ･ﾘｺｲﾙ KX,0640,-3.6,-2.9,3.4,56,78,94,1/140,1/105,1/91
野川,2026-09-11,2026-09-11,9/11 23:31,スロット,3244,L ｽﾏｽﾛ ﾘｺﾘｽ･ﾘｺｲﾙ KX,0641,4.1,0.2,-1.2,119,74,64,1/84,1/104,1/106
野川,2026-09-11,2026-09-11,9/11 23:31,スロット,3244,L ｽﾏｽﾛ ﾘｺﾘｽ･ﾘｺｲﾙ KX,0642,0.4,3.4,-1.8,98,107,71,1/97,1/85,1/111
野川,2026-09-11,2026-09-11,9/11 23:31,スロット,3244,L ｽﾏｽﾛ ﾘｺﾘｽ･ﾘｺｲﾙ KX,0643,7.7,-2.1,-2.4,99,82,65,1/85,1/114,1/112
野川,2026-09-11,2026-09-11,9/11 23:31,スロット,3244,L ｽﾏｽﾛ ﾘｺﾘｽ･ﾘｺｲﾙ KX,0644,-1.0,1.1,3.0,102,91,120,1/94,1/96,1/84
野川,2026-09-11,2026-09-11,9/11 23:31,スロット,3247,L ﾚﾝﾀﾙ彼女 BK,0576,-2.6,-1.5,0.1,58,45,62,1/128,1/127,1/104
野川,2026-09-11,2026-09-11,9/11 23:31,スロット,3247,L ﾚﾝﾀﾙ彼女 BK,0577,-1.3,-0.5,-1.6,55,56,33,1/113,1/111,1/133
野川,2026-09-11,2026-09-11,9/11 23:31,スロット,3151,L/スマスロ秘宝伝/PA7,0572,0.0,-0.4,-0.8,22,12,15,1/179,1/232,1/212
野川,2026-09-11,2026-09-11,9/11 23:31,スロット,3151,L/スマスロ秘宝伝/PA7,0573,2.5,-1.4,-0.5,18,9,5,1/124,1/291,1/252
野川,2026-09-11,2026-09-11,9/11 23:31,スロット,3207,L/ｿｰﾄﾞｱｰﾄ・ｵﾝﾗｲﾝⅡ/PA,0578,-7.4,-4.8,4.8,48,42,71,1/147,1/151,1/84
野川,2026-09-11,2026-09-11,9/11 23:31,スロット,3207,L/ｿｰﾄﾞｱｰﾄ・ｵﾝﾗｲﾝⅡ/PA,0579,6.1,-2.0,-1.7,85,67,15,1/107,1/126,1/127
野川,2026-09-11,2026-09-11,9/11 23:31,スロット,3207,L/ｿｰﾄﾞｱｰﾄ・ｵﾝﾗｲﾝⅡ/PA,0580,-6.0,-6.3,-1.9,85,60,52,1/111,1/134,1/100
野川,2026-09-11,2026-09-11,9/11 23:31,スロット,3168,L/ﾊﾅﾋﾞ/KM,0655,-0.6,-0.5,-0.2,15,0,9,1/336,1/410,1/302
野川,2026-09-11,2026-09-11,9/11 23:31,スロット,3168,L/ﾊﾅﾋﾞ/KM,0656,-0.4,-0.6,-0.4,2,0,6,1/512,1/459,1/373
野川,2026-09-11,2026-09-11,9/11 23:31,スロット,3168,L/ﾊﾅﾋﾞ/KM,0657,-0.5,-0.6,-0.7,11,4,2,1/330,1/365,1/567
野川,2026-09-11,2026-09-11,9/11 23:31,スロット,3168,L/ﾊﾅﾋﾞ/KM,0658,0.1,1.2,-0.9,6,13,6,1/264,1/226,1/456
野川,2026-09-11,2026-09-11,9/11 23:31,スロット,3173,LB/ｽﾏｽﾛｻﾝﾀﾞｰVHA,0654,1.5,0.9,0.3,15,15,5,1/166,1/233,1/212
野川,2026-09-11,2026-09-11,9/11 23:31,スロット,3245,LB/ﾀｺｽﾛBD,0663,0.1,-0.2,2.4,20,30,25,1/340,1/301,1/262
野川,2026-09-11,2026-09-11,9/11 23:31,スロット,3083,LBAREX BRIGHTBA,0653,-2.1,0.2,-0.4,0,8,2,1/1652,1/270,1/489
野川,2026-09-11,2026-09-11,9/11 23:31,スロット,3184,LB不二子M2,0659,0.3,0.9,-0.4,12,13,3,1/149,1/72,1/235
野川,2026-09-11,2026-09-11,9/11 23:31,スロット,3183,LB異世界かるてっとKR,0660,-1.4,0.5,0.6,7,8,10,1/302,1/102,1/105
野川,2026-09-11,2026-09-11,9/11 23:31,スロット,3185,LB／ｼｪｲｸﾎﾞｰﾅｽﾄﾘｶﾞｰ／A1,0661,-0.5,0.4,-1.2,10,9,6,1/318,1/307,1/535
野川,2026-09-11,2026-09-11,9/11 23:31,スロット,3223,LBｹﾛｯﾄ5NDO5H,0662,0.8,-0.5,-0.3,16,2,0,1/183,1/378,1/235
野川,2026-09-11,2026-09-11,9/11 23:31,スロット,3060,Lいざ!番長,0601,-0.6,-0.6,-2.2,4,5,13,1/192,1/173,1/193
野川,2026-09-11,2026-09-11,9/11 23:31,スロット,3060,Lいざ!番長,0602,-3.4,-0.4,0.5,13,8,13,1/255,1/104,1/105
野川,2026-09-11,2026-09-11,9/11 23:31,スロット,3060,Lいざ!番長,0603,2.2,-1.0,0.0,41,2,24,1/109,1/431,1/110
野川,2026-09-11,2026-09-11,9/11 23:31,スロット,3221,Lからくりｻｰｶｽ2jG,0614,-2.1,-2.1,-0.5,7,10,11,1/252,1/198,1/134
野川,2026-09-11,2026-09-11,9/11 23:31,スロット,3221,Lからくりｻｰｶｽ2jG,0615,-0.6,-0.9,-0.3,18,14,3,1/87,1/117,1/147
野川,2026-09-11,2026-09-11,9/11 23:31,スロット,3221,Lからくりｻｰｶｽ2jG,0616,5.9,0.8,4.4,37,24,30,1/40,1/96,1/51
野川,2026-09-11,2026-09-11,9/11 23:31,スロット,3221,Lからくりｻｰｶｽ2jG,0617,0.0,-1.7,-0.2,11,58,5,1/60,1/94,1/83
野川,2026-09-11,2026-09-11,9/11 23:31,スロット,2708,LからくりｻｰｶｽG,0676,-0.1,-0.1,0.6,0,0,8,1/89,1/63,1/26
野川,2026-09-11,2026-09-11,9/11 23:31,スロット,3238,Lとある魔術の禁書目録2FA,0567,3.6,0.1,-2.3,29,24,11,1/89,1/179,1/227
野川,2026-09-11,2026-09-11,9/11 23:31,スロット,3238,Lとある魔術の禁書目録2FA,0568,-2.0,-3.4,-2.4,7,21,11,1/371,1/237,1/225
野川,2026-09-11,2026-09-11,9/11 23:31,スロット,3238,Lとある魔術の禁書目録2FA,0569,2.1,-1.9,-1.0,27,18,17,1/133,1/189,1/158
野川,2026-09-11,2026-09-11,9/11 23:31,スロット,3236,Lやじきた道中記参る!BG,0667,3.1,-1.4,0.0,14,4,7,1/306,1/514,1/260
野川,2026-09-11,2026-09-11,9/11 23:31,スロット,3114,L主役は銭形5L2,0541,-0.1,1.2,-2.0,4,20,8,1/142,1/102,1/254
野川,2026-09-11,2026-09-11,9/11 23:31,スロット,3114,L主役は銭形5L2,0542,3.2,-2.5,-3.0,21,18,8,1/107,1/203,1/321
野川,2026-09-11,2026-09-11,9/11 23:31,スロット,3160,L北斗の拳 転生の章2MW,0629,-1.0,-0.8,-0.5,18,2,4,1/126,1/321,1/167
野川,2026-09-11,2026-09-11,9/11 23:31,スロット,3160,L北斗の拳 転生の章2MW,0630,1.2,0.4,-0.2,11,8,0,1/30,1/75,1/92
野川,2026-09-11,2026-09-11,9/11 23:31,スロット,3160,L北斗の拳 転生の章2MW,0631,-0.2,0.1,-0.3,11,12,6,1/103,1/84,1/108
野川,2026-09-11,2026-09-11,9/11 23:31,スロット,3160,L北斗の拳 転生の章2MW,0632,-0.8,0.0,0.4,13,9,14,1/124,1/86,1/65
野川,2026-09-11,2026-09-11,9/11 23:31,スロット,3160,L北斗の拳 転生の章2MW,0633,0.0,-1.9,-0.4,22,15,39,1/89,1/174,1/87
野川,2026-09-11,2026-09-11,9/11 23:31,スロット,3160,L北斗の拳 転生の章2MW,0634,-0.1,-0.9,1.4,0,9,25,1/49,1/162,1/59
野川,2026-09-11,2026-09-11,9/11 23:31,スロット,3160,L北斗の拳 転生の章2MW,0635,-2.6,-0.9,-1.1,40,15,2,1/129,1/124,1/499
野川,2026-09-11,2026-09-11,9/11 23:31,スロット,3160,L北斗の拳 転生の章2MW,0636,-0.3,-1.5,0.5,4,6,51,1/159,1/247,1/83
野川,2026-09-11,2026-09-11,9/11 23:31,スロット,3090,L咲-Saki- 頂上決戦YR,0684,0.2,0.0,-1.2,17,6,3,1/70,1/76,1/283
野川,2026-09-11,2026-09-11,9/11 23:31,スロット,3029,L回胴黙示録ｶｲｼﾞ 狂宴,0683,1.5,-0.2,-2.0,26,3,3,1/114,1/183,1/523
野川,2026-09-11,2026-09-11,9/11 23:31,スロット,2767,L戦国乙女4 戦乱に閃く炯眼の軍師,0543,-0.5,-2.1,0.4,20,6,9,1/271,1/375,1/262
野川,2026-09-11,2026-09-11,9/11 23:31,スロット,2767,L戦国乙女4 戦乱に閃く炯眼の軍師,0544,-0.7,0.0,-0.8,11,17,21,1/279,1/223,1/181
野川,2026-09-11,2026-09-11,9/11 23:31,スロット,3205,L戦国乙女5L8,0560,5.4,-3.6,-1.4,59,9,22,1/75,1/326,1/149
野川,2026-09-11,2026-09-11,9/11 23:31,スロット,3205,L戦国乙女5L8,0561,4.0,-2.4,0.2,53,8,19,1/86,1/290,1/93
野川,2026-09-11,2026-09-11,9/11 23:31,スロット,3205,L戦国乙女5L8,0562,-1.4,-2.4,5.1,41,44,48,1/105,1/115,1/38
野川,2026-09-11,2026-09-11,9/11 23:31,スロット,3224,L戦国ｺﾚｸｼｮﾝ6KS,0677,-1.2,-3.5,-1.4,24,25,3,1/218,1/232,1/413
野川,2026-09-11,2026-09-11,9/11 23:31,スロット,3165,L攻殻機動隊 ZS,0668,3.5,-1.8,0.4,35,9,29,1/139,1/331,1/135
野川,2026-09-11,2026-09-11,9/11 23:31,スロット,3113,L新鬼武者3SA,0596,-0.6,-1.2,-0.1,45,12,2,1/83,1/129,1/234
野川,2026-09-11,2026-09-11,9/11 23:31,スロット,3113,L新鬼武者3SA,0597,-2.2,-0.6,-0.6,26,3,3,1/165,1/197,1/259
野川,2026-09-11,2026-09-11,9/11 23:31,スロット,3113,L新鬼武者3SA,0598,0.4,0.1,-0.1,10,13,6,1/49,1/95,1/80
野川,2026-09-11,2026-09-11,9/11 23:31,スロット,3113,L新鬼武者3SA,0599,-1.2,-0.7,-0.9,1,6,38,1/806,1/167,1/95
野川,2026-09-11,2026-09-11,9/11 23:31,スロット,3113,L新鬼武者3SA,0600,-1.4,-0.3,0.1,6,8,37,1/385,1/130,1/86
野川,2026-09-11,2026-09-11,9/11 23:31,スロット,3167,L炎炎ﾉ消防隊2,0612,-4.3,-0.5,-0.4,33,2,6,1/250,1/286,1/234
野川,2026-09-11,2026-09-11,9/11 23:31,スロット,3167,L炎炎ﾉ消防隊2,0613,18.6,-1.6,0.0,77,4,7,1/34,1/542,1/142
野川,2026-09-11,2026-09-11,9/11 23:31,スロット,3152,L無職転生 異世界行ったら本気だす,0679,-1.3,-2.3,-1.0,38,17,42,1/104,1/181,1/96
野川,2026-09-11,2026-09-11,9/11 23:31,スロット,3166,L範馬刃牙L5,0681,0.4,0.0,-0.5,12,0,1,1/53,,1/362
野川,2026-09-11,2026-09-11,9/11 23:31,スロット,3237,L邪神ちゃんﾄﾞﾛｯﾌﾟｷｯｸTX,0672,6.0,-0.7,-1.0,30,28,15,1/304,1/225,1/337
野川,2026-09-11,2026-09-11,9/11 23:31,スロット,3161,L鉄拳6YDO1H,0555,3.1,0.1,1.5,12,2,20,1/80,1/117,1/70
野川,2026-09-11,2026-09-11,9/11 23:31,スロット,3161,L鉄拳6YDO1H,0556,-1.3,1.3,-0.2,4,15,0,1/278,1/110,1/146
野川,2026-09-11,2026-09-11,9/11 23:31,スロット,3161,L鉄拳6YDO1H,0557,-0.4,0.2,0.0,8,7,0,1/151,1/146,
野川,2026-09-11,2026-09-11,9/11 23:31,スロット,3161,L鉄拳6YDO1H,0558,0.9,-0.5,-0.6,13,1,5,1/192,1/636,1/216
野川,2026-09-11,2026-09-11,9/11 23:31,スロット,3161,L鉄拳6YDO1H,0559,0.0,-0.5,0.0,0,2,0,,1/257,
野川,2026-09-11,2026-09-11,9/11 23:31,スロット,3246,L青春ﾌﾞﾀ野郎L1,0574,5.3,-3.2,7.5,73,56,57,1/86,1/125,1/85
野川,2026-09-11,2026-09-11,9/11 23:31,スロット,3246,L青春ﾌﾞﾀ野郎L1,0575,4.8,-3.9,1.0,55,48,51,1/125,1/149,1/115
野川,2026-09-11,2026-09-11,9/11 23:31,スロット,3128,L革命機ｳﾞｧﾙｳﾞﾚｲｳﾞ2jF,0539,-2.5,-0.7,-0.4,18,4,0,1/180,1/248,1/249
野川,2026-09-11,2026-09-11,9/11 23:31,スロット,3128,L革命機ｳﾞｧﾙｳﾞﾚｲｳﾞ2jF,0540,-1.1,-0.2,-2.6,1,29,2,1/1028,1/123,1/1061
野川,2026-09-11,2026-09-11,9/11 23:31,スロット,3186,L／SHAMANKING／SS,0664,0.0,0.0,0.0,0,0,0,,,
野川,2026-09-11,2026-09-11,9/11 23:31,スロット,3162,L／オキドキデュオ2／FR,0670,0.1,0.4,-0.3,5,3,0,1/103,1/85,1/171
野川,2026-09-11,2026-09-11,9/11 23:31,スロット,3190,L／ミリオンゴッド／CX,0531,1.2,-2.1,-2.9,0,0,4,1/8340,1/1704,1/1393
野川,2026-09-11,2026-09-11,9/11 23:31,スロット,3190,L／ミリオンゴッド／CX,0532,-1.3,-1.0,-0.8,14,0,0,1/306,1/1098,1/1652
野川,2026-09-11,2026-09-11,9/11 23:31,スロット,3190,L／ミリオンゴッド／CX,0533,-2.1,-1.4,5.3,0,0,5,1/4955,1/3422,1/1041
野川,2026-09-11,2026-09-11,9/11 23:31,スロット,3190,L／ミリオンゴッド／CX,0534,-2.6,-1.6,-0.9,0,0,0,1/3815,1/3112,1/1737
野川,2026-09-11,2026-09-11,9/11 23:31,スロット,3190,L／ミリオンゴッド／CX,0535,6.0,-2.5,-0.3,0,0,3,1/4108,1/2498,1/952
野川,2026-09-11,2026-09-11,9/11 23:31,スロット,3180,L／真打吉宗／A1,0678,-3.5,2.4,-4.0,13,46,48,1/226,1/60,1/128
野川,2026-09-11,2026-09-11,9/11 23:31,スロット,3182,LｱｸﾀﾞﾏﾄﾞﾗｲﾌﾞTP,0674,9.3,-0.4,-0.2,26,1,0,1/29,1/518,1/120
野川,2026-09-11,2026-09-11,9/11 23:31,スロット,3103,Lｸﾚｱの秘宝伝 ﾎﾞｰﾅｽﾄﾘｶﾞｰver./A2,0652,-0.4,-0.6,-0.5,2,6,6,1/420,1/321,1/397
野川,2026-09-11,2026-09-11,9/11 23:31,スロット,3164,LｺﾞﾌﾞﾘﾝｽﾚｲﾔｰⅡJZ,0682,-1.2,-0.8,-2.4,4,3,5,1/257,1/331,1/464
野川,2026-09-11,2026-09-11,9/11 23:31,スロット,3196,Lｽｰﾊﾟｰﾘｵｴｰｽ2NDO2H,0545,-1.2,0.7,-1.6,11,20,18,1/156,1/166,1/128
野川,2026-09-11,2026-09-11,9/11 23:31,スロット,3196,Lｽｰﾊﾟｰﾘｵｴｰｽ2NDO2H,0546,-1.5,-3.0,0.0,19,22,3,1/217,1/208,1/93
野川,2026-09-11,2026-09-11,9/11 23:31,スロット,3235,Lｽﾄﾘｰﾄﾌｧｲﾀｰ6SB,0665,-0.9,1.3,-2.7,16,23,12,1/157,1/124,1/266
野川,2026-09-11,2026-09-11,9/11 23:31,スロット,3150,Lｽﾏｽﾛ 化物語KH,0536,-2.3,-0.8,-1.9,18,35,13,1/158,1/105,1/193
野川,2026-09-11,2026-09-11,9/11 23:31,スロット,3150,Lｽﾏｽﾛ 化物語KH,0537,-1.8,3.0,0.5,41,65,26,1/111,1/88,1/98
野川,2026-09-11,2026-09-11,9/11 23:31,スロット,3150,Lｽﾏｽﾛ 化物語KH,0538,-0.2,0.8,-0.9,48,65,36,1/89,1/89,1/98
野川,2026-09-11,2026-09-11,9/11 23:31,スロット,3105,Lｽﾏｽﾛ 東京ﾘﾍﾞﾝｼﾞｬｰｽﾞZF,0610,2.6,1.1,-0.4,28,9,3,1/174,1/128,1/307
野川,2026-09-11,2026-09-11,9/11 23:31,スロット,3105,Lｽﾏｽﾛ 東京ﾘﾍﾞﾝｼﾞｬｰｽﾞZF,0611,-0.3,-2.1,-1.1,1,17,46,1/345,1/286,1/227
野川,2026-09-11,2026-09-11,9/11 23:31,スロット,3193,LﾀｸﾄｵｰﾊﾟｽM1,0673,-1.2,-0.7,0.7,8,3,3,1/213,1/260,1/115
野川,2026-09-11,2026-09-11,9/11 23:31,スロット,3206,LﾊﾞｰﾃﾞｨｰｳｲﾝｸﾞBC,0675,-0.2,-0.6,-1.3,8,24,4,1/82,1/76,1/247
野川,2026-09-11,2026-09-11,9/11 23:31,スロット,3028,Lﾊﾞｲｵﾊｻﾞｰﾄﾞ5,0570,0.1,0.7,0.2,3,9,6,1/198,1/151,1/152
野川,2026-09-11,2026-09-11,9/11 23:31,スロット,3028,Lﾊﾞｲｵﾊｻﾞｰﾄﾞ5,0571,0.0,0.6,0.0,0,6,0,,1/176,
野川,2026-09-11,2026-09-11,9/11 23:31,スロット,3195,LﾊﾞｲｵﾊｻﾞｰﾄﾞRE:3 ZD,0604,-0.1,-0.3,-0.1,2,3,0,1/106,1/127,1/61
野川,2026-09-11,2026-09-11,9/11 23:31,スロット,3195,LﾊﾞｲｵﾊｻﾞｰﾄﾞRE:3 ZD,0605,-1.0,-0.8,1.0,8,25,10,1/152,1/95,1/24
野川,2026-09-11,2026-09-11,9/11 23:31,スロット,3195,LﾊﾞｲｵﾊｻﾞｰﾄﾞRE:3 ZD,0606,3.6,-2.5,2.5,28,11,34,1/54,1/213,1/43
野川,2026-09-11,2026-09-11,9/11 23:31,スロット,2952,Lﾊﾟﾁｽﾛ かぐや様は告らせたい,0547,-2.0,0.0,-0.9,6,0,2,1/389,,1/472
野川,2026-09-11,2026-09-11,9/11 23:31,スロット,2952,Lﾊﾟﾁｽﾛ かぐや様は告らせたい,0548,0.8,-0.8,-0.7,10,4,1,1/124,1/308,1/624
野川,2026-09-11,2026-09-11,9/11 23:31,スロット,2952,Lﾊﾟﾁｽﾛ かぐや様は告らせたい,0549,-2.2,0.0,0.0,5,0,0,1/475,,
野川,2026-09-11,2026-09-11,9/11 23:31,スロット,2952,Lﾊﾟﾁｽﾛ かぐや様は告らせたい,0550,-1.6,-0.5,2.7,1,0,17,1/1312,1/272,1/110
野川,2026-09-11,2026-09-11,9/11 23:31,スロット,2892,Lﾊﾟﾁｽﾛ 炎炎ﾉ消防隊,0694,1.0,-0.2,0.3,26,8,8,1/128,1/205,1/122
野川,2026-09-11,2026-09-11,9/11 23:31,スロット,2892,Lﾊﾟﾁｽﾛ 炎炎ﾉ消防隊,0695,0.8,-0.4,-0.3,14,0,0,1/100,1/359,1/349
野川,2026-09-11,2026-09-11,9/11 23:31,スロット,2682,Lﾊﾟﾁｽﾛ北斗の拳AD　XR,0618,-1.0,3.1,-0.7,3,86,38,1/390,1/65,1/109
野川,2026-09-11,2026-09-11,9/11 23:31,スロット,2682,Lﾊﾟﾁｽﾛ北斗の拳AD　XR,0619,-0.2,0.3,0.7,8,24,16,1/95,1/79,1/61
野川,2026-09-11,2026-09-11,9/11 23:31,スロット,2682,Lﾊﾟﾁｽﾛ北斗の拳AD　XR,0620,-0.5,2.1,-0.6,1,87,3,1/431,1/76,1/260
野川,2026-09-11,2026-09-11,9/11 23:31,スロット,2682,Lﾊﾟﾁｽﾛ北斗の拳AD　XR,0621,-0.2,0.6,0.0,15,21,6,1/108,1/77,1/95
野川,2026-09-11,2026-09-11,9/11 23:31,スロット,2682,Lﾊﾟﾁｽﾛ北斗の拳AD　XR,0622,-0.3,1.0,1.0,2,80,78,1/190,1/89,1/89
野川,2026-09-11,2026-09-11,9/11 23:31,スロット,2682,Lﾊﾟﾁｽﾛ北斗の拳AD　XR,0623,-0.3,2.1,-0.1,8,45,10,1/129,1/53,1/94
野川,2026-09-11,2026-09-11,9/11 23:31,スロット,2682,Lﾊﾟﾁｽﾛ北斗の拳AD　XR,0624,-0.4,0.7,-1.0,1,72,19,1/377,1/87,1/111
野川,2026-09-11,2026-09-11,9/11 23:31,スロット,2682,Lﾊﾟﾁｽﾛ北斗の拳AD　XR,0625,-0.6,1.9,2.1,60,46,24,1/104,1/63,1/27
野川,2026-09-11,2026-09-11,9/11 23:31,スロット,2682,Lﾊﾟﾁｽﾛ北斗の拳AD　XR,0626,0.0,3.7,1.1,2,77,11,1/103,1/66,1/25
野川,2026-09-11,2026-09-11,9/11 23:31,スロット,2682,Lﾊﾟﾁｽﾛ北斗の拳AD　XR,0627,-0.3,4.6,0.6,7,59,19,1/122,1/32,1/69
野川,2026-09-11,2026-09-11,9/11 23:31,スロット,2682,Lﾊﾟﾁｽﾛ北斗の拳AD　XR,0628,0.2,6.1,-0.3,7,109,6,1/70,1/57,1/130
野川,2026-09-11,2026-09-11,9/11 23:31,スロット,3194,Lﾋﾞｯｸﾞﾄﾞﾘｰﾑ KR,0607,0.0,0.0,0.0,0,0,0,,,1/9
野川,2026-09-11,2026-09-11,9/11 23:31,スロット,3194,Lﾋﾞｯｸﾞﾄﾞﾘｰﾑ KR,0608,0.0,0.0,-1.6,0,0,3,,,1/404
野川,2026-09-11,2026-09-11,9/11 23:31,スロット,3194,Lﾋﾞｯｸﾞﾄﾞﾘｰﾑ KR,0609,-0.5,0.0,-0.5,9,0,6,1/113,,1/127
野川,2026-09-11,2026-09-11,9/11 23:31,スロット,3036,Lﾏｷﾞｱﾚｺｰﾄﾞ まどマギ外伝,0696,0.9,-0.6,0.0,13,1,0,1/209,1/478,
野川,2026-09-11,2026-09-11,9/11 23:31,スロット,3036,Lﾏｷﾞｱﾚｺｰﾄﾞ まどマギ外伝,0697,0.9,-0.8,0.2,15,2,3,1/151,1/298,1/320
野川,2026-09-11,2026-09-11,9/11 23:31,スロット,3036,Lﾏｷﾞｱﾚｺｰﾄﾞ まどマギ外伝,0698,0.0,1.2,0.1,8,4,1,1/202,1/262,1/261
野川,2026-09-11,2026-09-11,9/11 23:31,スロット,3036,Lﾏｷﾞｱﾚｺｰﾄﾞ まどマギ外伝,0699,0.0,-0.6,-0.6,3,1,1,1/141,1/444,1/540
野川,2026-09-11,2026-09-11,9/11 23:31,スロット,3036,Lﾏｷﾞｱﾚｺｰﾄﾞ まどマギ外伝,0700,3.1,0.8,-0.2,9,7,4,1/240,1/256,1/174
野川,2026-09-11,2026-09-11,9/11 23:31,スロット,3222,LﾔﾊﾞﾁﾊﾞZM,0669,-2.2,-1.1,-1.5,3,3,4,1/580,1/371,1/357
野川,2026-09-11,2026-09-11,9/11 23:31,スロット,2984,Lﾙﾊﾟﾝ三世 大航海者の秘宝,0688,0.5,0.0,3.1,12,0,22,1/173,,1/69
野川,2026-09-11,2026-09-11,9/11 23:31,スロット,2510,Sこの素晴らしい世界に祝福を！ZR,0516,-0.1,0.5,-0.6,13,25,10,1/54,1/28,1/103
野川,2026-09-11,2026-09-11,9/11 23:31,スロット,2678,SキングハナハナSP-30,0518,-0.7,1.0,-0.1,4,14,2,1/428,1/182,1/347
野川,2026-09-11,2026-09-11,9/11 23:31,スロット,2678,SキングハナハナSP-30,0519,-0.8,-0.3,-0.4,1,1,0,1/997,1/644,1/394
野川,2026-09-11,2026-09-11,9/11 23:31,スロット,2595,SバイオハザードRE：２ XB,0514,-0.7,0.0,1.4,4,0,13,1/256,,1/22
野川,2026-09-11,2026-09-11,9/11 23:31,スロット,2494,S押忍！番長ZERO PC1,0512,1.2,-1.0,-0.1,13,2,2,1/34,1/380,1/133
野川,2026-09-11,2026-09-11,9/11 23:31,スロット,2554,S甲鉄城のカバネリ ZR,0513,3.5,0.0,0.0,78,0,0,1/69,,
野川,2026-09-11,2026-09-11,9/11 23:31,スロット,2799,Sｴｳﾚｶｾﾌﾞﾝ ﾊｲｴﾎﾞｾﾞﾛ TYPE-ART,0515,1.2,-0.8,0.2,21,6,10,1/137,1/252,1/210
野川,2026-09-11,2026-09-11,9/11 23:31,スロット,3111,SﾈｵｱｲﾑｼﾞｬｸﾞﾗｰEX-KK,0362,-0.3,-0.5,-0.1,10,3,7,1/287,1/323,1/244
野川,2026-09-11,2026-09-11,9/11 23:31,スロット,3111,SﾈｵｱｲﾑｼﾞｬｸﾞﾗｰEX-KK,0414,-0.3,-0.5,-0.4,1,9,7,1/459,1/313,1/272
野川,2026-09-11,2026-09-11,9/11 23:31,スロット,3111,SﾈｵｱｲﾑｼﾞｬｸﾞﾗｰEX-KK,0426,-0.6,-0.2,1.5,3,9,17,1/394,1/279,1/128
野川,2026-09-11,2026-09-11,9/11 23:31,スロット,3111,SﾈｵｱｲﾑｼﾞｬｸﾞﾗｰEX-KK,0442,-2.2,0.6,-0.3,5,13,2,1/668,1/216,1/324
野川,2026-09-11,2026-09-11,9/11 23:31,スロット,3111,SﾈｵｱｲﾑｼﾞｬｸﾞﾗｰEX-KK,0483,0.3,0.3,0.0,20,17,20,1/261,1/220,1/253
野川,2026-09-11,2026-09-11,9/11 23:31,スロット,3111,SﾈｵｱｲﾑｼﾞｬｸﾞﾗｰEX-KK,0498,-0.2,-0.2,-0.6,0,6,3,1/170,1/274,1/354
野川,2026-09-11,2026-09-11,9/11 23:31,スロット,3054,七つの魔剣が支配する,0666,-0.1,1.0,0.3,7,9,10,1/76,1/46,1/95
野川,2026-09-11,2026-09-11,9/11 23:31,スロット,2617,各　SハッピージャグラーVⅢEA,0360,-0.6,-0.3,-0.4,3,10,0,1/481,1/246,1/399
野川,2026-09-11,2026-09-11,9/11 23:31,スロット,2617,各　SハッピージャグラーVⅢEA,0370,0.0,-0.7,-0.6,3,9,0,1/211,1/339,1/594
野川,2026-09-11,2026-09-11,9/11 23:31,スロット,2617,各　SハッピージャグラーVⅢEA,0418,-0.3,-1.3,-0.4,0,1,3,1/283,1/1404,1/343
野川,2026-09-11,2026-09-11,9/11 23:31,スロット,2617,各　SハッピージャグラーVⅢEA,0423,0.3,-0.9,0.5,10,3,7,1/219,1/534,1/148
野川,2026-09-11,2026-09-11,9/11 23:31,スロット,2617,各　SハッピージャグラーVⅢEA,0427,-0.2,-0.4,-0.4,1,0,0,1/576,1/469,1/463
野川,2026-09-11,2026-09-11,9/11 23:31,スロット,2617,各　SハッピージャグラーVⅢEA,0435,0.1,0.0,-0.4,3,3,0,1/210,1/241,1/308
野川,2026-09-11,2026-09-11,9/11 23:31,スロット,2617,各　SハッピージャグラーVⅢEA,0443,-0.8,-0.5,-0.6,3,8,10,1/453,1/310,1/352
野川,2026-09-11,2026-09-11,9/11 23:31,スロット,2617,各　SハッピージャグラーVⅢEA,0484,-0.1,1.0,0.0,0,15,10,1/155,1/221,1/212
野川,2026-09-11,2026-09-11,9/11 23:31,スロット,2617,各　SハッピージャグラーVⅢEA,0495,-0.2,-0.3,-0.2,0,13,8,1/185,1/298,1/286
野川,2026-09-11,2026-09-11,9/11 23:31,スロット,2424,各　Sファンキージャグラー２/KT,0358,0.5,0.3,1.6,16,15,33,1/216,1/212,1/234
野川,2026-09-11,2026-09-11,9/11 23:31,スロット,2424,各　Sファンキージャグラー２/KT,0364,-0.5,-0.8,-0.5,3,5,0,1/314,1/422,1/444
野川,2026-09-11,2026-09-11,9/11 23:31,スロット,2424,各　Sファンキージャグラー２/KT,0368,-1.1,4.6,-0.2,0,40,16,1/973,1/171,1/262
野川,2026-09-11,2026-09-11,9/11 23:31,スロット,2424,各　Sファンキージャグラー２/KT,0412,0.3,-1.4,-1.0,9,3,6,1/250,1/673,1/427
野川,2026-09-11,2026-09-11,9/11 23:31,スロット,2424,各　Sファンキージャグラー２/KT,0417,-0.1,-0.6,-0.4,5,3,6,1/282,1/400,1/313
野川,2026-09-11,2026-09-11,9/11 23:31,スロット,2424,各　Sファンキージャグラー２/KT,0421,-0.6,-0.5,-0.2,1,20,10,1/977,1/293,1/249
野川,2026-09-11,2026-09-11,9/11 23:31,スロット,2424,各　Sファンキージャグラー２/KT,0425,-0.5,0.5,0.9,3,13,18,1/375,1/206,1/180
野川,2026-09-11,2026-09-11,9/11 23:31,スロット,2424,各　Sファンキージャグラー２/KT,0430,-0.3,-1.6,0.4,14,1,19,1/298,1/1627,1/220
野川,2026-09-11,2026-09-11,9/11 23:31,スロット,2424,各　Sファンキージャグラー２/KT,0438,1.0,-0.5,0.9,22,12,11,1/232,1/318,1/142
野川,2026-09-11,2026-09-11,9/11 23:31,スロット,2424,各　Sファンキージャグラー２/KT,0441,-0.2,-1.3,0.3,1,16,13,1/337,1/394,1/249
野川,2026-09-11,2026-09-11,9/11 23:31,スロット,2424,各　Sファンキージャグラー２/KT,0445,0.0,0.5,-0.2,2,19,10,1/265,1/195,1/275
野川,2026-09-11,2026-09-11,9/11 23:31,スロット,2424,各　Sファンキージャグラー２/KT,0486,0.4,-0.3,-0.4,5,6,1,1/188,1/310,1/607
野川,2026-09-11,2026-09-11,9/11 23:31,スロット,2424,各　Sファンキージャグラー２/KT,0488,-0.3,1.3,0.7,8,18,19,1/301,1/198,1/229
野川,2026-09-11,2026-09-11,9/11 23:31,スロット,2424,各　Sファンキージャグラー２/KT,0493,-0.6,0.5,-0.3,5,19,3,1/303,1/239,1/329
野川,2026-09-11,2026-09-11,9/11 23:31,スロット,2424,各　Sファンキージャグラー２/KT,0496,1.9,-0.1,-0.7,28,8,7,1/222,1/353,1/347
野川,2026-09-11,2026-09-11,9/11 23:31,スロット,2437,各　SマイジャグラーⅤ KD,0359,-0.4,-1.0,0.5,5,15,18,1/275,1/353,1/282
野川,2026-09-11,2026-09-11,9/11 23:31,スロット,2437,各　SマイジャグラーⅤ KD,0363,-0.4,-0.3,0.0,3,12,8,1/308,1/252,1/245
野川,2026-09-11,2026-09-11,9/11 23:31,スロット,2437,各　SマイジャグラーⅤ KD,0367,-0.6,-0.7,-0.7,1,6,1,1/789,1/326,1/1069
野川,2026-09-11,2026-09-11,9/11 23:31,スロット,2437,各　SマイジャグラーⅤ KD,0371,0.8,0.7,0.7,10,24,25,1/159,1/243,1/223
野川,2026-09-11,2026-09-11,9/11 23:31,スロット,2437,各　SマイジャグラーⅤ KD,0411,0.4,-1.1,2.2,18,18,36,1/220,1/289,1/231
野川,2026-09-11,2026-09-11,9/11 23:31,スロット,2437,各　SマイジャグラーⅤ KD,0415,-1.2,-1.0,-0.2,8,4,6,1/380,1/544,1/272
野川,2026-09-11,2026-09-11,9/11 23:31,スロット,2437,各　SマイジャグラーⅤ KD,0420,-0.7,0.9,-0.2,16,28,16,1/277,1/285,1/274
野川,2026-09-11,2026-09-11,9/11 23:31,スロット,2437,各　SマイジャグラーⅤ KD,0424,-0.4,-0.2,-0.2,2,20,10,1/479,1/298,1/334
野川,2026-09-11,2026-09-11,9/11 23:31,スロット,2437,各　SマイジャグラーⅤ KD,0433,-0.6,-1.2,-1.0,7,5,6,1/402,1/420,1/431
野川,2026-09-11,2026-09-11,9/11 23:31,スロット,2437,各　SマイジャグラーⅤ KD,0436,1.5,1.7,-0.9,25,32,6,1/165,1/239,1/350
野川,2026-09-11,2026-09-11,9/11 23:31,スロット,2437,各　SマイジャグラーⅤ KD,0439,-0.4,-0.2,-0.9,2,24,4,1/475,1/328,1/378
野川,2026-09-11,2026-09-11,9/11 23:31,スロット,2437,各　SマイジャグラーⅤ KD,0446,1.7,-1.4,1.4,22,5,24,1/168,1/587,1/219
野川,2026-09-11,2026-09-11,9/11 23:31,スロット,2437,各　SマイジャグラーⅤ KD,0485,0.3,-2.4,-1.4,10,8,13,1/237,1/554,1/341
野川,2026-09-11,2026-09-11,9/11 23:31,スロット,2437,各　SマイジャグラーⅤ KD,0489,0.8,-1.7,-0.5,20,25,6,1/193,1/303,1/300
野川,2026-09-11,2026-09-11,9/11 23:31,スロット,2437,各　SマイジャグラーⅤ KD,0492,-0.7,-0.1,-0.3,9,27,12,1/284,1/264,1/280
野川,2026-09-11,2026-09-11,9/11 23:31,スロット,2437,各　SマイジャグラーⅤ KD,0497,0.1,0.2,-0.3,2,25,10,1/185,1/237,1/364
野川,2026-09-11,2026-09-11,9/11 23:31,スロット,2707,各　Sｺﾞｰｺﾞｰｼﾞｬｸﾞﾗｰ3KA,0357,-0.7,0.9,0.6,2,36,28,1/522,1/233,1/207
野川,2026-09-11,2026-09-11,9/11 23:31,スロット,2707,各　Sｺﾞｰｺﾞｰｼﾞｬｸﾞﾗｰ3KA,0361,-0.2,-0.8,-0.8,6,9,9,1/276,1/306,1/358
野川,2026-09-11,2026-09-11,9/11 23:31,スロット,2707,各　Sｺﾞｰｺﾞｰｼﾞｬｸﾞﾗｰ3KA,0365,0.1,-1.4,0.3,10,13,29,1/258,1/391,1/237
野川,2026-09-11,2026-09-11,9/11 23:31,スロット,2707,各　Sｺﾞｰｺﾞｰｼﾞｬｸﾞﾗｰ3KA,0369,-0.3,-0.3,-0.4,7,8,5,1/314,1/302,1/368
野川,2026-09-11,2026-09-11,9/11 23:31,スロット,2707,各　Sｺﾞｰｺﾞｰｼﾞｬｸﾞﾗｰ3KA,0373,-0.8,0.4,-0.9,4,12,6,1/415,1/224,1/375
野川,2026-09-11,2026-09-11,9/11 23:31,スロット,2707,各　Sｺﾞｰｺﾞｰｼﾞｬｸﾞﾗｰ3KA,0413,0.8,-0.2,-0.9,21,16,1,1/218,1/229,1/1037
野川,2026-09-11,2026-09-11,9/11 23:31,スロット,2707,各　Sｺﾞｰｺﾞｰｼﾞｬｸﾞﾗｰ3KA,0416,-0.1,-1.3,-1.0,3,16,13,1/366,1/334,1/311
野川,2026-09-11,2026-09-11,9/11 23:31,スロット,2707,各　Sｺﾞｰｺﾞｰｼﾞｬｸﾞﾗｰ3KA,0419,0.5,0.7,-0.8,20,35,1,1/219,1/244,1/950
野川,2026-09-11,2026-09-11,9/11 23:31,スロット,2707,各　Sｺﾞｰｺﾞｰｼﾞｬｸﾞﾗｰ3KA,0422,-0.6,1.0,-0.1,3,20,8,1/372,1/224,1/206
野川,2026-09-11,2026-09-11,9/11 23:31,スロット,2707,各　Sｺﾞｰｺﾞｰｼﾞｬｸﾞﾗｰ3KA,0432,-0.6,-0.8,-0.3,2,6,17,1/451,1/390,1/265
野川,2026-09-11,2026-09-11,9/11 23:31,スロット,2707,各　Sｺﾞｰｺﾞｰｼﾞｬｸﾞﾗｰ3KA,0434,-0.6,0.4,1.7,7,13,24,1/284,1/220,1/213
野川,2026-09-11,2026-09-11,9/11 23:31,スロット,2707,各　Sｺﾞｰｺﾞｰｼﾞｬｸﾞﾗｰ3KA,0437,-0.1,-0.1,-0.7,11,12,12,1/268,1/326,1/262
野川,2026-09-11,2026-09-11,9/11 23:31,スロット,2707,各　Sｺﾞｰｺﾞｰｼﾞｬｸﾞﾗｰ3KA,0440,1.8,-0.7,-0.8,32,6,9,1/188,1/317,1/333
野川,2026-09-11,2026-09-11,9/11 23:31,スロット,2707,各　Sｺﾞｰｺﾞｰｼﾞｬｸﾞﾗｰ3KA,0444,1.2,1.0,1.4,24,18,19,1/207,1/174,1/202
野川,2026-09-11,2026-09-11,9/11 23:31,スロット,2707,各　Sｺﾞｰｺﾞｰｼﾞｬｸﾞﾗｰ3KA,0487,-1.4,0.8,0.5,1,14,21,1/1462,1/173,1/254
野川,2026-09-11,2026-09-11,9/11 23:31,スロット,2707,各　Sｺﾞｰｺﾞｰｼﾞｬｸﾞﾗｰ3KA,0490,1.2,-0.5,0.6,25,17,17,1/228,1/266,1/251
野川,2026-09-11,2026-09-11,9/11 23:31,スロット,2707,各　Sｺﾞｰｺﾞｰｼﾞｬｸﾞﾗｰ3KA,0494,-0.4,-0.9,-0.4,8,2,13,1/259,1/518,1/252
野川,2026-09-11,2026-09-11,9/11 23:31,スロット,2707,各　Sｺﾞｰｺﾞｰｼﾞｬｸﾞﾗｰ3KA,0500,-0.5,4.4,-0.6,0,40,15,1/387,1/141,1/296
野川,2026-09-11,2026-09-11,9/11 23:31,スロット,2878,押忍!番長4,0671,0.0,0.1,-0.4,0,7,11,,1/49,1/148
野川,2026-09-11,2026-09-11,9/11 23:31,スロット,2916,沖ﾄﾞｷ!BLACK,0520,-2.0,1.2,2.2,3,15,25,1/630,1/146,1/106
野川,2026-09-11,2026-09-11,9/11 23:31,スロット,2916,沖ﾄﾞｷ!BLACK,0521,0.7,0.8,-5.6,10,10,3,1/160,1/113,1/1498
野川,2026-09-11,2026-09-11,9/11 23:31,スロット,2916,沖ﾄﾞｷ!BLACK,0522,-0.9,4.2,-0.8,1,20,8,1/658,1/17,1/291
野川,2026-09-11,2026-09-11,9/11 23:31,スロット,2916,沖ﾄﾞｷ!BLACK,0523,-0.1,-1.4,0.3,7,5,4,1/185,1/336,1/124
野川,2026-09-11,2026-09-11,9/11 23:31,スロット,2916,沖ﾄﾞｷ!BLACK,0524,1.8,0.4,0.4,13,5,15,1/90,1/150,1/138
野川,2026-09-11,2026-09-11,9/11 23:31,スロット,2987,ｳﾙﾄﾗﾐﾗｸﾙｼﾞｬｸﾞﾗｰ,0374,-0.2,-0.8,1.4,13,24,22,1/247,1/279,1/199
野川,2026-09-11,2026-09-11,9/11 23:31,スロット,2987,ｳﾙﾄﾗﾐﾗｸﾙｼﾞｬｸﾞﾗｰ,0429,2.1,-0.5,-1.1,27,31,11,1/193,1/254,1/342
野川,2026-09-11,2026-09-11,9/11 23:31,スロット,2987,ｳﾙﾄﾗﾐﾗｸﾙｼﾞｬｸﾞﾗｰ,0491,-0.3,-1.3,-0.8,2,5,18,1/419,1/543,1/321
野川,2026-09-11,2026-09-11,9/11 23:31,スロット,2814,ｸﾗﾝｷｰｸﾚｽﾄ,0517,5.7,-1.3,-0.1,47,1,18,1/176,1/1174,1/249
野川,2026-09-11,2026-09-11,9/11 23:31,スロット,2879,ｼﾞｬｸﾞﾗｰｶﾞｰﾙｽﾞSS,0372,-0.9,0.9,1.6,4,27,19,1/398,1/257,1/164
野川,2026-09-11,2026-09-11,9/11 23:31,スロット,2879,ｼﾞｬｸﾞﾗｰｶﾞｰﾙｽﾞSS,0499,2.1,0.1,0.1,37,16,9,1/224,1/255,1/273
野川,2026-09-11,2026-09-11,9/11 23:31,スロット,3044,ｽﾏｽﾛ 吉宗,0690,-2.8,0.5,0.6,3,2,3,1/1163,1/376,1/346
野川,2026-09-11,2026-09-11,9/11 23:31,スロット,3044,ｽﾏｽﾛ 吉宗,0691,-0.8,-0.7,-0.3,0,0,0,1/555,1/429,1/198
野川,2026-09-11,2026-09-11,9/11 23:31,スロット,3044,ｽﾏｽﾛ 吉宗,0692,1.7,-0.1,-0.3,8,0,0,1/356,1/79,1/197
野川,2026-09-11,2026-09-11,9/11 23:31,スロット,3044,ｽﾏｽﾛ 吉宗,0693,-0.3,-0.3,-0.9,0,2,0,1/192,1/598,1/647
野川,2026-09-11,2026-09-11,9/11 23:31,スロット,2919,ｽﾏｽﾛ ｺﾞｯﾄﾞｲｰﾀｰ ﾘｻﾞﾚｸｼｮﾝ,0689,-1.9,-0.5,-0.3,12,6,8,1/156,1/127,1/66
野川,2026-09-11,2026-09-11,9/11 23:31,スロット,2974,ｽﾏｽﾛ ﾓﾝｽﾀｰﾊﾝﾀｰﾗｲｽﾞ,0525,-0.3,2.1,0.4,5,32,8,1/112,1/43,1/45
野川,2026-09-11,2026-09-11,9/11 23:31,スロット,2974,ｽﾏｽﾛ ﾓﾝｽﾀｰﾊﾝﾀｰﾗｲｽﾞ,0526,0.7,-0.1,-0.6,19,5,21,1/80,1/134,1/88
野川,2026-09-11,2026-09-11,9/11 23:31,スロット,2974,ｽﾏｽﾛ ﾓﾝｽﾀｰﾊﾝﾀｰﾗｲｽﾞ,0527,1.1,0.6,-0.4,17,14,6,1/41,1/58,1/133
野川,2026-09-11,2026-09-11,9/11 23:31,スロット,2974,ｽﾏｽﾛ ﾓﾝｽﾀｰﾊﾝﾀｰﾗｲｽﾞ,0528,1.0,-1.9,0.9,19,17,19,1/69,1/152,1/43
野川,2026-09-11,2026-09-11,9/11 23:31,スロット,2974,ｽﾏｽﾛ ﾓﾝｽﾀｰﾊﾝﾀｰﾗｲｽﾞ,0529,-2.0,0.0,-1.1,7,12,12,1/285,1/83,1/144
野川,2026-09-11,2026-09-11,9/11 23:31,スロット,2974,ｽﾏｽﾛ ﾓﾝｽﾀｰﾊﾝﾀｰﾗｲｽﾞ,0530,-0.6,-0.1,0.0,4,5,0,1/162,1/93,
野川,2026-09-11,2026-09-11,9/11 23:31,スロット,2901,ｽﾏｽﾛ防振り,0680,-0.8,-0.6,0.0,1,14,0,1/754,1/200,
野川,2026-09-11,2026-09-11,9/11 23:31,スロット,3017,ｽﾏｽﾛｽｰﾊﾟｰﾌﾞﾗｯｸｼﾞｬｯｸ,0551,0.0,-1.5,0.0,0,4,0,,1/342,
野川,2026-09-11,2026-09-11,9/11 23:31,スロット,3017,ｽﾏｽﾛｽｰﾊﾟｰﾌﾞﾗｯｸｼﾞｬｯｸ,0552,-0.1,0.0,6.6,0,19,79,1/59,1/65,1/37
野川,2026-09-11,2026-09-11,9/11 23:31,スロット,3017,ｽﾏｽﾛｽｰﾊﾟｰﾌﾞﾗｯｸｼﾞｬｯｸ,0553,-0.9,-0.3,-0.2,4,2,0,1/228,1/192,1/112
野川,2026-09-11,2026-09-11,9/11 23:31,スロット,3017,ｽﾏｽﾛｽｰﾊﾟｰﾌﾞﾗｯｸｼﾞｬｯｸ,0554,-0.6,-0.4,-0.3,2,41,3,1/266,1/72,1/120
野川,2026-09-11,2026-09-11,9/11 23:31,スロット,2816,ｽﾏｽﾛﾓﾝｷｰﾀｰﾝⅤ,0645,-1.7,-1.9,-2.0,21,19,19,1/118,1/173,1/148
野川,2026-09-11,2026-09-11,9/11 23:31,スロット,2816,ｽﾏｽﾛﾓﾝｷｰﾀｰﾝⅤ,0646,-0.3,3.9,-0.6,18,42,9,1/105,1/72,1/174
野川,2026-09-11,2026-09-11,9/11 23:31,スロット,2816,ｽﾏｽﾛﾓﾝｷｰﾀｰﾝⅤ,0647,-1.3,-0.9,0.0,3,25,9,1/318,1/108,1/136
野川,2026-09-11,2026-09-11,9/11 23:31,スロット,2816,ｽﾏｽﾛﾓﾝｷｰﾀｰﾝⅤ,0648,0.2,9.3,0.4,42,53,25,1/95,1/42,1/62
野川,2026-09-11,2026-09-11,9/11 23:31,スロット,2816,ｽﾏｽﾛﾓﾝｷｰﾀｰﾝⅤ,0649,-0.7,0.8,-0.2,23,20,6,1/101,1/93,1/109
野川,2026-09-11,2026-09-11,9/11 23:31,スロット,2816,ｽﾏｽﾛﾓﾝｷｰﾀｰﾝⅤ,0650,1.8,-1.3,-1.8,37,20,19,1/84,1/123,1/156
野川,2026-09-11,2026-09-11,9/11 23:31,スロット,2816,ｽﾏｽﾛﾓﾝｷｰﾀｰﾝⅤ,0651,2.7,-1.1,-2.0,31,45,9,1/79,1/92,1/208
野川,2026-09-11,2026-09-11,9/11 23:31,スロット,2917,ﾐｽﾀｰｼﾞｬｸﾞﾗｰ,0366,0.2,-0.9,-0.9,13,13,8,1/241,1/300,1/456
野川,2026-09-11,2026-09-11,9/11 23:31,スロット,2917,ﾐｽﾀｰｼﾞｬｸﾞﾗｰ,0428,-1.4,2.2,0.6,2,29,27,1/771,1/193,1/250
野川,2026-09-11,2026-09-11,9/11 23:31,スロット,2917,ﾐｽﾀｰｼﾞｬｸﾞﾗｰ,0431,-0.5,-0.7,-0.2,0,21,3,1/378,1/273,1/252
東名,2026-09-12,2026-09-12,9/12 23:20,パチンコ,3807,e/押忍番長漢の頂/A03,0401,5.2,-6.8,-4.5,19,3,2,1/67,1/219,1/227
東名,2026-09-12,2026-09-12,9/12 23:20,パチンコ,3807,e/押忍番長漢の頂/A03,0402,-1.5,-1.5,-4.7,0,1,9,1/129,1/144,1/71
東名,2026-09-12,2026-09-12,9/12 23:20,パチンコ,3794,e/ﾜｰﾙﾄﾞﾀﾞｲｽﾀｰ/L04,0398,-1.0,0.1,-1.9,4,2,1,1/74,1/45,1/212
東名,2026-09-12,2026-09-12,9/12 23:20,パチンコ,3825,etakt op. DestinyH6,0404,0.6,2.9,-17.5,15,20,17,1/199,1/169,1/223
東名,2026-09-12,2026-09-12,9/12 23:20,パチンコ,3733,eいせれべFSZ,0357,-0.1,-0.1,-4.7,0,0,2,1/11,1/20,1/288
東名,2026-09-12,2026-09-12,9/12 23:20,パチンコ,3683,eとある科学の超電磁砲 LTRSY,0389,0.0,-2.1,-3.5,0,2,6,,1/124,1/128
東名,2026-09-12,2026-09-12,9/12 23:20,パチンコ,3640,eとある魔術の禁書目録 一方通行,0406,-1.0,-1.1,-9.9,1,0,6,1/225,1/121,1/232
東名,2026-09-12,2026-09-12,9/12 23:20,パチンコ,3640,eとある魔術の禁書目録 一方通行,0407,-0.8,6.0,-0.2,0,6,5,1/93,1/101,1/79
東名,2026-09-12,2026-09-12,9/12 23:20,パチンコ,3777,eひきこまり吸血姫の悶々FHV,0361,-5.8,-4.8,5.2,5,11,16,1/179,1/149,1/114
東名,2026-09-12,2026-09-12,9/12 23:20,パチンコ,3806,e七つの大罪3GFEA,0370,11.9,2.1,-8.5,8,5,9,1/128,1/290,1/219
東名,2026-09-12,2026-09-12,9/12 23:20,パチンコ,3414,e乃木坂46ⅡK4,0411,0.0,-3.2,-0.7,0,1,0,,1/312,1/76
東名,2026-09-12,2026-09-12,9/12 23:20,パチンコ,3595,e仮面ﾗｲﾀﾞｰBLACK-KRJ2,0354,-0.2,1.6,-2.0,0,3,0,1/25,1/24,1/229
東名,2026-09-12,2026-09-12,9/12 23:20,パチンコ,3785,e化物語2GSED,0360,-3.8,-1.0,-4.7,5,1,5,1/87,1/96,1/106
東名,2026-09-12,2026-09-12,9/12 23:20,パチンコ,3705,e北斗の拳11暴凶星SHEF,0247,-4.3,-1.4,-4.7,0,1,1,1/444,1/189,1/511
東名,2026-09-12,2026-09-12,9/12 23:20,パチンコ,3705,e北斗の拳11暴凶星SHEF,0248,-1.7,-2.6,-3.4,2,1,0,1/139,1/321,1/311
東名,2026-09-12,2026-09-12,9/12 23:20,パチンコ,3705,e北斗の拳11暴凶星SHEF,0249,-0.6,-2.4,7.7,0,0,14,1/55,1/219,1/83
東名,2026-09-12,2026-09-12,9/12 23:20,パチンコ,3705,e北斗の拳11暴凶星SHEF,0250,16.0,-0.8,-1.5,22,1,0,1/34,1/166,1/155
東名,2026-09-12,2026-09-12,9/12 23:20,パチンコ,3705,e北斗の拳11暴凶星SHEF,0251,5.8,1.6,-5.9,12,10,2,1/242,1/111,1/345
東名,2026-09-12,2026-09-12,9/12 23:20,パチンコ,3706,e地獄少女7500Ver.RHZ,0246,-2.1,-0.2,1.5,0,8,13,1/311,1/172,1/187
東名,2026-09-12,2026-09-12,9/12 23:20,パチンコ,3728,e女神のｶﾌｪﾃﾗｽJLZ,0184,-1.9,5.9,1.5,0,5,6,1/366,1/59,1/318
東名,2026-09-12,2026-09-12,9/12 23:20,パチンコ,3728,e女神のｶﾌｪﾃﾗｽJLZ,0185,9.9,-6.4,-9.9,13,1,6,1/300,1/776,1/301
東名,2026-09-12,2026-09-12,9/12 23:20,パチンコ,3713,e新世紀ｴｳﾞｧﾝｹﾞﾘｵﾝ17,0237,12.7,2.3,7.9,13,10,9,1/226,1/153,1/216
東名,2026-09-12,2026-09-12,9/12 23:20,パチンコ,3713,e新世紀ｴｳﾞｧﾝｹﾞﾘｵﾝ17,0238,32.2,-0.8,1.1,28,1,8,1/142,1/96,1/320
東名,2026-09-12,2026-09-12,9/12 23:20,パチンコ,3713,e新世紀ｴｳﾞｧﾝｹﾞﾘｵﾝ17,0239,-0.2,5.7,-6.9,0,9,2,1/23,1/173,1/353
東名,2026-09-12,2026-09-12,9/12 23:20,パチンコ,3713,e新世紀ｴｳﾞｧﾝｹﾞﾘｵﾝ17,0240,1.0,1.4,-5.3,4,3,1,1/97,1/112,1/534
東名,2026-09-12,2026-09-12,9/12 23:20,パチンコ,3713,e新世紀ｴｳﾞｧﾝｹﾞﾘｵﾝ17,0241,5.0,2.9,1.5,8,6,9,1/147,1/121,1/206
東名,2026-09-12,2026-09-12,9/12 23:20,パチンコ,3713,e新世紀ｴｳﾞｧﾝｹﾞﾘｵﾝ17,0242,-6.9,-2.4,27.2,2,2,27,1/384,1/146,1/57
東名,2026-09-12,2026-09-12,9/12 23:20,パチンコ,3713,e新世紀ｴｳﾞｧﾝｹﾞﾘｵﾝ17,0243,-7.3,-2.0,-6.2,4,2,1,1/281,1/109,1/637
東名,2026-09-12,2026-09-12,9/12 23:20,パチンコ,3713,e新世紀ｴｳﾞｧﾝｹﾞﾘｵﾝ17,0244,1.2,-11.2,-9.6,6,3,4,1/221,1/368,1/604
東名,2026-09-12,2026-09-12,9/12 23:20,パチンコ,3803,e東京喰種MW,0181,-1.6,-0.9,-16.7,14,39,14,1/551,1/323,1/419
東名,2026-09-12,2026-09-12,9/12 23:20,パチンコ,3803,e東京喰種MW,0182,-6.8,-10.1,40.4,13,12,67,1/344,1/281,1/403
東名,2026-09-12,2026-09-12,9/12 23:20,パチンコ,3803,e東京喰種MW,0183,-5.7,-10.6,-9.3,12,27,23,1/349,1/240,1/327
東名,2026-09-12,2026-09-12,9/12 23:20,パチンコ,3565,e東京喰種W,0186,0.4,4.9,6.0,9,11,9,1/127,1/134,1/118
東名,2026-09-12,2026-09-12,9/12 23:20,パチンコ,3565,e東京喰種W,0187,-6.0,-3.4,7.3,8,7,18,1/114,1/110,1/108
東名,2026-09-12,2026-09-12,9/12 23:20,パチンコ,3565,e東京喰種W,0188,9.6,-3.2,10.4,16,4,11,1/89,1/110,1/143
東名,2026-09-12,2026-09-12,9/12 23:20,パチンコ,3565,e東京喰種W,0189,-2.4,12.7,-4.1,4,10,8,1/119,1/196,1/87
東名,2026-09-12,2026-09-12,9/12 23:20,パチンコ,3565,e東京喰種W,0190,11.2,-8.2,6.6,13,1,14,1/111,1/795,1/150
東名,2026-09-12,2026-09-12,9/12 23:20,パチンコ,3565,e東京喰種W,0191,0.0,-5.7,-0.2,7,4,16,1/103,1/162,1/133
東名,2026-09-12,2026-09-12,9/12 23:20,パチンコ,3644,e東京ﾘﾍﾞﾝｼﾞｬｰｽﾞGFEC,0380,-1.0,-1.4,12.3,0,0,27,1/98,1/133,1/212
東名,2026-09-12,2026-09-12,9/12 23:20,パチンコ,3644,e東京ﾘﾍﾞﾝｼﾞｬｰｽﾞGFEC,0381,-0.2,-2.1,3.6,1,0,9,1/29,1/189,1/267
東名,2026-09-12,2026-09-12,9/12 23:20,パチンコ,3644,e東京ﾘﾍﾞﾝｼﾞｬｰｽﾞGFEC,0382,-3.1,-0.4,-1.5,1,0,0,1/349,1/31,1/148
東名,2026-09-12,2026-09-12,9/12 23:20,パチンコ,3791,e東京ﾘﾍﾞﾝｼﾞｬｰｽﾞ聖夜決戦編EREC,0366,-7.6,-0.1,-1.6,0,0,0,1/687,1/7,1/135
東名,2026-09-12,2026-09-12,9/12 23:20,パチンコ,3791,e東京ﾘﾍﾞﾝｼﾞｬｰｽﾞ聖夜決戦編EREC,0367,-7.9,9.3,13.7,2,26,21,1/357,1/109,1/173
東名,2026-09-12,2026-09-12,9/12 23:20,パチンコ,3792,e無職転生異世界行ったら本気だす,0368,-5.6,4.5,-9.0,0,8,2,1/526,1/134,1/482
東名,2026-09-12,2026-09-12,9/12 23:20,パチンコ,3656,e牙狼12XX-MJ,0233,1.6,-2.0,4.0,3,0,9,1/40,1/197,1/163
東名,2026-09-12,2026-09-12,9/12 23:20,パチンコ,3656,e牙狼12XX-MJ,0234,8.1,0.2,-1.8,11,2,18,1/51,1/126,1/558
東名,2026-09-12,2026-09-12,9/12 23:20,パチンコ,3656,e牙狼12XX-MJ,0235,-0.1,-1.3,0.5,0,2,10,1/14,1/312,1/258
東名,2026-09-12,2026-09-12,9/12 23:20,パチンコ,3656,e牙狼12XX-MJ,0236,9.7,-3.9,-4.8,15,0,5,1/67,1/405,1/250
東名,2026-09-12,2026-09-12,9/12 23:20,パチンコ,3746,e牙狼ﾄﾘﾌﾟﾙﾊﾞｰｽﾄRF,0177,-3.9,-0.7,-3.7,4,0,13,1/268,1/132,1/225
東名,2026-09-12,2026-09-12,9/12 23:20,パチンコ,3747,e甲鉄城のｶﾊﾞﾈﾘ2GFEA,0371,-1.0,0.0,-1.1,0,0,3,1/98,,1/471
東名,2026-09-12,2026-09-12,9/12 23:20,パチンコ,3720,e盾の勇者の成り上がりEREF,0245,-1.0,0.0,-0.8,0,0,2,1/88,,1/57
東名,2026-09-12,2026-09-12,9/12 23:20,パチンコ,3731,e真北斗無双5夢幻闘双SCEA,0231,-1.3,-0.9,-0.2,0,1,0,1/132,1/103,1/27
東名,2026-09-12,2026-09-12,9/12 23:20,パチンコ,3731,e真北斗無双5夢幻闘双SCEA,0232,13.9,-2.7,-0.8,17,0,1,1/38,1/288,1/113
東名,2026-09-12,2026-09-12,9/12 23:20,パチンコ,3653,e真･一騎当千~軍神覚醒~AM-TS,0408,-5.2,-2.7,14.0,0,9,28,1/737,1/229,1/951
東名,2026-09-12,2026-09-12,9/12 23:20,パチンコ,3793,e結城友奈は勇者であるMP,0369,-2.8,4.4,-0.6,0,3,0,1/261,1/93,1/54
東名,2026-09-12,2026-09-12,9/12 23:20,パチンコ,3650,e花の慶次~傾奇一転H6,0355,-0.8,-1.4,-3.5,1,0,1,1/134,1/158,1/452
東名,2026-09-12,2026-09-12,9/12 23:20,パチンコ,3650,e花の慶次~傾奇一転H6,0356,-1.1,-0.6,-2.8,0,3,0,1/130,1/126,1/289
東名,2026-09-12,2026-09-12,9/12 23:20,パチンコ,3696,e花の慶次~黄金の一撃H4,0372,3.1,-0.2,-0.9,8,0,0,1/438,1/21,1/70
東名,2026-09-12,2026-09-12,9/12 23:20,パチンコ,3696,e花の慶次~黄金の一撃H4,0373,-6.8,12.6,0.0,2,24,0,1/375,1/674,
東名,2026-09-12,2026-09-12,9/12 23:20,パチンコ,3696,e花の慶次~黄金の一撃H4,0374,5.2,-0.7,8.1,8,0,13,1/102,1/78,1/88
東名,2026-09-12,2026-09-12,9/12 23:20,パチンコ,3822,e魔女と野獣FKZ,0178,-12.6,-5.9,-9.7,3,18,13,1/754,1/415,1/474
東名,2026-09-12,2026-09-12,9/12 23:20,パチンコ,3750,e魔法少女まどか☆ﾏｷﾞｶ3LPM1,0378,-2.7,-1.3,-4.7,1,0,0,1/296,1/140,1/507
東名,2026-09-12,2026-09-12,9/12 23:20,パチンコ,3750,e魔法少女まどか☆ﾏｷﾞｶ3LPM1,0379,-0.4,3.1,-0.1,0,13,0,1/48,1/178,1/7
東名,2026-09-12,2026-09-12,9/12 23:20,パチンコ,3654,e黄門ちゃま9HC3,0412,1.9,0.8,4.2,4,2,13,1/97,1/99,1/304
東名,2026-09-12,2026-09-12,9/12 23:20,パチンコ,3761,eｱｸﾀﾞﾏﾄﾞﾗｲﾌﾞEHLT,0394,0.0,0.0,-2.0,0,0,0,,,1/211
東名,2026-09-12,2026-09-12,9/12 23:20,パチンコ,3823,eｱｻﾙﾄﾘﾘｨZ,0179,-9.0,-6.0,-6.7,11,9,5,1/130,1/175,1/190
東名,2026-09-12,2026-09-12,9/12 23:20,パチンコ,3823,eｱｻﾙﾄﾘﾘｨZ,0180,-2.0,-5.1,-1.3,5,4,14,1/349,1/164,1/126
東名,2026-09-12,2026-09-12,9/12 23:20,パチンコ,3684,eｶﾞｰﾙｽﾞ&ﾊﾟﾝﾂｧｰ3LAH1,0390,5.2,0.0,-2.4,8,0,2,1/44,,1/134
東名,2026-09-12,2026-09-12,9/12 23:20,パチンコ,3778,eｷﾞﾝﾊﾟﾗVIVAFESTAHTA2,0358,-0.5,-0.8,-0.1,0,0,0,1/48,1/78,1/12
東名,2026-09-12,2026-09-12,9/12 23:20,パチンコ,3805,eｿｰﾄﾞｱｰﾄ･ｵﾝﾗｲﾝ ｱﾘｼｾﾞｰｼｮﾝYKJ11,0359,-8.7,1.3,6.4,16,21,28,1/211,1/222,1/226
東名,2026-09-12,2026-09-12,9/12 23:20,パチンコ,3483,eｿｰﾄﾞｱｰﾄ･ｵﾝﾗｲﾝ~閃光の軌跡~K7,0391,-3.8,-3.7,6.5,5,0,22,1/258,1/330,1/99
東名,2026-09-12,2026-09-12,9/12 23:20,パチンコ,3483,eｿｰﾄﾞｱｰﾄ･ｵﾝﾗｲﾝ~閃光の軌跡~K7,0392,-2.0,10.1,-0.7,1,28,1,1/225,1/66,1/77
東名,2026-09-12,2026-09-12,9/12 23:20,パチンコ,3820,eｿﾞﾝ100MA,0393,-3.1,-4.8,-0.4,2,5,8,1/220,1/138,1/86
東名,2026-09-12,2026-09-12,9/12 23:20,パチンコ,3693,eﾉｰｹﾞｰﾑ･ﾉｰﾗｲﾌV3C,0353,-3.5,-4.9,-2.4,3,0,0,1/130,1/458,1/217
東名,2026-09-12,2026-09-12,9/12 23:20,パチンコ,3779,eﾊﾞｲｵﾊｻﾞｰﾄﾞ6APN,0365,-2.4,-3.7,-4.0,1,2,2,1/236,1/193,1/191
東名,2026-09-12,2026-09-12,9/12 23:20,パチンコ,3553,eﾌｨｰﾊﾞｰうたわれるものZ,0409,0.0,0.0,17.2,0,0,26,,,1/143
東名,2026-09-12,2026-09-12,9/12 23:20,パチンコ,3553,eﾌｨｰﾊﾞｰうたわれるものZ,0410,1.9,-0.3,-1.5,3,0,6,1/33,1/24,1/59
東名,2026-09-12,2026-09-12,9/12 23:20,パチンコ,3425,eﾌｨｰﾊﾞｰからくりｻｰｶｽ2R,0396,-1.7,5.6,-1.8,0,7,1,1/176,1/69,1/192
東名,2026-09-12,2026-09-12,9/12 23:20,パチンコ,3425,eﾌｨｰﾊﾞｰからくりｻｰｶｽ2R,0397,-1.8,-5.8,1.6,0,1,4,1/174,1/600,1/214
東名,2026-09-12,2026-09-12,9/12 23:20,パチンコ,3694,eﾌｨｰﾊﾞｰもののがたりF,0385,0.0,-3.1,-0.6,0,3,0,,1/115,1/69
東名,2026-09-12,2026-09-12,9/12 23:20,パチンコ,3694,eﾌｨｰﾊﾞｰもののがたりF,0386,-0.6,-0.8,-0.6,0,0,0,1/54,1/104,1/69
東名,2026-09-12,2026-09-12,9/12 23:20,パチンコ,3606,eﾌｨｰﾊﾞｰ彼女、お借りしますH,0405,-7.4,50.4,9.5,6,53,17,1/179,1/107,1/68
東名,2026-09-12,2026-09-12,9/12 23:20,パチンコ,3804,eﾌｨｰﾊﾞｰ機動戦士ｶﾞﾝﾀﾞﾑSEED2bF,0226,-9.4,1.4,4.0,3,10,17,1/367,1/195,1/140
東名,2026-09-12,2026-09-12,9/12 23:20,パチンコ,3804,eﾌｨｰﾊﾞｰ機動戦士ｶﾞﾝﾀﾞﾑSEED2bF,0227,3.2,-5.7,-3.4,15,1,8,1/381,1/591,1/295
東名,2026-09-12,2026-09-12,9/12 23:20,パチンコ,3804,eﾌｨｰﾊﾞｰ機動戦士ｶﾞﾝﾀﾞﾑSEED2bF,0228,25.1,8.0,-4.2,36,15,7,1/133,1/336,1/882
東名,2026-09-12,2026-09-12,9/12 23:20,パチンコ,3639,eﾌｨｰﾊﾞｰ炎炎ﾉ消防隊2MS,0222,-2.5,1.1,-0.6,0,5,0,1/274,1/146,1/53
東名,2026-09-12,2026-09-12,9/12 23:20,パチンコ,3639,eﾌｨｰﾊﾞｰ炎炎ﾉ消防隊2MS,0223,-2.3,-1.3,1.5,0,0,3,1/219,1/117,1/89
東名,2026-09-12,2026-09-12,9/12 23:20,パチンコ,3639,eﾌｨｰﾊﾞｰ炎炎ﾉ消防隊2MS,0224,-3.0,-1.7,-8.9,2,0,2,1/176,1/171,1/518
東名,2026-09-12,2026-09-12,9/12 23:20,パチンコ,3639,eﾌｨｰﾊﾞｰ炎炎ﾉ消防隊2MS,0225,-5.5,11.7,-1.7,0,20,0,1/597,1/94,1/171
東名,2026-09-12,2026-09-12,9/12 23:20,パチンコ,3760,eﾌｨｰﾊﾞｰﾀﾞﾝﾍﾞﾙ何ｷﾛ持てる?2F,0387,-1.3,2.7,-2.6,3,5,1,1/131,1/122,1/271
東名,2026-09-12,2026-09-12,9/12 23:20,パチンコ,3760,eﾌｨｰﾊﾞｰﾀﾞﾝﾍﾞﾙ何ｷﾛ持てる?2F,0388,-1.9,-0.6,-4.2,0,1,2,1/190,1/61,1/239
東名,2026-09-12,2026-09-12,9/12 23:20,パチンコ,3730,eﾌｨｰﾊﾞｰﾊﾞｽﾀｰﾄﾞG,0403,-1.3,-0.3,-7.2,0,0,2,1/127,1/25,1/403
東名,2026-09-12,2026-09-12,9/12 23:20,パチンコ,3670,eﾌｨｰﾊﾞｰﾌﾞﾙｰﾛｯｸMZ,0375,-1.1,-4.4,-2.7,0,1,0,1/99,1/506,1/270
東名,2026-09-12,2026-09-12,9/12 23:20,パチンコ,3670,eﾌｨｰﾊﾞｰﾌﾞﾙｰﾛｯｸMZ,0376,-0.7,-0.6,-1.0,0,0,0,1/73,1/72,1/102
東名,2026-09-12,2026-09-12,9/12 23:20,パチンコ,3795,eﾌｨｰﾊﾞｰﾌﾞﾙｰﾛｯｸY,0399,-3.8,2.2,-1.2,3,18,7,1/140,1/72,1/36
東名,2026-09-12,2026-09-12,9/12 23:20,パチンコ,3795,eﾌｨｰﾊﾞｰﾌﾞﾙｰﾛｯｸY,0400,-3.5,-1.5,4.6,6,4,14,1/81,1/46,1/100
東名,2026-09-12,2026-09-12,9/12 23:20,パチンコ,3801,eﾍﾞﾙｾﾙｸ無双2HM4,0395,5.2,-4.9,7.5,34,2,15,1/107,1/320,1/43
東名,2026-09-12,2026-09-12,9/12 23:20,パチンコ,3649,eﾏｷﾞｱﾚｺｰﾄﾞ魔法少女まどか☆外伝,0383,-1.2,-0.3,-1.4,0,0,0,1/138,1/30,1/153
東名,2026-09-12,2026-09-12,9/12 23:20,パチンコ,3649,eﾏｷﾞｱﾚｺｰﾄﾞ魔法少女まどか☆外伝,0384,-0.7,0.0,-2.8,0,0,6,1/64,,1/371
東名,2026-09-12,2026-09-12,9/12 23:20,パチンコ,3764,eﾗｸﾞﾅﾄﾞｰﾙCMB,0362,5.0,-1.6,2.6,9,0,9,1/4,1/156,1/69
東名,2026-09-12,2026-09-12,9/12 23:20,パチンコ,3763,eﾘｺﾘｽ･ﾘｺｲﾙM3,0363,-4.3,-5.3,-5.4,4,13,14,1/176,1/104,1/157
東名,2026-09-12,2026-09-12,9/12 23:20,パチンコ,3763,eﾘｺﾘｽ･ﾘｺｲﾙM3,0364,16.0,6.7,1.3,57,32,27,1/140,1/135,1/222
東名,2026-09-12,2026-09-12,9/12 23:20,パチンコ,3770,eﾘﾝｸﾞ 最恐領域RHA,0229,2.6,30.1,-1.7,5,38,1,1/136,1/88,1/285
東名,2026-09-12,2026-09-12,9/12 23:20,パチンコ,3770,eﾘﾝｸﾞ 最恐領域RHA,0230,0.0,-1.2,5.2,0,0,11,,1/134,1/92
東名,2026-09-12,2026-09-12,9/12 23:20,パチンコ,3695,eﾙﾊﾟﾝ三世VSｷｬｯﾂｱｲMAH4,0377,-2.6,8.0,1.1,0,21,15,1/227,1/110,1/147
東名,2026-09-12,2026-09-12,9/12 23:20,パチンコ,2371,P Re:ｾﾞﾛ鬼がかりver.M08,0147,-1.1,0.0,-0.1,0,0,0,1/128,,1/20
東名,2026-09-12,2026-09-12,9/12 23:20,パチンコ,2371,P Re:ｾﾞﾛ鬼がかりver.M08,0148,-2.9,-4.5,4.9,0,0,9,1/336,1/453,1/481
東名,2026-09-12,2026-09-12,9/12 23:20,パチンコ,3749,P/Re:ｾﾞﾛseason2/M04,0336,-2.8,1.3,-2.0,1,12,1,1/283,1/135,1/226
東名,2026-09-12,2026-09-12,9/12 23:20,パチンコ,3692,P/Re:ｾﾞﾛから始める異世界生活L07,0310,-0.2,5.8,-4.0,2,7,0,1/119,1/156,1/417
東名,2026-09-12,2026-09-12,9/12 23:20,パチンコ,2831,P009 RE:CYBORG N3-K,0087,0.5,-1.3,-0.8,7,0,0,1/37,1/119,1/90
東名,2026-09-12,2026-09-12,9/12 23:20,パチンコ,2320,P009RE:CYBORGM4-K,0352,-4.0,1.4,6.7,1,7,48,1/446,1/102,1/311
東名,2026-09-12,2026-09-12,9/12 23:20,パチンコ,3641,PACYBORG009N2-K,0258,0.0,0.0,-1.4,0,0,3,,,1/94
東名,2026-09-12,2026-09-12,9/12 23:20,パチンコ,3548,PAひぐらしのなく頃に･輪廻転生99,0315,0.0,1.1,0.9,4,16,5,1/41,1/88,1/22
東名,2026-09-12,2026-09-12,9/12 23:20,パチンコ,3409,PAわんわんｾﾚﾌﾞﾚｰｼｮﾝAGBD,0081,0.9,-0.5,-0.2,7,0,8,1/52,1/39,1/104
東名,2026-09-12,2026-09-12,9/12 23:20,パチンコ,3409,PAわんわんｾﾚﾌﾞﾚｰｼｮﾝAGBD,0082,-0.6,-0.8,0.5,1,4,17,1/93,1/158,1/127
東名,2026-09-12,2026-09-12,9/12 23:20,パチンコ,3409,PAわんわんｾﾚﾌﾞﾚｰｼｮﾝAGBD,0083,-2.5,0.5,-1.7,11,33,21,1/126,1/85,1/107
東名,2026-09-12,2026-09-12,9/12 23:20,パチンコ,3409,PAわんわんｾﾚﾌﾞﾚｰｼｮﾝAGBD,0084,-0.5,-2.4,-3.4,10,4,19,1/182,1/112,1/97
東名,2026-09-12,2026-09-12,9/12 23:20,パチンコ,3729,PA乗物娘2N,0132,0.0,-0.2,-0.4,0,0,2,,1/22,1/76
東名,2026-09-12,2026-09-12,9/12 23:20,パチンコ,3538,PA大海物語5HLD,0215,0.2,-3.6,-1.5,4,9,14,1/81,1/109,1/93
東名,2026-09-12,2026-09-12,9/12 23:20,パチンコ,3538,PA大海物語5HLD,0216,-0.7,-0.5,-2.8,1,2,7,1/84,1/84,1/80
東名,2026-09-12,2026-09-12,9/12 23:20,パチンコ,3824,PA大海物語ｱｸﾞﾈｽﾌﾟﾚﾐｱRBA,0207,-1.8,-0.1,5.1,20,22,58,1/90,1/66,1/72
東名,2026-09-12,2026-09-12,9/12 23:20,パチンコ,3824,PA大海物語ｱｸﾞﾈｽﾌﾟﾚﾐｱRBA,0208,0.5,1.2,-0.4,16,6,14,1/80,1/55,1/59
東名,2026-09-12,2026-09-12,9/12 23:20,パチンコ,3824,PA大海物語ｱｸﾞﾈｽﾌﾟﾚﾐｱRBA,0209,0.1,-1.0,-1.0,27,8,33,1/64,1/128,1/97
東名,2026-09-12,2026-09-12,9/12 23:20,パチンコ,3824,PA大海物語ｱｸﾞﾈｽﾌﾟﾚﾐｱRBA,0210,-1.8,-0.6,2.5,22,7,42,1/135,1/99,1/70
東名,2026-09-12,2026-09-12,9/12 23:20,パチンコ,2530,PA新海物語AR BB,0218,0.0,-0.5,-1.4,0,10,4,,1/65,1/136
東名,2026-09-12,2026-09-12,9/12 23:20,パチンコ,2530,PA新海物語AR BB,0219,0.0,3.3,-0.4,5,25,0,1/152,1/53,1/59
東名,2026-09-12,2026-09-12,9/12 23:20,パチンコ,3601,PA海物語3R3LBA,0194,-0.4,1.4,3.1,0,35,53,1/39,1/127,1/113
東名,2026-09-12,2026-09-12,9/12 23:20,パチンコ,3601,PA海物語3R3LBA,0195,0.0,-1.0,-0.8,0,0,0,,1/117,1/80
東名,2026-09-12,2026-09-12,9/12 23:20,パチンコ,2275,PA海物語INｼﾞｬﾊﾟﾝ2RA,0217,0.0,-0.3,0.0,0,2,3,,1/44,1/45
東名,2026-09-12,2026-09-12,9/12 23:20,パチンコ,3712,PA海物語極ｼﾞｬﾊﾟﾝHBD,0192,0.4,2.3,-0.8,6,13,2,1/41,1/71,1/58
東名,2026-09-12,2026-09-12,9/12 23:20,パチンコ,3712,PA海物語極ｼﾞｬﾊﾟﾝHBD,0193,0.5,-3.1,-2.9,11,7,8,1/108,1/295,1/295
東名,2026-09-12,2026-09-12,9/12 23:20,パチンコ,3727,PA清流物語4HBB,0196,-1.0,-1.5,-0.7,3,13,6,1/99,1/47,1/289
東名,2026-09-12,2026-09-12,9/12 23:20,パチンコ,2476,PA激ﾃﾞｼﾞｼﾞｭｰｼｰﾊﾆｰ3NCY,0290,-0.5,-0.6,-2.5,13,20,19,1/109,1/134,1/72
東名,2026-09-12,2026-09-12,9/12 23:20,パチンコ,3784,PA花の慶次~傾奇一転N,0272,-1.5,0.2,-1.6,4,2,1,1/143,1/12,1/191
東名,2026-09-12,2026-09-12,9/12 23:20,パチンコ,3784,PA花の慶次~傾奇一転N,0273,0.0,0.0,0.0,0,0,0,,,
東名,2026-09-12,2026-09-12,9/12 23:20,パチンコ,3784,PA花の慶次~傾奇一転N,0274,0.0,0.0,-2.0,0,0,11,,,1/83
東名,2026-09-12,2026-09-12,9/12 23:20,パチンコ,2183,PA花の慶次~蓮N-V,0282,-0.2,-1.0,-0.7,7,0,5,1/233,1/93,1/71
東名,2026-09-12,2026-09-12,9/12 23:20,パチンコ,2183,PA花の慶次~蓮N-V,0283,-0.8,-1.0,14.9,6,2,48,1/131,1/136,1/22
東名,2026-09-12,2026-09-12,9/12 23:20,パチンコ,2183,PA花の慶次~蓮N-V,0284,2.6,3.2,2.2,10,10,8,1/35,1/43,1/60
東名,2026-09-12,2026-09-12,9/12 23:20,パチンコ,3081,PA豊丸ととある企業の最新作2V1,0316,1.1,0.1,-0.9,7,4,0,1/36,1/74,1/81
東名,2026-09-12,2026-09-12,9/12 23:20,パチンコ,3081,PA豊丸ととある企業の最新作2V1,0345,0.1,0.3,-1.4,8,7,1,1/48,1/80,1/189
東名,2026-09-12,2026-09-12,9/12 23:20,パチンコ,2338,PA野生の王国5N-K,0324,0.2,-0.2,1.5,5,0,15,1/43,1/12,1/69
東名,2026-09-12,2026-09-12,9/12 23:20,パチンコ,3707,PA野生の王国6N2,0285,-0.3,-2.1,0.4,12,1,12,1/86,1/256,1/57
東名,2026-09-12,2026-09-12,9/12 23:20,パチンコ,2425,PA野生の王国どらむN-K1 YT299,0296,1.5,-1.1,-0.7,19,8,6,1/84,1/95,1/247
東名,2026-09-12,2026-09-12,9/12 23:20,パチンコ,3666,PAｱｽﾞｰﾙﾚｰﾝ~異次元ﾄﾘｶﾞｰ79Ver.~M2,0311,1.5,-0.4,-1.4,20,12,22,1/80,1/95,1/90
東名,2026-09-12,2026-09-12,9/12 23:20,パチンコ,2395,PAｷﾞﾝﾊﾟﾗ夢幻ｶｰﾆﾊﾞﾙHBA,0092,0.0,1.3,-3.2,0,8,4,,1/79,1/154
東名,2026-09-12,2026-09-12,9/12 23:20,パチンコ,3372,PAｺﾏｺﾏ倶楽部with坂本冬美LOOP1,0291,0.3,-2.3,0.6,10,8,6,1/71,1/162,1/25
東名,2026-09-12,2026-09-12,9/12 23:20,パチンコ,3668,PAｼﾝ･ｴｳﾞｧﾝｹﾞﾘｵﾝY,0318,-1.6,-4.5,-2.8,6,1,0,1/77,1/525,1/306
東名,2026-09-12,2026-09-12,9/12 23:20,パチンコ,3668,PAｼﾝ･ｴｳﾞｧﾝｹﾞﾘｵﾝY,0319,-0.2,-0.3,1.3,3,5,10,1/19,1/41,1/180
東名,2026-09-12,2026-09-12,9/12 23:20,パチンコ,3338,PAｽｰﾊﾟｰ海物語IN地中海2HLA,0213,-0.3,-1.2,-0.6,5,0,0,1/60,1/109,1/89
東名,2026-09-12,2026-09-12,9/12 23:20,パチンコ,3338,PAｽｰﾊﾟｰ海物語IN地中海2HLA,0214,1.5,-3.0,-1.0,43,12,27,1/104,1/86,1/102
東名,2026-09-12,2026-09-12,9/12 23:20,パチンコ,2716,PAｽｰﾊﾟｰ海物語IN沖縄5YBA,0197,-0.6,2.1,0.0,7,20,0,1/95,1/53,
東名,2026-09-12,2026-09-12,9/12 23:20,パチンコ,2716,PAｽｰﾊﾟｰ海物語IN沖縄5YBA,0198,2.4,-0.5,-0.3,25,0,4,1/55,1/67,1/76
東名,2026-09-12,2026-09-12,9/12 23:20,パチンコ,3783,PAｽｰﾊﾟｰ海物語IN沖縄6RBD,0220,-0.6,1.0,-1.3,0,15,2,1/69,1/65,1/239
東名,2026-09-12,2026-09-12,9/12 23:20,パチンコ,3783,PAｽｰﾊﾟｰ海物語IN沖縄6RBD,0221,1.1,-2.1,-0.4,8,11,11,1/76,1/97,1/148
東名,2026-09-12,2026-09-12,9/12 23:20,パチンコ,3723,PAﾌｨｰﾊﾞｰうたわれるものY,0288,0.0,3.5,0.8,0,28,6,,1/40,1/50
東名,2026-09-12,2026-09-12,9/12 23:20,パチンコ,3643,PAﾌｨｰﾊﾞｰ機動戦士ｶﾞﾝﾀﾞﾑﾕﾆｺｰﾝ2 AR,0329,-1.8,0.8,6.4,2,9,30,1/113,1/68,1/68
東名,2026-09-12,2026-09-12,9/12 23:20,パチンコ,2913,PAﾌｨｰﾊﾞｰ起動戦士ｶﾞﾝﾀﾞﾑﾕﾆｺｰﾝbY,0077,0.6,0.2,-1.2,4,3,5,1/9,1/27,1/214
東名,2026-09-12,2026-09-12,9/12 23:20,パチンコ,3776,PAﾌｨｰﾊﾞｰｸｨｰﾝⅡYS,0292,-0.6,-0.2,-0.5,0,0,14,1/62,1/20,1/137
東名,2026-09-12,2026-09-12,9/12 23:20,パチンコ,3202,PAﾌｨｰﾊﾞｰﾊﾟﾜﾌﾙR,0095,-0.2,-1.5,0.9,6,0,14,1/42,1/140,1/79
東名,2026-09-12,2026-09-12,9/12 23:20,パチンコ,3202,PAﾌｨｰﾊﾞｰﾊﾟﾜﾌﾙR,0096,0.5,2.3,0.6,13,22,17,1/52,1/48,1/80
東名,2026-09-12,2026-09-12,9/12 23:20,パチンコ,3411,PCYBORG009VS3-K,0337,-1.2,-0.3,-2.9,0,6,0,1/127,1/204,1/302
東名,2026-09-12,2026-09-12,9/12 23:20,パチンコ,2976,PGO!GO!ﾏﾘﾝ3000HCD,0350,-0.1,-0.6,-0.3,0,1,0,1/17,1/97,1/27
東名,2026-09-12,2026-09-12,9/12 23:20,パチンコ,3534,PLT OVERLORD魔導王光臨ARC,0343,-0.7,0.0,-0.1,0,0,0,1/80,,1/9
東名,2026-09-12,2026-09-12,9/12 23:20,パチンコ,3599,PLT世界でいちばん強くなりたいMQ,0330,-0.2,-0.4,-0.5,0,0,0,1/21,1/46,1/39
東名,2026-09-12,2026-09-12,9/12 23:20,パチンコ,3592,PToLOVEるﾀﾞｰｸﾈｽL0YU1,0255,0.2,-0.4,2.7,3,0,9,1/112,1/47,1/7
東名,2026-09-12,2026-09-12,9/12 23:20,パチンコ,3457,PToLOVEるﾀﾞｰｸﾈｽL9YZ4,0151,-2.1,-1.0,-0.5,0,1,0,1/218,1/106,1/48
東名,2026-09-12,2026-09-12,9/12 23:20,パチンコ,3546,Pうまい棒2おかわりちょちょちょ,0308,-1.0,-3.7,1.6,0,0,5,1/9,1/30,1/17
東名,2026-09-12,2026-09-12,9/12 23:20,パチンコ,3546,Pうまい棒2おかわりちょちょちょ,0309,0.0,0.0,0.0,0,0,0,,,
東名,2026-09-12,2026-09-12,9/12 23:20,パチンコ,3762,Pえとたま2SE,0320,-1.3,-0.7,-2.0,0,2,0,1/154,1/59,1/205
東名,2026-09-12,2026-09-12,9/12 23:20,パチンコ,2833,Pとある科学 最強御坂VerRXZ,0347,-1.5,-0.9,-10.6,19,2,57,1/170,1/50,1/158
東名,2026-09-12,2026-09-12,9/12 23:20,パチンコ,3374,Pとある科学の超電磁砲2JMB,0263,-2.7,-1.0,-7.2,0,0,0,1/286,1/102,1/759
東名,2026-09-12,2026-09-12,9/12 23:20,パチンコ,3374,Pとある科学の超電磁砲2JMB,0264,-1.2,-1.0,-0.1,0,11,0,1/129,1/270,1/9
東名,2026-09-12,2026-09-12,9/12 23:20,パチンコ,3150,Pとある魔術の禁書目録2JMZ,0304,0.0,-0.4,2.8,1,0,7,1/63,1/38,1/255
東名,2026-09-12,2026-09-12,9/12 23:20,パチンコ,3150,Pとある魔術の禁書目録2JMZ,0305,-1.6,0.0,-3.1,0,0,1,1/149,,1/387
東名,2026-09-12,2026-09-12,9/12 23:20,パチンコ,3447,Pにゃんこ大戦争~多様性のﾈｺ~M4,0137,-0.5,-1.0,-0.6,0,1,0,1/40,1/118,1/61
東名,2026-09-12,2026-09-12,9/12 23:20,パチンコ,3447,Pにゃんこ大戦争~多様性のﾈｺ~M4,0138,0.9,-6.9,9.2,3,11,15,1/43,1/121,1/62
東名,2026-09-12,2026-09-12,9/12 23:20,パチンコ,3500,P世界最高の暗殺者JMB,0307,-0.1,0.0,-1.2,0,0,0,1/14,,1/135
東名,2026-09-12,2026-09-12,9/12 23:20,パチンコ,3413,P中森明菜･歌姫伝説愛KD-NS,0079,-3.0,1.3,-1.5,18,7,5,1/144,1/44,1/117
東名,2026-09-12,2026-09-12,9/12 23:20,パチンコ,3148,P中森明菜･歌姫伝説極KM-TF,0331,0.0,0.0,-1.5,0,0,5,,,1/260
東名,2026-09-12,2026-09-12,9/12 23:20,パチンコ,3539,P俺の妹がこんなに可愛いわけが,0333,0.0,0.0,-0.4,0,0,0,,,1/35
東名,2026-09-12,2026-09-12,9/12 23:20,パチンコ,2443,P元祖ｷﾞﾝｷﾞﾗﾊﾟﾗﾀﾞｲｽHCB,0091,-0.2,0.0,-0.3,0,0,0,1/22,,1/31
東名,2026-09-12,2026-09-12,9/12 23:20,パチンコ,2167,P冬のｿﾅﾀForeverM2,0141,-1.4,-1.3,1.3,0,0,8,1/150,1/128,1/283
東名,2026-09-12,2026-09-12,9/12 23:20,パチンコ,3234,P化物語2GRPA,0300,-3.6,-0.7,4.3,4,0,18,1/442,1/67,1/69
東名,2026-09-12,2026-09-12,9/12 23:20,パチンコ,2408,P北斗の拳8究極乱世SSF,0293,3.6,-4.6,0.1,48,2,28,1/104,1/299,1/116
東名,2026-09-12,2026-09-12,9/12 23:20,パチンコ,3200,P北斗の拳強敵SSPA,0128,-0.6,-0.7,-2.2,5,1,5,1/208,1/104,1/79
東名,2026-09-12,2026-09-12,9/12 23:20,パチンコ,3200,P北斗の拳強敵SSPA,0129,-2.0,0.9,0.3,0,11,4,1/215,1/36,1/59
東名,2026-09-12,2026-09-12,9/12 23:20,パチンコ,3200,P北斗の拳強敵SSPA,0130,-1.4,2.2,0.8,2,14,5,1/172,1/99,1/34
東名,2026-09-12,2026-09-12,9/12 23:20,パチンコ,3200,P北斗の拳強敵SSPA,0131,-6.0,-0.5,-3.6,4,0,4,1/163,1/42,1/112
東名,2026-09-12,2026-09-12,9/12 23:20,パチンコ,2896,P北斗の拳暴凶星SFPA,0125,-0.4,0.5,-0.5,0,4,3,1/50,1/144,1/117
東名,2026-09-12,2026-09-12,9/12 23:20,パチンコ,2896,P北斗の拳暴凶星SFPA,0126,0.6,-1.0,-3.9,1,1,1,1/21,1/171,1/463
東名,2026-09-12,2026-09-12,9/12 23:20,パチンコ,2896,P北斗の拳暴凶星SFPA,0127,-0.7,13.9,-0.1,0,29,0,1/76,1/133,1/8
東名,2026-09-12,2026-09-12,9/12 23:20,パチンコ,2803,P地獄少女覚醒3000Ver FHZ,0289,0.0,-0.2,-1.4,0,0,0,,1/20,1/156
東名,2026-09-12,2026-09-12,9/12 23:20,パチンコ,3424,P大海物語5ｽﾍﾟｼｬﾙALTA,0203,-0.1,0.0,-1.4,0,0,0,1/9,,1/146
東名,2026-09-12,2026-09-12,9/12 23:20,パチンコ,3424,P大海物語5ｽﾍﾟｼｬﾙALTA,0204,-0.9,-0.6,-4.5,1,0,9,1/168,1/51,1/247
東名,2026-09-12,2026-09-12,9/12 23:20,パチンコ,3424,P大海物語5ｽﾍﾟｼｬﾙALTA,0205,2.2,-2.4,7.6,5,0,14,1/98,1/298,1/107
東名,2026-09-12,2026-09-12,9/12 23:20,パチンコ,3424,P大海物語5ｽﾍﾟｼｬﾙALTA,0206,-1.0,0.9,0.9,8,4,11,1/268,1/251,1/280
東名,2026-09-12,2026-09-12,9/12 23:20,パチンコ,2770,P天才ﾊﾞｶﾎﾞﾝ6FD-RS,0351,-3.4,3.2,0.1,1,15,3,1/334,1/104,1/112
東名,2026-09-12,2026-09-12,9/12 23:20,パチンコ,3203,P天才ﾊﾞｶﾎﾞﾝ7~福神ｽﾍﾟｯｸ~LTH-JH,0302,2.2,-1.1,-3.1,9,3,0,1/77,1/86,1/272
東名,2026-09-12,2026-09-12,9/12 23:20,パチンコ,2494,P宇宙戦艦ﾔﾏﾄ2022 ONLYONE R,0317,0.0,2.5,3.4,0,24,26,,1/86,1/152
東名,2026-09-12,2026-09-12,9/12 23:20,パチンコ,3410,P宇宙戦艦ﾔﾏﾄ2202-3G,0265,-0.4,-1.5,-3.2,0,0,0,1/46,1/183,1/339
東名,2026-09-12,2026-09-12,9/12 23:20,パチンコ,3410,P宇宙戦艦ﾔﾏﾄ2202-3G,0266,-1.5,0.0,1.9,1,0,3,1/176,,1/49
東名,2026-09-12,2026-09-12,9/12 23:20,パチンコ,3591,P宇宙戦艦ﾔﾏﾄ2202-3MF,0140,-0.1,0.6,0.6,0,1,2,1/4,1/16,1/62
東名,2026-09-12,2026-09-12,9/12 23:20,パチンコ,2266,P宇宙戦艦ﾔﾏﾄ2202bS,0299,-1.2,-2.8,-1.3,1,0,0,1/114,1/311,1/132
東名,2026-09-12,2026-09-12,9/12 23:20,パチンコ,3161,P弾球黙示録ｶｲｼﾞ沼5V1U,0261,26.6,0.0,0.0,38,0,0,1/82,,
東名,2026-09-12,2026-09-12,9/12 23:20,パチンコ,3161,P弾球黙示録ｶｲｼﾞ沼5V1U,0262,0.0,-0.3,-0.3,0,0,1,,1/26,1/46
東名,2026-09-12,2026-09-12,9/12 23:20,パチンコ,3669,P戦国乙女7H0YZ3,0252,-1.8,-1.6,-0.1,2,7,5,1/198,1/239,1/99
東名,2026-09-12,2026-09-12,9/12 23:20,パチンコ,3748,P戦国乙女7L0YU1,0268,0.7,0.7,-0.1,5,8,9,1/47,1/48,1/73
東名,2026-09-12,2026-09-12,9/12 23:20,パチンコ,3748,P戦国乙女7L0YU1,0269,-0.4,7.5,-0.7,0,45,4,1/41,1/31,1/132
東名,2026-09-12,2026-09-12,9/12 23:20,パチンコ,3748,P戦国乙女7L0YU1,0270,-0.3,0.0,-1.0,7,0,1,1/32,,1/153
東名,2026-09-12,2026-09-12,9/12 23:20,パチンコ,2767,P戦国乙女ﾚｼﾞｪﾝﾄﾞﾊﾞﾄﾙ9YU1Y,0294,-4.2,-0.6,-1.3,17,10,13,1/141,1/145,1/151
東名,2026-09-12,2026-09-12,9/12 23:20,パチンコ,3617,P戦国無双HM3,0278,-0.6,-0.8,-0.3,0,2,1,1/121,1/134,1/106
東名,2026-09-12,2026-09-12,9/12 23:20,パチンコ,3617,P戦国無双HM3,0279,-2.6,14.6,5.2,1,38,16,1/532,1/241,1/352
東名,2026-09-12,2026-09-12,9/12 23:20,パチンコ,2361,P新世紀ｴｳﾞｧﾝｹﾞﾘｵﾝ15 未来への咆哮,0169,2.2,6.3,-11.2,5,19,4,1/67,1/101,1/544
東名,2026-09-12,2026-09-12,9/12 23:20,パチンコ,2361,P新世紀ｴｳﾞｧﾝｹﾞﾘｵﾝ15 未来への咆哮,0170,4.4,-6.5,-1.0,8,1,10,1/132,1/759,1/440
東名,2026-09-12,2026-09-12,9/12 23:20,パチンコ,2361,P新世紀ｴｳﾞｧﾝｹﾞﾘｵﾝ15 未来への咆哮,0171,-4.5,17.0,-6.9,2,24,1,1/549,1/108,1/835
東名,2026-09-12,2026-09-12,9/12 23:20,パチンコ,2361,P新世紀ｴｳﾞｧﾝｹﾞﾘｵﾝ15 未来への咆哮,0172,-7.3,9.7,-7.9,0,26,0,1/758,1/336,1/993
東名,2026-09-12,2026-09-12,9/12 23:20,パチンコ,2361,P新世紀ｴｳﾞｧﾝｹﾞﾘｵﾝ15 未来への咆哮,0173,-0.3,-3.2,-7.7,0,0,1,1/24,1/386,1/864
東名,2026-09-12,2026-09-12,9/12 23:20,パチンコ,2361,P新世紀ｴｳﾞｧﾝｹﾞﾘｵﾝ15 未来への咆哮,0174,-1.8,-2.3,1.4,1,4,22,1/253,1/160,1/301
東名,2026-09-12,2026-09-12,9/12 23:20,パチンコ,2361,P新世紀ｴｳﾞｧﾝｹﾞﾘｵﾝ15 未来への咆哮,0175,3.8,-3.8,7.4,6,1,19,1/30,1/458,1/227
東名,2026-09-12,2026-09-12,9/12 23:20,パチンコ,2361,P新世紀ｴｳﾞｧﾝｹﾞﾘｵﾝ15 未来への咆哮,0176,4.4,-4.7,-8.6,10,4,11,1/148,1/157,1/272
東名,2026-09-12,2026-09-12,9/12 23:20,パチンコ,3022,P新世紀ｴｳﾞｧﾝｹﾞﾘｵﾝ15未来への咆哮F,0257,-2.4,-4.2,-1.3,2,2,0,1/120,1/242,1/113
東名,2026-09-12,2026-09-12,9/12 23:20,パチンコ,3181,P新世紀ｴｳﾞｧﾝｹﾞﾘｵﾝ15未来への咆哮Y,0123,0.6,10.5,-0.4,17,32,0,1/186,1/20,1/45
東名,2026-09-12,2026-09-12,9/12 23:20,パチンコ,3181,P新世紀ｴｳﾞｧﾝｹﾞﾘｵﾝ15未来への咆哮Y,0124,1.7,1.8,1.4,15,6,21,1/112,1/52,1/141
東名,2026-09-12,2026-09-12,9/12 23:20,パチンコ,3420,P江頭2:50 inﾅﾅｼｰV3,0303,-0.1,1.1,-0.7,0,3,0,,1/25,1/75
東名,2026-09-12,2026-09-12,9/12 23:20,パチンコ,3714,P沖ﾄﾞｷ!LG,0286,-2.2,0.0,0.0,1,0,0,1/30,,
東名,2026-09-12,2026-09-12,9/12 23:20,パチンコ,2157,P海物語E,0089,-0.4,1.3,-0.3,0,5,4,1/70,1/305,1/194
東名,2026-09-12,2026-09-12,9/12 23:20,パチンコ,2157,P海物語E,0090,-0.1,-1.1,0.9,0,0,3,1/2,1/118,1/149
東名,2026-09-12,2026-09-12,9/12 23:20,パチンコ,2157,P海物語E,0146,-0.7,-0.1,-0.5,0,0,0,1/80,1/3,1/57
東名,2026-09-12,2026-09-12,9/12 23:20,パチンコ,2157,P海物語E,0211,-1.7,0.9,-0.9,0,13,4,1/225,1/183,1/236
東名,2026-09-12,2026-09-12,9/12 23:20,パチンコ,2157,P海物語E,0212,-1.5,0.0,-1.4,0,1,0,1/185,1/94,1/184
東名,2026-09-12,2026-09-12,9/12 23:20,パチンコ,3024,P消されたﾙﾊﾟﾝ9YU1Y,0287,-1.6,-0.3,-0.1,10,0,1,1/121,1/37,1/33
東名,2026-09-12,2026-09-12,9/12 23:20,パチンコ,3252,P牙狼11~冴島大河~XX-MU,0159,-2.6,10.4,-0.2,1,15,0,1/346,1/79,1/24
東名,2026-09-12,2026-09-12,9/12 23:20,パチンコ,3252,P牙狼11~冴島大河~XX-MU,0160,0.0,-0.9,-0.8,0,0,0,,1/93,1/87
東名,2026-09-12,2026-09-12,9/12 23:20,パチンコ,3252,P牙狼11~冴島大河~XX-MU,0161,0.0,-0.1,-1.0,0,0,0,,1/14,1/85
東名,2026-09-12,2026-09-12,9/12 23:20,パチンコ,2412,P真北斗無双3ｼﾞｬｷﾞの逆襲GEE,0325,9.4,-0.2,-0.4,13,0,0,1/14,1/13,1/36
東名,2026-09-12,2026-09-12,9/12 23:20,パチンコ,2391,P真北斗無双FWQG,0162,-0.3,-3.3,-3.6,0,0,8,1/25,1/345,1/269
東名,2026-09-12,2026-09-12,9/12 23:20,パチンコ,2391,P真北斗無双FWQG,0163,-0.4,-1.0,-0.7,0,0,5,1/36,1/97,1/97
東名,2026-09-12,2026-09-12,9/12 23:20,パチンコ,2391,P真北斗無双FWQG,0164,-0.6,-0.5,-1.5,0,0,0,1/52,1/50,1/165
東名,2026-09-12,2026-09-12,9/12 23:20,パチンコ,2391,P真北斗無双FWQG,0165,-2.7,-4.4,-1.4,4,0,0,1/274,1/446,1/146
東名,2026-09-12,2026-09-12,9/12 23:20,パチンコ,2391,P真北斗無双FWQG,0166,-0.4,-4.7,3.9,0,0,10,1/37,1/439,1/270
東名,2026-09-12,2026-09-12,9/12 23:20,パチンコ,2391,P真北斗無双FWQG,0167,-0.3,-1.4,-1.5,0,0,0,1/28,1/151,1/155
東名,2026-09-12,2026-09-12,9/12 23:20,パチンコ,2391,P真北斗無双FWQG,0168,-0.6,1.1,-5.9,2,5,0,1/89,1/104,1/676
東名,2026-09-12,2026-09-12,9/12 23:20,パチンコ,2978,P真･一騎当千~桃園の誓い~FM-JT,0139,3.7,0.0,-0.3,5,0,0,1/19,,1/35
東名,2026-09-12,2026-09-12,9/12 23:20,パチンコ,2978,P真･一騎当千~桃園の誓い~FM-JT,0154,-1.1,-0.8,-1.0,0,0,0,1/106,1/87,1/102
東名,2026-09-12,2026-09-12,9/12 23:20,パチンコ,3453,P真･一騎当千~桃園の誓い~LTH-FH,0332,-2.8,-3.7,-1.5,2,0,1,1/190,1/353,1/221
東名,2026-09-12,2026-09-12,9/12 23:20,パチンコ,3162,P真･花の慶次3N-K,0097,-0.7,2.9,0.1,0,10,7,1/82,1/47,1/196
東名,2026-09-12,2026-09-12,9/12 23:20,パチンコ,3162,P真･花の慶次3N-K,0098,-0.7,0.2,-1.2,0,4,3,1/82,1/35,1/56
東名,2026-09-12,2026-09-12,9/12 23:20,パチンコ,3162,P真･花の慶次3N-K,0099,-0.6,0.0,-0.6,0,0,3,1/61,,1/79
東名,2026-09-12,2026-09-12,9/12 23:20,パチンコ,3205,P緋弾のｱﾘｱ ~緋緋神降臨~LT搭載FSZ,0088,0.0,0.6,-0.8,0,6,0,,1/200,1/99
東名,2026-09-12,2026-09-12,9/12 23:20,パチンコ,3535,P緋弾のｱﾘｱ~緋緋神降臨~199Ver.FQU,0328,-0.7,-2.9,-0.6,3,0,0,1/148,1/306,1/53
東名,2026-09-12,2026-09-12,9/12 23:20,パチンコ,3596,P織田信奈の野望全国版V1D,0271,0.0,0.0,-1.3,0,0,0,,,1/149
東名,2026-09-12,2026-09-12,9/12 23:20,パチンコ,3596,P織田信奈の野望全国版V1D,0348,-0.3,0.0,-0.3,0,0,0,1/31,,1/23
東名,2026-09-12,2026-09-12,9/12 23:20,パチンコ,3790,P織田信奈の野望全国版V4A,0297,-0.9,-9.4,-0.9,3,6,3,1/149,1/442,1/281
東名,2026-09-12,2026-09-12,9/12 23:20,パチンコ,3513,P花の慶次~裂N2-VC,0259,-0.2,-0.6,0.1,0,4,1,1/14,1/122,1/7
東名,2026-09-12,2026-09-12,9/12 23:20,パチンコ,3513,P花の慶次~裂N2-VC,0260,0.0,0.0,10.5,0,0,24,,1/1,1/66
東名,2026-09-12,2026-09-12,9/12 23:20,パチンコ,3314,P貞子FMD,0253,0.0,0.5,-0.2,0,4,0,,1/78,1/44
東名,2026-09-12,2026-09-12,9/12 23:20,パチンコ,3667,P頭文字D2GCPC,0313,-0.3,-2.1,8.3,0,12,65,1/36,1/94,1/63
東名,2026-09-12,2026-09-12,9/12 23:20,パチンコ,3278,P魔法少女まどか☆ﾏｷﾞｶ3LM3,0155,-0.7,-2.6,-5.4,1,1,3,1/92,1/305,1/203
東名,2026-09-12,2026-09-12,9/12 23:20,パチンコ,3278,P魔法少女まどか☆ﾏｷﾞｶ3LM3,0156,-0.4,-0.1,-2.0,0,0,1,1/36,1/7,1/248
東名,2026-09-12,2026-09-12,9/12 23:20,パチンコ,3278,P魔法少女まどか☆ﾏｷﾞｶ3LM3,0157,-1.0,-0.1,7.2,0,0,11,1/121,1/6,1/85
東名,2026-09-12,2026-09-12,9/12 23:20,パチンコ,3278,P魔法少女まどか☆ﾏｷﾞｶ3LM3,0158,-1.2,-0.7,-1.4,3,1,3,1/127,1/86,1/127
東名,2026-09-12,2026-09-12,9/12 23:20,パチンコ,3732,P黄門ちゃま9AD2,0267,0.2,-2.0,1.2,3,3,15,1/55,1/147,1/47
東名,2026-09-12,2026-09-12,9/12 23:20,パチンコ,3316,PｱｽﾞｰﾙﾚｰﾝTHE ANIMATION~ﾄﾘｶﾞｰ199~,0149,-0.6,0.0,4.4,1,0,10,1/65,,1/127
東名,2026-09-12,2026-09-12,9/12 23:20,パチンコ,3316,PｱｽﾞｰﾙﾚｰﾝTHE ANIMATION~ﾄﾘｶﾞｰ199~,0150,-2.1,0.0,-0.5,1,0,0,1/208,,1/44
東名,2026-09-12,2026-09-12,9/12 23:20,パチンコ,3552,Pｱﾅｻﾞｰｺﾞｯﾄﾞﾊｰﾃﾞｽ3SB,0342,-3.6,-2.6,-1.5,3,1,0,1/166,1/305,1/157
東名,2026-09-12,2026-09-12,9/12 23:20,パチンコ,3276,Pｸｲｰﾝｽﾞﾌﾞﾚｲﾄﾞ4V1D,0145,-0.6,-0.2,-0.6,0,0,0,1/55,1/14,1/44
東名,2026-09-12,2026-09-12,9/12 23:20,パチンコ,3655,Pｸｲｰﾝｽﾞﾌﾞﾚｲﾄﾞ奈落V1C,0326,0.0,0.0,-1.9,0,0,0,,,1/235
東名,2026-09-12,2026-09-12,9/12 23:20,パチンコ,3201,Pｺｰﾄﾞｷﾞｱｽ 反逆のﾙﾙｰｼｭ3Y,0086,3.9,2.4,-1.7,34,31,10,1/71,1/64,1/63
東名,2026-09-12,2026-09-12,9/12 23:20,パチンコ,2695,Pｺﾞｼﾞﾗ対ｴｳﾞｧﾝｹﾞﾘｵﾝ G細胞覚醒L,0298,-0.6,-2.3,-1.5,0,0,6,1/64,1/231,1/599
東名,2026-09-12,2026-09-12,9/12 23:20,パチンコ,3721,Pｺﾞｼﾞﾗ対ｴｳﾞｧﾝｹﾞﾘｵﾝ2LV,0280,-1.8,-0.8,-4.6,2,4,3,1/198,1/86,1/342
東名,2026-09-12,2026-09-12,9/12 23:20,パチンコ,3259,Pｺﾞﾌﾞﾘﾝｽﾚｲﾔｰ ﾗｯｷｰﾄﾘｶﾞｰVerJVR,0256,0.0,0.0,-0.1,0,0,0,,,1/3
東名,2026-09-12,2026-09-12,9/12 23:20,パチンコ,3141,Pｼﾝ･ｴｳﾞｧﾝｹﾞﾘｵﾝX,0117,-3.2,-5.1,0.7,0,1,5,1/339,1/573,1/283
東名,2026-09-12,2026-09-12,9/12 23:20,パチンコ,3141,Pｼﾝ･ｴｳﾞｧﾝｹﾞﾘｵﾝX,0118,0.0,-0.3,9.0,0,0,15,,1/41,1/193
東名,2026-09-12,2026-09-12,9/12 23:20,パチンコ,3141,Pｼﾝ･ｴｳﾞｧﾝｹﾞﾘｵﾝX,0119,-0.1,-0.2,1.1,0,0,4,1/11,1/24,1/159
東名,2026-09-12,2026-09-12,9/12 23:20,パチンコ,3141,Pｼﾝ･ｴｳﾞｧﾝｹﾞﾘｵﾝX,0120,10.9,0.0,-3.8,24,0,1,1/98,,1/439
東名,2026-09-12,2026-09-12,9/12 23:20,パチンコ,3141,Pｼﾝ･ｴｳﾞｧﾝｹﾞﾘｵﾝX,0121,-0.1,0.0,-1.3,0,0,1,1/6,,1/191
東名,2026-09-12,2026-09-12,9/12 23:20,パチンコ,3141,Pｼﾝ･ｴｳﾞｧﾝｹﾞﾘｵﾝX,0122,-2.2,0.0,17.1,0,0,24,1/232,,1/111
東名,2026-09-12,2026-09-12,9/12 23:20,パチンコ,3603,Pｼﾞｭｰｼｰﾊﾆｰ極嬢77LT-ARB,0078,0.0,0.0,-2.5,0,0,3,,,1/97
東名,2026-09-12,2026-09-12,9/12 23:20,パチンコ,3501,Pｼﾞｭｰｼｰﾊﾆｰ極嬢MA,0344,-2.4,-4.7,-2.0,1,8,5,1/274,1/210,1/146
東名,2026-09-12,2026-09-12,9/12 23:20,パチンコ,3681,Pｽｰﾊﾟｰ海物語IN沖縄6LTP,0199,-0.7,-0.9,-2.7,0,0,6,1/76,1/104,1/413
東名,2026-09-12,2026-09-12,9/12 23:20,パチンコ,3681,Pｽｰﾊﾟｰ海物語IN沖縄6LTP,0200,-0.2,1.0,-2.1,3,11,0,1/330,1/143,1/262
東名,2026-09-12,2026-09-12,9/12 23:20,パチンコ,3681,Pｽｰﾊﾟｰ海物語IN沖縄6LTP,0201,0.1,-1.5,-3.2,3,0,0,1/285,1/187,1/369
東名,2026-09-12,2026-09-12,9/12 23:20,パチンコ,3681,Pｽｰﾊﾟｰ海物語IN沖縄6LTP,0202,0.8,-0.8,-1.9,4,10,0,1/199,1/552,1/232
東名,2026-09-12,2026-09-12,9/12 23:20,パチンコ,3564,PｿﾞﾝﾋﾞﾗﾝﾄﾞｻｶﾞSCPC,0093,0.0,-0.4,0.0,0,0,0,,1/33,
東名,2026-09-12,2026-09-12,9/12 23:20,パチンコ,3564,PｿﾞﾝﾋﾞﾗﾝﾄﾞｻｶﾞSCPC,0094,0.0,-0.1,0.0,0,0,0,,1/7,
東名,2026-09-12,2026-09-12,9/12 23:20,パチンコ,3593,Pﾃﾞｼﾞﾊﾈ北斗の拳慈母SSPC,0100,-0.2,0.0,-1.7,0,0,1,1/16,,1/178
東名,2026-09-12,2026-09-12,9/12 23:20,パチンコ,3593,Pﾃﾞｼﾞﾊﾈ北斗の拳慈母SSPC,0101,-1.1,-0.6,-2.9,0,0,3,1/102,1/57,1/195
東名,2026-09-12,2026-09-12,9/12 23:20,パチンコ,3593,Pﾃﾞｼﾞﾊﾈ北斗の拳慈母SSPC,0102,0.0,-0.1,1.0,8,0,14,1/92,1/10,1/50
東名,2026-09-12,2026-09-12,9/12 23:20,パチンコ,3593,Pﾃﾞｼﾞﾊﾈ北斗の拳慈母SSPC,0103,-0.4,-0.1,0.8,3,0,12,1/67,1/6,1/48
東名,2026-09-12,2026-09-12,9/12 23:20,パチンコ,3176,Pﾃﾞｼﾞﾊﾈ聖戦士ﾀﾞﾝﾊﾞｲﾝ2SSPB,0321,-0.4,-0.1,1.1,0,0,9,1/30,1/5,1/13
東名,2026-09-12,2026-09-12,9/12 23:20,パチンコ,3176,Pﾃﾞｼﾞﾊﾈ聖戦士ﾀﾞﾝﾊﾞｲﾝ2SSPB,0322,0.0,4.4,-1.5,0,56,0,,1/51,1/135
東名,2026-09-12,2026-09-12,9/12 23:20,パチンコ,3602,PﾃﾞｼﾞﾊﾈﾓﾝｽﾀｰﾊﾝﾀｰﾗｲｽﾞGSPB,0152,0.0,0.0,-0.1,0,0,0,,,1/16
東名,2026-09-12,2026-09-12,9/12 23:20,パチンコ,3602,PﾃﾞｼﾞﾊﾈﾓﾝｽﾀｰﾊﾝﾀｰﾗｲｽﾞGSPB,0153,0.0,-0.5,-1.6,0,0,6,,1/38,1/134
東名,2026-09-12,2026-09-12,9/12 23:20,パチンコ,2996,Pﾃﾞﾋﾞﾙﾏﾝ黄金黙示録N-K1 YT250,0312,-2.8,-1.9,-1.9,31,2,8,1/139,1/296,1/87
東名,2026-09-12,2026-09-12,9/12 23:20,パチンコ,3642,Pﾄﾞﾗﾑだ!金ﾄﾞﾝSB,0301,-0.9,0.0,-0.8,0,0,11,1/83,,1/157
東名,2026-09-12,2026-09-12,9/12 23:20,パチンコ,3179,PﾆｭｰﾄｷｵGREENV1,0341,-0.7,0.0,-0.3,3,8,4,1/31,1/24,1/25
東名,2026-09-12,2026-09-12,9/12 23:20,パチンコ,3515,PﾊﾈﾓﾉﾌｧﾐﾘｰｽﾀｼﾞｱﾑMD,0338,-1.3,-0.1,-0.4,1,1,7,1/115,1/56,1/34
東名,2026-09-12,2026-09-12,9/12 23:20,パチンコ,3515,PﾊﾈﾓﾉﾌｧﾐﾘｰｽﾀｼﾞｱﾑMD,0339,-1.0,-0.3,-0.5,6,1,0,1/39,1/52,1/41
東名,2026-09-12,2026-09-12,9/12 23:20,パチンコ,3235,PﾊﾞｲｵﾊｻﾞｰﾄﾞRE2L9YZ4,0346,-1.7,-0.1,-0.3,0,0,0,1/178,1/4,1/26
東名,2026-09-12,2026-09-12,9/12 23:20,パチンコ,3361,PﾊﾞﾝﾄﾞﾘH1YZ4,0327,0.0,-1.3,0.0,0,0,0,,1/142,
東名,2026-09-12,2026-09-12,9/12 23:20,パチンコ,3537,PﾊﾞﾝﾄﾞﾘL1AU1,0306,-0.2,-0.3,1.7,10,2,19,1/181,1/65,1/66
東名,2026-09-12,2026-09-12,9/12 23:20,パチンコ,3090,PﾌｨｰﾊﾞｰからくりｻｰｶｽY,0323,0.0,-1.1,-1.2,0,0,2,,1/108,1/163
東名,2026-09-12,2026-09-12,9/12 23:20,パチンコ,3722,Pﾌｨｰﾊﾞｰ彼女、お借りしますLR,0281,-1.0,-0.4,-1.3,0,1,1,1/182,1/113,1/252
東名,2026-09-12,2026-09-12,9/12 23:20,パチンコ,3526,Pﾌｨｰﾊﾞｰ戦姫絶唱ｼﾝﾌｫｷﾞｱ4Z,0133,-0.3,0.0,-0.1,0,0,1,1/29,,1/70
東名,2026-09-12,2026-09-12,9/12 23:20,パチンコ,3526,Pﾌｨｰﾊﾞｰ戦姫絶唱ｼﾝﾌｫｷﾞｱ4Z,0134,-0.1,-0.2,-0.1,0,0,0,1/14,1/19,1/20
東名,2026-09-12,2026-09-12,9/12 23:20,パチンコ,3526,Pﾌｨｰﾊﾞｰ戦姫絶唱ｼﾝﾌｫｷﾞｱ4Z,0135,-0.3,-0.3,6.7,0,0,14,1/32,1/25,1/114
東名,2026-09-12,2026-09-12,9/12 23:20,パチンコ,3526,Pﾌｨｰﾊﾞｰ戦姫絶唱ｼﾝﾌｫｷﾞｱ4Z,0136,0.0,-0.4,-1.2,0,0,0,,1/48,1/121
東名,2026-09-12,2026-09-12,9/12 23:20,パチンコ,3597,Pﾌｨｰﾊﾞｰ機動戦士ｶﾞﾝﾀﾞﾑﾕﾆｺｰﾝ2 Y,0254,-0.9,-0.4,-1.8,1,0,5,1/110,1/38,1/121
東名,2026-09-12,2026-09-12,9/12 23:20,パチンコ,2872,Pﾌｨｰﾊﾞｰ炎炎ﾉ消防隊G,0275,4.7,-0.1,-2.4,8,4,0,1/169,1/325,1/254
東名,2026-09-12,2026-09-12,9/12 23:20,パチンコ,2872,Pﾌｨｰﾊﾞｰ炎炎ﾉ消防隊G,0276,-3.4,-1.0,-1.7,0,0,0,1/339,1/90,1/178
東名,2026-09-12,2026-09-12,9/12 23:20,パチンコ,2872,Pﾌｨｰﾊﾞｰ炎炎ﾉ消防隊G,0277,-1.7,-0.8,8.8,1,0,15,1/239,1/83,1/119
東名,2026-09-12,2026-09-12,9/12 23:20,パチンコ,3261,Pﾌｨｰﾊﾞｰ炎炎ﾉ消防隊YR,0076,0.4,-2.3,-1.5,3,2,0,1/71,1/266,1/157
東名,2026-09-12,2026-09-12,9/12 23:20,パチンコ,2967,PﾌｨｰﾊﾞｰｸｨｰﾝⅡV,0295,-1.6,-1.3,-0.6,3,2,0,1/117,1/165,1/57
東名,2026-09-12,2026-09-12,9/12 23:20,パチンコ,3514,Pﾌﾞﾗｯｸﾗｸﾞｰﾝ4GCPA,0334,-2.8,-1.1,-1.1,3,1,8,1/112,1/119,1/173
東名,2026-09-12,2026-09-12,9/12 23:20,パチンコ,2949,Pﾌﾞﾗｯｸﾗｸﾞｰﾝ4GFPJ,0349,-4.8,-5.9,-4.9,2,0,0,1/266,1/559,1/490
東名,2026-09-12,2026-09-12,9/12 23:20,パチンコ,3152,Pﾎﾟﾁｯと一発おだてﾌﾞﾀ2V1,0340,-0.2,1.1,2.0,9,8,36,1/30,1/22,1/19
東名,2026-09-12,2026-09-12,9/12 23:20,パチンコ,3703,PﾒｲﾄﾞｲﾝｱﾋﾞｽSL,0335,0.1,0.3,-1.5,2,3,1,1/32,1/38,1/208
東名,2026-09-12,2026-09-12,9/12 23:20,パチンコ,3427,Pﾘﾝｸﾞ 呪いの7日間3 Light JVZ,0085,-1.1,-0.6,-1.4,0,1,10,1/130,1/54,1/44
東名,2026-09-12,2026-09-12,9/12 23:20,パチンコ,3360,Pﾘﾝｸﾞ 呪いの7日間3 LT搭載 JSG,0142,0.0,-0.3,-0.3,0,0,0,,1/36,1/25
東名,2026-09-12,2026-09-12,9/12 23:20,パチンコ,3360,Pﾘﾝｸﾞ 呪いの7日間3 LT搭載 JSG,0143,1.2,0.0,0.6,7,0,3,1/61,,1/41
東名,2026-09-12,2026-09-12,9/12 23:20,パチンコ,3360,Pﾘﾝｸﾞ 呪いの7日間3 LT搭載 JSG,0144,0.0,0.0,-0.2,0,0,0,,,1/19
東名,2026-09-12,2026-09-12,9/12 23:20,パチンコ,3375,Pﾙﾊﾟﾝ三世137YR2,0080,-0.8,-2.1,-0.1,0,8,1,1/91,1/67,1/21
東名,2026-09-12,2026-09-12,9/12 23:20,パチンコ,3679,Pﾙﾊﾟﾝ三世14L0YU1,0314,-1.3,-0.9,0.0,1,1,1,1/178,1/126,1/19
東名,2026-09-12,2026-09-12,9/12 23:20,パチンコ,3816,①e/吉宗極乗3000ver/L06,0055,-7.9,-1.0,-5.1,1,10,1,1/797,1/212,1/527
東名,2026-09-12,2026-09-12,9/12 23:20,パチンコ,3816,①e/吉宗極乗3000ver/L06,0056,-10.0,-5.7,-6.0,6,2,11,1/243,1/316,1/257
東名,2026-09-12,2026-09-12,9/12 23:20,パチンコ,3800,①e/押忍番長漢の頂/L09,0054,12.1,-11.0,-3.5,29,3,1,1/73,1/344,1/354
東名,2026-09-12,2026-09-12,9/12 23:20,パチンコ,3739,①e牙狼神速神撃3000LT-RB,0059,8.2,3.6,-4.5,14,4,4,1/140,1/107,1/128
東名,2026-09-12,2026-09-12,9/12 23:20,パチンコ,3739,①e牙狼神速神撃3000LT-RB,0060,-3.9,-6.2,-1.8,0,4,9,1/392,1/432,1/125
東名,2026-09-12,2026-09-12,9/12 23:20,パチンコ,3818,①e甲鉄城のｶﾊﾞﾈﾘ2GFEA,0058,-3.9,4.1,1.6,4,14,13,1/909,1/97,1/164
東名,2026-09-12,2026-09-12,9/12 23:20,パチンコ,3817,①e花の慶次~黄金の一撃H4,0053,7.5,-13.7,22.8,10,1,47,1/89,1/1328,1/267
東名,2026-09-12,2026-09-12,9/12 23:20,パチンコ,3754,①eｺﾞｼﾞﾗ対ｴｳﾞｧﾝｹﾞﾘｵﾝ2bA,0057,-0.9,-10.6,-11.1,0,2,18,1/87,1/550,1/89
東名,2026-09-12,2026-09-12,9/12 23:20,パチンコ,2641,①PAぱちんこ仮面ﾗｲﾀﾞｰ轟音MA1,0001,-1.4,3.1,-3.4,22,16,27,1/142,1/12,1/100
東名,2026-09-12,2026-09-12,9/12 23:20,パチンコ,3139,①PAぱちんこ冬のｿﾅﾀForeverMA1,0034,2.8,1.7,-2.7,45,25,36,1/70,1/54,1/100
東名,2026-09-12,2026-09-12,9/12 23:20,パチンコ,2554,①PA大海物語4ｽﾍﾟｼｬﾙRBA,0009,2.5,-2.4,-1.6,19,4,13,1/53,1/117,1/78
東名,2026-09-12,2026-09-12,9/12 23:20,パチンコ,3137,①PA大海物語4ｽﾍﾟｼｬﾙRBA,0023,1.4,-0.4,0.4,14,1,43,1/58,1/64,1/83
東名,2026-09-12,2026-09-12,9/12 23:20,パチンコ,3137,①PA大海物語4ｽﾍﾟｼｬﾙRBA,0027,1.4,0.6,1.2,8,12,29,1/28,1/76,1/84
東名,2026-09-12,2026-09-12,9/12 23:20,パチンコ,3614,①PA大海物語5ARBC,0026,1.2,0.2,-2.7,24,13,11,1/73,1/113,1/101
東名,2026-09-12,2026-09-12,9/12 23:20,パチンコ,3614,①PA大海物語5ARBC,0049,-1.2,-2.5,-2.4,6,8,9,1/136,1/169,1/95
東名,2026-09-12,2026-09-12,9/12 23:20,パチンコ,3652,①PA海物語3R2ｽﾍﾟｼｬﾙMBA,0010,-0.3,0.5,-1.9,0,19,3,1/38,1/80,1/116
東名,2026-09-12,2026-09-12,9/12 23:20,パチンコ,3652,①PA海物語3R2ｽﾍﾟｼｬﾙMBA,0024,0.4,-0.7,-0.5,16,0,30,1/98,1/107,1/123
東名,2026-09-12,2026-09-12,9/12 23:20,パチンコ,3549,①PA激ﾃﾞｼﾞ牙狼月虹ﾉ旅人-RL,0042,-1.5,-7.7,1.8,6,17,25,1/84,1/108,1/169
東名,2026-09-12,2026-09-12,9/12 23:20,パチンコ,3347,①PA真･暴れん坊将軍99Ver.FWZ,0033,-0.6,1.3,2.6,1,14,16,1/114,1/113,1/129
東名,2026-09-12,2026-09-12,9/12 23:20,パチンコ,3431,①PA真･花の慶次2N2-X1,0006,-2.1,-0.6,-1.0,0,23,13,1/236,1/158,1/81
東名,2026-09-12,2026-09-12,9/12 23:20,パチンコ,3431,①PA真･花の慶次2N2-X1,0008,3.2,-3.9,-1.8,24,7,8,1/33,1/102,1/101
東名,2026-09-12,2026-09-12,9/12 23:20,パチンコ,3226,①PAｽｰﾊﾟｰ海物語INｼﾞｬﾊﾟﾝ2RA,0021,0.0,0.0,-1.4,0,12,5,,1/101,1/97
東名,2026-09-12,2026-09-12,9/12 23:20,パチンコ,3756,①PAﾌｨｰﾊﾞｰﾀﾞﾝﾍﾞﾙ何ｷﾛ持てる?Y,0018,-1.3,1.1,-5.0,23,26,17,1/97,1/75,1/124
東名,2026-09-12,2026-09-12,9/12 23:20,パチンコ,3662,①PGO!GO!ﾏﾘﾝ3000HCD,0048,-1.9,-7.4,-7.0,0,14,4,1/205,1/242,1/215
東名,2026-09-12,2026-09-12,9/12 23:20,パチンコ,3628,①Pうまい棒4500から10500V1,0046,-0.3,-2.5,-0.1,0,0,5,1/2,1/17,1/27
東名,2026-09-12,2026-09-12,9/12 23:20,パチンコ,3449,①Pぱちんこ水戸黄門4KC1,0044,-1.5,4.2,-1.3,0,7,0,1/162,1/127,1/127
東名,2026-09-12,2026-09-12,9/12 23:20,パチンコ,3758,①PわんﾆｬﾝｱﾄﾞﾍﾞﾝﾁｬｰHCB,0043,-4.2,-5.6,-3.9,3,4,9,1/186,1/375,1/141
東名,2026-09-12,2026-09-12,9/12 23:20,パチンコ,3544,①P元祖ｷﾞﾝｷﾞﾗﾊﾟﾗﾀﾞｲｽHCB,0013,2.9,7.6,2.6,18,21,8,1/137,1/123,1/33
東名,2026-09-12,2026-09-12,9/12 23:20,パチンコ,3620,①P天才ﾊﾞｶﾎﾞﾝ7~福神ｽﾍﾟｯｸ~LTH-JH,0047,11.0,-1.2,-3.9,35,0,2,1/92,1/143,1/210
東名,2026-09-12,2026-09-12,9/12 23:20,パチンコ,3678,①P宇宙戦艦ﾔﾏﾄ2202-3MF,0041,21.0,-3.9,-3.8,35,7,2,1/124,1/247,1/322
東名,2026-09-12,2026-09-12,9/12 23:20,パチンコ,3406,①P宇宙戦艦ﾔﾏﾄ2202bH,0037,-7.2,3.2,5.7,25,80,82,1/150,1/114,1/48
東名,2026-09-12,2026-09-12,9/12 23:20,パチンコ,3574,①P新･遠山の金さん 77Ver.JWZ,0020,-3.6,-1.3,1.2,35,34,24,1/65,1/47,1/83
東名,2026-09-12,2026-09-12,9/12 23:20,パチンコ,2988,①P海物語E,0014,1.9,-0.6,-1.1,6,0,0,1/288,1/62,1/129
東名,2026-09-12,2026-09-12,9/12 23:20,パチンコ,2988,①P海物語E,0015,-2.6,0.2,0.7,0,6,4,1/279,1/462,1/239
東名,2026-09-12,2026-09-12,9/12 23:20,パチンコ,2988,①P海物語E,0030,-0.2,5.6,-1.2,0,12,1,1/31,1/215,1/216
東名,2026-09-12,2026-09-12,9/12 23:20,パチンコ,3136,①P海物語E,0028,-1.2,-0.7,-4.1,2,0,2,1/356,1/84,1/650
東名,2026-09-12,2026-09-12,9/12 23:20,パチンコ,3136,①P海物語E,0029,0.0,0.0,-0.7,0,0,0,,,1/81
東名,2026-09-12,2026-09-12,9/12 23:20,パチンコ,3627,①P清流物語4HLC,0025,-1.2,5.3,-10.5,9,15,6,1/332,1/74,1/283
東名,2026-09-12,2026-09-12,9/12 23:20,パチンコ,3129,①P激ﾃﾞｼﾞ真･牙狼RBY4,0039,-1.1,-1.4,-0.4,7,18,30,1/78,1/71,1/70
東名,2026-09-12,2026-09-12,9/12 23:20,パチンコ,3429,①P百花繚乱FM-JF,0017,2.4,1.0,-4.6,5,5,1,1/150,1/221,1/523
東名,2026-09-12,2026-09-12,9/12 23:20,パチンコ,3633,①P盾の勇者の成り上がりGFPC,0052,-1.7,-7.9,-4.8,7,4,6,1/242,1/235,1/381
東名,2026-09-12,2026-09-12,9/12 23:20,パチンコ,2734,①P真･花の慶次2M3-VC,0038,-1.9,3.8,-3.6,13,10,2,1/83,1/60,1/203
東名,2026-09-12,2026-09-12,9/12 23:20,パチンコ,2730,①P真･花の慶次3L12-K,0012,-1.6,-3.4,8.0,0,6,15,1/155,1/214,1/135
東名,2026-09-12,2026-09-12,9/12 23:20,パチンコ,3433,①P銀河鉄道99929YU1Y,0002,-3.8,2.2,-1.3,12,21,14,1/136,1/54,1/78
東名,2026-09-12,2026-09-12,9/12 23:20,パチンコ,3466,①P魔王学院の不適合者FMY,0035,-4.7,10.6,-0.6,5,17,3,1/119,1/65,1/226
東名,2026-09-12,2026-09-12,9/12 23:20,パチンコ,2591,①Pｶﾞｰﾙｽﾞ&ﾊﾟﾝﾂｧｰ28YQ1Y,0050,0.5,-2.1,1.1,6,14,14,1/27,1/67,1/95
東名,2026-09-12,2026-09-12,9/12 23:20,パチンコ,3404,①Pｺﾞｼﾞﾗ対ｴｳﾞｧﾝｹﾞﾘｵﾝ G細胞覚醒YR,0022,-3.5,0.8,-2.1,17,40,21,1/140,1/99,1/100
東名,2026-09-12,2026-09-12,9/12 23:20,パチンコ,3624,①Pｽｰﾊﾟｰ海物語IN沖縄5YTC,0004,-2.8,-1.2,-1.1,7,8,13,1/186,1/306,1/446
東名,2026-09-12,2026-09-12,9/12 23:20,パチンコ,3624,①Pｽｰﾊﾟｰ海物語IN沖縄5YTC,0036,-3.7,-5.9,4.4,0,3,30,1/387,1/722,1/251
東名,2026-09-12,2026-09-12,9/12 23:20,パチンコ,3676,①Pﾃﾞｼﾞﾊﾈｴｳﾚｶｾﾌﾞﾝﾊｲｴﾎﾞ2SSPB,0031,-4.8,-3.2,1.0,19,6,31,1/150,1/158,1/142
東名,2026-09-12,2026-09-12,9/12 23:20,パチンコ,3700,①Pﾊﾞｷ319H1YZ2,0016,-0.1,-0.3,1.5,5,0,5,1/386,1/39,1/162
東名,2026-09-12,2026-09-12,9/12 23:20,パチンコ,2790,①PﾌｨｰﾊﾞｰからくりｻｰｶｽV,0005,-6.0,-4.8,-6.9,1,1,1,1/728,1/597,1/856
東名,2026-09-12,2026-09-12,9/12 23:20,パチンコ,3403,①Pﾌﾞﾗｯｸﾗｸﾞｰﾝ4GFPJ,0019,4.9,17.0,-3.4,8,22,0,1/225,1/76,1/354
東名,2026-09-12,2026-09-12,9/12 23:20,パチンコ,3130,①PﾓﾓｷｭﾝｿｰﾄﾞGC250A,0040,-0.6,-2.4,-3.3,44,19,29,1/80,1/75,1/69
東名,2026-09-12,2026-09-12,9/12 23:20,パチンコ,3619,①Pﾗﾌﾞ嬢3H1YZ6,0045,-5.7,-5.1,6.5,1,10,19,1/682,1/291,1/179
東名,2026-09-12,2026-09-12,9/12 23:20,パチンコ,3009,①Pﾘｱﾙ鬼ごっこ2V3A,0003,2.8,0.4,8.4,47,37,128,1/46,1/50,1/71
東名,2026-09-12,2026-09-12,9/12 23:20,パチンコ,3508,①Pﾘﾝｸﾞ 呪いの7日間3 JMA,0051,2.8,-3.8,-12.2,10,1,2,1/128,1/504,1/729
東名,2026-09-12,2026-09-12,9/12 23:20,パチンコ,2791,①Pﾘﾝｸﾞ呪いの7日間2 FWA,0011,4.1,-4.0,0.1,22,3,15,1/95,1/265,1/60
東名,2026-09-12,2026-09-12,9/12 23:20,パチンコ,3757,①Pﾙﾊﾟﾝ三世137YR2,0032,3.1,0.4,-1.1,34,27,16,1/67,1/72,1/57
東名,2026-09-12,2026-09-12,9/12 23:20,パチンコ,3634,①Pﾙﾊﾟﾝ三世14H1YZ4,0007,0.3,-2.0,-17.7,3,0,1,1/192,1/193,1/1865
東名,2026-09-12,2026-09-12,9/12 23:20,パチンコ,3815,②e/押忍番長漢の頂/L09,0113,-0.4,-1.2,-1.5,0,1,4,1/33,1/152,1/61
東名,2026-09-12,2026-09-12,9/12 23:20,パチンコ,3819,②eいせれべFSZ,0111,0.0,0.0,0.0,0,0,0,,,
東名,2026-09-12,2026-09-12,9/12 23:20,パチンコ,3819,②eいせれべFSZ,0112,0.0,0.0,0.0,0,0,0,,,
東名,2026-09-12,2026-09-12,9/12 23:20,パチンコ,3789,②e仮面ﾗｲﾀﾞｰBLACK-KRJ2,0114,-0.7,2.4,6.0,0,9,11,1/79,1/108,1/320
東名,2026-09-12,2026-09-12,9/12 23:20,パチンコ,3740,②eﾌｨｰﾊﾞｰからくりｻｰｶｽ2R,0115,0.0,-1.3,-5.3,0,2,4,,1/100,1/179
東名,2026-09-12,2026-09-12,9/12 23:20,パチンコ,3773,②eﾌｨｰﾊﾞｰ戦姫絶唱ｼﾝﾌｫｷﾞｱ4F,0116,0.0,-2.7,-6.2,0,2,5,,1/175,1/145
東名,2026-09-12,2026-09-12,9/12 23:20,パチンコ,3246,②P009 RE:CYBORG N3-K,0065,-0.4,-0.6,3.7,2,5,16,1/75,1/87,1/75
東名,2026-09-12,2026-09-12,9/12 23:20,パチンコ,3438,②PA緋弾のｱﾘｱ~緋弾覚醒編~FRA,0061,8.2,0.0,1.5,41,0,10,1/58,,1/67
東名,2026-09-12,2026-09-12,9/12 23:20,パチンコ,3759,②PAﾌｨｰﾊﾞｰかぐや様は告らせたいYG,0071,-1.1,-4.2,4.6,3,3,38,1/95,1/170,1/43
東名,2026-09-12,2026-09-12,9/12 23:20,パチンコ,3491,②PGⅠ優駿倶楽部2HT,0110,0.0,-1.4,-0.7,0,1,1,,1/200,1/104
東名,2026-09-12,2026-09-12,9/12 23:20,パチンコ,3472,②Psin七つの大罪V3B,0062,-2.6,-1.4,-10.1,0,0,2,1/278,1/170,1/584
東名,2026-09-12,2026-09-12,9/12 23:20,パチンコ,3630,②Pうまい棒4500から10500V1,0075,-1.5,3.1,-1.3,0,5,4,1/11,1/8,1/35
東名,2026-09-12,2026-09-12,9/12 23:20,パチンコ,3638,②Pえとたま2MY,0105,-2.8,-0.3,-2.0,13,0,4,1/192,1/34,1/112
東名,2026-09-12,2026-09-12,9/12 23:20,パチンコ,3581,②Pとある科学の超電磁砲2JMB,0109,-1.4,1.8,-1.1,0,6,0,1/132,1/355,1/116
東名,2026-09-12,2026-09-12,9/12 23:20,パチンコ,3560,②Pとある魔術の禁書目録2JMZ,0068,-5.4,7.9,-0.4,1,11,0,1/686,1/30,1/57
東名,2026-09-12,2026-09-12,9/12 23:20,パチンコ,3622,②P俺の妹がこんなに可愛いわけが,0066,0.0,4.1,-0.1,0,12,5,,1/101,1/180
東名,2026-09-12,2026-09-12,9/12 23:20,パチンコ,3621,②P愛の不時着MF,0072,0.0,-0.3,-7.5,0,0,19,,1/31,1/378
東名,2026-09-12,2026-09-12,9/12 23:20,パチンコ,3475,②P牙狼11~冴島大河~XX-MU,0067,-1.3,-0.9,-0.4,2,2,8,1/256,1/220,1/301
東名,2026-09-12,2026-09-12,9/12 23:20,パチンコ,3270,②P真･花の慶次3TL5-MX,0064,-0.2,3.4,-2.0,0,11,2,1/24,1/289,1/125
東名,2026-09-12,2026-09-12,9/12 23:20,パチンコ,3579,②Pｴｳﾞｧﾝｹﾞﾘｵﾝ15未来への咆哮F,0074,1.0,-3.1,-0.4,12,1,19,1/76,1/365,1/191
東名,2026-09-12,2026-09-12,9/12 23:20,パチンコ,3387,②Pｺﾞｼﾞﾗ対ｴｳﾞｧﾝｹﾞﾘｵﾝ G細胞覚醒YR,0107,0.0,2.2,9.1,0,14,40,,1/44,1/53
東名,2026-09-12,2026-09-12,9/12 23:20,パチンコ,3629,②Pｺﾞｼﾞﾗ対ｴｳﾞｧﾝｹﾞﾘｵﾝ2R,0108,-0.4,-1.0,1.0,4,0,6,1/125,1/125,1/368
東名,2026-09-12,2026-09-12,9/12 23:20,パチンコ,3710,②Pｺﾞﾌﾞﾘﾝｽﾚｲﾔｰ ﾗｯｷｰﾄﾘｶﾞｰVer,0069,-1.4,-1.3,-0.5,1,0,9,1/159,1/142,1/142
東名,2026-09-12,2026-09-12,9/12 23:20,パチンコ,3473,②Pｻﾗﾘｰﾏﾝ金太郎 FVE,0063,-0.5,0.0,1.9,0,0,9,1/58,,1/37
東名,2026-09-12,2026-09-12,9/12 23:20,パチンコ,3584,②Pﾃﾞｼﾞﾊﾈ聖戦士ﾀﾞﾝﾊﾞｲﾝ2SSPB,0073,-0.2,0.0,0.0,0,0,0,1/26,,
東名,2026-09-12,2026-09-12,9/12 23:20,パチンコ,3631,②Pﾌｨｰﾊﾞｰかぐや様は告らせたいR,0106,-0.8,-1.2,7.4,0,0,12,1/93,1/121,1/108
東名,2026-09-12,2026-09-12,9/12 23:20,パチンコ,3615,②Pﾘﾝｸﾞ 呪いの7日間3 Light JVZ,0104,0.8,-0.1,-3.4,5,0,5,1/90,1/9,1/176
東名,2026-09-12,2026-09-12,9/12 23:20,パチンコ,2579,②バジリスク2AB,0070,-4.5,-0.9,-1.1,8,14,3,1/139,1/131,1/103
東名,2026-09-12,2026-09-12,9/12 23:20,スロット,3379,L A-SLOT+このすば FX,0438,-0.6,-0.2,-0.4,5,0,2,1/336,1/88,1/334
東名,2026-09-12,2026-09-12,9/12 23:20,スロット,3379,L A-SLOT+このすば FX,0439,0.0,-0.4,2.4,0,0,29,,1/237,1/212
東名,2026-09-12,2026-09-12,9/12 23:20,スロット,3744,L 甲鉄城のｶﾊﾞﾈﾘ 海門決戦 XX,0591,0.5,2.3,9.6,23,37,67,1/81,1/68,1/38
東名,2026-09-12,2026-09-12,9/12 23:20,スロット,3744,L 甲鉄城のｶﾊﾞﾈﾘ 海門決戦 XX,0592,0.9,0.2,-3.6,21,3,29,1/69,1/19,1/146
東名,2026-09-12,2026-09-12,9/12 23:20,スロット,3744,L 甲鉄城のｶﾊﾞﾈﾘ 海門決戦 XX,0593,0.1,-1.9,3.4,29,24,70,1/77,1/117,1/69
東名,2026-09-12,2026-09-12,9/12 23:20,スロット,3744,L 甲鉄城のｶﾊﾞﾈﾘ 海門決戦 XX,0594,-0.1,1.6,-2.4,14,19,33,1/112,1/53,1/130
東名,2026-09-12,2026-09-12,9/12 23:20,スロット,3744,L 甲鉄城のｶﾊﾞﾈﾘ 海門決戦 XX,0595,1.6,0.0,0.3,19,0,56,1/50,,1/78
東名,2026-09-12,2026-09-12,9/12 23:20,スロット,3744,L 甲鉄城のｶﾊﾞﾈﾘ 海門決戦 XX,0596,-2.1,4.9,1.2,7,33,53,1/213,1/47,1/80
東名,2026-09-12,2026-09-12,9/12 23:20,スロット,3744,L 甲鉄城のｶﾊﾞﾈﾘ 海門決戦 XX,0597,-1.4,1.3,-3.2,9,21,34,1/179,1/66,1/133
東名,2026-09-12,2026-09-12,9/12 23:20,スロット,3744,L 甲鉄城のｶﾊﾞﾈﾘ 海門決戦 XX,0598,-0.3,-0.6,-1.8,30,2,50,1/93,1/251,1/111
東名,2026-09-12,2026-09-12,9/12 23:20,スロット,3283,L 防振り FN,0654,-1.4,-0.2,-0.5,1,3,3,1/823,1/169,1/263
東名,2026-09-12,2026-09-12,9/12 23:20,スロット,3283,L 防振り FN,0655,0.0,-2.4,0.1,0,0,9,,1/1328,1/217
東名,2026-09-12,2026-09-12,9/12 23:20,スロット,3283,L 防振り FN,0656,0.0,0.1,-1.0,0,4,1,,1/240,1/692
東名,2026-09-12,2026-09-12,9/12 23:20,スロット,3828,L ｽﾏｽﾛ ﾘｺﾘｽ･ﾘｺｲﾙ KX,0637,8.4,-4.8,-0.3,97,32,95,1/70,1/154,1/91
東名,2026-09-12,2026-09-12,9/12 23:20,スロット,3828,L ｽﾏｽﾛ ﾘｺﾘｽ･ﾘｺｲﾙ KX,0638,-2.1,-3.6,-3.3,56,30,58,1/108,1/132,1/115
東名,2026-09-12,2026-09-12,9/12 23:20,スロット,3828,L ｽﾏｽﾛ ﾘｺﾘｽ･ﾘｺｲﾙ KX,0639,-1.4,-1.1,0.3,58,75,69,1/113,1/104,1/101
東名,2026-09-12,2026-09-12,9/12 23:20,スロット,3828,L ｽﾏｽﾛ ﾘｺﾘｽ･ﾘｺｲﾙ KX,0640,-1.3,-1.4,-1.9,53,35,70,1/104,1/109,1/101
東名,2026-09-12,2026-09-12,9/12 23:20,スロット,3828,L ｽﾏｽﾛ ﾘｺﾘｽ･ﾘｺｲﾙ KX,0641,-1.8,-0.3,-1.0,56,75,88,1/103,1/83,1/97
東名,2026-09-12,2026-09-12,9/12 23:20,スロット,3828,L ｽﾏｽﾛ ﾘｺﾘｽ･ﾘｺｲﾙ KX,0642,-1.1,-2.1,1.4,84,53,83,1/98,1/98,1/92
東名,2026-09-12,2026-09-12,9/12 23:20,スロット,3708,L ｽﾏｽﾛ化物語 KH,0537,-3.0,-1.5,4.6,9,2,79,1/251,1/437,1/74
東名,2026-09-12,2026-09-12,9/12 23:20,スロット,3708,L ｽﾏｽﾛ化物語 KH,0538,-2.2,-2.5,1.2,6,3,52,1/285,1/546,1/81
東名,2026-09-12,2026-09-12,9/12 23:20,スロット,3724,L ｽﾏｽﾛ北斗の拳 転生の章2 MW,0413,-0.9,-3.8,2.4,21,11,69,1/113,1/259,1/73
東名,2026-09-12,2026-09-12,9/12 23:20,スロット,3724,L ｽﾏｽﾛ北斗の拳 転生の章2 MW,0414,-0.6,0.1,3.3,4,14,78,1/154,1/89,1/62
東名,2026-09-12,2026-09-12,9/12 23:20,スロット,3724,L ｽﾏｽﾛ北斗の拳 転生の章2 MW,0415,-1.7,1.3,0.4,7,14,22,1/216,1/51,1/76
東名,2026-09-12,2026-09-12,9/12 23:20,スロット,3724,L ｽﾏｽﾛ北斗の拳 転生の章2 MW,0416,-1.2,-0.3,6.4,6,0,69,1/188,1/126,1/43
東名,2026-09-12,2026-09-12,9/12 23:20,スロット,3724,L ｽﾏｽﾛ北斗の拳 転生の章2 MW,0417,-1.2,-0.3,-0.2,4,0,39,1/238,1/170,1/76
東名,2026-09-12,2026-09-12,9/12 23:20,スロット,3724,L ｽﾏｽﾛ北斗の拳 転生の章2 MW,0418,-0.9,-0.8,-4.0,13,1,29,1/122,1/504,1/159
東名,2026-09-12,2026-09-12,9/12 23:20,スロット,3724,L ｽﾏｽﾛ北斗の拳 転生の章2 MW,0419,-0.3,-0.6,-0.5,14,7,8,1/111,1/144,1/113
東名,2026-09-12,2026-09-12,9/12 23:20,スロット,3724,L ｽﾏｽﾛ北斗の拳 転生の章2 MW,0420,-1.2,-0.5,1.5,6,0,25,1/185,1/253,1/64
東名,2026-09-12,2026-09-12,9/12 23:20,スロット,3724,L ｽﾏｽﾛ北斗の拳 転生の章2 MW,0421,-0.5,-0.3,-5.6,7,0,37,1/125,1/135,1/161
東名,2026-09-12,2026-09-12,9/12 23:20,スロット,3724,L ｽﾏｽﾛ北斗の拳 転生の章2 MW,0422,3.5,-1.9,-3.5,47,6,50,1/48,1/246,1/121
東名,2026-09-12,2026-09-12,9/12 23:20,スロット,3724,L ｽﾏｽﾛ北斗の拳 転生の章2 MW,0423,-0.4,-1.1,-4.0,0,40,22,1/204,1/106,1/165
東名,2026-09-12,2026-09-12,9/12 23:20,スロット,3736,L ｽﾏｽﾛ攻殻機動隊 ZS,0555,3.0,-0.3,-2.9,14,6,33,1/79,1/154,1/187
東名,2026-09-12,2026-09-12,9/12 23:20,スロット,3416,L ｽﾏｽﾛ頭文字D2nd YR,0687,-0.2,2.3,-1.5,14,22,8,1/102,1/129,1/159
東名,2026-09-12,2026-09-12,9/12 23:20,スロット,3416,L ｽﾏｽﾛ頭文字D2nd YR,0688,-1.6,-2.3,-2.4,11,11,14,1/147,1/184,1/160
東名,2026-09-12,2026-09-12,9/12 23:20,スロット,3542,L ｽﾏｽﾛｶｲｼﾞ 狂宴 FJ,0660,-1.2,-0.3,-0.3,2,6,11,1/489,1/195,1/199
東名,2026-09-12,2026-09-12,9/12 23:20,スロット,3782,L ﾋﾞｯｸﾞﾄﾞﾘｰﾑ KR,0466,0.0,-0.5,-1.8,0,10,11,,1/101,1/156
東名,2026-09-12,2026-09-12,9/12 23:20,スロット,3782,L ﾋﾞｯｸﾞﾄﾞﾘｰﾑ KR,0467,-1.9,-3.2,-0.5,12,6,6,1/150,1/323,1/114
東名,2026-09-12,2026-09-12,9/12 23:20,スロット,3782,L ﾋﾞｯｸﾞﾄﾞﾘｰﾑ KR,0468,0.0,-1.0,-4.1,0,3,19,,1/241,1/171
東名,2026-09-12,2026-09-12,9/12 23:20,スロット,3533,L/SHAMANKING/SS,0679,-0.8,-1.0,5.6,1,1,9,1/464,1/546,1/201
東名,2026-09-12,2026-09-12,9/12 23:20,スロット,3609,L/いざ番長/SB8,0545,0.0,-0.7,-1.6,0,3,24,,1/205,1/112
東名,2026-09-12,2026-09-12,9/12 23:20,スロット,3609,L/いざ番長/SB8,0546,-0.8,-0.9,-3.0,7,10,14,1/167,1/160,1/184
東名,2026-09-12,2026-09-12,9/12 23:20,スロット,3609,L/いざ番長/SB8,0547,0.0,-0.4,-0.6,0,3,20,,1/169,1/97
東名,2026-09-12,2026-09-12,9/12 23:20,スロット,3767,L/真打吉宗/A1,0644,-1.2,-2.5,-7.2,13,23,25,1/118,1/130,1/225
東名,2026-09-12,2026-09-12,9/12 23:20,スロット,3767,L/真打吉宗/A1,0645,-5.9,7.0,3.0,20,84,83,1/228,1/45,1/67
東名,2026-09-12,2026-09-12,9/12 23:20,スロット,3715,L/ｵｷﾄﾞｷﾃﾞｭｵ2/FR,0689,-0.5,-0.1,-4.3,3,0,11,1/167,1/42,1/279
東名,2026-09-12,2026-09-12,9/12 23:20,スロット,3715,L/ｵｷﾄﾞｷﾃﾞｭｵ2/FR,0690,0.0,-0.2,4.5,0,0,32,1/8,1/63,1/62
東名,2026-09-12,2026-09-12,9/12 23:20,スロット,3715,L/ｵｷﾄﾞｷﾃﾞｭｵ2/FR,0691,-0.1,-0.4,-3.6,0,3,13,1/44,1/200,1/256
東名,2026-09-12,2026-09-12,9/12 23:20,スロット,3715,L/ｵｷﾄﾞｷﾃﾞｭｵ2/FR,0692,5.3,-0.2,4.8,25,0,44,1/25,1/62,1/71
東名,2026-09-12,2026-09-12,9/12 23:20,スロット,3716,L/ｽﾏｽﾛ秘宝伝/PA7,0629,-0.5,0.0,2.0,2,2,26,1/288,1/145,1/155
東名,2026-09-12,2026-09-12,9/12 23:20,スロット,3716,L/ｽﾏｽﾛ秘宝伝/PA7,0630,-0.6,-0.3,0.3,5,0,7,1/216,1/216,1/170
東名,2026-09-12,2026-09-12,9/12 23:20,スロット,3716,L/ｽﾏｽﾛ秘宝伝/PA7,0631,4.4,-0.5,-2.0,19,1,0,1/61,1/438,1/1193
東名,2026-09-12,2026-09-12,9/12 23:20,スロット,3562,L/ｽﾏｽﾛﾏｷﾞｱﾚｺｰﾄﾞ/RN,0539,0.0,0.6,-3.5,0,1,9,1/6,1/112,1/272
東名,2026-09-12,2026-09-12,9/12 23:20,スロット,3562,L/ｽﾏｽﾛﾏｷﾞｱﾚｺｰﾄﾞ/RN,0540,0.0,-0.7,0.4,0,1,17,,1/383,1/226
東名,2026-09-12,2026-09-12,9/12 23:20,スロット,3562,L/ｽﾏｽﾛﾏｷﾞｱﾚｺｰﾄﾞ/RN,0541,0.0,-0.5,3.9,0,1,23,,1/327,1/157
東名,2026-09-12,2026-09-12,9/12 23:20,スロット,3788,L/ｿｰﾄﾞｱｰﾄ･ｵﾝﾗｲﾝⅡ/PA1,0548,-3.3,-3.7,-9.7,33,66,51,1/115,1/124,1/154
東名,2026-09-12,2026-09-12,9/12 23:20,スロット,3788,L/ｿｰﾄﾞｱｰﾄ･ｵﾝﾗｲﾝⅡ/PA1,0549,-0.1,-4.4,1.4,30,52,71,1/94,1/123,1/131
東名,2026-09-12,2026-09-12,9/12 23:20,スロット,3788,L/ｿｰﾄﾞｱｰﾄ･ｵﾝﾗｲﾝⅡ/PA1,0550,2.2,-4.5,-1.9,52,60,76,1/86,1/137,1/103
東名,2026-09-12,2026-09-12,9/12 23:20,スロット,3743,L/ﾊﾅﾋﾞ/KM,0479,1.2,1.3,-1.1,10,14,20,1/236,1/211,1/327
東名,2026-09-12,2026-09-12,9/12 23:20,スロット,3743,L/ﾊﾅﾋﾞ/KM,0480,-0.7,-0.1,-0.8,6,5,20,1/367,1/275,1/369
東名,2026-09-12,2026-09-12,9/12 23:20,スロット,3685,L/ﾊﾞﾍﾞﾙ/BA,0693,0.0,0.0,-0.2,0,0,0,,,1/82
東名,2026-09-12,2026-09-12,9/12 23:20,スロット,3771,L/ﾐﾘｵﾝｺﾞｯﾄﾞ/CX,0632,-3.8,7.8,-4.1,0,6,6,1/2146,1/381,1/1158
東名,2026-09-12,2026-09-12,9/12 23:20,スロット,3771,L/ﾐﾘｵﾝｺﾞｯﾄﾞ/CX,0633,-2.1,-2.7,-0.8,0,0,0,1/1294,1/2698,1/4180
東名,2026-09-12,2026-09-12,9/12 23:20,スロット,3771,L/ﾐﾘｵﾝｺﾞｯﾄﾞ/CX,0634,-1.4,0.1,-1.2,0,0,0,1/924,1/3557,1/6725
東名,2026-09-12,2026-09-12,9/12 23:20,スロット,3771,L/ﾐﾘｵﾝｺﾞｯﾄﾞ/CX,0635,-0.7,-3.6,-5.2,0,0,0,1/577,1/2895,1/5371
東名,2026-09-12,2026-09-12,9/12 23:20,スロット,3771,L/ﾐﾘｵﾝｺﾞｯﾄﾞ/CX,0636,-0.9,4.0,-1.9,0,13,0,1/1893,1/391,1/5356
東名,2026-09-12,2026-09-12,9/12 23:20,スロット,3568,L/ﾖｼﾑﾈS/SC2,0625,-0.1,-0.5,1.9,2,0,13,1/565,1/231,1/418
東名,2026-09-12,2026-09-12,9/12 23:20,スロット,3568,L/ﾖｼﾑﾈS/SC2,0626,0.0,-2.5,-1.1,0,0,2,1/1,1/1423,1/802
東名,2026-09-12,2026-09-12,9/12 23:20,スロット,3568,L/ﾖｼﾑﾈS/SC2,0627,-0.5,-0.5,-1.4,0,1,1,1/227,1/757,1/1443
東名,2026-09-12,2026-09-12,9/12 23:20,スロット,3568,L/ﾖｼﾑﾈS/SC2,0628,1.1,-1.4,1.0,6,0,3,1/416,1/824,1/370
東名,2026-09-12,2026-09-12,9/12 23:20,スロット,3811,L/ﾜｰﾙﾄﾞﾀﾞｲｽﾀｰ/PA3,0557,-2.4,-0.7,-3.8,4,6,12,1/586,1/439,1/393
東名,2026-09-12,2026-09-12,9/12 23:20,スロット,3768,LB 異世界かるてっと KR,0681,-0.6,-0.8,-0.3,1,2,28,1/579,1/345,1/147
東名,2026-09-12,2026-09-12,9/12 23:20,スロット,3674,LB/ｸﾚｱの秘宝伝ﾎﾞｰﾅｽﾄﾘｶﾞｰVER./A2,0682,-0.5,1.0,3.4,1,9,38,1/531,1/269,1/232
東名,2026-09-12,2026-09-12,9/12 23:20,スロット,3674,LB/ｸﾚｱの秘宝伝ﾎﾞｰﾅｽﾄﾘｶﾞｰVER./A2,0683,0.9,0.3,0.1,6,4,3,1/186,1/219,1/275
東名,2026-09-12,2026-09-12,9/12 23:20,スロット,3689,LB/ｼｪｲｸﾎﾞｰﾅｽﾄﾘｶﾞｰ/A1,0680,-0.5,0.9,-1.0,2,8,7,1/520,1/275,1/386
東名,2026-09-12,2026-09-12,9/12 23:20,スロット,3745,LB/ｽﾏｽﾛｻﾝﾀﾞｰVHA,0673,1.1,-0.9,-5.2,22,16,9,1/249,1/316,1/578
東名,2026-09-12,2026-09-12,9/12 23:20,スロット,3829,LB/ﾀｺｽﾛBD,0672,-0.6,-0.3,2.1,22,15,25,1/342,1/319,1/283
東名,2026-09-12,2026-09-12,9/12 23:20,スロット,3647,LBAREXBRIGHTBA,0671,-2.1,-0.2,2.5,1,14,28,1/1695,1/283,1/311
東名,2026-09-12,2026-09-12,9/12 23:20,スロット,3611,LB翔べ!ﾊｰﾚﾑｴｰｽCF,0667,1.3,0.0,0.9,4,1,7,1/103,1/468,1/241
東名,2026-09-12,2026-09-12,9/12 23:20,スロット,3648,LBｴｳﾞｧﾝｹﾞﾘｵﾝsR,0670,-0.6,-0.2,0.3,2,3,21,1/412,1/269,1/349
東名,2026-09-12,2026-09-12,9/12 23:20,スロット,3798,LBｹﾛｯﾄ5ND05H,0674,-1.3,-0.9,2.6,9,2,22,1/272,1/519,1/171
東名,2026-09-12,2026-09-12,9/12 23:20,スロット,3798,LBｹﾛｯﾄ5ND05H,0675,-0.7,0.6,0.2,9,17,25,1/257,1/196,1/246
東名,2026-09-12,2026-09-12,9/12 23:20,スロット,3610,LBﾆｭｰﾊﾟﾙｻｰBTC9,0429,0.6,0.0,-0.2,3,0,5,1/155,,1/269
東名,2026-09-12,2026-09-12,9/12 23:20,スロット,3612,LBﾌﾟﾚﾐｱﾑうまい棒S1,0666,-0.1,-0.4,-0.3,2,0,3,1/314,1/276,1/394
東名,2026-09-12,2026-09-12,9/12 23:20,スロット,3680,LBﾏｼﾞｶﾙﾊﾛｳｨﾝGS,0663,-0.2,0.7,-1.7,1,6,0,1/500,1/186,1/1172
東名,2026-09-12,2026-09-12,9/12 23:20,スロット,3185,LGⅠ優駿倶楽部黄金KD,0665,-0.2,-3.9,0.6,6,18,21,1/131,1/213,1/89
東名,2026-09-12,2026-09-12,9/12 23:20,スロット,3531,Lありふれた職業で世界最強jA,0457,-0.2,-0.7,2.4,0,1,32,1/115,1/465,1/115
東名,2026-09-12,2026-09-12,9/12 23:20,スロット,3531,Lありふれた職業で世界最強jA,0458,-1.2,0.0,6.9,1,0,30,1/828,,1/119
東名,2026-09-12,2026-09-12,9/12 23:20,スロット,3378,Lかぐや様は告らせたいjA,0650,0.0,-0.6,0.9,0,1,29,,1/518,1/177
東名,2026-09-12,2026-09-12,9/12 23:20,スロット,3378,Lかぐや様は告らせたいjA,0651,0.1,1.7,0.3,2,12,17,1/121,1/144,1/221
東名,2026-09-12,2026-09-12,9/12 23:20,スロット,3378,Lかぐや様は告らせたいjA,0652,-0.1,-0.9,4.6,0,18,40,1/39,1/216,1/139
東名,2026-09-12,2026-09-12,9/12 23:20,スロット,3797,Lからくりｻｰｶｽ2jG,0506,-2.0,-2.5,-4.1,3,21,11,1/376,1/131,1/240
東名,2026-09-12,2026-09-12,9/12 23:20,スロット,3797,Lからくりｻｰｶｽ2jG,0507,-0.6,2.9,13.3,2,22,80,1/238,1/21,1/32
東名,2026-09-12,2026-09-12,9/12 23:20,スロット,3797,Lからくりｻｰｶｽ2jG,0508,-3.1,-2.2,0.3,7,20,15,1/291,1/117,1/63
東名,2026-09-12,2026-09-12,9/12 23:20,スロット,3797,Lからくりｻｰｶｽ2jG,0509,-2.1,-2.3,-0.6,5,13,38,1/299,1/167,1/83
東名,2026-09-12,2026-09-12,9/12 23:20,スロット,2953,LからくりｻｰｶｽG,0517,-2.4,0.9,0.1,15,12,18,1/145,1/91,1/69
東名,2026-09-12,2026-09-12,9/12 23:20,スロット,2953,LからくりｻｰｶｽG,0518,-0.4,-1.0,-0.4,0,10,0,1/214,1/127,1/190
東名,2026-09-12,2026-09-12,9/12 23:20,スロット,2953,LからくりｻｰｶｽG,0519,0.9,-0.5,6.2,40,0,29,1/84,1/277,1/15
東名,2026-09-12,2026-09-12,9/12 23:20,スロット,2953,LからくりｻｰｶｽG,0520,-1.4,0.0,-0.2,6,4,0,1/193,1/50,1/97
東名,2026-09-12,2026-09-12,9/12 23:20,スロット,2953,LからくりｻｰｶｽG,0521,-3.9,-0.8,-1.4,3,10,7,1/747,1/110,1/187
東名,2026-09-12,2026-09-12,9/12 23:20,スロット,3699,Lとある科学の超電磁砲2FV,0643,0.0,-1.0,-1.3,0,2,1,,1/356,1/851
東名,2026-09-12,2026-09-12,9/12 23:20,スロット,3813,Lとある魔術の禁書目録2FA,0646,-3.7,0.1,1.6,21,16,34,1/210,1/153,1/149
東名,2026-09-12,2026-09-12,9/12 23:20,スロット,3813,Lとある魔術の禁書目録2FA,0647,1.8,-2.1,-2.9,25,35,24,1/143,1/146,1/181
東名,2026-09-12,2026-09-12,9/12 23:20,スロット,3813,Lとある魔術の禁書目録2FA,0648,-1.0,-7.1,-2.0,3,18,14,1/271,1/320,1/214
東名,2026-09-12,2026-09-12,9/12 23:20,スロット,3813,Lとある魔術の禁書目録2FA,0649,2.6,-1.6,1.8,19,10,30,1/137,1/216,1/130
東名,2026-09-12,2026-09-12,9/12 23:20,スロット,3812,LとんでもｽｷﾙKM,0558,3.9,-1.0,-4.9,55,8,47,1/25,1/121,1/97
東名,2026-09-12,2026-09-12,9/12 23:20,スロット,3808,Lやじきた道中記参る!BG,0551,8.1,-3.5,-1.5,7,6,14,1/229,1/610,1/289
東名,2026-09-12,2026-09-12,9/12 23:20,スロット,3646,Lわたしの幸せな結婚PN,0464,2.9,-0.3,-1.1,14,1,11,1/101,1/235,1/214
東名,2026-09-12,2026-09-12,9/12 23:20,スロット,3646,Lわたしの幸せな結婚PN,0465,0.0,0.5,-0.5,0,2,3,,1/105,1/240
東名,2026-09-12,2026-09-12,9/12 23:20,スロット,3600,L七つの魔剣が支配するPU,0430,-1.8,0.0,-2.2,3,0,9,1/403,,1/191
東名,2026-09-12,2026-09-12,9/12 23:20,スロット,3417,L今日から俺は!!FE,0686,-1.8,0.5,-1.2,2,3,6,1/917,1/356,1/561
東名,2026-09-12,2026-09-12,9/12 23:20,スロット,3660,L咲-Saki-頂上決戦YR,0657,0.0,-0.2,0.5,4,0,29,1/66,1/80,1/64
東名,2026-09-12,2026-09-12,9/12 23:20,スロット,3005,L戦国乙女4S3,0697,-1.0,-0.5,-1.0,6,5,12,1/230,1/191,1/285
東名,2026-09-12,2026-09-12,9/12 23:20,スロット,3005,L戦国乙女4S3,0698,0.0,-2.9,1.7,0,9,22,,1/313,1/214
東名,2026-09-12,2026-09-12,9/12 23:20,スロット,3786,L戦国乙女5L8,0481,1.7,2.7,0.1,53,56,45,1/68,1/83,1/88
東名,2026-09-12,2026-09-12,9/12 23:20,スロット,3786,L戦国乙女5L8,0482,5.6,-1.9,-1.7,60,32,7,1/48,1/120,1/199
東名,2026-09-12,2026-09-12,9/12 23:20,スロット,3786,L戦国乙女5L8,0483,-3.6,-3.5,2.2,10,37,48,1/276,1/138,1/76
東名,2026-09-12,2026-09-12,9/12 23:20,スロット,3026,L戦国ｺﾚｸｼｮﾝ5GJ,0661,5.5,-0.1,-0.8,45,0,6,1/43,1/29,1/157
東名,2026-09-12,2026-09-12,9/12 23:20,スロット,3796,L戦国ｺﾚｸｼｮﾝ6KS,0478,3.4,-0.4,0.4,25,3,29,1/169,1/484,1/160
東名,2026-09-12,2026-09-12,9/12 23:20,スロット,3687,L新鬼武者3SA,0434,-1.3,0.8,-0.4,4,9,22,1/222,1/63,1/95
東名,2026-09-12,2026-09-12,9/12 23:20,スロット,3687,L新鬼武者3SA,0435,1.1,-0.7,-1.4,30,1,2,1/71,1/456,1/447
東名,2026-09-12,2026-09-12,9/12 23:20,スロット,3687,L新鬼武者3SA,0436,-0.9,7.3,-1.3,2,41,4,1/312,1/18,1/241
東名,2026-09-12,2026-09-12,9/12 23:20,スロット,3687,L新鬼武者3SA,0437,-1.0,-1.2,-1.9,14,5,17,1/107,1/207,1/134
東名,2026-09-12,2026-09-12,9/12 23:20,スロット,3532,L東京喰種CT,0601,-2.5,3.2,0.7,35,30,41,1/157,1/102,1/131
東名,2026-09-12,2026-09-12,9/12 23:20,スロット,3532,L東京喰種CT,0602,0.7,4.6,-1.4,35,21,18,1/108,1/79,1/186
東名,2026-09-12,2026-09-12,9/12 23:20,スロット,3532,L東京喰種CT,0603,-4.9,4.1,5.0,36,26,55,1/165,1/54,1/97
東名,2026-09-12,2026-09-12,9/12 23:20,スロット,3532,L東京喰種CT,0604,1.7,9.4,-3.9,13,47,6,1/142,1/81,1/447
東名,2026-09-12,2026-09-12,9/12 23:20,スロット,3532,L東京喰種CT,0605,5.8,-1.4,-7.5,39,4,20,1/84,1/275,1/306
東名,2026-09-12,2026-09-12,9/12 23:20,スロット,3532,L東京喰種CT,0606,-1.1,4.3,7.1,4,27,48,1/268,1/87,1/85
東名,2026-09-12,2026-09-12,9/12 23:20,スロット,3734,L炎炎ﾉ消防隊2,0599,-1.8,2.9,-1.3,14,11,6,1/218,1/219,1/272
東名,2026-09-12,2026-09-12,9/12 23:20,スロット,3734,L炎炎ﾉ消防隊2,0600,-0.2,0.0,-3.1,0,6,11,1/122,1/152,1/358
東名,2026-09-12,2026-09-12,9/12 23:20,スロット,3263,L炎炎ﾉ消防隊jG,0684,0.0,0.0,-1.5,0,0,11,1/9,,1/228
東名,2026-09-12,2026-09-12,9/12 23:20,スロット,3263,L炎炎ﾉ消防隊jG,0685,-0.2,7.9,-0.7,0,46,0,1/141,1/57,1/386
東名,2026-09-12,2026-09-12,9/12 23:20,スロット,3735,L範馬刃牙L5,0500,-0.2,4.9,-0.4,0,21,1,1/93,1/29,1/257
東名,2026-09-12,2026-09-12,9/12 23:20,スロット,3698,L絶対衝激ﾌｫｰｽFH,0653,-0.2,0.0,-0.6,0,0,12,1/94,,1/92
東名,2026-09-12,2026-09-12,9/12 23:20,スロット,3661,L転生したら剣でしたGT,0459,-1.4,0.0,-0.8,4,0,5,1/263,,1/146
東名,2026-09-12,2026-09-12,9/12 23:20,スロット,3661,L転生したら剣でしたGT,0460,0.0,-0.3,-1.1,3,4,4,1/59,1/122,1/214
東名,2026-09-12,2026-09-12,9/12 23:20,スロット,3810,L邪神ちゃんﾄﾞﾛｯﾌﾟｷｯｸTX,0554,-1.7,-1.5,-6.4,11,11,23,1/292,1/376,1/309
東名,2026-09-12,2026-09-12,9/12 23:20,スロット,3826,L青春ﾌﾞﾀ野郎L1,0484,-4.4,4.9,-1.5,25,55,49,1/192,1/78,1/124
東名,2026-09-12,2026-09-12,9/12 23:20,スロット,3826,L青春ﾌﾞﾀ野郎L1,0485,9.1,1.6,3.0,49,33,72,1/65,1/99,1/90
東名,2026-09-12,2026-09-12,9/12 23:20,スロット,3826,L青春ﾌﾞﾀ野郎L1,0486,2.8,0.5,-3.0,37,29,29,1/95,1/164,1/186
東名,2026-09-12,2026-09-12,9/12 23:20,スロット,3697,L革命機ｳﾞｧﾙｳﾞﾚｲｳﾞ2jF,0469,9.8,-6.4,0.8,73,8,47,1/38,1/637,1/100
東名,2026-09-12,2026-09-12,9/12 23:20,スロット,3697,L革命機ｳﾞｧﾙｳﾞﾚｲｳﾞ2jF,0470,0.0,0.0,-1.3,0,0,11,,,1/179
東名,2026-09-12,2026-09-12,9/12 23:20,スロット,3697,L革命機ｳﾞｧﾙｳﾞﾚｲｳﾞ2jF,0471,-0.1,0.1,-2.0,16,4,5,1/116,1/165,1/357
東名,2026-09-12,2026-09-12,9/12 23:20,スロット,3697,L革命機ｳﾞｧﾙｳﾞﾚｲｳﾞ2jF,0472,0.0,0.3,-2.8,0,4,18,,1/142,1/175
東名,2026-09-12,2026-09-12,9/12 23:20,スロット,3697,L革命機ｳﾞｧﾙｳﾞﾚｲｳﾞ2jF,0473,-1.0,-1.9,1.4,19,1,50,1/137,1/1378,1/114
東名,2026-09-12,2026-09-12,9/12 23:20,スロット,3025,L麻雀格闘倶楽部覚醒KM,0668,2.3,0.2,-1.1,29,20,13,1/125,1/136,1/204
東名,2026-09-12,2026-09-12,9/12 23:20,スロット,3025,L麻雀格闘倶楽部覚醒KM,0669,-0.5,2.0,-0.1,6,31,23,1/161,1/61,1/145
東名,2026-09-12,2026-09-12,9/12 23:20,スロット,3765,LｱｸﾀﾞﾏﾄﾞﾗｲﾌﾞTP,0552,-0.5,0.4,-2.0,5,16,16,1/205,1/229,1/267
東名,2026-09-12,2026-09-12,9/12 23:20,スロット,3659,LｱｽﾞｰﾙﾚｰﾝTHE ANIMATION KN,0560,-1.3,1.3,-1.5,3,13,23,1/346,1/9,1/99
東名,2026-09-12,2026-09-12,9/12 23:20,スロット,3189,Lｺﾞｼﾞﾗ対ｴｳﾞｧﾝｹﾞﾘｵﾝjA,0440,0.0,1.4,0.2,2,10,2,1/113,1/82,1/175
東名,2026-09-12,2026-09-12,9/12 23:20,スロット,3189,Lｺﾞｼﾞﾗ対ｴｳﾞｧﾝｹﾞﾘｵﾝjA,0441,0.0,-1.0,-1.0,0,1,24,,1/607,1/174
東名,2026-09-12,2026-09-12,9/12 23:20,スロット,3540,LｼｽﾀｰｸｴｽﾄCA,0662,0.0,4.6,-3.7,0,52,30,,1/32,1/128
東名,2026-09-12,2026-09-12,9/12 23:20,スロット,3530,LｽｰﾊﾟｰﾌﾞﾗｯｸｼﾞｬｯｸSLDC,0658,-3.4,0.0,-2.4,6,24,34,1/327,1/56,1/99
東名,2026-09-12,2026-09-12,9/12 23:20,スロット,3530,LｽｰﾊﾟｰﾌﾞﾗｯｸｼﾞｬｯｸSLDC,0659,-0.3,0.7,-1.7,21,45,10,1/74,1/57,1/161
東名,2026-09-12,2026-09-12,9/12 23:20,スロット,3809,Lｽﾄﾘｰﾄﾌｧｲﾀｰ6SB,0553,-2.0,3.2,-2.5,4,43,9,1/349,1/109,1/275
東名,2026-09-12,2026-09-12,9/12 23:20,スロット,3300,Lｽﾛｯﾄ ｿｰﾄﾞｱｰﾄ･ｵﾝﾗｲﾝB2,0624,-0.9,1.1,-0.5,2,20,15,1/392,1/59,1/105
東名,2026-09-12,2026-09-12,9/12 23:20,スロット,3657,LﾀﾞｰﾘﾝｲﾝｻﾞﾌﾗﾝｷｽSA,0461,0.0,0.0,0.1,0,0,2,,,1/66
東名,2026-09-12,2026-09-12,9/12 23:20,スロット,3657,LﾀﾞｰﾘﾝｲﾝｻﾞﾌﾗﾝｷｽSA,0462,-0.2,0.0,0.5,0,0,13,1/92,,1/142
東名,2026-09-12,2026-09-12,9/12 23:20,スロット,3657,LﾀﾞｰﾘﾝｲﾝｻﾞﾌﾗﾝｷｽSA,0463,0.0,-0.9,-0.9,0,6,4,,1/247,1/245
東名,2026-09-12,2026-09-12,9/12 23:20,スロット,3486,Lﾀﾞﾝﾍﾞﾙ何ｷﾛ持てる?X,0431,0.0,0.5,-1.1,0,7,10,,1/13,1/132
東名,2026-09-12,2026-09-12,9/12 23:20,スロット,3613,Lﾃﾞﾋﾞﾙﾒｲｸﾗｲ5ST XA,0694,-1.7,-0.6,-0.1,6,1,10,1/244,1/334,1/120
東名,2026-09-12,2026-09-12,9/12 23:20,スロット,3613,Lﾃﾞﾋﾞﾙﾒｲｸﾗｲ5ST XA,0695,0.0,0.0,-1.6,0,0,6,,,1/209
東名,2026-09-12,2026-09-12,9/12 23:20,スロット,3613,Lﾃﾞﾋﾞﾙﾒｲｸﾗｲ5ST XA,0696,-2.3,-1.3,0.3,3,1,28,1/473,1/847,1/92
東名,2026-09-12,2026-09-12,9/12 23:20,スロット,3702,LﾈｵﾌﾟﾗﾈｯﾄSLED,0499,0.2,-0.6,-2.6,7,2,4,1/246,1/419,1/645
東名,2026-09-12,2026-09-12,9/12 23:20,スロット,3787,LﾊﾞｰﾃﾞｨｰｳｲﾝｸﾞBC,0477,-1.2,0.0,-0.8,7,0,12,1/144,,1/88
東名,2026-09-12,2026-09-12,9/12 23:20,スロット,3541,Lﾊﾞｲｵﾊｻﾞｰﾄﾞ5ZE,0676,-0.8,-1.9,-2.4,5,2,3,1/187,1/650,1/546
東名,2026-09-12,2026-09-12,9/12 23:20,スロット,3541,Lﾊﾞｲｵﾊｻﾞｰﾄﾞ5ZE,0677,-1.5,-0.5,-3.5,4,7,5,1/278,1/172,1/443
東名,2026-09-12,2026-09-12,9/12 23:20,スロット,3541,Lﾊﾞｲｵﾊｻﾞｰﾄﾞ5ZE,0678,-0.5,-1.4,-2.0,1,15,4,1/392,1/159,1/348
東名,2026-09-12,2026-09-12,9/12 23:20,スロット,3781,LﾊﾞｲｵﾊｻﾞｰﾄﾞRE:3 ZD,0474,-1.7,-0.8,-2.3,1,2,7,1/957,1/299,1/237
東名,2026-09-12,2026-09-12,9/12 23:20,スロット,3781,LﾊﾞｲｵﾊｻﾞｰﾄﾞRE:3 ZD,0475,-1.0,0.4,-1.5,6,8,8,1/157,1/60,1/169
東名,2026-09-12,2026-09-12,9/12 23:20,スロット,3781,LﾊﾞｲｵﾊｻﾞｰﾄﾞRE:3 ZD,0476,0.0,0.0,-1.1,28,0,10,1/76,,1/120
東名,2026-09-12,2026-09-12,9/12 23:20,スロット,3084,Lﾊﾟﾁｽﾛひぐらしのなく頃に業SS,0664,1.7,0.8,-0.7,9,8,7,1/285,1/327,1/369
東名,2026-09-12,2026-09-12,9/12 23:20,スロット,2853,Lﾊﾟﾁｽﾛ北斗の拳AD XR,0487,-0.2,-0.1,-2.2,0,0,56,1/109,1/64,1/122
東名,2026-09-12,2026-09-12,9/12 23:20,スロット,2853,Lﾊﾟﾁｽﾛ北斗の拳AD XR,0488,-1.8,0.0,-0.6,23,0,50,1/131,1/18,1/102
東名,2026-09-12,2026-09-12,9/12 23:20,スロット,2853,Lﾊﾟﾁｽﾛ北斗の拳AD XR,0489,0.7,-0.7,0.4,8,4,45,1/41,1/172,1/80
東名,2026-09-12,2026-09-12,9/12 23:20,スロット,2853,Lﾊﾟﾁｽﾛ北斗の拳AD XR,0490,-1.6,-0.1,2.0,1,15,79,1/933,1/102,1/78
東名,2026-09-12,2026-09-12,9/12 23:20,スロット,2853,Lﾊﾟﾁｽﾛ北斗の拳AD XR,0491,-0.8,-1.0,-2.4,4,2,23,1/188,1/410,1/159
東名,2026-09-12,2026-09-12,9/12 23:20,スロット,2853,Lﾊﾟﾁｽﾛ北斗の拳AD XR,0492,0.3,-0.7,3.3,8,3,93,1/93,1/207,1/68
東名,2026-09-12,2026-09-12,9/12 23:20,スロット,2853,Lﾊﾟﾁｽﾛ北斗の拳AD XR,0493,-0.6,-0.6,-1.6,3,1,55,1/215,1/346,1/113
東名,2026-09-12,2026-09-12,9/12 23:20,スロット,2853,Lﾊﾟﾁｽﾛ北斗の拳AD XR,0494,0.2,-0.2,-3.2,2,0,32,1/75,1/77,1/161
東名,2026-09-12,2026-09-12,9/12 23:20,スロット,2853,Lﾊﾟﾁｽﾛ北斗の拳AD XR,0495,-0.6,-0.3,3.3,1,5,89,1/392,1/103,1/68
東名,2026-09-12,2026-09-12,9/12 23:20,スロット,2853,Lﾊﾟﾁｽﾛ北斗の拳AD XR,0496,-0.1,-0.2,1.6,0,9,90,1/82,1/102,1/82
東名,2026-09-12,2026-09-12,9/12 23:20,スロット,2853,Lﾊﾟﾁｽﾛ北斗の拳AD XR,0497,1.6,0.7,2.9,36,11,67,1/64,1/64,1/68
東名,2026-09-12,2026-09-12,9/12 23:20,スロット,2853,Lﾊﾟﾁｽﾛ北斗の拳AD XR,0498,-1.0,0.2,-2.7,19,4,49,1/120,1/58,1/134
東名,2026-09-12,2026-09-12,9/12 23:20,スロット,3821,Lﾊﾟﾁｽﾛ喰霊零Re/L3,0556,-2.9,-1.6,-1.8,21,15,27,1/271,1/266,1/244
東名,2026-09-12,2026-09-12,9/12 23:20,スロット,3725,Lﾊﾟﾁｽﾛ鉄拳6YD01H,0424,0.0,-0.4,-0.6,0,4,2,1/4,1/196,1/202
東名,2026-09-12,2026-09-12,9/12 23:20,スロット,3725,Lﾊﾟﾁｽﾛ鉄拳6YD01H,0425,0.0,-0.3,1.4,0,2,6,,1/268,1/120
東名,2026-09-12,2026-09-12,9/12 23:20,スロット,3725,Lﾊﾟﾁｽﾛ鉄拳6YD01H,0426,-0.8,0.0,-0.5,5,0,2,1/168,,1/221
東名,2026-09-12,2026-09-12,9/12 23:20,スロット,3725,Lﾊﾟﾁｽﾛ鉄拳6YD01H,0427,-1.5,0.0,5.2,4,0,19,1/306,,1/108
東名,2026-09-12,2026-09-12,9/12 23:20,スロット,3725,Lﾊﾟﾁｽﾛ鉄拳6YD01H,0428,0.0,-3.1,1.3,0,4,8,,1/472,1/246
東名,2026-09-12,2026-09-12,9/12 23:20,スロット,3329,LﾊﾟﾁｽﾛｺﾞｯﾄﾞｲｰﾀｰﾘｻﾞﾚｸｼｮﾝSLED,0542,-0.4,4.0,0.5,4,27,64,1/159,1/29,1/67
東名,2026-09-12,2026-09-12,9/12 23:20,スロット,3329,LﾊﾟﾁｽﾛｺﾞｯﾄﾞｲｰﾀｰﾘｻﾞﾚｸｼｮﾝSLED,0543,-1.0,3.3,2.3,4,28,64,1/195,1/38,1/60
東名,2026-09-12,2026-09-12,9/12 23:20,スロット,3329,LﾊﾟﾁｽﾛｺﾞｯﾄﾞｲｰﾀｰﾘｻﾞﾚｸｼｮﾝSLED,0544,3.3,-2.1,8.8,32,9,96,1/41,1/162,1/44
東名,2026-09-12,2026-09-12,9/12 23:20,スロット,3780,Lﾊﾟﾁｽﾛｽｰﾊﾟｰﾘｵｴｰｽ2ND02H,0510,-0.6,2.9,9.9,17,20,89,1/109,1/106,1/90
東名,2026-09-12,2026-09-12,9/12 23:20,スロット,3780,Lﾊﾟﾁｽﾛｽｰﾊﾟｰﾘｵｴｰｽ2ND02H,0511,0.0,-1.3,-0.7,28,3,36,1/76,1/262,1/120
東名,2026-09-12,2026-09-12,9/12 23:20,スロット,3766,LﾊﾟﾁｽﾛﾖﾙﾑﾝｶﾞﾝﾄﾞND01G,0433,-0.5,0.7,-2.1,5,12,7,1/262,1/183,1/364
東名,2026-09-12,2026-09-12,9/12 23:20,スロット,3709,LﾌﾟﾘｽﾞﾑﾅﾅCC,0432,0.0,0.0,-0.3,0,0,1,,,1/404
東名,2026-09-12,2026-09-12,9/12 23:20,スロット,3096,Lﾏｼﾞｶﾙﾊﾛｳｨﾝ8FE,0622,0.1,-0.1,-1.1,1,0,2,1/245,1/37,1/399
東名,2026-09-12,2026-09-12,9/12 23:20,スロット,3096,Lﾏｼﾞｶﾙﾊﾛｳｨﾝ8FE,0623,-0.2,-0.1,-0.8,6,0,5,1/148,1/36,1/186
東名,2026-09-12,2026-09-12,9/12 23:20,スロット,3098,Lﾓﾝｷｰﾀｰﾝ5CE,0512,7.8,-0.5,1.3,39,9,38,1/23,1/96,1/64
東名,2026-09-12,2026-09-12,9/12 23:20,スロット,3098,Lﾓﾝｷｰﾀｰﾝ5CE,0513,0.2,-0.9,2.8,4,4,49,1/59,1/223,1/69
東名,2026-09-12,2026-09-12,9/12 23:20,スロット,3098,Lﾓﾝｷｰﾀｰﾝ5CE,0514,2.0,-0.2,-2.9,21,2,32,1/51,1/113,1/113
東名,2026-09-12,2026-09-12,9/12 23:20,スロット,3098,Lﾓﾝｷｰﾀｰﾝ5CE,0515,0.4,-2.2,-0.1,11,10,42,1/83,1/212,1/101
東名,2026-09-12,2026-09-12,9/12 23:20,スロット,3098,Lﾓﾝｷｰﾀｰﾝ5CE,0516,3.6,0.6,3.8,15,14,50,1/34,1/92,1/79
東名,2026-09-12,2026-09-12,9/12 23:20,スロット,3448,LﾓﾝｽﾀｰﾊﾝﾀｰﾗｲｽﾞXA,0501,0.5,-0.9,0.6,8,2,33,1/40,1/285,1/79
東名,2026-09-12,2026-09-12,9/12 23:20,スロット,3448,LﾓﾝｽﾀｰﾊﾝﾀｰﾗｲｽﾞXA,0502,0.0,-0.5,-2.8,27,2,23,1/86,1/258,1/152
東名,2026-09-12,2026-09-12,9/12 23:20,スロット,3448,LﾓﾝｽﾀｰﾊﾝﾀｰﾗｲｽﾞXA,0503,-0.2,0.0,-2.1,0,0,25,1/68,,1/125
東名,2026-09-12,2026-09-12,9/12 23:20,スロット,3448,LﾓﾝｽﾀｰﾊﾝﾀｰﾗｲｽﾞXA,0504,-0.2,0.3,-4.6,0,4,39,1/99,1/55,1/134
東名,2026-09-12,2026-09-12,9/12 23:20,スロット,3448,LﾓﾝｽﾀｰﾊﾝﾀｰﾗｲｽﾞXA,0505,1.7,0.7,-1.1,41,27,18,1/46,1/63,1/102
東名,2026-09-12,2026-09-12,9/12 23:20,スロット,3827,Lﾚﾝﾀﾙ彼女bK,0559,-5.7,19.1,2.5,28,138,51,1/201,1/41,1/82
東名,2026-09-12,2026-09-12,9/12 23:20,スロット,3056,S ｴｳﾚｶｾﾌﾞﾝHIEVO XS,0699,0.4,1.9,-1.3,18,23,17,1/179,1/151,1/179
東名,2026-09-12,2026-09-12,9/12 23:20,スロット,3056,S ｴｳﾚｶｾﾌﾞﾝHIEVO XS,0700,0.8,-0.8,-1.0,11,23,26,1/125,1/208,1/215
東名,2026-09-12,2026-09-12,9/12 23:20,スロット,2710,S/沖ﾄﾞｷ!GOLD/GS,0707,4.2,-3.3,-1.1,21,4,3,1/48,1/636,1/389
東名,2026-09-12,2026-09-12,9/12 23:20,スロット,2710,S/沖ﾄﾞｷ!GOLD/GS,0708,-1.4,-3.5,-4.3,3,6,10,1/491,1/445,1/415
東名,2026-09-12,2026-09-12,9/12 23:20,スロット,2710,S/沖ﾄﾞｷ!GOLD/GS,0709,-3.0,-2.2,1.4,8,17,25,1/340,1/237,1/127
東名,2026-09-12,2026-09-12,9/12 23:20,スロット,2710,S/沖ﾄﾞｷ!GOLD/GS,0710,-4.2,0.4,-0.9,7,3,12,1/473,1/79,1/212
東名,2026-09-12,2026-09-12,9/12 23:20,スロット,2874,S/ｱﾅｻﾞｰｺﾞｯﾄﾞﾊｰﾃﾞｽ/SL,0705,-0.2,2.5,0.1,0,5,1,1/122,1/75,1/619
東名,2026-09-12,2026-09-12,9/12 23:20,スロット,3675,S/ﾄﾞﾙｱｰｶﾞの塔/ZU,0714,-0.5,0.8,0.5,16,17,12,1/339,1/282,1/265
東名,2026-09-12,2026-09-12,9/12 23:20,スロット,3461,SｳﾙﾄﾗﾐﾗｸﾙｼﾞｬｸﾞﾗｰKT,0588,1.0,0.1,-1.7,15,3,7,1/174,1/191,1/491
東名,2026-09-12,2026-09-12,9/12 23:20,スロット,3461,SｳﾙﾄﾗﾐﾗｸﾙｼﾞｬｸﾞﾗｰKT,0589,0.9,0.1,-0.6,11,5,14,1/178,1/202,1/274
東名,2026-09-12,2026-09-12,9/12 23:20,スロット,3461,SｳﾙﾄﾗﾐﾗｸﾙｼﾞｬｸﾞﾗｰKT,0590,-0.4,-0.7,1.7,1,1,33,1/480,1/768,1/233
東名,2026-09-12,2026-09-12,9/12 23:20,スロット,2923,Sｺｰﾄﾞｷﾞｱｽ3C.C.FS,0703,0.0,-0.4,-0.2,0,1,7,,1/440,1/330
東名,2026-09-12,2026-09-12,9/12 23:20,スロット,2923,Sｺｰﾄﾞｷﾞｱｽ3C.C.FS,0704,0.0,-0.1,-0.8,0,4,2,,1/287,1/474
東名,2026-09-12,2026-09-12,9/12 23:20,スロット,2952,Sｺﾞｰｺﾞｰｼﾞｬｸﾞﾗｰ3KA,0576,-1.1,-0.9,-0.3,6,0,22,1/363,1/723,1/252
東名,2026-09-12,2026-09-12,9/12 23:20,スロット,2952,Sｺﾞｰｺﾞｰｼﾞｬｸﾞﾗｰ3KA,0577,-0.9,-0.7,-1.4,1,2,11,1/734,1/475,1/382
東名,2026-09-12,2026-09-12,9/12 23:20,スロット,2952,Sｺﾞｰｺﾞｰｼﾞｬｸﾞﾗｰ3KA,0578,-0.6,-0.3,3.5,1,8,44,1/557,1/238,1/193
東名,2026-09-12,2026-09-12,9/12 23:20,スロット,2952,Sｺﾞｰｺﾞｰｼﾞｬｸﾞﾗｰ3KA,0579,-0.3,0.0,-0.7,0,1,3,1/286,1/198,1/324
東名,2026-09-12,2026-09-12,9/12 23:20,スロット,2952,Sｺﾞｰｺﾞｰｼﾞｬｸﾞﾗｰ3KA,0580,-0.4,0.5,-0.6,20,37,19,1/344,1/221,1/246
東名,2026-09-12,2026-09-12,9/12 23:20,スロット,2952,Sｺﾞｰｺﾞｰｼﾞｬｸﾞﾗｰ3KA,0581,0.1,-0.5,-0.9,6,0,16,1/268,1/460,1/271
東名,2026-09-12,2026-09-12,9/12 23:20,スロット,2952,Sｺﾞｰｺﾞｰｼﾞｬｸﾞﾗｰ3KA,0582,-0.5,0.0,-1.2,11,10,9,1/296,1/219,1/382
東名,2026-09-12,2026-09-12,9/12 23:20,スロット,2952,Sｺﾞｰｺﾞｰｼﾞｬｸﾞﾗｰ3KA,0583,-0.2,-0.4,5.3,3,5,49,1/274,1/275,1/180
東名,2026-09-12,2026-09-12,9/12 23:20,スロット,2952,Sｺﾞｰｺﾞｰｼﾞｬｸﾞﾗｰ3KA,0584,0.5,-0.7,-0.4,20,1,18,1/208,1/777,1/253
東名,2026-09-12,2026-09-12,9/12 23:20,スロット,3242,SｼﾞｬｸﾞﾗｰｶﾞｰﾙｽﾞSS-KH,0522,-0.4,-0.7,-1.1,4,9,22,1/352,1/294,1/294
東名,2026-09-12,2026-09-12,9/12 23:20,スロット,3242,SｼﾞｬｸﾞﾗｰｶﾞｰﾙｽﾞSS-KH,0523,0.4,0.2,-0.9,4,3,5,1/130,1/150,1/299
東名,2026-09-12,2026-09-12,9/12 23:20,スロット,3242,SｼﾞｬｸﾞﾗｰｶﾞｰﾙｽﾞSS-KH,0573,-1.5,-0.3,0.3,6,2,25,1/504,1/405,1/225
東名,2026-09-12,2026-09-12,9/12 23:20,スロット,3242,SｼﾞｬｸﾞﾗｰｶﾞｰﾙｽﾞSS-KH,0574,0.3,0.3,0.8,5,8,11,1/162,1/217,1/168
東名,2026-09-12,2026-09-12,9/12 23:20,スロット,3242,SｼﾞｬｸﾞﾗｰｶﾞｰﾙｽﾞSS-KH,0575,-0.8,-0.4,-1.4,5,1,19,1/296,1/540,1/319
東名,2026-09-12,2026-09-12,9/12 23:20,スロット,3242,SｼﾞｬｸﾞﾗｰｶﾞｰﾙｽﾞSS-KH,0711,0.0,0.0,-0.2,0,0,0,1/23,,1/132
東名,2026-09-12,2026-09-12,9/12 23:20,スロット,3242,SｼﾞｬｸﾞﾗｰｶﾞｰﾙｽﾞSS-KH,0712,0.0,-0.1,2.5,1,0,33,1/212,1/29,1/197
東名,2026-09-12,2026-09-12,9/12 23:20,スロット,3242,SｼﾞｬｸﾞﾗｰｶﾞｰﾙｽﾞSS-KH,0713,-0.2,0.0,-0.3,0,0,2,1/105,,1/280
東名,2026-09-12,2026-09-12,9/12 23:20,スロット,3256,Sﾀﾞﾝまち2XZ,0706,2.7,1.9,-1.1,47,14,7,1/151,1/147,1/346
東名,2026-09-12,2026-09-12,9/12 23:20,スロット,3265,SﾆｭｰﾊﾟﾙｻｰSP4SLE8,0701,-0.1,0.0,-0.8,0,6,3,1/48,1/264,1/444
東名,2026-09-12,2026-09-12,9/12 23:20,スロット,3265,SﾆｭｰﾊﾟﾙｻｰSP4SLE8,0702,-0.2,1.5,-0.4,1,18,10,1/315,1/192,1/312
東名,2026-09-12,2026-09-12,9/12 23:20,スロット,3672,SﾈｵｱｲﾑｼﾞｬｸﾞﾗｰEX-KK,0607,-0.6,-1.0,-2.6,3,15,9,1/429,1/313,1/481
東名,2026-09-12,2026-09-12,9/12 23:20,スロット,3672,SﾈｵｱｲﾑｼﾞｬｸﾞﾗｰEX-KK,0608,0.0,-0.4,-1.5,1,1,4,1/185,1/542,1/488
東名,2026-09-12,2026-09-12,9/12 23:20,スロット,3672,SﾈｵｱｲﾑｼﾞｬｸﾞﾗｰEX-KK,0609,1.1,0.4,1.1,23,4,27,1/215,1/219,1/247
東名,2026-09-12,2026-09-12,9/12 23:20,スロット,3672,SﾈｵｱｲﾑｼﾞｬｸﾞﾗｰEX-KK,0610,0.3,-0.1,-0.1,14,3,11,1/223,1/238,1/268
東名,2026-09-12,2026-09-12,9/12 23:20,スロット,3672,SﾈｵｱｲﾑｼﾞｬｸﾞﾗｰEX-KK,0611,0.6,-0.3,0.4,8,1,25,1/224,1/336,1/226
東名,2026-09-12,2026-09-12,9/12 23:20,スロット,3672,SﾈｵｱｲﾑｼﾞｬｸﾞﾗｰEX-KK,0612,0.1,-1.0,-1.8,5,2,16,1/200,1/708,1/377
東名,2026-09-12,2026-09-12,9/12 23:20,スロット,3672,SﾈｵｱｲﾑｼﾞｬｸﾞﾗｰEX-KK,0613,-0.1,-0.6,-1.4,2,2,5,1/239,1/446,1/520
東名,2026-09-12,2026-09-12,9/12 23:20,スロット,3672,SﾈｵｱｲﾑｼﾞｬｸﾞﾗｰEX-KK,0614,1.8,-0.7,-1.8,15,2,8,1/189,1/555,1/465
東名,2026-09-12,2026-09-12,9/12 23:20,スロット,3672,SﾈｵｱｲﾑｼﾞｬｸﾞﾗｰEX-KK,0615,1.3,-0.5,0.0,16,0,19,1/166,1/301,1/279
東名,2026-09-12,2026-09-12,9/12 23:20,スロット,2609,SﾊｯﾋﾟｰｼﾞｬｸﾞﾗｰⅤⅢ,0616,0.1,-0.3,0.9,2,0,22,1/225,1/248,1/223
東名,2026-09-12,2026-09-12,9/12 23:20,スロット,2609,SﾊｯﾋﾟｰｼﾞｬｸﾞﾗｰⅤⅢ,0617,-0.4,0.6,-0.7,0,8,7,1/360,1/160,1/283
東名,2026-09-12,2026-09-12,9/12 23:20,スロット,2609,SﾊｯﾋﾟｰｼﾞｬｸﾞﾗｰⅤⅢ,0618,-0.2,-0.2,0.8,2,3,27,1/453,1/300,1/255
東名,2026-09-12,2026-09-12,9/12 23:20,スロット,2609,SﾊｯﾋﾟｰｼﾞｬｸﾞﾗｰⅤⅢ,0619,0.7,-0.4,-0.1,10,2,24,1/193,1/291,1/251
東名,2026-09-12,2026-09-12,9/12 23:20,スロット,2609,SﾊｯﾋﾟｰｼﾞｬｸﾞﾗｰⅤⅢ,0620,-0.1,-0.8,-1.2,3,8,19,1/224,1/289,1/359
東名,2026-09-12,2026-09-12,9/12 23:20,スロット,2609,SﾊｯﾋﾟｰｼﾞｬｸﾞﾗｰⅤⅢ,0621,-0.2,-0.2,-0.2,1,2,17,1/452,1/269,1/228
東名,2026-09-12,2026-09-12,9/12 23:20,スロット,2318,Sﾌｧﾝｷｰｼﾞｬｸﾞﾗｰ2KT,0561,-0.7,0.9,0.3,2,13,28,1/436,1/182,1/245
東名,2026-09-12,2026-09-12,9/12 23:20,スロット,2318,Sﾌｧﾝｷｰｼﾞｬｸﾞﾗｰ2KT,0562,-0.5,-0.3,0.1,8,6,21,1/280,1/259,1/244
東名,2026-09-12,2026-09-12,9/12 23:20,スロット,2318,Sﾌｧﾝｷｰｼﾞｬｸﾞﾗｰ2KT,0563,-0.9,-0.4,3.6,1,1,40,1/1035,1/538,1/167
東名,2026-09-12,2026-09-12,9/12 23:20,スロット,2318,Sﾌｧﾝｷｰｼﾞｬｸﾞﾗｰ2KT,0564,1.5,-0.1,0.9,22,2,29,1/184,1/296,1/209
東名,2026-09-12,2026-09-12,9/12 23:20,スロット,2318,Sﾌｧﾝｷｰｼﾞｬｸﾞﾗｰ2KT,0565,-0.9,-0.2,2.3,2,5,35,1/497,1/243,1/200
東名,2026-09-12,2026-09-12,9/12 23:20,スロット,2318,Sﾌｧﾝｷｰｼﾞｬｸﾞﾗｰ2KT,0566,-1.8,-0.7,-1.1,1,3,17,1/1710,1/432,1/299
東名,2026-09-12,2026-09-12,9/12 23:20,スロット,2318,Sﾌｧﾝｷｰｼﾞｬｸﾞﾗｰ2KT,0567,-0.5,-0.1,-1.2,0,2,9,1/302,1/270,1/338
東名,2026-09-12,2026-09-12,9/12 23:20,スロット,2318,Sﾌｧﾝｷｰｼﾞｬｸﾞﾗｰ2KT,0568,0.0,-0.4,1.0,21,1,34,1/211,1/519,1/217
東名,2026-09-12,2026-09-12,9/12 23:20,スロット,2318,Sﾌｧﾝｷｰｼﾞｬｸﾞﾗｰ2KT,0569,0.5,-0.2,2.8,4,6,31,1/128,1/304,1/171
東名,2026-09-12,2026-09-12,9/12 23:20,スロット,2318,Sﾌｧﾝｷｰｼﾞｬｸﾞﾗｰ2KT,0570,2.1,-0.6,0.1,30,0,22,1/203,1/330,1/221
東名,2026-09-12,2026-09-12,9/12 23:20,スロット,2318,Sﾌｧﾝｷｰｼﾞｬｸﾞﾗｰ2KT,0571,0.6,-0.6,-1.5,7,5,14,1/169,1/302,1/322
東名,2026-09-12,2026-09-12,9/12 23:20,スロット,2318,Sﾌｧﾝｷｰｼﾞｬｸﾞﾗｰ2KT,0572,0.2,-0.2,2.4,2,5,37,1/206,1/265,1/252
東名,2026-09-12,2026-09-12,9/12 23:20,スロット,2357,SﾏｲｼﾞｬｸﾞﾗｰVKD,0524,0.7,1.1,-0.4,24,22,20,1/250,1/207,1/302
東名,2026-09-12,2026-09-12,9/12 23:20,スロット,2357,SﾏｲｼﾞｬｸﾞﾗｰVKD,0525,0.9,-0.7,2.2,9,10,38,1/154,1/306,1/233
東名,2026-09-12,2026-09-12,9/12 23:20,スロット,2357,SﾏｲｼﾞｬｸﾞﾗｰVKD,0526,-0.5,-0.7,0.0,1,1,28,1/753,1/837,1/290
東名,2026-09-12,2026-09-12,9/12 23:20,スロット,2357,SﾏｲｼﾞｬｸﾞﾗｰVKD,0527,2.6,-0.2,-0.8,29,4,9,1/183,1/289,1/257
東名,2026-09-12,2026-09-12,9/12 23:20,スロット,2357,SﾏｲｼﾞｬｸﾞﾗｰVKD,0528,-0.9,-2.8,-2.4,5,8,21,1/405,1/574,1/342
東名,2026-09-12,2026-09-12,9/12 23:20,スロット,2357,SﾏｲｼﾞｬｸﾞﾗｰVKD,0529,-0.4,-0.5,0.5,9,3,24,1/260,1/415,1/214
東名,2026-09-12,2026-09-12,9/12 23:20,スロット,2357,SﾏｲｼﾞｬｸﾞﾗｰVKD,0530,-0.9,-0.7,-0.1,4,3,28,1/356,1/509,1/273
東名,2026-09-12,2026-09-12,9/12 23:20,スロット,2357,SﾏｲｼﾞｬｸﾞﾗｰVKD,0531,-0.5,-0.9,2.0,7,7,36,1/269,1/361,1/217
東名,2026-09-12,2026-09-12,9/12 23:20,スロット,2357,SﾏｲｼﾞｬｸﾞﾗｰVKD,0532,-0.7,1.0,1.1,3,20,27,1/357,1/209,1/311
東名,2026-09-12,2026-09-12,9/12 23:20,スロット,2357,SﾏｲｼﾞｬｸﾞﾗｰVKD,0533,-0.7,-0.6,0.7,11,6,29,1/325,1/298,1/284
東名,2026-09-12,2026-09-12,9/12 23:20,スロット,2357,SﾏｲｼﾞｬｸﾞﾗｰVKD,0534,-0.7,0.6,-1.2,5,13,17,1/394,1/246,1/280
東名,2026-09-12,2026-09-12,9/12 23:20,スロット,2357,SﾏｲｼﾞｬｸﾞﾗｰVKD,0535,-0.1,0.0,0.4,7,12,24,1/263,1/247,1/218
東名,2026-09-12,2026-09-12,9/12 23:20,スロット,2357,SﾏｲｼﾞｬｸﾞﾗｰVKD,0536,-0.5,-0.9,1.9,14,5,39,1/269,1/396,1/244
東名,2026-09-12,2026-09-12,9/12 23:20,スロット,3326,SﾐｽﾀｰｼﾞｬｸﾞﾗｰKK,0585,-0.4,-0.4,-1.5,1,0,8,1/535,1/305,1/436
東名,2026-09-12,2026-09-12,9/12 23:20,スロット,3326,SﾐｽﾀｰｼﾞｬｸﾞﾗｰKK,0586,0.0,-0.5,-0.6,6,1,30,1/260,1/538,1/292
東名,2026-09-12,2026-09-12,9/12 23:20,スロット,3326,SﾐｽﾀｰｼﾞｬｸﾞﾗｰKK,0587,-0.2,0.6,-0.7,7,18,7,1/230,1/195,1/281
東名,2026-09-12,2026-09-12,9/12 23:20,スロット,3814,⑤L/いざ番長/SB8,0715,-2.0,-2.4,-4.9,1,17,30,1/1106,1/173,1/184
東名,2026-09-12,2026-09-12,9/12 23:20,スロット,3690,⑤L/緑ﾄﾞﾝ5/FY,0716,0.0,0.0,-3.5,13,11,22,1/144,1/187,1/170
東名,2026-09-12,2026-09-12,9/12 23:20,スロット,3832,⑤LBﾆｭｰﾊﾟﾙｻｰBTC9,0717,0.0,-1.5,-1.0,12,4,16,1/295,1/538,1/361
東名,2026-09-12,2026-09-12,9/12 23:20,スロット,3831,⑤LからくりｻｰｶｽG,0719,-1.0,2.3,-3.9,18,67,39,1/93,1/67,1/123
東名,2026-09-12,2026-09-12,9/12 23:20,スロット,3830,⑤L革命機ｳﾞｧﾙｳﾞﾚｲｳﾞ2jF,0718,-1.1,-3.1,-1.9,23,18,14,1/157,1/269,1/289
東名,2026-09-12,2026-09-12,9/12 23:20,スロット,3303,⑤S ｴｳﾚｶｾﾌﾞﾝHIEVO XS,0723,0.4,-0.1,-3.2,3,44,18,1/251,1/180,1/241
東名,2026-09-12,2026-09-12,9/12 23:20,スロット,3311,⑤S ｶﾞﾒﾗ2 XR,0722,-0.5,-0.5,4.1,3,2,9,1/469,1/482,1/268
東名,2026-09-12,2026-09-12,9/12 23:20,スロット,3267,⑤S/沖ﾄﾞｷ!DUO/DH,0445,0.0,-2.8,-0.4,19,4,3,1/148,1/553,1/209
東名,2026-09-12,2026-09-12,9/12 23:20,スロット,3310,⑤S/沖ﾄﾞｷ!GOLD/GS,0446,-7.0,1.7,-0.1,8,13,10,1/622,1/110,1/148
東名,2026-09-12,2026-09-12,9/12 23:20,スロット,3310,⑤S/沖ﾄﾞｷ!GOLD/GS,0447,-0.6,-2.4,8.1,0,3,54,1/282,1/544,1/74
東名,2026-09-12,2026-09-12,9/12 23:20,スロット,3296,⑤S/ｸﾗﾝｷｰｸﾚｽﾄ/CR,0456,0.7,1.6,0.9,13,16,24,1/207,1/182,1/208
東名,2026-09-12,2026-09-12,9/12 23:20,スロット,3299,⑤S/ﾊﾞｰｻｽﾘｳﾞｧｲｽﾞ/HS,0721,0.7,-0.2,-1.0,10,1,7,1/195,1/407,1/445
東名,2026-09-12,2026-09-12,9/12 23:20,スロット,3308,⑤S炎炎ﾉ消防隊jS,0450,-1.7,1.3,-0.3,12,22,19,1/226,1/109,1/149
東名,2026-09-12,2026-09-12,9/12 23:20,スロット,3308,⑤S炎炎ﾉ消防隊jS,0451,1.1,-2.5,-1.4,22,5,23,1/110,1/399,1/167
東名,2026-09-12,2026-09-12,9/12 23:20,スロット,3308,⑤S炎炎ﾉ消防隊jS,0452,-0.9,-0.3,3.3,24,32,34,1/157,1/150,1/124
東名,2026-09-12,2026-09-12,9/12 23:20,スロット,3307,⑤SｸﾞﾗﾝﾍﾞﾙﾑZXZ,0720,-1.3,-2.3,1.6,14,31,87,1/122,1/114,1/45
東名,2026-09-12,2026-09-12,9/12 23:20,スロット,3480,⑤Sﾀﾞﾝまち2XZ,0443,-0.3,-1.4,-0.7,3,21,10,1/251,1/200,1/196
東名,2026-09-12,2026-09-12,9/12 23:20,スロット,3480,⑤Sﾀﾞﾝまち2XZ,0444,-0.3,-0.2,2.6,7,14,37,1/121,1/192,1/124
東名,2026-09-12,2026-09-12,9/12 23:20,スロット,3302,⑤SﾊﾞｲｵﾊｻﾞｰﾄﾞRE:2 XB,0448,-1.5,-1.1,-4.1,24,13,12,1/124,1/133,1/289
東名,2026-09-12,2026-09-12,9/12 23:20,スロット,3309,⑤Sﾊﾟﾁｽﾛ甲鉄城のｶﾊﾞﾈﾘZR,0453,-1.2,4.8,-3.1,3,20,13,1/335,1/65,1/218
東名,2026-09-12,2026-09-12,9/12 23:20,スロット,3309,⑤Sﾊﾟﾁｽﾛ甲鉄城のｶﾊﾞﾈﾘZR,0454,-0.1,-0.6,-1.4,2,8,4,1/137,1/139,1/278
東名,2026-09-12,2026-09-12,9/12 23:20,スロット,3309,⑤Sﾊﾟﾁｽﾛ甲鉄城のｶﾊﾞﾈﾘZR,0455,-1.8,-3.5,0.9,32,10,22,1/112,1/277,1/147
東名,2026-09-12,2026-09-12,9/12 23:20,スロット,3479,⑤SﾊﾟﾁｽﾛｳﾙﾄﾗﾏﾝﾀﾛｳMG,0724,0.3,-1.8,-2.1,10,23,9,1/67,1/121,1/247
東名,2026-09-12,2026-09-12,9/12 23:20,スロット,2714,⑤ﾊﾟﾁｽﾛ頭文字D XR,0442,-1.4,-2.1,0.3,10,14,13,1/240,1/304,1/124
東名,2026-09-12,2026-09-12,9/12 23:20,スロット,2714,⑤ﾊﾟﾁｽﾛ頭文字D XR,0449,-1.8,1.4,-0.8,14,16,14,1/223,1/139,1/152
野川,2026-09-12,2026-09-12,9/12 23:31,パチンコ,2802,e Re:ｾﾞﾛから始める異世界生活2,0323,-0.2,0.0,-0.1,3,0,4,1/138,,1/119
野川,2026-09-12,2026-09-12,9/12 23:31,パチンコ,2802,e Re:ｾﾞﾛから始める異世界生活2,0324,0.0,-0.8,0.0,0,0,0,,1/79,
野川,2026-09-12,2026-09-12,9/12 23:31,パチンコ,3242,e 七つの大罪3GFEA,0459,-5.8,4.6,16.3,3,7,24,1/224,1/480,1/172
野川,2026-09-12,2026-09-12,9/12 23:31,パチンコ,3070,e 新･必殺仕置人 超斬撃99,0469,4.1,-2.7,0.2,13,3,3,1/22,1/116,1/23
野川,2026-09-12,2026-09-12,9/12 23:31,パチンコ,3040,e 東京喰種,0478,12.8,-1.0,2.5,13,11,7,1/124,1/131,1/205
野川,2026-09-12,2026-09-12,9/12 23:31,パチンコ,3040,e 東京喰種,0479,2.1,-6.8,18.4,2,2,16,1/25,1/426,1/125
野川,2026-09-12,2026-09-12,9/12 23:31,パチンコ,3040,e 東京喰種,0480,0.4,3.0,-0.8,3,9,0,1/108,1/111,1/75
野川,2026-09-12,2026-09-12,9/12 23:31,パチンコ,3040,e 東京喰種,0481,-2.4,5.3,9.3,2,5,10,1/145,1/193,1/136
野川,2026-09-12,2026-09-12,9/12 23:31,パチンコ,3040,e 東京喰種,0482,3.7,1.1,-6.7,6,4,5,1/191,1/196,1/274
野川,2026-09-12,2026-09-12,9/12 23:31,パチンコ,3176,e 甲鉄城のｶﾊﾞﾈﾘ2GFEA,0317,-0.3,-0.3,13.0,0,0,16,1/26,1/37,1/102
野川,2026-09-12,2026-09-12,9/12 23:31,パチンコ,3176,e 甲鉄城のｶﾊﾞﾈﾘ2GFEA,0318,0.0,-1.0,-2.5,0,0,0,,1/102,1/273
野川,2026-09-12,2026-09-12,9/12 23:31,パチンコ,3178,e 魔法少女まどか☆ﾏｷﾞｶ3LPM1,0398,-0.7,-4.7,-1.9,0,1,2,1/88,1/634,1/145
野川,2026-09-12,2026-09-12,9/12 23:31,パチンコ,3178,e 魔法少女まどか☆ﾏｷﾞｶ3LPM1,0399,0.2,4.9,-3.5,1,30,0,1/10,1/263,1/478
野川,2026-09-12,2026-09-12,9/12 23:31,パチンコ,3240,e ｿｰﾄﾞｱｰﾄ･ｵﾝﾗｲﾝ ｱﾘｼｾﾞｰｼｮﾝYKJ11,0325,-7.6,-10.7,-0.8,14,8,25,1/286,1/263,1/191
野川,2026-09-12,2026-09-12,9/12 23:31,パチンコ,3240,e ｿｰﾄﾞｱｰﾄ･ｵﾝﾗｲﾝ ｱﾘｼｾﾞｰｼｮﾝYKJ11,0326,-2.5,3.4,15.3,9,22,26,1/380,1/159,1/178
野川,2026-09-12,2026-09-12,9/12 23:31,パチンコ,3086,e ﾏｷﾞｱﾚｺｰﾄﾞまどか☆ﾏｷﾞｶ外伝KRJ1,0391,0.0,-1.8,-2.9,0,0,0,,1/175,1/321
野川,2026-09-12,2026-09-12,9/12 23:31,パチンコ,3086,e ﾏｷﾞｱﾚｺｰﾄﾞまどか☆ﾏｷﾞｶ外伝KRJ1,0392,-1.8,-1.1,-1.2,5,0,2,1/571,1/91,1/117
野川,2026-09-12,2026-09-12,9/12 23:31,パチンコ,3241,e/押忍!番長 漢の頂/A03 99Ver,0402,-1.4,-2.0,8.3,2,2,38,1/97,1/113,1/82
野川,2026-09-12,2026-09-12,9/12 23:31,パチンコ,3241,e/押忍!番長 漢の頂/A03 99Ver,0403,-1.5,6.0,0.2,7,21,11,1/84,1/48,1/52
野川,2026-09-12,2026-09-12,9/12 23:31,パチンコ,3217,e/ｶﾞﾝｹﾞｲﾙ･ｵﾝﾗｲﾝ/M08,0387,0.0,-0.1,-3.1,0,0,0,,1/6,1/324
野川,2026-09-12,2026-09-12,9/12 23:31,パチンコ,3217,e/ｶﾞﾝｹﾞｲﾙ･ｵﾝﾗｲﾝ/M08,0388,-0.8,9.1,9.5,0,32,35,1/84,1/129,1/181
野川,2026-09-12,2026-09-12,9/12 23:31,パチンコ,3169,eいせれべFSZ,0381,0.0,0.0,-0.1,0,0,0,,,1/14
野川,2026-09-12,2026-09-12,9/12 23:31,パチンコ,3169,eいせれべFSZ,0382,-0.4,-1.0,-1.8,0,0,0,1/67,1/139,1/294
野川,2026-09-12,2026-09-12,9/12 23:31,パチンコ,3169,eいせれべFSZ,0383,0.0,-0.3,-0.3,0,0,0,,1/45,1/49
野川,2026-09-12,2026-09-12,9/12 23:31,パチンコ,3126,eとある科学の超電磁砲LT RSY,0350,-0.2,-0.2,-0.4,0,0,1,1/17,1/24,1/61
野川,2026-09-12,2026-09-12,9/12 23:31,パチンコ,2995,eぱちんこ押忍!番長 漢の頂,0393,-3.7,-6.4,-6.4,1,3,14,1/425,1/258,1/110
野川,2026-09-12,2026-09-12,9/12 23:31,パチンコ,2995,eぱちんこ押忍!番長 漢の頂,0394,-0.1,-4.2,-1.9,0,2,1,1/17,1/256,1/248
野川,2026-09-12,2026-09-12,9/12 23:31,パチンコ,3201,eひきこまり吸血姫の悶々FHV,0395,-2.0,-0.6,16.3,3,0,22,1/137,1/56,1/61
野川,2026-09-12,2026-09-12,9/12 23:31,パチンコ,3201,eひきこまり吸血姫の悶々FHV,0396,-0.1,-0.6,-0.5,0,0,0,1/4,1/72,1/49
野川,2026-09-12,2026-09-12,9/12 23:31,パチンコ,3201,eひきこまり吸血姫の悶々FHV,0397,-2.8,-0.5,3.2,3,0,4,1/131,1/41,1/88
野川,2026-09-12,2026-09-12,9/12 23:31,パチンコ,3163,eバキ2LBM4,0389,0.0,0.0,-0.2,0,0,1,,,1/41
野川,2026-09-12,2026-09-12,9/12 23:31,パチンコ,3163,eバキ2LBM4,0390,0.0,-0.8,-0.6,0,0,0,,1/83,1/70
野川,2026-09-12,2026-09-12,9/12 23:31,パチンコ,3171,eフィーバーバスタードG,0353,4.0,-1.8,-1.4,7,0,0,1/140,1/165,1/138
野川,2026-09-12,2026-09-12,9/12 23:31,パチンコ,3219,e冥妃転生,0348,-1.2,-4.0,-9.8,0,0,8,1/120,1/451,1/188
野川,2026-09-12,2026-09-12,9/12 23:31,パチンコ,3146,e北斗の拳11暴凶星SHEA,0375,0.2,-0.4,-1.6,12,0,0,1/180,1/58,1/185
野川,2026-09-12,2026-09-12,9/12 23:31,パチンコ,3146,e北斗の拳11暴凶星SHEA,0376,-0.4,-0.2,-1.4,0,0,1,1/49,1/12,1/251
野川,2026-09-12,2026-09-12,9/12 23:31,パチンコ,3146,e北斗の拳11暴凶星SHEA,0377,-0.2,-1.4,0.3,0,0,6,1/27,1/175,1/237
野川,2026-09-12,2026-09-12,9/12 23:31,パチンコ,3146,e北斗の拳11暴凶星SHEA,0378,-0.2,-1.3,12.0,0,0,18,1/25,1/150,1/147
野川,2026-09-12,2026-09-12,9/12 23:31,パチンコ,3146,e北斗の拳11暴凶星SHEA,0379,-0.3,-0.5,-1.9,0,0,0,1/42,1/44,1/212
野川,2026-09-12,2026-09-12,9/12 23:31,パチンコ,3146,e北斗の拳11暴凶星SHEA,0380,14.1,0.0,-3.4,23,0,0,1/117,,1/347
野川,2026-09-12,2026-09-12,9/12 23:31,パチンコ,3158,e吉宗 極乗3000ver.L06,0384,-0.2,-1.4,-2.9,4,0,1,1/148,1/142,1/377
野川,2026-09-12,2026-09-12,9/12 23:31,パチンコ,3158,e吉宗 極乗3000ver.L06,0385,-1.6,-3.9,-1.8,1,0,0,1/241,1/431,1/196
野川,2026-09-12,2026-09-12,9/12 23:31,パチンコ,3158,e吉宗 極乗3000ver.L06,0386,-2.7,-0.2,2.3,2,0,7,1/205,1/28,1/200
野川,2026-09-12,2026-09-12,9/12 23:31,パチンコ,3099,e女神のｶﾌｪﾃﾗｽJLZ,0406,-7.7,-2.8,-5.1,1,3,5,1/1329,1/175,1/257
野川,2026-09-12,2026-09-12,9/12 23:31,パチンコ,3099,e女神のｶﾌｪﾃﾗｽJLZ,0407,-1.0,-2.1,-1.3,0,1,2,1/144,1/353,1/122
野川,2026-09-12,2026-09-12,9/12 23:31,パチンコ,3099,e女神のｶﾌｪﾃﾗｽJLZ,0408,-1.6,1.5,-3.6,0,6,2,1/257,1/233,1/300
野川,2026-09-12,2026-09-12,9/12 23:31,パチンコ,3232,e必殺仕事人ⅥM2,0356,15.0,11.7,0.1,32,33,18,1/120,1/135,1/193
野川,2026-09-12,2026-09-12,9/12 23:31,パチンコ,3153,e新世紀ｴｳﾞｧﾝｹﾞﾘｵﾝ はじまりの記憶,0332,0.0,-2.7,-2.6,0,1,0,,1/263,1/297
野川,2026-09-12,2026-09-12,9/12 23:31,パチンコ,3153,e新世紀ｴｳﾞｧﾝｹﾞﾘｵﾝ はじまりの記憶,0333,0.3,-3.0,-0.1,5,9,0,1/213,1/397,1/8
野川,2026-09-12,2026-09-12,9/12 23:31,パチンコ,3153,e新世紀ｴｳﾞｧﾝｹﾞﾘｵﾝ はじまりの記憶,0334,5.3,-0.4,-3.8,6,0,1,1/116,1/53,1/397
野川,2026-09-12,2026-09-12,9/12 23:31,パチンコ,3153,e新世紀ｴｳﾞｧﾝｹﾞﾘｵﾝ はじまりの記憶,0335,-6.8,-10.2,-1.9,0,2,0,1/771,1/605,1/217
野川,2026-09-12,2026-09-12,9/12 23:31,パチンコ,3153,e新世紀ｴｳﾞｧﾝｹﾞﾘｵﾝ はじまりの記憶,0336,-3.1,-1.4,9.6,1,0,10,1/368,1/142,1/31
野川,2026-09-12,2026-09-12,9/12 23:31,パチンコ,3153,e新世紀ｴｳﾞｧﾝｹﾞﾘｵﾝ はじまりの記憶,0337,-1.6,-5.2,-5.1,0,2,1,1/184,1/767,1/580
野川,2026-09-12,2026-09-12,9/12 23:31,パチンコ,3153,e新世紀ｴｳﾞｧﾝｹﾞﾘｵﾝ はじまりの記憶,0338,-2.4,-4.6,19.7,3,0,20,1/104,1/515,1/166
野川,2026-09-12,2026-09-12,9/12 23:31,パチンコ,3153,e新世紀ｴｳﾞｧﾝｹﾞﾘｵﾝ はじまりの記憶,0339,-8.0,16.6,-2.5,1,20,1,1/968,1/104,1/281
野川,2026-09-12,2026-09-12,9/12 23:31,パチンコ,3216,e東京喰種MW,0319,3.0,-8.7,-20.4,18,9,5,1/227,1/334,1/796
野川,2026-09-12,2026-09-12,9/12 23:31,パチンコ,3216,e東京喰種MW,0320,6.0,-9.1,-0.9,21,20,16,1/278,1/360,1/372
野川,2026-09-12,2026-09-12,9/12 23:31,パチンコ,3216,e東京喰種MW,0321,1.9,5.6,-12.8,13,22,5,1/217,1/174,1/482
野川,2026-09-12,2026-09-12,9/12 23:31,パチンコ,3216,e東京喰種MW,0322,-5.2,6.1,-4.1,16,29,19,1/346,1/237,1/195
野川,2026-09-12,2026-09-12,9/12 23:31,パチンコ,3078,e東京ﾘﾍﾞﾝｼﾞｬｰｽﾞGFEC,0305,-0.1,-0.8,-2.4,2,0,0,1/127,1/76,1/262
野川,2026-09-12,2026-09-12,9/12 23:31,パチンコ,3078,e東京ﾘﾍﾞﾝｼﾞｬｰｽﾞGFEC,0306,0.0,-2.7,20.2,0,0,27,,1/281,1/12
野川,2026-09-12,2026-09-12,9/12 23:31,パチンコ,3078,e東京ﾘﾍﾞﾝｼﾞｬｰｽﾞGFEC,0307,-0.3,-1.0,11.2,0,1,17,1/22,1/107,1/148
野川,2026-09-12,2026-09-12,9/12 23:31,パチンコ,3233,e東京ﾘﾍﾞﾝｼﾞｬｰｽﾞ聖夜決戦編EREC,0474,-0.1,-1.3,4.4,0,0,7,1/5,1/106,1/30
野川,2026-09-12,2026-09-12,9/12 23:31,パチンコ,3233,e東京ﾘﾍﾞﾝｼﾞｬｰｽﾞ聖夜決戦編EREC,0475,-0.3,-1.3,-0.5,0,1,1,1/39,1/135,1/84
野川,2026-09-12,2026-09-12,9/12 23:31,パチンコ,3230,e無職転生異世界行ったら本気H2E,0308,-2.6,3.9,4.2,3,14,6,1/170,1/363,1/21
野川,2026-09-12,2026-09-12,9/12 23:31,パチンコ,3230,e無職転生異世界行ったら本気H2E,0309,-3.4,-1.7,-1.4,0,0,2,1/364,1/172,1/297
野川,2026-09-12,2026-09-12,9/12 23:31,パチンコ,3094,e牙狼12XX-MJ,0314,-9.2,38.2,-1.2,1,57,2,1/1036,1/160,1/281
野川,2026-09-12,2026-09-12,9/12 23:31,パチンコ,3094,e牙狼12XX-MJ,0315,-0.4,2.6,12.2,0,15,24,1/36,1/148,1/296
野川,2026-09-12,2026-09-12,9/12 23:31,パチンコ,3094,e牙狼12XX-MJ,0316,-3.4,-6.7,0.1,0,5,10,1/372,1/291,1/199
野川,2026-09-12,2026-09-12,9/12 23:31,パチンコ,3033,e牙狼神速神撃3000LT,0354,0.0,-0.1,-1.0,0,0,1,,1/18,1/120
野川,2026-09-12,2026-09-12,9/12 23:31,パチンコ,3177,e牙狼ﾄﾘﾌﾟﾙﾊﾞｰｽﾄRF,0461,0.0,6.3,-0.6,0,9,0,,1/36,1/101
野川,2026-09-12,2026-09-12,9/12 23:31,パチンコ,3177,e牙狼ﾄﾘﾌﾟﾙﾊﾞｰｽﾄRF,0462,-0.5,-0.1,-0.6,0,0,0,1/94,1/16,1/104
野川,2026-09-12,2026-09-12,9/12 23:31,パチンコ,3252,e甲鉄城のｶﾊﾞﾈﾘ2SCEA 119Ver,0345,5.8,-5.3,-6.6,26,7,11,1/97,1/170,1/136
野川,2026-09-12,2026-09-12,9/12 23:31,パチンコ,3170,e真北斗無双5 夢幻闘双SCEA,0453,-0.4,-3.3,-0.4,0,2,0,1/31,1/189,1/40
野川,2026-09-12,2026-09-12,9/12 23:31,パチンコ,3170,e真北斗無双5 夢幻闘双SCEA,0454,-5.2,-2.2,-2.2,3,0,0,1/185,1/225,1/226
野川,2026-09-12,2026-09-12,9/12 23:31,パチンコ,3170,e真北斗無双5 夢幻闘双SCEA,0455,-3.1,-2.5,-2.1,0,0,3,1/298,1/250,1/77
野川,2026-09-12,2026-09-12,9/12 23:31,パチンコ,3095,e真･一騎当千~軍神覚醒AM-TS,0330,-5.6,-4.6,-5.3,2,3,1,1/527,1/472,1/949
野川,2026-09-12,2026-09-12,9/12 23:31,パチンコ,3095,e真･一騎当千~軍神覚醒AM-TS,0331,-4.0,2.8,-2.6,1,10,1,1/697,1/337,1/521
野川,2026-09-12,2026-09-12,9/12 23:31,パチンコ,3134,e花の慶次～黄金の一撃H4,0447,-4.2,-0.4,0.1,1,0,1,1/511,1/39,1/59
野川,2026-09-12,2026-09-12,9/12 23:31,パチンコ,3134,e花の慶次～黄金の一撃H4,0448,8.7,-0.1,8.6,15,1,17,1/68,1/82,1/280
野川,2026-09-12,2026-09-12,9/12 23:31,パチンコ,3134,e花の慶次～黄金の一撃H4,0449,0.0,-2.5,6.1,0,0,8,,1/253,1/11
野川,2026-09-12,2026-09-12,9/12 23:31,パチンコ,3234,e虚構推理MHJT,0476,0.0,-2.8,16.6,0,0,26,,1/533,1/117
野川,2026-09-12,2026-09-12,9/12 23:31,パチンコ,3234,e虚構推理MHJT,0477,0.0,0.0,-0.7,0,0,0,,,1/137
野川,2026-09-12,2026-09-12,9/12 23:31,パチンコ,3251,e魔女と野獣FKZ,0344,3.8,7.1,10.9,18,21,30,1/526,1/303,1/273
野川,2026-09-12,2026-09-12,9/12 23:31,パチンコ,3231,e魔法少女ﾘﾘｶﾙなのはHTEZS2,0355,-3.4,-1.8,0.3,1,0,8,1/410,1/189,1/226
野川,2026-09-12,2026-09-12,9/12 23:31,パチンコ,3096,e黄門ちゃま9HC3,0346,-1.1,0.9,-0.2,0,6,0,1/221,1/136,1/40
野川,2026-09-12,2026-09-12,9/12 23:31,パチンコ,3179,eｱｸﾀﾞﾏﾄﾞﾗｲﾌﾞEHLT,0471,0.0,0.9,-0.3,0,2,0,,1/19,1/32
野川,2026-09-12,2026-09-12,9/12 23:31,パチンコ,3253,eｱｻﾙﾄﾘﾘｨZ,0456,-4.1,-6.2,-4.7,6,13,16,1/220,1/112,1/247
野川,2026-09-12,2026-09-12,9/12 23:31,パチンコ,3253,eｱｻﾙﾄﾘﾘｨZ,0457,-7.4,-6.2,-4.7,8,12,19,1/126,1/105,1/142
野川,2026-09-12,2026-09-12,9/12 23:31,パチンコ,3243,eｴﾃﾞﾝｽﾞｾﾞﾛAIN,0470,-1.2,-1.2,3.2,0,0,2,1/114,1/124,1/145
野川,2026-09-12,2026-09-12,9/12 23:31,パチンコ,3200,eｷﾞﾝﾊﾟﾗVIVA FESTA HTA2,0349,-0.7,0.0,-2.5,3,0,0,1/197,,1/365
野川,2026-09-12,2026-09-12,9/12 23:31,パチンコ,3132,eﾉｰｹﾞｰﾑ･ﾉｰﾗｲﾌV3C,0465,0.0,0.0,-0.4,0,0,0,,,1/41
野川,2026-09-12,2026-09-12,9/12 23:31,パチンコ,3132,eﾉｰｹﾞｰﾑ･ﾉｰﾗｲﾌV3C,0466,0.0,0.0,-0.4,0,0,0,,,1/36
野川,2026-09-12,2026-09-12,9/12 23:31,パチンコ,2967,eﾌｨｰﾊﾞｰからくりｻｰｶｽ2 魔王ver.,0352,-3.3,-5.6,-8.3,3,3,0,1/149,1/216,1/824
野川,2026-09-12,2026-09-12,9/12 23:31,パチンコ,3133,eﾌｨｰﾊﾞｰもののがたりF,0327,-0.3,-0.2,-0.7,0,0,0,1/27,1/18,1/68
野川,2026-09-12,2026-09-12,9/12 23:31,パチンコ,3133,eﾌｨｰﾊﾞｰもののがたりF,0328,-1.3,-2.1,-1.3,0,2,1,1/133,1/126,1/170
野川,2026-09-12,2026-09-12,9/12 23:31,パチンコ,3133,eﾌｨｰﾊﾞｰもののがたりF,0329,-1.2,-0.4,-2.6,0,1,2,1/138,1/48,1/162
野川,2026-09-12,2026-09-12,9/12 23:31,パチンコ,2994,eﾌｨｰﾊﾞｰ戦姫絶唱ｼﾝﾌｫｷﾞｱ4 ｷｬﾛﾙver.,0460,0.0,-0.7,-3.5,0,0,3,,1/87,1/162
野川,2026-09-12,2026-09-12,9/12 23:31,パチンコ,3239,eﾌｨｰﾊﾞｰ機動戦士ｶﾞﾝﾀﾞﾑSEED2b,0310,-0.4,-8.1,-5.9,0,0,4,1/36,1/867,1/415
野川,2026-09-12,2026-09-12,9/12 23:31,パチンコ,3239,eﾌｨｰﾊﾞｰ機動戦士ｶﾞﾝﾀﾞﾑSEED2b,0311,-3.0,4.6,-2.6,5,15,7,1/222,1/252,1/212
野川,2026-09-12,2026-09-12,9/12 23:31,パチンコ,3239,eﾌｨｰﾊﾞｰ機動戦士ｶﾞﾝﾀﾞﾑSEED2b,0312,10.2,-2.3,-0.5,18,1,1,1/201,1/255,1/137
野川,2026-09-12,2026-09-12,9/12 23:31,パチンコ,3239,eﾌｨｰﾊﾞｰ機動戦士ｶﾞﾝﾀﾞﾑSEED2b,0313,-1.5,-7.1,-4.4,2,2,9,1/136,1/476,1/599
野川,2026-09-12,2026-09-12,9/12 23:31,パチンコ,2925,eﾌｨｰﾊﾞｰ機動戦士ｶﾞﾝﾀﾞﾑﾕﾆｺｰﾝ 再来,0463,-0.2,-0.8,-2.2,0,0,1,1/42,1/126,1/403
野川,2026-09-12,2026-09-12,9/12 23:31,パチンコ,2925,eﾌｨｰﾊﾞｰ機動戦士ｶﾞﾝﾀﾞﾑﾕﾆｺｰﾝ 再来,0464,-0.7,-1.5,10.6,0,0,19,1/123,1/256,1/223
野川,2026-09-12,2026-09-12,9/12 23:31,パチンコ,3079,eﾌｨｰﾊﾞｰ炎炎ﾉ消防隊2MS,0472,-0.6,0.0,2.5,0,0,5,1/50,,1/156
野川,2026-09-12,2026-09-12,9/12 23:31,パチンコ,3079,eﾌｨｰﾊﾞｰ炎炎ﾉ消防隊2MS,0473,-1.8,14.6,8.7,3,24,15,1/120,1/133,1/341
野川,2026-09-12,2026-09-12,9/12 23:31,パチンコ,3218,eﾌｨｰﾊﾞｰﾃﾞｯﾄﾞﾏｳﾝﾄ･ﾃﾞｽﾌﾟﾚｲT,0404,-0.3,-0.4,-0.3,0,0,0,1/38,1/41,1/36
野川,2026-09-12,2026-09-12,9/12 23:31,パチンコ,3218,eﾌｨｰﾊﾞｰﾃﾞｯﾄﾞﾏｳﾝﾄ･ﾃﾞｽﾌﾟﾚｲT,0405,-0.7,-1.3,2.3,0,0,3,1/82,1/129,1/168
野川,2026-09-12,2026-09-12,9/12 23:31,パチンコ,3110,eﾌｨｰﾊﾞｰﾌﾞﾙｰﾛｯｸMZ,0467,-1.0,-1.4,-1.7,0,0,0,1/120,1/116,1/163
野川,2026-09-12,2026-09-12,9/12 23:31,パチンコ,3110,eﾌｨｰﾊﾞｰﾌﾞﾙｰﾛｯｸMZ,0468,0.0,-6.0,-1.3,0,1,0,,1/716,1/147
野川,2026-09-12,2026-09-12,9/12 23:31,パチンコ,3199,eﾗｲｻﾞのｱﾄﾘｴK3,0351,-1.1,-1.3,0.0,0,0,0,1/114,1/147,
野川,2026-09-12,2026-09-12,9/12 23:31,パチンコ,3189,eﾗｸﾞﾅﾄﾞｰﾙCMB,0458,0.0,-0.1,-1.8,0,0,0,,1/6,1/200
野川,2026-09-12,2026-09-12,9/12 23:31,パチンコ,3188,eﾘｺﾘｽ･ﾘｺｲﾙM3,0409,17.5,2.6,-12.2,78,38,5,1/199,1/137,1/271
野川,2026-09-12,2026-09-12,9/12 23:31,パチンコ,3188,eﾘｺﾘｽ･ﾘｺｲﾙM3,0410,-1.7,8.4,6.0,23,57,44,1/256,1/131,1/186
野川,2026-09-12,2026-09-12,9/12 23:31,パチンコ,3192,eﾘﾝｸﾞ最恐領域RHA,0450,-0.4,-1.3,-1.6,0,7,0,1/38,1/852,1/171
野川,2026-09-12,2026-09-12,9/12 23:31,パチンコ,3192,eﾘﾝｸﾞ最恐領域RHA,0451,0.0,-0.6,-1.3,0,0,2,,1/64,1/167
野川,2026-09-12,2026-09-12,9/12 23:31,パチンコ,3192,eﾘﾝｸﾞ最恐領域RHA,0452,0.0,6.5,-1.7,0,9,7,,1/55,1/208
野川,2026-09-12,2026-09-12,9/12 23:31,パチンコ,3135,eﾙﾊﾟﾝ三世VSｷｬｯﾂ･ｱｲMAH4,0347,0.0,-1.7,-1.1,0,4,1,,1/200,1/128
野川,2026-09-12,2026-09-12,9/12 23:31,パチンコ,2975,P にゃんこ大戦争 多様性のﾈｺ,0238,-1.3,-0.4,-0.2,0,0,13,1/148,1/53,1/176
野川,2026-09-12,2026-09-12,9/12 23:31,パチンコ,2975,P にゃんこ大戦争 多様性のﾈｺ,0239,-1.5,-0.1,21.7,0,0,39,1/166,1/14,1/93
野川,2026-09-12,2026-09-12,9/12 23:31,パチンコ,2975,P にゃんこ大戦争 多様性のﾈｺ,0262,-2.0,-2.8,1.1,4,0,10,1/146,1/292,1/135
野川,2026-09-12,2026-09-12,9/12 23:31,パチンコ,2975,P にゃんこ大戦争 多様性のﾈｺ,0263,-0.5,-0.9,-4.0,0,0,4,1/42,1/85,1/126
野川,2026-09-12,2026-09-12,9/12 23:31,パチンコ,3050,P 宇宙戦艦ﾔﾏﾄ2202超波動森雪199LT,0256,0.0,-0.1,-0.7,0,0,0,,1/11,1/77
野川,2026-09-12,2026-09-12,9/12 23:31,パチンコ,3050,P 宇宙戦艦ﾔﾏﾄ2202超波動森雪199LT,0257,0.0,-0.6,-2.6,0,0,0,,1/53,1/279
野川,2026-09-12,2026-09-12,9/12 23:31,パチンコ,2838,P 新世紀ｴｳﾞｧﾝｹﾞﾘｵﾝ未来への咆哮Y,0170,-0.3,-0.3,-1.2,0,0,0,1/24,1/23,1/123
野川,2026-09-12,2026-09-12,9/12 23:31,パチンコ,2838,P 新世紀ｴｳﾞｧﾝｹﾞﾘｵﾝ未来への咆哮Y,0196,2.3,-0.1,-5.0,14,0,24,1/149,1/10,1/123
野川,2026-09-12,2026-09-12,9/12 23:31,パチンコ,2978,P ｺﾞｼﾞﾗ対ｴｳﾞｧﾝｹﾞﾘｵﾝ ｾｶﾝﾄﾞｲﾝﾊﾟｸﾄ,0224,-0.2,-0.2,0.0,0,0,0,1/17,1/25,
野川,2026-09-12,2026-09-12,9/12 23:31,パチンコ,2978,P ｺﾞｼﾞﾗ対ｴｳﾞｧﾝｹﾞﾘｵﾝ ｾｶﾝﾄﾞｲﾝﾊﾟｸﾄ,0225,-0.7,0.0,-1.9,0,0,0,1/72,,1/179
野川,2026-09-12,2026-09-12,9/12 23:31,パチンコ,2784,P ｺﾞｼﾞﾗ対ｴｳﾞｧﾝｹﾞﾘｵﾝG細胞覚醒ﾗｲﾄ,0193,-0.6,-2.2,-2.2,0,2,5,1/47,1/139,1/124
野川,2026-09-12,2026-09-12,9/12 23:31,パチンコ,2795,P009 RE:CYBORG ACCELE 99ver,0148,0.3,-2.0,4.4,6,0,24,1/165,1/205,1/43
野川,2026-09-12,2026-09-12,9/12 23:31,パチンコ,2795,P009 RE:CYBORG ACCELE 99ver,0149,-3.2,-2.7,1.3,6,2,23,1/91,1/305,1/131
野川,2026-09-12,2026-09-12,9/12 23:31,パチンコ,3082,PA CYBORG009N2-K,0171,-0.8,-0.3,8.3,8,17,65,1/214,1/73,1/95
野川,2026-09-12,2026-09-12,9/12 23:31,パチンコ,2957,PAわんわんﾊﾟﾗﾀﾞｲｽCELEBRATION,0208,1.7,-1.3,-3.5,9,5,10,1/44,1/118,1/230
野川,2026-09-12,2026-09-12,9/12 23:31,パチンコ,2957,PAわんわんﾊﾟﾗﾀﾞｲｽCELEBRATION,0209,4.2,-0.5,10.2,24,6,72,1/45,1/86,1/88
野川,2026-09-12,2026-09-12,9/12 23:31,パチンコ,2646,PAスーパー海物語IN沖縄５YBA,0201,-2.1,-1.9,-1.3,1,29,26,1/283,1/91,1/85
野川,2026-09-12,2026-09-12,9/12 23:31,パチンコ,2646,PAスーパー海物語IN沖縄５YBA,0202,-1.4,0.4,-3.3,11,32,12,1/64,1/123,1/125
野川,2026-09-12,2026-09-12,9/12 23:31,パチンコ,3121,PAフィーバーダンまち2YG,0187,0.3,0.7,0.7,3,12,5,1/2,1/65,1/61
野川,2026-09-12,2026-09-12,9/12 23:31,パチンコ,3025,PA大海物語5ﾌﾞﾗｯｸLT99ver.,0203,-6.7,-1.1,-0.7,8,33,42,1/106,1/128,1/87
野川,2026-09-12,2026-09-12,9/12 23:31,パチンコ,3025,PA大海物語5ﾌﾞﾗｯｸLT99ver.,0204,-5.5,-4.1,2.6,20,32,69,1/90,1/79,1/73
野川,2026-09-12,2026-09-12,9/12 23:31,パチンコ,3025,PA大海物語5ﾌﾞﾗｯｸLT99ver.,0205,8.8,-7.6,-2.0,48,36,7,1/53,1/110,1/203
野川,2026-09-12,2026-09-12,9/12 23:31,パチンコ,3250,PA大海物語ｱｸﾞﾈｽﾌﾟﾚﾐｱRBA,0154,5.0,-0.5,4.5,53,42,56,1/56,1/125,1/83
野川,2026-09-12,2026-09-12,9/12 23:31,パチンコ,3250,PA大海物語ｱｸﾞﾈｽﾌﾟﾚﾐｱRBA,0155,0.1,0.4,-1.8,27,32,19,1/117,1/94,1/128
野川,2026-09-12,2026-09-12,9/12 23:31,パチンコ,3250,PA大海物語ｱｸﾞﾈｽﾌﾟﾚﾐｱRBA,0156,-4.0,-2.0,-2.4,16,35,8,1/108,1/135,1/119
野川,2026-09-12,2026-09-12,9/12 23:31,パチンコ,3250,PA大海物語ｱｸﾞﾈｽﾌﾟﾚﾐｱRBA,0157,-4.8,1.2,-3.4,24,44,27,1/110,1/78,1/93
野川,2026-09-12,2026-09-12,9/12 23:31,パチンコ,3250,PA大海物語ｱｸﾞﾈｽﾌﾟﾚﾐｱRBA,0158,3.2,2.0,-1.7,56,43,30,1/64,1/88,1/103
野川,2026-09-12,2026-09-12,9/12 23:31,パチンコ,3145,PA海物語極ジャパンHBD,0159,0.8,1.1,-0.6,9,13,0,1/66,1/180,1/96
野川,2026-09-12,2026-09-12,9/12 23:31,パチンコ,3145,PA海物語極ジャパンHBD,0160,-2.6,1.7,-1.3,4,25,3,1/84,1/46,1/108
野川,2026-09-12,2026-09-12,9/12 23:31,パチンコ,3145,PA海物語極ジャパンHBD,0161,-0.8,-1.3,-1.3,3,16,5,1/125,1/94,1/281
野川,2026-09-12,2026-09-12,9/12 23:31,パチンコ,2828,PA激ﾃﾞｼﾞ牙狼月虹ﾉ旅人,0172,0.0,0.0,1.9,0,0,13,,,1/32
野川,2026-09-12,2026-09-12,9/12 23:31,パチンコ,2511,PA真・花の慶次２N2-X1,0168,-0.4,-0.8,-3.1,0,6,6,1/38,1/254,1/133
野川,2026-09-12,2026-09-12,9/12 23:31,パチンコ,3004,PA花の慶次 裂 99ver.,0213,-0.4,3.5,-1.4,2,19,5,1/39,1/278,1/135
野川,2026-09-12,2026-09-12,9/12 23:31,パチンコ,3004,PA花の慶次 裂 99ver.,0214,2.3,-2.7,-3.4,8,2,27,1/19,1/142,1/80
野川,2026-09-12,2026-09-12,9/12 23:31,パチンコ,3144,PA野生の王国6N2,0150,0.3,-3.2,-0.5,4,3,2,1/54,1/248,1/85
野川,2026-09-12,2026-09-12,9/12 23:31,パチンコ,3144,PA野生の王国6N2,0151,-0.1,2.1,-1.7,5,14,9,1/129,1/52,1/237
野川,2026-09-12,2026-09-12,9/12 23:31,パチンコ,3112,PAｱｽﾞｰﾙﾚｰﾝ異次元ﾄﾘｶﾞｰ 79ver.～M2,0163,2.1,-0.6,-0.4,10,1,13,1/29,1/80,1/108
野川,2026-09-12,2026-09-12,9/12 23:31,パチンコ,3112,PAｱｽﾞｰﾙﾚｰﾝ異次元ﾄﾘｶﾞｰ 79ver.～M2,0185,3.4,-0.3,3.0,33,3,13,1/35,1/36,1/46
野川,2026-09-12,2026-09-12,9/12 23:31,パチンコ,3108,PAｼﾝ･ｴｳﾞｧﾝｹﾞﾘｵﾝY,0145,-0.5,1.6,-3.3,0,13,2,1/48,1/88,1/189
野川,2026-09-12,2026-09-12,9/12 23:31,パチンコ,3108,PAｼﾝ･ｴｳﾞｧﾝｹﾞﾘｵﾝY,0146,-0.6,4.4,-0.3,0,16,0,1/59,1/34,1/24
野川,2026-09-12,2026-09-12,9/12 23:31,パチンコ,3108,PAｼﾝ･ｴｳﾞｧﾝｹﾞﾘｵﾝY,0147,-0.6,3.8,-0.2,1,17,4,1/87,1/46,1/68
野川,2026-09-12,2026-09-12,9/12 23:31,パチンコ,3215,PAｽｰﾊﾟｰ海物語IN沖縄6RBD,0197,-2.1,-2.5,-2.8,2,7,2,1/130,1/98,1/183
野川,2026-09-12,2026-09-12,9/12 23:31,パチンコ,3215,PAｽｰﾊﾟｰ海物語IN沖縄6RBD,0198,-1.5,-0.4,1.5,2,15,10,1/113,1/79,1/104
野川,2026-09-12,2026-09-12,9/12 23:31,パチンコ,3215,PAｽｰﾊﾟｰ海物語IN沖縄6RBD,0199,-0.5,0.5,-0.1,4,7,0,1/61,1/81,1/9
野川,2026-09-12,2026-09-12,9/12 23:31,パチンコ,3215,PAｽｰﾊﾟｰ海物語IN沖縄6RBD,0200,0.7,-3.0,-0.5,12,20,1,1/101,1/100,1/78
野川,2026-09-12,2026-09-12,9/12 23:31,パチンコ,2875,PAﾊｲｽｸｰﾙ･ﾌﾘｰﾄ ｵｰﾙｽﾀｰ すい~とで,0165,1.9,-0.3,-0.9,12,0,0,1/83,1/30,1/102
野川,2026-09-12,2026-09-12,9/12 23:31,パチンコ,3203,PAﾌｨｰﾊﾞｰｸｨｰﾝⅡYS,0175,-1.2,-0.9,-2.5,7,0,4,1/104,1/94,1/420
野川,2026-09-12,2026-09-12,9/12 23:31,パチンコ,3203,PAﾌｨｰﾊﾞｰｸｨｰﾝⅡYS,0176,-2.0,-1.3,-2.6,1,3,5,1/219,1/229,1/120
野川,2026-09-12,2026-09-12,9/12 23:31,パチンコ,3072,PLT激ﾃﾞｼﾞ ｼﾞｭｰｼｰﾊﾆｰ極嬢,0190,-0.7,-1.4,-1.3,1,0,2,1/95,1/138,1/73
野川,2026-09-12,2026-09-12,9/12 23:31,パチンコ,3174,PRe:ｾﾞﾛから始めるseason2 249ver.,0278,-0.8,-0.8,-3.4,0,0,5,1/81,1/64,1/179
野川,2026-09-12,2026-09-12,9/12 23:31,パチンコ,3131,PRe:ｾﾞﾛから始める鬼がかり199ver.,0258,18.0,1.4,-3.0,19,4,0,1/60,1/90,1/307
野川,2026-09-12,2026-09-12,9/12 23:31,パチンコ,3131,PRe:ｾﾞﾛから始める鬼がかり199ver.,0259,-0.2,-1.5,-2.7,1,0,2,1/40,1/147,1/150
野川,2026-09-12,2026-09-12,9/12 23:31,パチンコ,3130,Pいくさの子戦極最強GRPJ,0290,-0.7,-0.6,-0.1,0,0,0,1/86,1/93,1/9
野川,2026-09-12,2026-09-12,9/12 23:31,パチンコ,3130,Pいくさの子戦極最強GRPJ,0291,0.0,0.0,-1.3,0,0,0,,,1/180
野川,2026-09-12,2026-09-12,9/12 23:31,パチンコ,3130,Pいくさの子戦極最強GRPJ,0292,0.0,0.0,-1.2,0,0,0,,,1/209
野川,2026-09-12,2026-09-12,9/12 23:31,パチンコ,3031,Pうまい棒2,0287,0.0,-0.3,-3.3,0,0,0,,1/3,1/25
野川,2026-09-12,2026-09-12,9/12 23:31,パチンコ,3187,Pにゃんこ大戦争88ばーじょんM2,0177,0.4,5.3,3.1,2,15,19,1/8,1/10,1/32
野川,2026-09-12,2026-09-12,9/12 23:31,パチンコ,3187,Pにゃんこ大戦争88ばーじょんM2,0178,-0.4,-0.1,-2.8,3,0,11,1/28,1/13,1/109
野川,2026-09-12,2026-09-12,9/12 23:31,パチンコ,2451,Pエヴァンゲリオン15未来への咆哮,0226,-4.5,-0.4,-6.8,1,7,3,1/597,1/298,1/484
野川,2026-09-12,2026-09-12,9/12 23:31,パチンコ,2451,Pエヴァンゲリオン15未来への咆哮,0227,-8.7,-5.2,8.5,1,2,27,1/1124,1/350,1/312
野川,2026-09-12,2026-09-12,9/12 23:31,パチンコ,2451,Pエヴァンゲリオン15未来への咆哮,0228,-3.2,14.7,-2.8,1,24,0,1/413,1/419,1/334
野川,2026-09-12,2026-09-12,9/12 23:31,パチンコ,2451,Pエヴァンゲリオン15未来への咆哮,0229,13.4,0.0,-2.0,26,0,8,1/205,,1/263
野川,2026-09-12,2026-09-12,9/12 23:31,パチンコ,2451,Pエヴァンゲリオン15未来への咆哮,0230,-0.1,-1.6,1.8,0,5,13,1/18,1/266,1/161
野川,2026-09-12,2026-09-12,9/12 23:31,パチンコ,2451,Pエヴァンゲリオン15未来への咆哮,0231,14.8,10.6,-1.6,23,17,5,1/81,1/244,1/235
野川,2026-09-12,2026-09-12,9/12 23:31,パチンコ,2451,Pエヴァンゲリオン15未来への咆哮,0232,9.6,2.8,7.2,19,15,26,1/165,1/281,1/172
野川,2026-09-12,2026-09-12,9/12 23:31,パチンコ,2451,Pエヴァンゲリオン15未来への咆哮,0269,-1.3,-6.8,-6.9,8,3,5,1/365,1/957,1/346
野川,2026-09-12,2026-09-12,9/12 23:31,パチンコ,2451,Pエヴァンゲリオン15未来への咆哮,0270,-5.7,-3.4,-1.5,0,1,10,1/687,1/411,1/477
野川,2026-09-12,2026-09-12,9/12 23:31,パチンコ,2451,Pエヴァンゲリオン15未来への咆哮,0271,-4.5,2.8,-0.7,0,15,6,1/507,1/273,1/236
野川,2026-09-12,2026-09-12,9/12 23:31,パチンコ,2451,Pエヴァンゲリオン15未来への咆哮,0272,-3.7,-4.6,-8.1,5,0,6,1/254,1/531,1/706
野川,2026-09-12,2026-09-12,9/12 23:31,パチンコ,2451,Pエヴァンゲリオン15未来への咆哮,0273,-1.5,-2.6,-10.9,7,2,2,1/233,1/441,1/720
野川,2026-09-12,2026-09-12,9/12 23:31,パチンコ,2451,Pエヴァンゲリオン15未来への咆哮,0274,-12.4,-6.8,-8.1,3,4,6,1/574,1/547,1/1648
野川,2026-09-12,2026-09-12,9/12 23:31,パチンコ,2832,P中森明菜･歌姫伝説BLACKDIVA極,0254,0.0,3.8,-0.1,0,7,0,,1/153,1/14
野川,2026-09-12,2026-09-12,9/12 23:31,パチンコ,2832,P中森明菜･歌姫伝説BLACKDIVA極,0255,3.1,-2.3,-4.4,8,1,2,1/101,1/314,1/626
野川,2026-09-12,2026-09-12,9/12 23:31,パチンコ,3120,P冬のｿﾅﾀ My Memory MA2,0167,0.0,-0.1,-0.3,0,0,11,,1/5,1/191
野川,2026-09-12,2026-09-12,9/12 23:31,パチンコ,2855,P北斗の拳 強敵 LT,0179,-0.6,-0.8,0.7,0,0,17,1/59,1/100,1/63
野川,2026-09-12,2026-09-12,9/12 23:31,パチンコ,2855,P北斗の拳 強敵 LT,0180,0.0,-0.4,-0.6,0,0,0,,1/36,1/61
野川,2026-09-12,2026-09-12,9/12 23:31,パチンコ,2855,P北斗の拳 強敵 LT,0181,-0.7,-0.4,-5.0,0,1,3,1/81,1/56,1/222
野川,2026-09-12,2026-09-12,9/12 23:31,パチンコ,2689,P北斗の拳暴凶星,0245,0.1,0.0,-1.2,1,0,0,1/64,,1/116
野川,2026-09-12,2026-09-12,9/12 23:31,パチンコ,2689,P北斗の拳暴凶星,0246,0.0,-0.3,-2.1,0,0,0,,1/42,1/237
野川,2026-09-12,2026-09-12,9/12 23:31,パチンコ,2689,P北斗の拳暴凶星,0247,-0.6,-0.1,-1.3,1,1,0,1/162,1/90,1/142
野川,2026-09-12,2026-09-12,9/12 23:31,パチンコ,2497,P北斗の拳８究極乱世SSF,0174,0.0,0.0,4.9,0,0,33,,,1/138
野川,2026-09-12,2026-09-12,9/12 23:31,パチンコ,2867,P大工の源さん超韋駄天2 極源LighT,0195,-1.1,-0.1,2.5,1,0,25,1/116,1/4,1/92
野川,2026-09-12,2026-09-12,9/12 23:31,パチンコ,2705,P大海物語5,0283,-0.7,-0.8,3.1,0,0,5,1/83,1/72,1/78
野川,2026-09-12,2026-09-12,9/12 23:31,パチンコ,2705,P大海物語5,0284,-0.9,4.2,-0.3,3,14,0,1/188,1/128,1/25
野川,2026-09-12,2026-09-12,9/12 23:31,パチンコ,2705,P大海物語5,0285,1.2,-1.2,-3.0,3,1,1,1/123,1/218,1/417
野川,2026-09-12,2026-09-12,9/12 23:31,パチンコ,2705,P大海物語5,0286,0.2,3.1,-3.5,3,11,5,1/119,1/207,1/201
野川,2026-09-12,2026-09-12,9/12 23:31,パチンコ,2809,P大海物語5 ﾌﾞﾗｯｸ,0217,-2.8,-0.1,-0.8,0,29,0,1/308,1/225,1/106
野川,2026-09-12,2026-09-12,9/12 23:31,パチンコ,3204,P大海物語5ｽﾍﾟｼｬﾙALTA,0281,1.8,-1.7,-2.1,6,1,7,1/139,1/281,1/835
野川,2026-09-12,2026-09-12,9/12 23:31,パチンコ,3204,P大海物語5ｽﾍﾟｼｬﾙALTA,0282,-0.4,1.2,1.3,0,2,8,1/31,1/35,1/170
野川,2026-09-12,2026-09-12,9/12 23:31,パチンコ,3109,P戦国乙女7HOYZ3,0242,0.0,-3.1,-0.3,0,0,0,,1/488,1/51
野川,2026-09-12,2026-09-12,9/12 23:31,パチンコ,3109,P戦国乙女7HOYZ3,0243,0.0,-0.3,0.0,0,1,0,,1/44,
野川,2026-09-12,2026-09-12,9/12 23:31,パチンコ,3109,P戦国乙女7HOYZ3,0244,-0.3,-2.0,-0.6,0,1,0,1/64,1/350,1/121
野川,2026-09-12,2026-09-12,9/12 23:31,パチンコ,3202,P戦国無双N,0169,-5.1,-1.6,-0.3,21,11,8,1/71,1/98,1/155
野川,2026-09-12,2026-09-12,9/12 23:31,パチンコ,2772,P新世紀ｴｳﾞｧﾝｹﾞﾘｵﾝ未来への咆哮Ｌ,0275,-0.5,8.5,0.0,0,17,0,1/51,1/49,
野川,2026-09-12,2026-09-12,9/12 23:31,パチンコ,2772,P新世紀ｴｳﾞｧﾝｹﾞﾘｵﾝ未来への咆哮Ｌ,0276,-1.5,0.0,-0.3,0,0,0,1/146,,1/38
野川,2026-09-12,2026-09-12,9/12 23:31,パチンコ,2772,P新世紀ｴｳﾞｧﾝｹﾞﾘｵﾝ未来への咆哮Ｌ,0277,0.1,-2.6,21.9,10,0,45,1/146,1/280,1/45
野川,2026-09-12,2026-09-12,9/12 23:31,パチンコ,3056,P機動戦士ｶﾞﾝﾀﾞﾑﾕﾆｺｰﾝ 再来129ver.,0152,-0.1,-0.7,3.8,0,1,16,1/10,1/90,1/175
野川,2026-09-12,2026-09-12,9/12 23:31,パチンコ,3056,P機動戦士ｶﾞﾝﾀﾞﾑﾕﾆｺｰﾝ 再来129ver.,0153,-0.3,-1.1,2.4,1,0,14,1/60,1/91,1/220
野川,2026-09-12,2026-09-12,9/12 23:31,パチンコ,2997,P清流物語4 ﾇｼを求めて4000匹,0218,-2.1,-1.5,-8.7,1,1,6,1/254,1/197,1/275
野川,2026-09-12,2026-09-12,9/12 23:31,パチンコ,2997,P清流物語4 ﾇｼを求めて4000匹,0219,-7.3,-4.3,-0.6,8,6,16,1/462,1/539,1/157
野川,2026-09-12,2026-09-12,9/12 23:31,パチンコ,2997,P清流物語4 ﾇｼを求めて4000匹,0220,4.1,-1.5,0.0,16,0,0,1/195,1/163,
野川,2026-09-12,2026-09-12,9/12 23:31,パチンコ,2876,P牙狼11~冴島大河~XX,0248,0.0,-1.5,-0.5,0,0,0,,1/161,1/41
野川,2026-09-12,2026-09-12,9/12 23:31,パチンコ,2876,P牙狼11~冴島大河~XX,0249,0.0,-0.1,-1.9,0,0,0,,1/16,1/203
野川,2026-09-12,2026-09-12,9/12 23:31,パチンコ,2876,P牙狼11~冴島大河~XX,0250,3.5,-3.9,11.4,8,3,18,1/207,1/273,1/201
野川,2026-09-12,2026-09-12,9/12 23:31,パチンコ,2876,P牙狼11~冴島大河~XX,0251,0.0,0.9,-4.1,0,5,1,,1/231,1/437
野川,2026-09-12,2026-09-12,9/12 23:31,パチンコ,2876,P牙狼11~冴島大河~XX,0252,0.0,-2.1,-0.5,0,0,0,,1/214,1/50
野川,2026-09-12,2026-09-12,9/12 23:31,パチンコ,2876,P牙狼11~冴島大河~XX,0253,0.0,2.8,-2.6,0,6,0,,1/133,1/281
野川,2026-09-12,2026-09-12,9/12 23:31,パチンコ,2979,P盾の勇者の成り上がり,0296,-0.4,-1.4,5.9,0,0,14,1/43,1/125,1/70
野川,2026-09-12,2026-09-12,9/12 23:31,パチンコ,2979,P盾の勇者の成り上がり,0297,-1.6,-2.4,-0.1,1,0,1,1/198,1/272,1/31
野川,2026-09-12,2026-09-12,9/12 23:31,パチンコ,2459,P真北斗無双FWQG,0300,0.0,-0.8,-0.3,0,4,0,,1/96,1/22
野川,2026-09-12,2026-09-12,9/12 23:31,パチンコ,2459,P真北斗無双FWQG,0301,5.2,0.0,-1.4,11,0,0,1/33,,1/154
野川,2026-09-12,2026-09-12,9/12 23:31,パチンコ,2459,P真北斗無双FWQG,0302,-1.9,-9.3,1.8,0,3,5,1/182,1/550,1/109
野川,2026-09-12,2026-09-12,9/12 23:31,パチンコ,2459,P真北斗無双FWQG,0303,-0.3,-0.1,-1.4,0,0,2,1/28,1/16,1/131
野川,2026-09-12,2026-09-12,9/12 23:31,パチンコ,2459,P真北斗無双FWQG,0304,-0.4,-3.1,-2.7,0,7,12,1/53,1/238,1/816
野川,2026-09-12,2026-09-12,9/12 23:31,パチンコ,2800,P真･北斗無双 第4章 下剋上闘,0279,-1.4,0.1,-1.3,0,3,0,1/146,1/99,1/148
野川,2026-09-12,2026-09-12,9/12 23:31,パチンコ,3229,P織田信奈の野望全国版V4A,0222,-0.6,-3.9,-3.0,0,4,5,1/139,1/284,1/285
野川,2026-09-12,2026-09-12,9/12 23:31,パチンコ,3229,P織田信奈の野望全国版V4A,0223,-1.7,-8.5,10.8,8,3,22,1/191,1/655,1/597
野川,2026-09-12,2026-09-12,9/12 23:31,パチンコ,2422,P花満開　月光ZC,0280,-0.4,0.6,-0.4,0,5,0,1/47,1/102,1/48
野川,2026-09-12,2026-09-12,9/12 23:31,パチンコ,2910,P貞子,0298,-0.5,-2.4,-1.0,2,2,2,1/70,1/271,1/131
野川,2026-09-12,2026-09-12,9/12 23:31,パチンコ,2910,P貞子,0299,-1.7,0.0,-0.8,2,3,0,1/197,1/446,1/144
野川,2026-09-12,2026-09-12,9/12 23:31,パチンコ,3038,P防振り,0260,-0.3,-0.7,-0.7,0,1,0,1/28,1/83,1/65
野川,2026-09-12,2026-09-12,9/12 23:31,パチンコ,3038,P防振り,0261,-0.5,-0.2,-0.6,0,0,1,1/52,1/26,1/91
野川,2026-09-12,2026-09-12,9/12 23:31,パチンコ,3214,P魔法少女まどか☆ﾏｷﾞｶ3MAJ1,0182,0.0,-0.5,0.4,0,4,9,,1/71,1/168
野川,2026-09-12,2026-09-12,9/12 23:31,パチンコ,3214,P魔法少女まどか☆ﾏｷﾞｶ3MAJ1,0183,0.9,-1.6,1.2,8,1,7,1/194,1/166,1/98
野川,2026-09-12,2026-09-12,9/12 23:31,パチンコ,3214,P魔法少女まどか☆ﾏｷﾞｶ3MAJ1,0184,0.0,-0.7,-4.9,0,6,2,,1/23,1/268
野川,2026-09-12,2026-09-12,9/12 23:31,パチンコ,3034,Pｱﾅｻﾞｰｺﾞｯﾄﾞﾊｰﾃﾞｽ-獄炎-,0288,-3.8,-0.4,0.0,4,0,0,1/225,1/53,
野川,2026-09-12,2026-09-12,9/12 23:31,パチンコ,2821,Pｼﾝ･ｴｳﾞｧﾝｹﾞﾘｵﾝ Type ﾚｲ,0233,-0.8,-0.3,2.4,0,0,9,1/91,1/37,1/424
野川,2026-09-12,2026-09-12,9/12 23:31,パチンコ,2821,Pｼﾝ･ｴｳﾞｧﾝｹﾞﾘｵﾝ Type ﾚｲ,0234,-1.6,-0.6,-1.2,1,0,0,1/184,1/69,1/139
野川,2026-09-12,2026-09-12,9/12 23:31,パチンコ,2821,Pｼﾝ･ｴｳﾞｧﾝｹﾞﾘｵﾝ Type ﾚｲ,0235,-2.3,-2.2,-2.3,0,0,0,1/237,1/247,1/245
野川,2026-09-12,2026-09-12,9/12 23:31,パチンコ,2821,Pｼﾝ･ｴｳﾞｧﾝｹﾞﾘｵﾝ Type ﾚｲ,0236,-0.3,0.1,-0.7,0,2,0,1/41,1/92,1/61
野川,2026-09-12,2026-09-12,9/12 23:31,パチンコ,2821,Pｼﾝ･ｴｳﾞｧﾝｹﾞﾘｵﾝ Type ﾚｲ,0237,-1.8,-1.6,-1.3,0,2,1,1/190,1/254,1/146
野川,2026-09-12,2026-09-12,9/12 23:31,パチンコ,2821,Pｼﾝ･ｴｳﾞｧﾝｹﾞﾘｵﾝ Type ﾚｲ,0264,0.0,-0.1,-1.4,0,0,0,,1/15,1/151
野川,2026-09-12,2026-09-12,9/12 23:31,パチンコ,2821,Pｼﾝ･ｴｳﾞｧﾝｹﾞﾘｵﾝ Type ﾚｲ,0265,-1.3,-1.6,-3.6,0,0,0,1/131,1/157,1/366
野川,2026-09-12,2026-09-12,9/12 23:31,パチンコ,2821,Pｼﾝ･ｴｳﾞｧﾝｹﾞﾘｵﾝ Type ﾚｲ,0266,-1.7,-0.1,-0.8,2,0,3,1/285,1/4,1/43
野川,2026-09-12,2026-09-12,9/12 23:31,パチンコ,2821,Pｼﾝ･ｴｳﾞｧﾝｹﾞﾘｵﾝ Type ﾚｲ,0267,1.4,-0.6,-3.3,7,0,2,1/144,1/61,1/207
野川,2026-09-12,2026-09-12,9/12 23:31,パチンコ,2821,Pｼﾝ･ｴｳﾞｧﾝｹﾞﾘｵﾝ Type ﾚｲ,0268,-2.3,2.4,-1.8,0,7,4,1/255,1/296,1/471
野川,2026-09-12,2026-09-12,9/12 23:31,パチンコ,3122,Pｽｰﾊﾟｰ海物語IN沖縄6LTP,0215,-0.8,-2.0,-2.7,0,0,0,1/87,1/243,1/314
野川,2026-09-12,2026-09-12,9/12 23:31,パチンコ,3122,Pｽｰﾊﾟｰ海物語IN沖縄6LTP,0216,-0.3,-1.5,-1.3,0,0,0,1/37,1/167,1/135
野川,2026-09-12,2026-09-12,9/12 23:31,パチンコ,3039,Pｿﾞﾝﾋﾞﾗﾝﾄﾞｻｶﾞ,0221,0.0,-0.9,-1.5,0,0,2,,1/97,1/104
野川,2026-09-12,2026-09-12,9/12 23:31,パチンコ,2911,Pﾌｨｰﾊﾞｰありふれた職業でLight,0173,2.7,-0.1,-1.0,13,0,9,1/47,1/12,1/94
野川,2026-09-12,2026-09-12,9/12 23:31,パチンコ,3159,Pﾌｨｰﾊﾞｰうたわれるもの Y,0194,-0.5,-1.7,-0.7,0,0,6,1/50,1/157,1/265
野川,2026-09-12,2026-09-12,9/12 23:31,パチンコ,2779,Pﾌｨｰﾊﾞｰかぐや様は告らせたい,0289,0.0,0.0,-0.3,0,0,0,,,1/43
野川,2026-09-12,2026-09-12,9/12 23:31,パチンコ,2940,Pﾌｨｰﾊﾞｰかぐや様は告らせたいLight,0210,-0.3,-0.1,-0.1,0,0,0,1/29,1/10,1/11
野川,2026-09-12,2026-09-12,9/12 23:31,パチンコ,2940,Pﾌｨｰﾊﾞｰかぐや様は告らせたいLight,0211,-0.8,-0.8,2.2,0,0,12,1/66,1/69,1/175
野川,2026-09-12,2026-09-12,9/12 23:31,パチンコ,2940,Pﾌｨｰﾊﾞｰかぐや様は告らせたいLight,0212,-0.5,-0.1,-1.0,0,0,0,1/60,1/12,1/112
野川,2026-09-12,2026-09-12,9/12 23:31,パチンコ,2811,Pﾌｨｰﾊﾞｰからくりｻｰｶｽ Light ver.,0162,1.2,-3.8,-1.8,14,0,17,1/64,1/383,1/135
野川,2026-09-12,2026-09-12,9/12 23:31,パチンコ,3012,Pﾌｨｰﾊﾞｰ戦姫絶唱ｼﾝﾌｫｷﾞｱ4 199ver.,0340,0.0,-1.2,-0.8,0,2,2,,1/101,1/223
野川,2026-09-12,2026-09-12,9/12 23:31,パチンコ,3012,Pﾌｨｰﾊﾞｰ戦姫絶唱ｼﾝﾌｫｷﾞｱ4 199ver.,0341,0.0,-3.5,-0.4,0,1,0,,1/411,1/43
野川,2026-09-12,2026-09-12,9/12 23:31,パチンコ,3012,Pﾌｨｰﾊﾞｰ戦姫絶唱ｼﾝﾌｫｷﾞｱ4 199ver.,0342,-0.7,-0.1,-1.1,0,0,0,1/75,1/16,1/122
野川,2026-09-12,2026-09-12,9/12 23:31,パチンコ,3012,Pﾌｨｰﾊﾞｰ戦姫絶唱ｼﾝﾌｫｷﾞｱ4 199ver.,0343,-1.5,0.0,0.1,0,0,1,1/165,,1/32
野川,2026-09-12,2026-09-12,9/12 23:31,パチンコ,2886,Pﾌｨｰﾊﾞｰ炎炎ﾉ消防隊 Light ver.,0166,-2.3,-0.1,-2.5,0,0,3,1/227,1/7,1/136
野川,2026-09-12,2026-09-12,9/12 23:31,パチンコ,2749,PﾌｨｰﾊﾞｰｸｨｰﾝⅡV,0192,1.4,-0.4,-0.8,9,0,8,1/132,1/37,1/93
野川,2026-09-12,2026-09-12,9/12 23:31,パチンコ,2858,Pﾌｨｰﾊﾞｰﾊﾟﾜﾌﾙ（2024年）,0189,-0.5,-0.4,4.7,0,0,24,1/39,1/42,1/31
野川,2026-09-12,2026-09-12,9/12 23:31,パチンコ,3005,Pﾌﾞﾗｯｸﾗｸﾞｰﾝ4 129ver.,0188,-0.1,-0.4,2.7,0,0,12,1/6,1/37,1/207
野川,2026-09-12,2026-09-12,9/12 23:31,パチンコ,3142,PﾒｲﾄﾞｲﾝｱﾋﾞｽSL,0164,-0.5,-3.1,-1.5,2,1,1,1/94,1/360,1/148
野川,2026-09-12,2026-09-12,9/12 23:31,パチンコ,2934,Pﾘﾝｸﾞ 呪いの7日間3 ﾗｯｷｰﾄﾘｶﾞｰVer.,0293,6.8,1.2,0.0,14,6,0,1/15,1/71,
野川,2026-09-12,2026-09-12,9/12 23:31,パチンコ,2934,Pﾘﾝｸﾞ 呪いの7日間3 ﾗｯｷｰﾄﾘｶﾞｰVer.,0294,0.0,-1.1,6.1,0,0,20,,1/107,1/103
野川,2026-09-12,2026-09-12,9/12 23:31,パチンコ,2934,Pﾘﾝｸﾞ 呪いの7日間3 ﾗｯｷｰﾄﾘｶﾞｰVer.,0295,0.0,-0.2,0.2,0,0,7,,1/34,1/154
野川,2026-09-12,2026-09-12,9/12 23:31,パチンコ,2955,Pﾙﾊﾟﾝ三世 ONE COLLECTION,0240,0.0,-0.1,0.0,0,0,0,,1/17,
野川,2026-09-12,2026-09-12,9/12 23:31,パチンコ,2955,Pﾙﾊﾟﾝ三世 ONE COLLECTION,0241,0.0,-2.2,5.5,0,0,7,,1/236,1/67
野川,2026-09-12,2026-09-12,9/12 23:31,パチンコ,2848,Pﾙﾊﾟﾝ三世 THE FIRST 99ver.,0191,-6.4,0.4,0.9,48,27,16,1/129,1/59,1/49
野川,2026-09-12,2026-09-12,9/12 23:31,パチンコ,2939,Pﾙﾊﾟﾝ三世 銭形招待状 77Sweet,0186,-0.1,-2.4,-0.4,0,1,0,1/11,1/264,1/40
野川,2026-09-12,2026-09-12,9/12 23:31,パチンコ,3211,①e北斗の拳10GHEG,0140,-3.9,-2.7,3.1,1,9,17,1/455,1/333,1/124
野川,2026-09-12,2026-09-12,9/12 23:31,パチンコ,3197,①e蒼天の拳羅龍SREN,0142,-3.4,3.1,-0.7,1,6,0,1/364,1/63,1/80
野川,2026-09-12,2026-09-12,9/12 23:31,パチンコ,3212,①eｼｬｰﾏﾝｷﾝｸﾞMH,0141,-1.0,-1.7,-2.0,0,1,2,1/120,1/247,1/145
野川,2026-09-12,2026-09-12,9/12 23:31,パチンコ,3191,①eｿｰﾄﾞｱｰﾄ･ｵﾝﾗｲﾝ 閃光の軌跡K7,0144,-12.6,-4.0,4.8,5,15,35,1/301,1/416,1/108
野川,2026-09-12,2026-09-12,9/12 23:31,パチンコ,3198,①eﾌｨｰﾊﾞｰ炎炎ﾉ消防隊2MS,0143,-0.1,9.0,-6.8,3,27,6,1/265,1/646,1/404
野川,2026-09-12,2026-09-12,9/12 23:31,パチンコ,3154,①P FAIRY TAIL七炎竜の力だFSA,0115,-0.3,0.7,6.2,0,5,22,1/29,1/86,1/108
野川,2026-09-12,2026-09-12,9/12 23:31,パチンコ,3140,①PACYBORG009N2-K,0034,19.6,-5.8,-6.6,101,4,11,1/63,1/180,1/139
野川,2026-09-12,2026-09-12,9/12 23:31,パチンコ,2958,①PAわんわんﾊﾟﾗﾀﾞｲｽCELEBRATION,0009,6.0,-0.4,-1.1,66,54,62,1/71,1/141,1/90
野川,2026-09-12,2026-09-12,9/12 23:31,パチンコ,2648,①PAスーパー海物語IN沖縄５SBA,0019,-0.4,2.2,4.2,28,31,39,1/107,1/79,1/66
野川,2026-09-12,2026-09-12,9/12 23:31,パチンコ,2648,①PAスーパー海物語IN沖縄５SBA,0020,0.9,0.7,0.6,9,18,24,1/85,1/78,1/107
野川,2026-09-12,2026-09-12,9/12 23:31,パチンコ,2648,①PAスーパー海物語IN沖縄５SBA,0021,-0.5,-0.2,-1.2,2,9,16,1/60,1/90,1/90
野川,2026-09-12,2026-09-12,9/12 23:31,パチンコ,2748,①PA大海物語5ARBC,0048,2.0,0.8,-0.4,41,38,49,1/132,1/98,1/90
野川,2026-09-12,2026-09-12,9/12 23:31,パチンコ,2748,①PA大海物語5ARBC,0049,0.7,1.2,3.0,44,40,50,1/113,1/78,1/74
野川,2026-09-12,2026-09-12,9/12 23:31,パチンコ,2748,①PA大海物語5ARBC,0050,-1.7,-5.1,-6.0,30,36,24,1/100,1/106,1/183
野川,2026-09-12,2026-09-12,9/12 23:31,パチンコ,2748,①PA大海物語5ARBC,0051,2.7,2.2,2.2,48,46,53,1/63,1/69,1/130
野川,2026-09-12,2026-09-12,9/12 23:31,パチンコ,3057,①PA大海物語5ARBC,0017,3.0,0.9,1.1,38,42,52,1/88,1/107,1/84
野川,2026-09-12,2026-09-12,9/12 23:31,パチンコ,3057,①PA大海物語5ARBC,0018,1.7,1.3,-6.9,63,48,26,1/81,1/95,1/117
野川,2026-09-12,2026-09-12,9/12 23:31,パチンコ,3209,①PA大海物語5HLD,0025,-0.7,7.6,-6.0,28,82,62,1/347,1/91,1/126
野川,2026-09-12,2026-09-12,9/12 23:31,パチンコ,3249,①PA大海物語ｱｸﾞﾈｽﾌﾟﾚﾐｱRBA,0059,0.0,3.4,-1.3,47,62,50,1/86,1/82,1/103
野川,2026-09-12,2026-09-12,9/12 23:31,パチンコ,2694,①PA巨人の星明子2000,0066,-0.8,-2.1,3.3,32,39,42,1/118,1/94,1/105
野川,2026-09-12,2026-09-12,9/12 23:31,パチンコ,3064,①PA海物語3R3,0014,-0.3,0.2,-0.7,18,10,13,1/71,1/67,1/105
野川,2026-09-12,2026-09-12,9/12 23:31,パチンコ,3208,①PA海物語3R3LBA,0022,-4.1,-3.2,-0.5,23,16,17,1/187,1/105,1/67
野川,2026-09-12,2026-09-12,9/12 23:31,パチンコ,3208,①PA海物語3R3LBA,0023,0.6,-4.6,-2.0,16,22,29,1/114,1/119,1/92
野川,2026-09-12,2026-09-12,9/12 23:31,パチンコ,3208,①PA海物語3R3LBA,0024,-1.7,0.8,-6.0,18,21,7,1/80,1/73,1/176
野川,2026-09-12,2026-09-12,9/12 23:31,パチンコ,2718,①PA火曜ｻｽﾍﾟﾝｽ劇場3GSA,0036,-0.7,3.4,-2.7,24,37,24,1/106,1/136,1/115
野川,2026-09-12,2026-09-12,9/12 23:31,パチンコ,3117,①PA花の慶次～裂N3-VY,0069,-2.4,3.8,6.1,25,51,55,1/113,1/86,1/80
野川,2026-09-12,2026-09-12,9/12 23:31,パチンコ,2941,①PAｺﾞｼﾞﾗ対ｴｳﾞｧﾝｹﾞﾘｵﾝG細胞覚醒,0005,-2.9,-0.2,0.6,15,48,33,1/127,1/67,1/99
野川,2026-09-12,2026-09-12,9/12 23:31,パチンコ,2941,①PAｺﾞｼﾞﾗ対ｴｳﾞｧﾝｹﾞﾘｵﾝG細胞覚醒,0042,-7.9,-4.2,-5.1,10,22,32,1/136,1/109,1/126
野川,2026-09-12,2026-09-12,9/12 23:31,パチンコ,3107,①PAｼﾝ･ｴｳﾞｧﾝｹﾞﾘｵﾝY,0040,-1.1,4.8,-1.9,49,42,48,1/97,1/112,1/96
野川,2026-09-12,2026-09-12,9/12 23:31,パチンコ,3007,①PAｽｰﾊﾟｰ海物語 IN 地中海2,0015,2.0,16.1,-2.3,75,105,70,1/75,1/90,1/70
野川,2026-09-12,2026-09-12,9/12 23:31,パチンコ,3007,①PAｽｰﾊﾟｰ海物語 IN 地中海2,0016,0.2,-2.7,-0.3,35,14,35,1/92,1/91,1/81
野川,2026-09-12,2026-09-12,9/12 23:31,パチンコ,3007,①PAｽｰﾊﾟｰ海物語 IN 地中海2,0055,-6.3,-5.7,3.3,18,5,54,1/133,1/198,1/56
野川,2026-09-12,2026-09-12,9/12 23:31,パチンコ,3007,①PAｽｰﾊﾟｰ海物語 IN 地中海2,0056,2.7,4.8,0.4,46,56,39,1/70,1/78,1/139
野川,2026-09-12,2026-09-12,9/12 23:31,パチンコ,3007,①PAｽｰﾊﾟｰ海物語 IN 地中海2,0057,1.7,-3.8,2.0,41,35,46,1/81,1/95,1/74
野川,2026-09-12,2026-09-12,9/12 23:31,パチンコ,3248,①PAｽｰﾊﾟｰ海物語IN沖縄6RBD,0012,0.7,6.6,-8.0,23,62,27,1/77,1/62,1/145
野川,2026-09-12,2026-09-12,9/12 23:31,パチンコ,3248,①PAｽｰﾊﾟｰ海物語IN沖縄6RBD,0013,-7.8,1.6,-7.6,22,51,26,1/151,1/71,1/158
野川,2026-09-12,2026-09-12,9/12 23:31,パチンコ,3008,①PAｽｰﾊﾟｰ海物語沖縄5夜桜99ver.,0052,-2.6,-2.0,-6.7,18,60,2,1/116,1/121,1/386
野川,2026-09-12,2026-09-12,9/12 23:31,パチンコ,3008,①PAｽｰﾊﾟｰ海物語沖縄5夜桜99ver.,0053,0.9,-0.1,-2.4,42,59,31,1/75,1/95,1/154
野川,2026-09-12,2026-09-12,9/12 23:31,パチンコ,3008,①PAｽｰﾊﾟｰ海物語沖縄5夜桜99ver.,0054,-5.5,-5.2,-2.2,32,37,86,1/152,1/185,1/140
野川,2026-09-12,2026-09-12,9/12 23:31,パチンコ,3008,①PAｽｰﾊﾟｰ海物語沖縄5夜桜99ver.,0058,1.6,-3.0,-0.1,76,36,89,1/80,1/93,1/99
野川,2026-09-12,2026-09-12,9/12 23:31,パチンコ,3077,①PAﾌｨｰﾊﾞｰﾊﾟﾜﾌﾙR（2024年）,0038,-0.3,4.3,1.9,0,28,15,1/24,1/49,1/48
野川,2026-09-12,2026-09-12,9/12 23:31,パチンコ,3148,①PLTｼﾞｭｰｼｰﾊﾆｰ極嬢MA,0080,-4.1,-1.2,-8.2,1,1,10,1/512,1/148,1/317
野川,2026-09-12,2026-09-12,9/12 23:31,パチンコ,3148,①PLTｼﾞｭｰｼｰﾊﾆｰ極嬢MA,0112,-0.4,-0.9,-1.2,0,0,1,1/34,1/105,1/149
野川,2026-09-12,2026-09-12,9/12 23:31,パチンコ,3074,①Pありふれた職業で世界最強Light,0032,-5.5,7.4,-10.1,24,40,31,1/107,1/48,1/124
野川,2026-09-12,2026-09-12,9/12 23:31,パチンコ,3136,①Pうまい棒2おかわりちょちょV3,0114,-7.0,-5.4,3.3,6,9,19,1/97,1/54,1/24
野川,2026-09-12,2026-09-12,9/12 23:31,パチンコ,3156,①Pえとたま2MY,0134,-1.6,-0.2,-1.6,2,0,0,1/137,1/27,1/185
野川,2026-09-12,2026-09-12,9/12 23:31,パチンコ,2999,①Pとある魔術の禁書目録2,0129,-3.7,-1.0,0.1,5,0,7,1/237,1/100,1/551
野川,2026-09-12,2026-09-12,9/12 23:31,パチンコ,2999,①Pとある魔術の禁書目録2,0130,-1.1,8.4,-3.7,0,12,2,1/123,1/57,1/529
野川,2026-09-12,2026-09-12,9/12 23:31,パチンコ,2999,①Pとある魔術の禁書目録2,0131,6.2,-2.6,-9.2,20,0,3,1/118,1/257,1/1145
野川,2026-09-12,2026-09-12,9/12 23:31,パチンコ,2988,①Pひぐらしのなく頃に 輪廻転生,0136,2.2,-0.1,-6.5,5,0,0,1/149,1/10,1/682
野川,2026-09-12,2026-09-12,9/12 23:31,パチンコ,2677,①Pデビルマン疾風迅雷N2-X1,0062,2.7,4.3,-1.8,35,40,43,1/35,1/133,1/199
野川,2026-09-12,2026-09-12,9/12 23:31,パチンコ,2677,①Pデビルマン疾風迅雷N2-X1,0063,-2.7,-0.8,-2.5,1,18,5,1/304,1/146,1/109
野川,2026-09-12,2026-09-12,9/12 23:31,パチンコ,2660,①PフィーバーダンまちF,0139,1.5,5.6,-1.9,14,11,12,1/446,1/66,1/696
野川,2026-09-12,2026-09-12,9/12 23:31,パチンコ,2946,①P七つの大罪2 神千斬りVER.,0106,2.8,2.6,-6.3,12,15,2,1/150,1/98,1/385
野川,2026-09-12,2026-09-12,9/12 23:31,パチンコ,3076,①P世紀末･天才ﾊﾞｶﾎﾞﾝ~福神LTH-JH,0010,-0.1,-1.5,-0.5,2,4,0,1/93,1/88,1/50
野川,2026-09-12,2026-09-12,9/12 23:31,パチンコ,3102,①P中森明菜･歌姫伝説極KM-TF,0135,7.3,-9.4,3.4,15,12,26,1/178,1/371,1/253
野川,2026-09-12,2026-09-12,9/12 23:31,パチンコ,3227,①P俺の妹がこんなに可愛ﾜｹｶﾞﾅｲM3,0086,0.8,-1.4,-0.9,9,0,9,1/97,1/170,1/251
野川,2026-09-12,2026-09-12,9/12 23:31,パチンコ,3227,①P俺の妹がこんなに可愛ﾜｹｶﾞﾅｲM3,0087,0.8,-2.0,14.1,8,1,47,1/169,1/301,1/216
野川,2026-09-12,2026-09-12,9/12 23:31,パチンコ,3210,①P冬のｿﾅﾀ MyMemoryMA2,0026,3.0,-2.5,-0.3,74,59,26,1/67,1/91,1/109
野川,2026-09-12,2026-09-12,9/12 23:31,パチンコ,3210,①P冬のｿﾅﾀ MyMemoryMA2,0027,6.3,6.8,-5.8,43,74,17,1/75,1/67,1/142
野川,2026-09-12,2026-09-12,9/12 23:31,パチンコ,2944,①P化物語 319ver.,0079,-3.0,-0.8,-2.4,0,0,8,1/320,1/100,1/804
野川,2026-09-12,2026-09-12,9/12 23:31,パチンコ,3041,①P北斗の拳 強敵 LT,0046,8.2,-2.2,2.4,44,18,50,1/74,1/87,1/152
野川,2026-09-12,2026-09-12,9/12 23:31,パチンコ,3041,①P北斗の拳 強敵 LT,0047,-10.9,5.4,-1.6,14,67,16,1/183,1/78,1/72
野川,2026-09-12,2026-09-12,9/12 23:31,パチンコ,3041,①P北斗の拳 強敵 LT,0064,-1.1,-1.6,-5.8,23,28,50,1/89,1/102,1/98
野川,2026-09-12,2026-09-12,9/12 23:31,パチンコ,3041,①P北斗の拳 強敵 LT,0065,0.6,7.0,10.2,6,42,65,1/82,1/110,1/87
野川,2026-09-12,2026-09-12,9/12 23:31,パチンコ,3226,①P大海物語5HCL,0124,-5.5,-4.4,-11.9,26,16,17,1/169,1/294,1/222
野川,2026-09-12,2026-09-12,9/12 23:31,パチンコ,3101,①P大海物語5MTE2,0097,-5.0,-0.2,3.9,0,6,15,1/616,1/184,1/111
野川,2026-09-12,2026-09-12,9/12 23:31,パチンコ,3101,①P大海物語5MTE2,0098,-4.1,-12.3,9.8,6,4,20,1/276,1/467,1/147
野川,2026-09-12,2026-09-12,9/12 23:31,パチンコ,3101,①P大海物語5MTE2,0099,-2.8,-10.8,-6.9,1,1,4,1/371,1/1378,1/553
野川,2026-09-12,2026-09-12,9/12 23:31,パチンコ,3101,①P大海物語5MTE2,0118,-0.7,0.5,-2.8,0,24,4,1/64,1/343,1/592
野川,2026-09-12,2026-09-12,9/12 23:31,パチンコ,3101,①P大海物語5MTE2,0119,-8.4,-5.4,-1.2,1,3,13,1/1029,1/458,1/215
野川,2026-09-12,2026-09-12,9/12 23:31,パチンコ,3016,①P宇宙戦艦ﾔﾏﾄ2202 超波動,0108,-2.5,-5.8,2.5,1,7,7,1/305,1/366,1/114
野川,2026-09-12,2026-09-12,9/12 23:31,パチンコ,3016,①P宇宙戦艦ﾔﾏﾄ2202 超波動,0113,-0.8,-12.0,-4.0,1,2,0,1/174,1/661,1/405
野川,2026-09-12,2026-09-12,9/12 23:31,パチンコ,2973,①P弾球黙示録ｶｲｼﾞ沼5,0116,10.6,-12.2,2.3,16,4,12,1/125,1/761,1/306
野川,2026-09-12,2026-09-12,9/12 23:31,パチンコ,3100,①P愛の不時着MF,0084,0.0,-9.4,-4.8,0,1,5,,1/1052,1/325
野川,2026-09-12,2026-09-12,9/12 23:31,パチンコ,3100,①P愛の不時着MF,0085,4.2,-0.8,-5.0,8,0,4,1/84,1/76,1/178
野川,2026-09-12,2026-09-12,9/12 23:31,パチンコ,2774,①P戦姫絶唱ｼﾝﾌｫｷﾞｱ3黄金絶唱L,0003,-2.2,-2.0,4.2,4,25,51,1/153,1/69,1/54
野川,2026-09-12,2026-09-12,9/12 23:31,パチンコ,2774,①P戦姫絶唱ｼﾝﾌｫｷﾞｱ3黄金絶唱L,0044,-5.2,-0.8,-3.7,13,37,10,1/144,1/149,1/165
野川,2026-09-12,2026-09-12,9/12 23:31,パチンコ,3149,①P攻殻機動隊SAC＿2045AH-RS,0078,10.0,7.2,-1.3,29,31,1,1/108,1/182,1/270
野川,2026-09-12,2026-09-12,9/12 23:31,パチンコ,2971,①P新世紀ｴｳﾞｧ未来への咆哮SP,0127,-3.1,1.2,5.1,7,38,32,1/216,1/148,1/219
野川,2026-09-12,2026-09-12,9/12 23:31,パチンコ,2971,①P新世紀ｴｳﾞｧ未来への咆哮SP,0128,2.7,-20.3,0.0,13,4,20,1/385,1/523,1/150
野川,2026-09-12,2026-09-12,9/12 23:31,パチンコ,3157,①P江頭2:50inﾅﾅｼｰV3,0011,-0.1,-3.7,-6.7,0,9,1,1/6,1/128,1/716
野川,2026-09-12,2026-09-12,9/12 23:31,パチンコ,3213,①P激ﾃﾞｼﾞ真･牙狼RBY4,0002,-0.4,1.2,-3.1,4,18,17,1/67,1/42,1/112
野川,2026-09-12,2026-09-12,9/12 23:31,パチンコ,2643,①P真・花の慶次２M3-VC,0077,1.5,-3.8,20.8,7,8,35,1/121,1/97,1/99
野川,2026-09-12,2026-09-12,9/12 23:31,パチンコ,2598,①P真北斗無双FWQG,0088,-1.6,-2.6,-6.0,0,11,6,1/165,1/302,1/490
野川,2026-09-12,2026-09-12,9/12 23:31,パチンコ,2598,①P真北斗無双FWQG,0089,-1.7,-8.2,-3.9,4,1,0,1/219,1/845,1/428
野川,2026-09-12,2026-09-12,9/12 23:31,パチンコ,2598,①P真北斗無双FWQG,0090,7.3,-6.8,2.5,18,2,12,1/104,1/372,1/504
野川,2026-09-12,2026-09-12,9/12 23:31,パチンコ,3063,①P花の慶次 裂 蓮極129ver.,0028,14.0,-5.8,-3.9,37,3,19,1/204,1/318,1/198
野川,2026-09-12,2026-09-12,9/12 23:31,パチンコ,3063,①P花の慶次 裂 蓮極129ver.,0029,-0.5,5.0,-10.1,0,30,4,1/44,1/89,1/248
野川,2026-09-12,2026-09-12,9/12 23:31,パチンコ,3063,①P花の慶次 裂 蓮極129ver.,0030,-2.9,-4.6,-4.5,1,14,35,1/308,1/87,1/147
野川,2026-09-12,2026-09-12,9/12 23:31,パチンコ,2721,①P革命機ｳﾞｧﾙｳﾞﾚｲｳﾞ2F,0039,4.8,-3.9,1.0,45,7,39,1/98,1/155,1/82
野川,2026-09-12,2026-09-12,9/12 23:31,パチンコ,3093,①P魔王学院の不適合者FMY,0081,-0.4,-2.4,-15.2,0,0,5,1/33,1/248,1/341
野川,2026-09-12,2026-09-12,9/12 23:31,パチンコ,2667,①P黄門ちゃま８L9AZ1,0107,-2.1,-4.6,-4.5,1,3,9,1/280,1/363,1/234
野川,2026-09-12,2026-09-12,9/12 23:31,パチンコ,2577,①P００９ RE:CYBORG M4-K,0110,-4.6,-5.8,-3.9,11,14,12,1/432,1/219,1/426
野川,2026-09-12,2026-09-12,9/12 23:31,パチンコ,3000,①PｱｽﾞｰﾙﾚｰﾝTHE異次元ﾄﾘｶﾞｰ,0076,-1.7,-5.5,-7.8,2,0,10,1/102,1/613,1/173
野川,2026-09-12,2026-09-12,9/12 23:31,パチンコ,3138,①Pｱｽﾞｰﾙﾚｰﾝ異次元ﾄﾘｶﾞｰ79ver.M2,0004,1.6,4.9,-2.2,27,45,22,1/58,1/87,1/69
野川,2026-09-12,2026-09-12,9/12 23:31,パチンコ,3220,①Pｷﾞﾙﾃｨｸﾗｳﾝ2SB,0008,-2.7,-0.8,-3.5,2,5,1,1/170,1/416,1/447
野川,2026-09-12,2026-09-12,9/12 23:31,パチンコ,2959,①Pｺｰﾄﾞｷﾞｱｽ反逆のﾙﾙｰｼｭﾗｲﾄver,0006,4.5,2.2,1.7,34,35,31,1/36,1/94,1/135
野川,2026-09-12,2026-09-12,9/12 23:31,パチンコ,2959,①Pｺｰﾄﾞｷﾞｱｽ反逆のﾙﾙｰｼｭﾗｲﾄver,0067,5.2,-1.2,0.1,42,25,28,1/64,1/86,1/63
野川,2026-09-12,2026-09-12,9/12 23:31,パチンコ,3058,①Pｼﾝ･ｴｳﾞｧﾝｹﾞﾘｵﾝX,0100,-3.0,-0.3,2.4,10,11,27,1/306,1/264,1/326
野川,2026-09-12,2026-09-12,9/12 23:31,パチンコ,3058,①Pｼﾝ･ｴｳﾞｧﾝｹﾞﾘｵﾝX,0101,-1.0,0.8,-5.4,2,8,0,1/214,1/227,1/628
野川,2026-09-12,2026-09-12,9/12 23:31,パチンコ,3058,①Pｼﾝ･ｴｳﾞｧﾝｹﾞﾘｵﾝX,0102,-0.9,9.9,-0.5,0,17,8,1/105,1/295,1/186
野川,2026-09-12,2026-09-12,9/12 23:31,パチンコ,3058,①Pｼﾝ･ｴｳﾞｧﾝｹﾞﾘｵﾝX,0103,2.0,20.0,-1.1,7,32,8,1/123,1/105,1/353
野川,2026-09-12,2026-09-12,9/12 23:31,パチンコ,3058,①Pｼﾝ･ｴｳﾞｧﾝｹﾞﾘｵﾝX,0104,-2.2,-0.4,0.1,4,16,12,1/238,1/173,1/297
野川,2026-09-12,2026-09-12,9/12 23:31,パチンコ,2790,①Pｽｰﾊﾟｰ海物語 IN 沖縄5,0091,-0.5,-6.5,-7.1,9,2,2,1/341,1/909,1/493
野川,2026-09-12,2026-09-12,9/12 23:31,パチンコ,2790,①Pｽｰﾊﾟｰ海物語 IN 沖縄5,0092,-4.1,3.0,-1.5,0,19,0,1/556,1/281,1/182
野川,2026-09-12,2026-09-12,9/12 23:31,パチンコ,2790,①Pｽｰﾊﾟｰ海物語 IN 沖縄5,0093,0.3,-7.2,-1.7,8,14,3,1/149,1/478,1/491
野川,2026-09-12,2026-09-12,9/12 23:31,パチンコ,2790,①Pｽｰﾊﾟｰ海物語 IN 沖縄5,0094,-7.3,-9.0,14.6,1,3,26,1/877,1/388,1/185
野川,2026-09-12,2026-09-12,9/12 23:31,パチンコ,2790,①Pｽｰﾊﾟｰ海物語 IN 沖縄5,0095,-1.2,7.5,-1.1,1,12,5,1/235,1/77,1/439
野川,2026-09-12,2026-09-12,9/12 23:31,パチンコ,2790,①Pｽｰﾊﾟｰ海物語 IN 沖縄5,0096,-2.3,0.7,-2.3,0,6,1,1/239,1/228,1/344
野川,2026-09-12,2026-09-12,9/12 23:31,パチンコ,3225,①Pｽｰﾊﾟｰ海物語IN沖縄6LTP,0125,-1.1,4.0,0.3,0,6,5,1/111,1/54,1/154
野川,2026-09-12,2026-09-12,9/12 23:31,パチンコ,3225,①Pｽｰﾊﾟｰ海物語IN沖縄6LTP,0126,-1.8,-8.6,-4.3,3,3,22,1/239,1/1171,1/273
野川,2026-09-12,2026-09-12,9/12 23:31,パチンコ,2808,①Pｽｰﾊﾟｰ海物語沖縄5 夜桜超旋風,0120,-0.2,-2.7,5.6,2,6,23,1/59,1/286,1/57
野川,2026-09-12,2026-09-12,9/12 23:31,パチンコ,2808,①Pｽｰﾊﾟｰ海物語沖縄5 夜桜超旋風,0121,-6.0,-5.0,1.4,8,0,18,1/849,1/582,1/327
野川,2026-09-12,2026-09-12,9/12 23:31,パチンコ,2808,①Pｽｰﾊﾟｰ海物語沖縄5 夜桜超旋風,0122,-1.8,-4.3,3.9,0,2,33,1/234,1/559,1/113
野川,2026-09-12,2026-09-12,9/12 23:31,パチンコ,2808,①Pｽｰﾊﾟｰ海物語沖縄5 夜桜超旋風,0123,-0.6,-3.6,-2.3,0,24,0,1/81,1/303,1/202
野川,2026-09-12,2026-09-12,9/12 23:31,パチンコ,3228,①PｿﾞﾝﾋﾞﾗﾝﾄﾞｻｶﾞSCPC,0138,-5.7,-6.6,4.3,5,3,26,1/181,1/449,1/117
野川,2026-09-12,2026-09-12,9/12 23:31,パチンコ,3116,①PﾃﾞｼﾞﾊﾈﾓﾝｽﾀｰﾊﾝﾀｰﾗｲｽﾞGSPB,0001,-0.5,4.9,1.9,9,39,18,1/126,1/161,1/82
野川,2026-09-12,2026-09-12,9/12 23:31,パチンコ,3116,①PﾃﾞｼﾞﾊﾈﾓﾝｽﾀｰﾊﾝﾀｰﾗｲｽﾞGSPB,0061,-0.5,0.4,3.1,5,12,22,1/173,1/114,1/69
野川,2026-09-12,2026-09-12,9/12 23:31,パチンコ,3023,①Pﾄﾞﾗﾑだ!金ﾄﾞﾝ 花火外伝,0073,-0.7,4.0,1.7,0,13,11,1/85,1/101,1/557
野川,2026-09-12,2026-09-12,9/12 23:31,パチンコ,3147,①Pﾄﾞﾗﾑだ!金ﾄﾞﾝSB,0060,0.1,-2.2,7.3,12,6,46,1/57,1/177,1/137
野川,2026-09-12,2026-09-12,9/12 23:31,パチンコ,2825,①Pﾌｨｰﾊﾞｰ 機動戦士ｶﾞﾝﾀﾞﾑﾕﾆｺｰﾝ,0105,-0.2,6.0,-0.4,0,12,0,1/21,1/110,1/41
野川,2026-09-12,2026-09-12,9/12 23:31,パチンコ,2882,①Pﾌｨｰﾊﾞｰかぐや様は告らせたい,0132,-0.2,3.4,-1.4,0,6,0,1/23,1/35,1/154
野川,2026-09-12,2026-09-12,9/12 23:31,パチンコ,2882,①Pﾌｨｰﾊﾞｰかぐや様は告らせたい,0133,9.2,-3.1,-0.8,13,5,7,1/31,1/609,1/288
野川,2026-09-12,2026-09-12,9/12 23:31,パチンコ,3009,①Pﾌｨｰﾊﾞｰからくりｻｰｶｽ Light ver.,0043,2.3,2.7,-4.3,31,45,2,1/76,1/77,1/527
野川,2026-09-12,2026-09-12,9/12 23:31,パチンコ,2972,①Pﾌｨｰﾊﾞｰ三国戦騎7500,0074,-0.8,2.4,8.1,18,22,22,1/231,1/301,1/205
野川,2026-09-12,2026-09-12,9/12 23:31,パチンコ,3155,①Pﾌｨｰﾊﾞｰ機動戦士ｶﾞﾝﾀﾞﾑﾕﾆｺｰﾝ2S,0111,-1.4,-16.7,-16.2,0,19,19,1/158,1/516,1/523
野川,2026-09-12,2026-09-12,9/12 23:31,パチンコ,2881,①Pﾌｨｰﾊﾞｰ炎炎ﾉ消防隊,0082,-0.1,-2.3,-4.5,0,0,2,1/10,1/231,1/323
野川,2026-09-12,2026-09-12,9/12 23:31,パチンコ,2881,①Pﾌｨｰﾊﾞｰ炎炎ﾉ消防隊,0083,-1.8,3.7,-7.9,1,10,1,1/278,1/170,1/939
野川,2026-09-12,2026-09-12,9/12 23:31,パチンコ,3139,①Pﾌｨｰﾊﾞｰ炎炎ﾉ消防隊YR,0037,-6.3,0.5,-2.2,19,50,15,1/108,1/92,1/194
野川,2026-09-12,2026-09-12,9/12 23:31,パチンコ,2885,①PﾌｨｰﾊﾞｰｸｨｰﾝⅡ 30thAE,0007,-3.8,4.2,1.5,9,52,25,1/173,1/83,1/99
野川,2026-09-12,2026-09-12,9/12 23:31,パチンコ,2906,①Pﾌｨｰﾊﾞｰﾀﾞﾝﾍﾞﾙ何ｷﾛ持てる?Light,0045,-1.0,-7.1,0.4,13,25,34,1/120,1/114,1/71
野川,2026-09-12,2026-09-12,9/12 23:31,パチンコ,2942,①Pﾌｨｰﾊﾞｰﾀﾞﾝﾍﾞﾙ何ｷﾛ持てる?Light,0031,4.0,8.0,-0.6,27,48,22,1/147,1/59,1/113
野川,2026-09-12,2026-09-12,9/12 23:31,パチンコ,2907,①Pﾌｨｰﾊﾞｰﾏｸﾛｽﾌﾛﾝﾃｨｱ5,0137,-0.8,-3.7,-1.4,0,15,1,1/77,1/356,1/144
野川,2026-09-12,2026-09-12,9/12 23:31,パチンコ,3141,①Pﾌﾞﾗｯｸﾗｸﾞｰﾝ4GCPA,0041,-1.3,-2.8,-4.1,3,5,2,1/63,1/157,1/513
野川,2026-09-12,2026-09-12,9/12 23:31,パチンコ,3043,①Pﾗﾌﾞ嬢　~極嬢のﾊｰﾚﾑ体験~,0075,4.4,3.5,-1.9,10,6,1,1/340,1/61,1/217
野川,2026-09-12,2026-09-12,9/12 23:31,パチンコ,3043,①Pﾗﾌﾞ嬢　~極嬢のﾊｰﾚﾑ体験~,0117,0.0,-0.6,-2.1,0,0,1,,1/66,1/233
野川,2026-09-12,2026-09-12,9/12 23:31,パチンコ,3106,①Pﾙﾊﾟﾝ三世137YR2,0071,-2.0,0.5,-0.9,7,26,14,1/128,1/52,1/57
野川,2026-09-12,2026-09-12,9/12 23:31,パチンコ,3106,①Pﾙﾊﾟﾝ三世137YR2,0072,-1.4,-5.9,5.5,11,17,30,1/37,1/119,1/47
野川,2026-09-12,2026-09-12,9/12 23:31,パチンコ,3137,①Pﾙﾊﾟﾝ三世真速9YS1Y,0068,-1.8,-1.7,-1.6,59,43,54,1/111,1/111,1/89
野川,2026-09-12,2026-09-12,9/12 23:31,パチンコ,2717,①宇宙戦艦ﾔﾏﾄ2202bH,0035,-1.5,1.2,1.8,1,40,30,1/197,1/64,1/35
野川,2026-09-12,2026-09-12,9/12 23:31,パチンコ,2727,①ｻﾗﾘｰﾏﾝ金太郎FMY,0109,10.5,9.2,3.8,23,29,23,1/327,1/311,1/393
野川,2026-09-12,2026-09-12,9/12 23:31,パチンコ,2966,①ﾃﾞｼﾞﾊﾈP聖戦士ﾀﾞﾝﾊﾞｲﾝ2,0033,-0.8,-1.5,-0.9,5,31,51,1/71,1/68,1/89
野川,2026-09-12,2026-09-12,9/12 23:31,パチンコ,2966,①ﾃﾞｼﾞﾊﾈP聖戦士ﾀﾞﾝﾊﾞｲﾝ2,0070,-2.0,0.9,-2.0,0,14,31,1/242,1/96,1/101
野川,2026-09-12,2026-09-12,9/12 23:31,パチンコ,3087,ﾃﾞｶｽﾀe花の慶次~傾奇一転H6,0400,0.0,-0.4,-0.8,0,0,0,,1/76,1/155
野川,2026-09-12,2026-09-12,9/12 23:31,パチンコ,3087,ﾃﾞｶｽﾀe花の慶次~傾奇一転H6,0401,0.0,0.3,-0.2,0,2,0,,1/163,1/38
野川,2026-09-12,2026-09-12,9/12 23:31,パチンコ,3055,ﾃﾞｼﾞﾊﾈP北斗の拳 慈母,0206,-0.5,0.3,0.1,4,38,7,1/56,1/63,1/67
野川,2026-09-12,2026-09-12,9/12 23:31,パチンコ,3055,ﾃﾞｼﾞﾊﾈP北斗の拳 慈母,0207,3.0,-1.3,-1.8,25,2,12,1/40,1/205,1/64
野川,2026-09-12,2026-09-12,9/12 23:31,スロット,3085,L ToLOVEるﾀﾞｰｸﾈｽ TRANCE ver.8.7,0687,-0.5,-0.3,-0.2,8,5,24,1/141,1/153,1/136
野川,2026-09-12,2026-09-12,9/12 23:31,スロット,3011,L にゃんこ大戦争 超神速,0685,-0.4,-0.1,1.1,4,6,8,1/151,1/98,1/72
野川,2026-09-12,2026-09-12,9/12 23:31,スロット,3018,L 東京喰種,0501,2.3,-2.4,1.2,26,47,28,1/127,1/156,1/120
野川,2026-09-12,2026-09-12,9/12 23:31,スロット,3018,L 東京喰種,0502,2.3,1.1,-0.5,26,17,10,1/103,1/129,1/149
野川,2026-09-12,2026-09-12,9/12 23:31,スロット,3018,L 東京喰種,0503,-1.8,-1.2,-0.5,5,3,30,1/438,1/323,1/143
野川,2026-09-12,2026-09-12,9/12 23:31,スロット,3018,L 東京喰種,0504,-0.5,-1.3,-0.6,6,7,17,1/150,1/265,1/134
野川,2026-09-12,2026-09-12,9/12 23:31,スロット,3018,L 東京喰種,0505,9.1,-3.2,-1.6,48,8,15,1/14,1/351,1/238
野川,2026-09-12,2026-09-12,9/12 23:31,スロット,3018,L 東京喰種,0506,-0.8,-4.4,-2.2,14,6,11,1/120,1/576,1/255
野川,2026-09-12,2026-09-12,9/12 23:31,スロット,3018,L 東京喰種,0507,-0.2,0.1,-2.5,15,1,11,1/131,1/115,1/292
野川,2026-09-12,2026-09-12,9/12 23:31,スロット,3018,L 東京喰種,0508,1.8,-0.7,15.2,27,30,80,1/119,1/130,1/27
野川,2026-09-12,2026-09-12,9/12 23:31,スロット,3018,L 東京喰種,0509,-1.6,-0.3,2.8,3,0,19,1/472,1/167,1/75
野川,2026-09-12,2026-09-12,9/12 23:31,スロット,3018,L 東京喰種,0510,-3.8,3.1,-5.0,18,39,13,1/276,1/67,1/385
野川,2026-09-12,2026-09-12,9/12 23:31,スロット,3018,L 東京喰種,0511,-1.4,-3.4,-5.9,17,36,22,1/165,1/177,1/273
野川,2026-09-12,2026-09-12,9/12 23:31,スロット,3172,L 甲鉄城のｶﾊﾞﾈﾘ 海門決戦 XX,0581,-0.1,1.1,-0.5,2,23,50,1/93,1/54,1/93
野川,2026-09-12,2026-09-12,9/12 23:31,スロット,3172,L 甲鉄城のｶﾊﾞﾈﾘ 海門決戦 XX,0582,2.4,-1.1,-1.6,38,11,10,1/66,1/139,1/180
野川,2026-09-12,2026-09-12,9/12 23:31,スロット,3172,L 甲鉄城のｶﾊﾞﾈﾘ 海門決戦 XX,0583,-2.3,0.5,-2.1,4,25,24,1/403,1/89,1/140
野川,2026-09-12,2026-09-12,9/12 23:31,スロット,3172,L 甲鉄城のｶﾊﾞﾈﾘ 海門決戦 XX,0584,-0.2,-0.5,-0.3,11,3,29,1/115,1/198,1/120
野川,2026-09-12,2026-09-12,9/12 23:31,スロット,3172,L 甲鉄城のｶﾊﾞﾈﾘ 海門決戦 XX,0585,0.2,0.0,-0.1,20,0,5,1/104,,1/97
野川,2026-09-12,2026-09-12,9/12 23:31,スロット,3172,L 甲鉄城のｶﾊﾞﾈﾘ 海門決戦 XX,0586,-0.7,-2.5,-1.1,9,6,23,1/138,1/350,1/119
野川,2026-09-12,2026-09-12,9/12 23:31,スロット,3172,L 甲鉄城のｶﾊﾞﾈﾘ 海門決戦 XX,0587,-2.0,0.0,-2.9,13,0,10,1/168,,1/251
野川,2026-09-12,2026-09-12,9/12 23:31,スロット,3172,L 甲鉄城のｶﾊﾞﾈﾘ 海門決戦 XX,0588,-0.4,1.0,-0.2,6,33,36,1/129,1/77,1/93
野川,2026-09-12,2026-09-12,9/12 23:31,スロット,3172,L 甲鉄城のｶﾊﾞﾈﾘ 海門決戦 XX,0589,-1.9,0.1,-0.8,19,11,18,1/161,1/61,1/112
野川,2026-09-12,2026-09-12,9/12 23:31,スロット,3172,L 甲鉄城のｶﾊﾞﾈﾘ 海門決戦 XX,0590,-1.4,-0.5,4.0,4,5,48,1/295,1/154,1/34
野川,2026-09-12,2026-09-12,9/12 23:31,スロット,3172,L 甲鉄城のｶﾊﾞﾈﾘ 海門決戦 XX,0591,-1.9,-0.2,-1.4,5,15,14,1/340,1/102,1/159
野川,2026-09-12,2026-09-12,9/12 23:31,スロット,3172,L 甲鉄城のｶﾊﾞﾈﾘ 海門決戦 XX,0592,8.3,0.2,0.0,64,5,48,1/46,1/72,1/86
野川,2026-09-12,2026-09-12,9/12 23:31,スロット,3172,L 甲鉄城のｶﾊﾞﾈﾘ 海門決戦 XX,0593,0.3,-0.1,-2.7,41,3,18,1/91,1/129,1/186
野川,2026-09-12,2026-09-12,9/12 23:31,スロット,3172,L 甲鉄城のｶﾊﾞﾈﾘ 海門決戦 XX,0594,-0.6,-0.6,3.5,2,5,53,1/313,1/174,1/55
野川,2026-09-12,2026-09-12,9/12 23:31,スロット,3172,L 甲鉄城のｶﾊﾞﾈﾘ 海門決戦 XX,0595,-0.1,-0.3,5.0,28,11,45,1/83,1/127,1/44
野川,2026-09-12,2026-09-12,9/12 23:31,スロット,3091,L 転生したら剣でしたGT,0686,0.0,-0.7,-0.7,0,13,8,,1/130,1/149
野川,2026-09-12,2026-09-12,9/12 23:31,スロット,3089,L ｱｽﾞｰﾙﾚｰﾝ THE ANIMATION　KN,0563,0.7,-0.9,-0.2,13,2,27,1/29,1/392,1/68
野川,2026-09-12,2026-09-12,9/12 23:31,スロット,3089,L ｱｽﾞｰﾙﾚｰﾝ THE ANIMATION　KN,0564,-0.6,-0.2,1.1,13,0,33,1/104,1/169,1/47
野川,2026-09-12,2026-09-12,9/12 23:31,スロット,3089,L ｱｽﾞｰﾙﾚｰﾝ THE ANIMATION　KN,0565,0.1,-1.1,-1.8,3,9,7,1/46,1/150,1/244
野川,2026-09-12,2026-09-12,9/12 23:31,スロット,3089,L ｱｽﾞｰﾙﾚｰﾝ THE ANIMATION　KN,0566,0.1,-1.0,-1.7,4,3,11,1/65,1/333,1/187
野川,2026-09-12,2026-09-12,9/12 23:31,スロット,3244,L ｽﾏｽﾛ ﾘｺﾘｽ･ﾘｺｲﾙ KX,0637,1.6,-3.4,-0.9,82,65,103,1/99,1/106,1/92
野川,2026-09-12,2026-09-12,9/12 23:31,スロット,3244,L ｽﾏｽﾛ ﾘｺﾘｽ･ﾘｺｲﾙ KX,0638,0.0,-1.4,-0.8,87,67,94,1/95,1/102,1/108
野川,2026-09-12,2026-09-12,9/12 23:31,スロット,3244,L ｽﾏｽﾛ ﾘｺﾘｽ･ﾘｺｲﾙ KX,0639,-1.3,-3.8,2.5,78,59,117,1/105,1/132,1/90
野川,2026-09-12,2026-09-12,9/12 23:31,スロット,3244,L ｽﾏｽﾛ ﾘｺﾘｽ･ﾘｺｲﾙ KX,0640,-2.9,3.4,-2.7,78,94,87,1/105,1/91,1/103
野川,2026-09-12,2026-09-12,9/12 23:31,スロット,3244,L ｽﾏｽﾛ ﾘｺﾘｽ･ﾘｺｲﾙ KX,0641,0.2,-1.2,-1.4,74,64,87,1/104,1/106,1/106
野川,2026-09-12,2026-09-12,9/12 23:31,スロット,3244,L ｽﾏｽﾛ ﾘｺﾘｽ･ﾘｺｲﾙ KX,0642,3.4,-1.8,5.1,107,71,110,1/85,1/111,1/83
野川,2026-09-12,2026-09-12,9/12 23:31,スロット,3244,L ｽﾏｽﾛ ﾘｺﾘｽ･ﾘｺｲﾙ KX,0643,-2.1,-2.4,2.3,82,65,90,1/114,1/112,1/90
野川,2026-09-12,2026-09-12,9/12 23:31,スロット,3244,L ｽﾏｽﾛ ﾘｺﾘｽ･ﾘｺｲﾙ KX,0644,1.1,3.0,3.0,91,120,99,1/96,1/84,1/87
野川,2026-09-12,2026-09-12,9/12 23:31,スロット,3247,L ﾚﾝﾀﾙ彼女 BK,0576,-1.5,0.1,-2.9,45,62,41,1/127,1/104,1/146
野川,2026-09-12,2026-09-12,9/12 23:31,スロット,3247,L ﾚﾝﾀﾙ彼女 BK,0577,-0.5,-1.6,0.4,56,33,50,1/111,1/133,1/109
野川,2026-09-12,2026-09-12,9/12 23:31,スロット,3151,L/スマスロ秘宝伝/PA7,0572,-0.4,-0.8,0.4,12,15,32,1/232,1/212,1/180
野川,2026-09-12,2026-09-12,9/12 23:31,スロット,3151,L/スマスロ秘宝伝/PA7,0573,-1.4,-0.5,0.9,9,5,32,1/291,1/252,1/177
野川,2026-09-12,2026-09-12,9/12 23:31,スロット,3207,L/ｿｰﾄﾞｱｰﾄ・ｵﾝﾗｲﾝⅡ/PA,0578,-4.8,4.8,-4.2,42,71,55,1/151,1/84,1/136
野川,2026-09-12,2026-09-12,9/12 23:31,スロット,3207,L/ｿｰﾄﾞｱｰﾄ・ｵﾝﾗｲﾝⅡ/PA,0579,-2.0,-1.7,-2.8,67,15,57,1/126,1/127,1/109
野川,2026-09-12,2026-09-12,9/12 23:31,スロット,3207,L/ｿｰﾄﾞｱｰﾄ・ｵﾝﾗｲﾝⅡ/PA,0580,-6.3,-1.9,-4.5,60,52,58,1/134,1/100,1/120
野川,2026-09-12,2026-09-12,9/12 23:31,スロット,3168,L/ﾊﾅﾋﾞ/KM,0655,-0.5,-0.2,-0.4,0,9,5,1/410,1/302,1/337
野川,2026-09-12,2026-09-12,9/12 23:31,スロット,3168,L/ﾊﾅﾋﾞ/KM,0656,-0.6,-0.4,-0.5,0,6,11,1/459,1/373,1/335
野川,2026-09-12,2026-09-12,9/12 23:31,スロット,3168,L/ﾊﾅﾋﾞ/KM,0657,-0.6,-0.7,-0.7,4,2,2,1/365,1/567,1/602
野川,2026-09-12,2026-09-12,9/12 23:31,スロット,3168,L/ﾊﾅﾋﾞ/KM,0658,1.2,-0.9,0.9,13,6,11,1/226,1/456,1/240
野川,2026-09-12,2026-09-12,9/12 23:31,スロット,3173,LB/ｽﾏｽﾛｻﾝﾀﾞｰVHA,0654,0.9,0.3,-2.5,15,5,4,1/233,1/212,1/772
野川,2026-09-12,2026-09-12,9/12 23:31,スロット,3245,LB/ﾀｺｽﾛBD,0663,-0.2,2.4,0.1,30,25,23,1/301,1/262,1/344
野川,2026-09-12,2026-09-12,9/12 23:31,スロット,3083,LBAREX BRIGHTBA,0653,0.2,-0.4,-1.3,8,2,9,1/270,1/489,1/384
野川,2026-09-12,2026-09-12,9/12 23:31,スロット,3184,LB不二子M2,0659,0.9,-0.4,-0.4,13,3,17,1/72,1/235,1/165
野川,2026-09-12,2026-09-12,9/12 23:31,スロット,3183,LB異世界かるてっとKR,0660,0.5,0.6,-0.2,8,10,13,1/102,1/105,1/155
野川,2026-09-12,2026-09-12,9/12 23:31,スロット,3185,LB／ｼｪｲｸﾎﾞｰﾅｽﾄﾘｶﾞｰ／A1,0661,0.4,-1.2,-0.8,9,6,14,1/307,1/535,1/362
野川,2026-09-12,2026-09-12,9/12 23:31,スロット,3223,LBｹﾛｯﾄ5NDO5H,0662,-0.5,-0.3,-0.3,2,0,9,1/378,1/235,1/256
野川,2026-09-12,2026-09-12,9/12 23:31,スロット,3060,Lいざ!番長,0601,-0.6,-2.2,-3.2,5,13,18,1/173,1/193,1/213
野川,2026-09-12,2026-09-12,9/12 23:31,スロット,3060,Lいざ!番長,0602,-0.4,0.5,0.7,8,13,20,1/104,1/105,1/83
野川,2026-09-12,2026-09-12,9/12 23:31,スロット,3060,Lいざ!番長,0603,-1.0,0.0,-2.1,2,24,4,1/431,1/110,1/443
野川,2026-09-12,2026-09-12,9/12 23:31,スロット,3221,Lからくりｻｰｶｽ2jG,0614,-2.1,-0.5,-1.6,10,11,17,1/198,1/134,1/131
野川,2026-09-12,2026-09-12,9/12 23:31,スロット,3221,Lからくりｻｰｶｽ2jG,0615,-0.9,-0.3,-1.0,14,3,6,1/117,1/147,1/165
野川,2026-09-12,2026-09-12,9/12 23:31,スロット,3221,Lからくりｻｰｶｽ2jG,0616,0.8,4.4,-4.3,24,30,17,1/96,1/51,1/231
野川,2026-09-12,2026-09-12,9/12 23:31,スロット,3221,Lからくりｻｰｶｽ2jG,0617,-1.7,-0.2,-2.8,58,5,21,1/94,1/83,1/150
野川,2026-09-12,2026-09-12,9/12 23:31,スロット,2708,LからくりｻｰｶｽG,0676,-0.1,0.6,0.0,0,8,8,1/63,1/26,1/71
野川,2026-09-12,2026-09-12,9/12 23:31,スロット,3238,Lとある魔術の禁書目録2FA,0567,0.1,-2.3,-3.2,24,11,16,1/179,1/227,1/260
野川,2026-09-12,2026-09-12,9/12 23:31,スロット,3238,Lとある魔術の禁書目録2FA,0568,-3.4,-2.4,9.7,21,11,51,1/237,1/225,1/54
野川,2026-09-12,2026-09-12,9/12 23:31,スロット,3238,Lとある魔術の禁書目録2FA,0569,-1.9,-1.0,6.3,18,17,42,1/189,1/158,1/124
野川,2026-09-12,2026-09-12,9/12 23:31,スロット,3236,Lやじきた道中記参る!BG,0667,-1.4,0.0,0.1,4,7,12,1/514,1/260,1/431
野川,2026-09-12,2026-09-12,9/12 23:31,スロット,3114,L主役は銭形5L2,0541,1.2,-2.0,-2.0,20,8,10,1/102,1/254,1/195
野川,2026-09-12,2026-09-12,9/12 23:31,スロット,3114,L主役は銭形5L2,0542,-2.5,-3.0,0.0,18,8,15,1/203,1/321,1/154
野川,2026-09-12,2026-09-12,9/12 23:31,スロット,3160,L北斗の拳 転生の章2MW,0629,-0.8,-0.5,-1.4,2,4,11,1/321,1/167,1/179
野川,2026-09-12,2026-09-12,9/12 23:31,スロット,3160,L北斗の拳 転生の章2MW,0630,0.4,-0.2,0.2,8,0,29,1/75,1/92,1/92
野川,2026-09-12,2026-09-12,9/12 23:31,スロット,3160,L北斗の拳 転生の章2MW,0631,0.1,-0.3,-0.7,12,6,13,1/84,1/108,1/117
野川,2026-09-12,2026-09-12,9/12 23:31,スロット,3160,L北斗の拳 転生の章2MW,0632,0.0,0.4,-0.7,9,14,7,1/86,1/65,1/142
野川,2026-09-12,2026-09-12,9/12 23:31,スロット,3160,L北斗の拳 転生の章2MW,0633,-1.9,-0.4,0.6,15,39,31,1/174,1/87,1/75
野川,2026-09-12,2026-09-12,9/12 23:31,スロット,3160,L北斗の拳 転生の章2MW,0634,-0.9,1.4,0.1,9,25,4,1/162,1/59,1/72
野川,2026-09-12,2026-09-12,9/12 23:31,スロット,3160,L北斗の拳 転生の章2MW,0635,-0.9,-1.1,-0.3,15,2,18,1/124,1/499,1/99
野川,2026-09-12,2026-09-12,9/12 23:31,スロット,3160,L北斗の拳 転生の章2MW,0636,-1.5,0.5,-1.4,6,51,7,1/247,1/83,1/203
野川,2026-09-12,2026-09-12,9/12 23:31,スロット,3090,L咲-Saki- 頂上決戦YR,0684,0.0,-1.2,-2.5,6,3,19,1/76,1/283,1/152
野川,2026-09-12,2026-09-12,9/12 23:31,スロット,3029,L回胴黙示録ｶｲｼﾞ 狂宴,0683,-0.2,-2.0,1.8,3,3,21,1/183,1/523,1/127
野川,2026-09-12,2026-09-12,9/12 23:31,スロット,2767,L戦国乙女4 戦乱に閃く炯眼の軍師,0543,-2.1,0.4,2.7,6,9,23,1/375,1/262,1/162
野川,2026-09-12,2026-09-12,9/12 23:31,スロット,2767,L戦国乙女4 戦乱に閃く炯眼の軍師,0544,0.0,-0.8,-2.1,17,21,5,1/223,1/181,1/504
野川,2026-09-12,2026-09-12,9/12 23:31,スロット,3205,L戦国乙女5L8,0560,-3.6,-1.4,-2.7,9,22,39,1/326,1/149,1/115
野川,2026-09-12,2026-09-12,9/12 23:31,スロット,3205,L戦国乙女5L8,0561,-2.4,0.2,-0.1,8,19,56,1/290,1/93,1/80
野川,2026-09-12,2026-09-12,9/12 23:31,スロット,3205,L戦国乙女5L8,0562,-2.4,5.1,4.6,44,48,56,1/115,1/38,1/74
野川,2026-09-12,2026-09-12,9/12 23:31,スロット,3224,L戦国ｺﾚｸｼｮﾝ6KS,0677,-3.5,-1.4,7.5,25,3,32,1/232,1/413,1/135
野川,2026-09-12,2026-09-12,9/12 23:31,スロット,3165,L攻殻機動隊 ZS,0668,-1.8,0.4,3.2,9,29,28,1/331,1/135,1/142
野川,2026-09-12,2026-09-12,9/12 23:31,スロット,3113,L新鬼武者3SA,0596,-1.2,-0.1,-1.5,12,2,28,1/129,1/234,1/147
野川,2026-09-12,2026-09-12,9/12 23:31,スロット,3113,L新鬼武者3SA,0597,-0.6,-0.6,-1.8,3,3,6,1/197,1/259,1/284
野川,2026-09-12,2026-09-12,9/12 23:31,スロット,3113,L新鬼武者3SA,0598,0.1,-0.1,-0.9,13,6,4,1/95,1/80,1/199
野川,2026-09-12,2026-09-12,9/12 23:31,スロット,3113,L新鬼武者3SA,0599,-0.7,-0.9,-1.7,6,38,6,1/167,1/95,1/267
野川,2026-09-12,2026-09-12,9/12 23:31,スロット,3113,L新鬼武者3SA,0600,-0.3,0.1,0.1,8,37,30,1/130,1/86,1/91
野川,2026-09-12,2026-09-12,9/12 23:31,スロット,3167,L炎炎ﾉ消防隊2,0612,-0.5,-0.4,-2.1,2,6,14,1/286,1/234,1/259
野川,2026-09-12,2026-09-12,9/12 23:31,スロット,3167,L炎炎ﾉ消防隊2,0613,-1.6,0.0,0.1,4,7,29,1/542,1/142,1/169
野川,2026-09-12,2026-09-12,9/12 23:31,スロット,3152,L無職転生 異世界行ったら本気だす,0679,-2.3,-1.0,-4.6,17,42,13,1/181,1/96,1/380
野川,2026-09-12,2026-09-12,9/12 23:31,スロット,3166,L範馬刃牙L5,0681,0.0,-0.5,-2.2,0,1,8,,1/362,1/220
野川,2026-09-12,2026-09-12,9/12 23:31,スロット,3237,L邪神ちゃんﾄﾞﾛｯﾌﾟｷｯｸTX,0672,-0.7,-1.0,-2.8,28,15,20,1/225,1/337,1/337
野川,2026-09-12,2026-09-12,9/12 23:31,スロット,3161,L鉄拳6YDO1H,0555,0.1,1.5,2.6,2,20,12,1/117,1/70,1/37
野川,2026-09-12,2026-09-12,9/12 23:31,スロット,3161,L鉄拳6YDO1H,0556,1.3,-0.2,-0.5,15,0,1,1/110,1/146,1/455
野川,2026-09-12,2026-09-12,9/12 23:31,スロット,3161,L鉄拳6YDO1H,0557,0.2,0.0,4.9,7,0,9,1/146,,1/90
野川,2026-09-12,2026-09-12,9/12 23:31,スロット,3161,L鉄拳6YDO1H,0558,-0.5,-0.6,3.5,1,5,7,1/636,1/216,1/56
野川,2026-09-12,2026-09-12,9/12 23:31,スロット,3161,L鉄拳6YDO1H,0559,-0.5,0.0,0.0,2,0,0,1/257,,
野川,2026-09-12,2026-09-12,9/12 23:31,スロット,3246,L青春ﾌﾞﾀ野郎L1,0574,-3.2,7.5,2.6,56,57,50,1/125,1/85,1/111
野川,2026-09-12,2026-09-12,9/12 23:31,スロット,3246,L青春ﾌﾞﾀ野郎L1,0575,-3.9,1.0,-6.9,48,51,39,1/149,1/115,1/195
野川,2026-09-12,2026-09-12,9/12 23:31,スロット,3128,L革命機ｳﾞｧﾙｳﾞﾚｲｳﾞ2jF,0539,-0.7,-0.4,-0.3,4,0,34,1/248,1/249,1/138
野川,2026-09-12,2026-09-12,9/12 23:31,スロット,3128,L革命機ｳﾞｧﾙｳﾞﾚｲｳﾞ2jF,0540,-0.2,-2.6,1.7,29,2,58,1/123,1/1061,1/78
野川,2026-09-12,2026-09-12,9/12 23:31,スロット,3186,L／SHAMANKING／SS,0664,0.0,0.0,-1.6,0,0,8,,,1/231
野川,2026-09-12,2026-09-12,9/12 23:31,スロット,3162,L／オキドキデュオ2／FR,0670,0.4,-0.3,-1.3,3,0,5,1/85,1/171,1/244
野川,2026-09-12,2026-09-12,9/12 23:31,スロット,3190,L／ミリオンゴッド／CX,0531,-2.1,-2.9,9.0,0,4,0,1/1704,1/1393,1/1767
野川,2026-09-12,2026-09-12,9/12 23:31,スロット,3190,L／ミリオンゴッド／CX,0532,-1.0,-0.8,-2.7,0,0,0,1/1098,1/1652,1/2605
野川,2026-09-12,2026-09-12,9/12 23:31,スロット,3190,L／ミリオンゴッド／CX,0533,-1.4,5.3,-2.5,0,5,0,1/3422,1/1041,1/2471
野川,2026-09-12,2026-09-12,9/12 23:31,スロット,3190,L／ミリオンゴッド／CX,0534,-1.6,-0.9,-0.7,0,0,0,1/3112,1/1737,1/3187
野川,2026-09-12,2026-09-12,9/12 23:31,スロット,3190,L／ミリオンゴッド／CX,0535,-2.5,-0.3,0.7,0,3,0,1/2498,1/952,1/3004
野川,2026-09-12,2026-09-12,9/12 23:31,スロット,3180,L／真打吉宗／A1,0678,2.4,-4.0,1.7,46,48,63,1/60,1/128,1/67
野川,2026-09-12,2026-09-12,9/12 23:31,スロット,3182,LｱｸﾀﾞﾏﾄﾞﾗｲﾌﾞTP,0674,-0.4,-0.2,-1.1,1,0,3,1/518,1/120,1/413
野川,2026-09-12,2026-09-12,9/12 23:31,スロット,3103,Lｸﾚｱの秘宝伝 ﾎﾞｰﾅｽﾄﾘｶﾞｰver./A2,0652,-0.6,-0.5,1.0,6,6,14,1/321,1/397,1/227
野川,2026-09-12,2026-09-12,9/12 23:31,スロット,3164,LｺﾞﾌﾞﾘﾝｽﾚｲﾔｰⅡJZ,0682,-0.8,-2.4,-1.9,3,5,2,1/331,1/464,1/639
野川,2026-09-12,2026-09-12,9/12 23:31,スロット,3196,Lｽｰﾊﾟｰﾘｵｴｰｽ2NDO2H,0545,0.7,-1.6,4.0,20,18,49,1/166,1/128,1/94
野川,2026-09-12,2026-09-12,9/12 23:31,スロット,3196,Lｽｰﾊﾟｰﾘｵｴｰｽ2NDO2H,0546,-3.0,0.0,6.6,22,3,63,1/208,1/93,1/91
野川,2026-09-12,2026-09-12,9/12 23:31,スロット,3235,Lｽﾄﾘｰﾄﾌｧｲﾀｰ6SB,0665,1.3,-2.7,-5.3,23,12,22,1/124,1/266,1/279
野川,2026-09-12,2026-09-12,9/12 23:31,スロット,3150,Lｽﾏｽﾛ 化物語KH,0536,-0.8,-1.9,-1.3,35,13,37,1/105,1/193,1/130
野川,2026-09-12,2026-09-12,9/12 23:31,スロット,3150,Lｽﾏｽﾛ 化物語KH,0537,3.0,0.5,-2.5,65,26,20,1/88,1/98,1/170
野川,2026-09-12,2026-09-12,9/12 23:31,スロット,3150,Lｽﾏｽﾛ 化物語KH,0538,0.8,-0.9,-2.2,65,36,13,1/89,1/98,1/229
野川,2026-09-12,2026-09-12,9/12 23:31,スロット,3105,Lｽﾏｽﾛ 東京ﾘﾍﾞﾝｼﾞｬｰｽﾞZF,0610,1.1,-0.4,-1.5,9,3,24,1/128,1/307,1/230
野川,2026-09-12,2026-09-12,9/12 23:31,スロット,3105,Lｽﾏｽﾛ 東京ﾘﾍﾞﾝｼﾞｬｰｽﾞZF,0611,-2.1,-1.1,-0.6,17,46,22,1/286,1/227,1/221
野川,2026-09-12,2026-09-12,9/12 23:31,スロット,3193,LﾀｸﾄｵｰﾊﾟｽM1,0673,-0.7,0.7,-1.3,3,3,7,1/260,1/115,1/225
野川,2026-09-12,2026-09-12,9/12 23:31,スロット,3206,LﾊﾞｰﾃﾞｨｰｳｲﾝｸﾞBC,0675,-0.6,-1.3,-2.7,24,4,23,1/76,1/247,1/125
野川,2026-09-12,2026-09-12,9/12 23:31,スロット,3028,Lﾊﾞｲｵﾊｻﾞｰﾄﾞ5,0570,0.7,0.2,0.0,9,6,0,1/151,1/152,
野川,2026-09-12,2026-09-12,9/12 23:31,スロット,3028,Lﾊﾞｲｵﾊｻﾞｰﾄﾞ5,0571,0.6,0.0,-0.1,6,0,0,1/176,,1/29
野川,2026-09-12,2026-09-12,9/12 23:31,スロット,3195,LﾊﾞｲｵﾊｻﾞｰﾄﾞRE:3 ZD,0604,-0.3,-0.1,16.3,3,0,72,1/127,1/61,1/22
野川,2026-09-12,2026-09-12,9/12 23:31,スロット,3195,LﾊﾞｲｵﾊｻﾞｰﾄﾞRE:3 ZD,0605,-0.8,1.0,-0.3,25,10,10,1/95,1/24,1/84
野川,2026-09-12,2026-09-12,9/12 23:31,スロット,3195,LﾊﾞｲｵﾊｻﾞｰﾄﾞRE:3 ZD,0606,-2.5,2.5,-1.4,11,34,13,1/213,1/43,1/136
野川,2026-09-12,2026-09-12,9/12 23:31,スロット,2952,Lﾊﾟﾁｽﾛ かぐや様は告らせたい,0547,0.0,-0.9,-1.0,0,2,5,,1/472,1/304
野川,2026-09-12,2026-09-12,9/12 23:31,スロット,2952,Lﾊﾟﾁｽﾛ かぐや様は告らせたい,0548,-0.8,-0.7,-0.7,4,1,7,1/308,1/624,1/261
野川,2026-09-12,2026-09-12,9/12 23:31,スロット,2952,Lﾊﾟﾁｽﾛ かぐや様は告らせたい,0549,0.0,0.0,-0.8,0,0,9,,,1/241
野川,2026-09-12,2026-09-12,9/12 23:31,スロット,2952,Lﾊﾟﾁｽﾛ かぐや様は告らせたい,0550,-0.5,2.7,0.9,0,17,12,1/272,1/110,1/124
野川,2026-09-12,2026-09-12,9/12 23:31,スロット,2892,Lﾊﾟﾁｽﾛ 炎炎ﾉ消防隊,0694,-0.2,0.3,5.0,8,8,25,1/205,1/122,1/54
野川,2026-09-12,2026-09-12,9/12 23:31,スロット,2892,Lﾊﾟﾁｽﾛ 炎炎ﾉ消防隊,0695,-0.4,-0.3,3.0,0,0,26,1/359,1/349,1/77
野川,2026-09-12,2026-09-12,9/12 23:31,スロット,2682,Lﾊﾟﾁｽﾛ北斗の拳AD　XR,0618,3.1,-0.7,-0.2,86,38,16,1/65,1/109,1/98
野川,2026-09-12,2026-09-12,9/12 23:31,スロット,2682,Lﾊﾟﾁｽﾛ北斗の拳AD　XR,0619,0.3,0.7,-1.3,24,16,20,1/79,1/61,1/127
野川,2026-09-12,2026-09-12,9/12 23:31,スロット,2682,Lﾊﾟﾁｽﾛ北斗の拳AD　XR,0620,2.1,-0.6,-1.3,87,3,19,1/76,1/260,1/134
野川,2026-09-12,2026-09-12,9/12 23:31,スロット,2682,Lﾊﾟﾁｽﾛ北斗の拳AD　XR,0621,0.6,0.0,-1.2,21,6,11,1/77,1/95,1/166
野川,2026-09-12,2026-09-12,9/12 23:31,スロット,2682,Lﾊﾟﾁｽﾛ北斗の拳AD　XR,0622,1.0,1.0,0.9,80,78,31,1/89,1/89,1/73
野川,2026-09-12,2026-09-12,9/12 23:31,スロット,2682,Lﾊﾟﾁｽﾛ北斗の拳AD　XR,0623,2.1,-0.1,0.0,45,10,26,1/53,1/94,1/99
野川,2026-09-12,2026-09-12,9/12 23:31,スロット,2682,Lﾊﾟﾁｽﾛ北斗の拳AD　XR,0624,0.7,-1.0,-1.5,72,19,8,1/87,1/111,1/247
野川,2026-09-12,2026-09-12,9/12 23:31,スロット,2682,Lﾊﾟﾁｽﾛ北斗の拳AD　XR,0625,1.9,2.1,-0.2,46,24,13,1/63,1/27,1/111
野川,2026-09-12,2026-09-12,9/12 23:31,スロット,2682,Lﾊﾟﾁｽﾛ北斗の拳AD　XR,0626,3.7,1.1,-1.3,77,11,20,1/66,1/25,1/136
野川,2026-09-12,2026-09-12,9/12 23:31,スロット,2682,Lﾊﾟﾁｽﾛ北斗の拳AD　XR,0627,4.6,0.6,-0.3,59,19,14,1/32,1/69,1/103
野川,2026-09-12,2026-09-12,9/12 23:31,スロット,2682,Lﾊﾟﾁｽﾛ北斗の拳AD　XR,0628,6.1,-0.3,2.0,109,6,47,1/57,1/130,1/64
野川,2026-09-12,2026-09-12,9/12 23:31,スロット,3194,Lﾋﾞｯｸﾞﾄﾞﾘｰﾑ KR,0607,0.0,0.0,-1.3,0,0,10,,1/9,1/163
野川,2026-09-12,2026-09-12,9/12 23:31,スロット,3194,Lﾋﾞｯｸﾞﾄﾞﾘｰﾑ KR,0608,0.0,-1.6,-0.2,0,3,0,,1/404,1/141
野川,2026-09-12,2026-09-12,9/12 23:31,スロット,3194,Lﾋﾞｯｸﾞﾄﾞﾘｰﾑ KR,0609,0.0,-0.5,0.0,0,6,0,,1/127,
野川,2026-09-12,2026-09-12,9/12 23:31,スロット,3036,Lﾏｷﾞｱﾚｺｰﾄﾞ まどマギ外伝,0696,-0.6,0.0,-1.4,1,0,3,1/478,,1/317
野川,2026-09-12,2026-09-12,9/12 23:31,スロット,3036,Lﾏｷﾞｱﾚｺｰﾄﾞ まどマギ外伝,0697,-0.8,0.2,0.8,2,3,1,1/298,1/320,1/262
野川,2026-09-12,2026-09-12,9/12 23:31,スロット,3036,Lﾏｷﾞｱﾚｺｰﾄﾞ まどマギ外伝,0698,1.2,0.1,1.4,4,1,10,1/262,1/261,1/287
野川,2026-09-12,2026-09-12,9/12 23:31,スロット,3036,Lﾏｷﾞｱﾚｺｰﾄﾞ まどマギ外伝,0699,-0.6,-0.6,0.0,1,1,0,1/444,1/540,
野川,2026-09-12,2026-09-12,9/12 23:31,スロット,3036,Lﾏｷﾞｱﾚｺｰﾄﾞ まどマギ外伝,0700,0.8,-0.2,-2.2,7,4,26,1/256,1/174,1/252
野川,2026-09-12,2026-09-12,9/12 23:31,スロット,3222,LﾔﾊﾞﾁﾊﾞZM,0669,-1.1,-1.5,-3.2,3,4,6,1/371,1/357,1/450
野川,2026-09-12,2026-09-12,9/12 23:31,スロット,2984,Lﾙﾊﾟﾝ三世 大航海者の秘宝,0688,0.0,3.1,-1.4,0,22,43,,1/69,1/129
野川,2026-09-12,2026-09-12,9/12 23:31,スロット,2510,Sこの素晴らしい世界に祝福を！ZR,0516,0.5,-0.6,0.5,25,10,43,1/28,1/103,1/38
野川,2026-09-12,2026-09-12,9/12 23:31,スロット,2678,SキングハナハナSP-30,0518,1.0,-0.1,-0.2,14,2,8,1/182,1/347,1/324
野川,2026-09-12,2026-09-12,9/12 23:31,スロット,2678,SキングハナハナSP-30,0519,-0.3,-0.4,-0.4,1,0,8,1/644,1/394,1/320
野川,2026-09-12,2026-09-12,9/12 23:31,スロット,2595,SバイオハザードRE：２ XB,0514,0.0,1.4,0.0,0,13,0,,1/22,
野川,2026-09-12,2026-09-12,9/12 23:31,スロット,2494,S押忍！番長ZERO PC1,0512,-1.0,-0.1,-0.4,2,2,8,1/380,1/133,1/115
野川,2026-09-12,2026-09-12,9/12 23:31,スロット,2554,S甲鉄城のカバネリ ZR,0513,0.0,0.0,0.0,0,0,15,,,1/108
野川,2026-09-12,2026-09-12,9/12 23:31,スロット,2799,Sｴｳﾚｶｾﾌﾞﾝ ﾊｲｴﾎﾞｾﾞﾛ TYPE-ART,0515,-0.8,0.2,0.4,6,10,23,1/252,1/210,1/194
野川,2026-09-12,2026-09-12,9/12 23:31,スロット,3111,SﾈｵｱｲﾑｼﾞｬｸﾞﾗｰEX-KK,0362,-0.5,-0.1,-1.5,3,7,13,1/323,1/244,1/351
野川,2026-09-12,2026-09-12,9/12 23:31,スロット,3111,SﾈｵｱｲﾑｼﾞｬｸﾞﾗｰEX-KK,0414,-0.5,-0.4,1.7,9,7,19,1/313,1/272,1/163
野川,2026-09-12,2026-09-12,9/12 23:31,スロット,3111,SﾈｵｱｲﾑｼﾞｬｸﾞﾗｰEX-KK,0426,-0.2,1.5,-1.1,9,17,5,1/279,1/128,1/507
野川,2026-09-12,2026-09-12,9/12 23:31,スロット,3111,SﾈｵｱｲﾑｼﾞｬｸﾞﾗｰEX-KK,0442,0.6,-0.3,2.0,13,2,30,1/216,1/324,1/197
野川,2026-09-12,2026-09-12,9/12 23:31,スロット,3111,SﾈｵｱｲﾑｼﾞｬｸﾞﾗｰEX-KK,0483,0.3,0.0,-0.1,17,20,16,1/220,1/253,1/264
野川,2026-09-12,2026-09-12,9/12 23:31,スロット,3111,SﾈｵｱｲﾑｼﾞｬｸﾞﾗｰEX-KK,0498,-0.2,-0.6,-0.5,6,3,6,1/274,1/354,1/353
野川,2026-09-12,2026-09-12,9/12 23:31,スロット,3054,七つの魔剣が支配する,0666,1.0,0.3,1.3,9,10,25,1/46,1/95,1/28
野川,2026-09-12,2026-09-12,9/12 23:31,スロット,2617,各　SハッピージャグラーVⅢEA,0360,-0.3,-0.4,0.8,10,0,18,1/246,1/399,1/232
野川,2026-09-12,2026-09-12,9/12 23:31,スロット,2617,各　SハッピージャグラーVⅢEA,0370,-0.7,-0.6,0.1,9,0,6,1/339,1/594,1/245
野川,2026-09-12,2026-09-12,9/12 23:31,スロット,2617,各　SハッピージャグラーVⅢEA,0418,-1.3,-0.4,-0.2,1,3,1,1/1404,1/343,1/379
野川,2026-09-12,2026-09-12,9/12 23:31,スロット,2617,各　SハッピージャグラーVⅢEA,0423,-0.9,0.5,2.2,3,7,28,1/534,1/148,1/193
野川,2026-09-12,2026-09-12,9/12 23:31,スロット,2617,各　SハッピージャグラーVⅢEA,0427,-0.4,-0.4,-1.1,0,0,2,1/469,1/463,1/786
野川,2026-09-12,2026-09-12,9/12 23:31,スロット,2617,各　SハッピージャグラーVⅢEA,0435,0.0,-0.4,-0.7,3,0,1,1/241,1/308,1/1056
野川,2026-09-12,2026-09-12,9/12 23:31,スロット,2617,各　SハッピージャグラーVⅢEA,0443,-0.5,-0.6,-0.1,8,10,5,1/310,1/352,1/265
野川,2026-09-12,2026-09-12,9/12 23:31,スロット,2617,各　SハッピージャグラーVⅢEA,0484,1.0,0.0,-0.4,15,10,4,1/221,1/212,1/311
野川,2026-09-12,2026-09-12,9/12 23:31,スロット,2617,各　SハッピージャグラーVⅢEA,0495,-0.3,-0.2,-0.4,13,8,1,1/298,1/286,1/688
野川,2026-09-12,2026-09-12,9/12 23:31,スロット,2424,各　Sファンキージャグラー２/KT,0358,0.3,1.6,-0.3,15,33,4,1/212,1/234,1/372
野川,2026-09-12,2026-09-12,9/12 23:31,スロット,2424,各　Sファンキージャグラー２/KT,0364,-0.8,-0.5,0.4,5,0,10,1/422,1/444,1/232
野川,2026-09-12,2026-09-12,9/12 23:31,スロット,2424,各　Sファンキージャグラー２/KT,0368,4.6,-0.2,-0.2,40,16,14,1/171,1/262,1/264
野川,2026-09-12,2026-09-12,9/12 23:31,スロット,2424,各　Sファンキージャグラー２/KT,0412,-1.4,-1.0,-0.2,3,6,5,1/673,1/427,1/324
野川,2026-09-12,2026-09-12,9/12 23:31,スロット,2424,各　Sファンキージャグラー２/KT,0417,-0.6,-0.4,0.4,3,6,17,1/400,1/313,1/234
野川,2026-09-12,2026-09-12,9/12 23:31,スロット,2424,各　Sファンキージャグラー２/KT,0421,-0.5,-0.2,-0.5,20,10,10,1/293,1/249,1/269
野川,2026-09-12,2026-09-12,9/12 23:31,スロット,2424,各　Sファンキージャグラー２/KT,0425,0.5,0.9,-0.8,13,18,15,1/206,1/180,1/304
野川,2026-09-12,2026-09-12,9/12 23:31,スロット,2424,各　Sファンキージャグラー２/KT,0430,-1.6,0.4,-0.3,1,19,5,1/1627,1/220,1/296
野川,2026-09-12,2026-09-12,9/12 23:31,スロット,2424,各　Sファンキージャグラー２/KT,0438,-0.5,0.9,-0.2,12,11,9,1/318,1/142,1/248
野川,2026-09-12,2026-09-12,9/12 23:31,スロット,2424,各　Sファンキージャグラー２/KT,0441,-1.3,0.3,-1.1,16,13,2,1/394,1/249,1/849
野川,2026-09-12,2026-09-12,9/12 23:31,スロット,2424,各　Sファンキージャグラー２/KT,0445,0.5,-0.2,-0.5,19,10,15,1/195,1/275,1/267
野川,2026-09-12,2026-09-12,9/12 23:31,スロット,2424,各　Sファンキージャグラー２/KT,0486,-0.3,-0.4,0.2,6,1,22,1/310,1/607,1/252
野川,2026-09-12,2026-09-12,9/12 23:31,スロット,2424,各　Sファンキージャグラー２/KT,0488,1.3,0.7,-0.4,18,19,1,1/198,1/229,1/501
野川,2026-09-12,2026-09-12,9/12 23:31,スロット,2424,各　Sファンキージャグラー２/KT,0493,0.5,-0.3,-0.8,19,3,4,1/239,1/329,1/442
野川,2026-09-12,2026-09-12,9/12 23:31,スロット,2424,各　Sファンキージャグラー２/KT,0496,-0.1,-0.7,-0.2,8,7,15,1/353,1/347,1/242
野川,2026-09-12,2026-09-12,9/12 23:31,スロット,2437,各　SマイジャグラーⅤ KD,0359,-1.0,0.5,-0.9,15,18,10,1/353,1/282,1/337
野川,2026-09-12,2026-09-12,9/12 23:31,スロット,2437,各　SマイジャグラーⅤ KD,0363,-0.3,0.0,-2.0,12,8,5,1/252,1/245,1/707
野川,2026-09-12,2026-09-12,9/12 23:31,スロット,2437,各　SマイジャグラーⅤ KD,0367,-0.7,-0.7,-0.5,6,1,9,1/326,1/1069,1/282
野川,2026-09-12,2026-09-12,9/12 23:31,スロット,2437,各　SマイジャグラーⅤ KD,0371,0.7,0.7,-0.9,24,25,8,1/243,1/223,1/374
野川,2026-09-12,2026-09-12,9/12 23:31,スロット,2437,各　SマイジャグラーⅤ KD,0411,-1.1,2.2,-1.3,18,36,23,1/289,1/231,1/304
野川,2026-09-12,2026-09-12,9/12 23:31,スロット,2437,各　SマイジャグラーⅤ KD,0415,-1.0,-0.2,-1.1,4,6,7,1/544,1/272,1/439
野川,2026-09-12,2026-09-12,9/12 23:31,スロット,2437,各　SマイジャグラーⅤ KD,0420,0.9,-0.2,1.4,28,16,31,1/285,1/274,1/199
野川,2026-09-12,2026-09-12,9/12 23:31,スロット,2437,各　SマイジャグラーⅤ KD,0424,-0.2,-0.2,0.3,20,10,15,1/298,1/334,1/206
野川,2026-09-12,2026-09-12,9/12 23:31,スロット,2437,各　SマイジャグラーⅤ KD,0433,-1.2,-1.0,0.3,5,6,18,1/420,1/431,1/229
野川,2026-09-12,2026-09-12,9/12 23:31,スロット,2437,各　SマイジャグラーⅤ KD,0436,1.7,-0.9,-1.2,32,6,26,1/239,1/350,1/277
野川,2026-09-12,2026-09-12,9/12 23:31,スロット,2437,各　SマイジャグラーⅤ KD,0439,-0.2,-0.9,1.2,24,4,32,1/328,1/378,1/218
野川,2026-09-12,2026-09-12,9/12 23:31,スロット,2437,各　SマイジャグラーⅤ KD,0446,-1.4,1.4,-0.9,5,24,14,1/587,1/219,1/311
野川,2026-09-12,2026-09-12,9/12 23:31,スロット,2437,各　SマイジャグラーⅤ KD,0485,-2.4,-1.4,-0.4,8,13,27,1/554,1/341,1/255
野川,2026-09-12,2026-09-12,9/12 23:31,スロット,2437,各　SマイジャグラーⅤ KD,0489,-1.7,-0.5,0.2,25,6,30,1/303,1/300,1/269
野川,2026-09-12,2026-09-12,9/12 23:31,スロット,2437,各　SマイジャグラーⅤ KD,0492,-0.1,-0.3,-1.3,27,12,23,1/264,1/280,1/290
野川,2026-09-12,2026-09-12,9/12 23:31,スロット,2437,各　SマイジャグラーⅤ KD,0497,0.2,-0.3,-0.2,25,10,21,1/237,1/364,1/221
野川,2026-09-12,2026-09-12,9/12 23:31,スロット,2707,各　Sｺﾞｰｺﾞｰｼﾞｬｸﾞﾗｰ3KA,0357,0.9,0.6,-1.6,36,28,15,1/233,1/207,1/337
野川,2026-09-12,2026-09-12,9/12 23:31,スロット,2707,各　Sｺﾞｰｺﾞｰｼﾞｬｸﾞﾗｰ3KA,0361,-0.8,-0.8,-0.9,9,9,2,1/306,1/358,1/768
野川,2026-09-12,2026-09-12,9/12 23:31,スロット,2707,各　Sｺﾞｰｺﾞｰｼﾞｬｸﾞﾗｰ3KA,0365,-1.4,0.3,-0.6,13,29,3,1/391,1/237,1/453
野川,2026-09-12,2026-09-12,9/12 23:31,スロット,2707,各　Sｺﾞｰｺﾞｰｼﾞｬｸﾞﾗｰ3KA,0369,-0.3,-0.4,-0.5,8,5,7,1/302,1/368,1/327
野川,2026-09-12,2026-09-12,9/12 23:31,スロット,2707,各　Sｺﾞｰｺﾞｰｼﾞｬｸﾞﾗｰ3KA,0373,0.4,-0.9,3.5,12,6,42,1/224,1/375,1/150
野川,2026-09-12,2026-09-12,9/12 23:31,スロット,2707,各　Sｺﾞｰｺﾞｰｼﾞｬｸﾞﾗｰ3KA,0413,-0.2,-0.9,0.9,16,1,27,1/229,1/1037,1/224
野川,2026-09-12,2026-09-12,9/12 23:31,スロット,2707,各　Sｺﾞｰｺﾞｰｼﾞｬｸﾞﾗｰ3KA,0416,-1.3,-1.0,0.2,16,13,17,1/334,1/311,1/178
野川,2026-09-12,2026-09-12,9/12 23:31,スロット,2707,各　Sｺﾞｰｺﾞｰｼﾞｬｸﾞﾗｰ3KA,0419,0.7,-0.8,-0.1,35,1,21,1/244,1/950,1/243
野川,2026-09-12,2026-09-12,9/12 23:31,スロット,2707,各　Sｺﾞｰｺﾞｰｼﾞｬｸﾞﾗｰ3KA,0422,1.0,-0.1,-1.0,20,8,4,1/224,1/206,1/455
野川,2026-09-12,2026-09-12,9/12 23:31,スロット,2707,各　Sｺﾞｰｺﾞｰｼﾞｬｸﾞﾗｰ3KA,0432,-0.8,-0.3,-0.9,6,17,5,1/390,1/265,1/328
野川,2026-09-12,2026-09-12,9/12 23:31,スロット,2707,各　Sｺﾞｰｺﾞｰｼﾞｬｸﾞﾗｰ3KA,0434,0.4,1.7,-0.9,13,24,3,1/220,1/213,1/514
野川,2026-09-12,2026-09-12,9/12 23:31,スロット,2707,各　Sｺﾞｰｺﾞｰｼﾞｬｸﾞﾗｰ3KA,0437,-0.1,-0.7,-0.6,12,12,12,1/326,1/262,1/296
野川,2026-09-12,2026-09-12,9/12 23:31,スロット,2707,各　Sｺﾞｰｺﾞｰｼﾞｬｸﾞﾗｰ3KA,0440,-0.7,-0.8,-1.4,6,9,3,1/317,1/333,1/671
野川,2026-09-12,2026-09-12,9/12 23:31,スロット,2707,各　Sｺﾞｰｺﾞｰｼﾞｬｸﾞﾗｰ3KA,0444,1.0,1.4,-0.9,18,19,6,1/174,1/202,1/366
野川,2026-09-12,2026-09-12,9/12 23:31,スロット,2707,各　Sｺﾞｰｺﾞｰｼﾞｬｸﾞﾗｰ3KA,0487,0.8,0.5,-0.8,14,21,19,1/173,1/254,1/284
野川,2026-09-12,2026-09-12,9/12 23:31,スロット,2707,各　Sｺﾞｰｺﾞｰｼﾞｬｸﾞﾗｰ3KA,0490,-0.5,0.6,0.0,17,17,17,1/266,1/251,1/218
野川,2026-09-12,2026-09-12,9/12 23:31,スロット,2707,各　Sｺﾞｰｺﾞｰｼﾞｬｸﾞﾗｰ3KA,0494,-0.9,-0.4,1.1,2,13,33,1/518,1/252,1/242
野川,2026-09-12,2026-09-12,9/12 23:31,スロット,2707,各　Sｺﾞｰｺﾞｰｼﾞｬｸﾞﾗｰ3KA,0500,4.4,-0.6,-1.5,40,15,20,1/141,1/296,1/320
野川,2026-09-12,2026-09-12,9/12 23:31,スロット,2878,押忍!番長4,0671,0.1,-0.4,-0.7,7,11,1,1/49,1/148,1/481
野川,2026-09-12,2026-09-12,9/12 23:31,スロット,2916,沖ﾄﾞｷ!BLACK,0520,1.2,2.2,-1.3,15,25,2,1/146,1/106,1/692
野川,2026-09-12,2026-09-12,9/12 23:31,スロット,2916,沖ﾄﾞｷ!BLACK,0521,0.8,-5.6,1.0,10,3,9,1/113,1/1498,1/87
野川,2026-09-12,2026-09-12,9/12 23:31,スロット,2916,沖ﾄﾞｷ!BLACK,0522,4.2,-0.8,0.7,20,8,11,1/17,1/291,1/116
野川,2026-09-12,2026-09-12,9/12 23:31,スロット,2916,沖ﾄﾞｷ!BLACK,0523,-1.4,0.3,-2.4,5,4,4,1/336,1/124,1/607
野川,2026-09-12,2026-09-12,9/12 23:31,スロット,2916,沖ﾄﾞｷ!BLACK,0524,0.4,0.4,0.6,5,15,13,1/150,1/138,1/161
野川,2026-09-12,2026-09-12,9/12 23:31,スロット,2987,ｳﾙﾄﾗﾐﾗｸﾙｼﾞｬｸﾞﾗｰ,0374,-0.8,1.4,-2.6,24,22,23,1/279,1/199,1/358
野川,2026-09-12,2026-09-12,9/12 23:31,スロット,2987,ｳﾙﾄﾗﾐﾗｸﾙｼﾞｬｸﾞﾗｰ,0429,-0.5,-1.1,-1.6,31,11,9,1/254,1/342,1/447
野川,2026-09-12,2026-09-12,9/12 23:31,スロット,2987,ｳﾙﾄﾗﾐﾗｸﾙｼﾞｬｸﾞﾗｰ,0491,-1.3,-0.8,1.4,5,18,20,1/543,1/321,1/198
野川,2026-09-12,2026-09-12,9/12 23:31,スロット,2814,ｸﾗﾝｷｰｸﾚｽﾄ,0517,-1.3,-0.1,0.6,1,18,23,1/1174,1/249,1/228
野川,2026-09-12,2026-09-12,9/12 23:31,スロット,2879,ｼﾞｬｸﾞﾗｰｶﾞｰﾙｽﾞSS,0372,0.9,1.6,-0.5,27,19,3,1/257,1/164,1/451
野川,2026-09-12,2026-09-12,9/12 23:31,スロット,2879,ｼﾞｬｸﾞﾗｰｶﾞｰﾙｽﾞSS,0499,0.1,0.1,-1.2,16,9,6,1/255,1/273,1/378
野川,2026-09-12,2026-09-12,9/12 23:31,スロット,3044,ｽﾏｽﾛ 吉宗,0690,0.5,0.6,-1.1,2,3,0,1/376,1/346,1/801
野川,2026-09-12,2026-09-12,9/12 23:31,スロット,3044,ｽﾏｽﾛ 吉宗,0691,-0.7,-0.3,-0.4,0,0,0,1/429,1/198,1/234
野川,2026-09-12,2026-09-12,9/12 23:31,スロット,3044,ｽﾏｽﾛ 吉宗,0692,-0.1,-0.3,-1.5,0,0,1,1/79,1/197,1/1509
野川,2026-09-12,2026-09-12,9/12 23:31,スロット,3044,ｽﾏｽﾛ 吉宗,0693,-0.3,-0.9,-0.5,2,0,0,1/598,1/647,1/456
野川,2026-09-12,2026-09-12,9/12 23:31,スロット,2919,ｽﾏｽﾛ ｺﾞｯﾄﾞｲｰﾀｰ ﾘｻﾞﾚｸｼｮﾝ,0689,-0.5,-0.3,-1.0,6,8,8,1/127,1/66,1/144
野川,2026-09-12,2026-09-12,9/12 23:31,スロット,2974,ｽﾏｽﾛ ﾓﾝｽﾀｰﾊﾝﾀｰﾗｲｽﾞ,0525,2.1,0.4,4.3,32,8,57,1/43,1/45,1/38
野川,2026-09-12,2026-09-12,9/12 23:31,スロット,2974,ｽﾏｽﾛ ﾓﾝｽﾀｰﾊﾝﾀｰﾗｲｽﾞ,0526,-0.1,-0.6,-0.9,5,21,2,1/134,1/88,1/375
野川,2026-09-12,2026-09-12,9/12 23:31,スロット,2974,ｽﾏｽﾛ ﾓﾝｽﾀｰﾊﾝﾀｰﾗｲｽﾞ,0527,0.6,-0.4,-0.7,14,6,73,1/58,1/133,1/91
野川,2026-09-12,2026-09-12,9/12 23:31,スロット,2974,ｽﾏｽﾛ ﾓﾝｽﾀｰﾊﾝﾀｰﾗｲｽﾞ,0528,-1.9,0.9,-1.6,17,19,1,1/152,1/43,1/1164
野川,2026-09-12,2026-09-12,9/12 23:31,スロット,2974,ｽﾏｽﾛ ﾓﾝｽﾀｰﾊﾝﾀｰﾗｲｽﾞ,0529,0.0,-1.1,-1.2,12,12,2,1/83,1/144,1/438
野川,2026-09-12,2026-09-12,9/12 23:31,スロット,2974,ｽﾏｽﾛ ﾓﾝｽﾀｰﾊﾝﾀｰﾗｲｽﾞ,0530,-0.1,0.0,1.1,5,0,39,1/93,,1/70
野川,2026-09-12,2026-09-12,9/12 23:31,スロット,2901,ｽﾏｽﾛ防振り,0680,-0.6,0.0,-1.1,14,0,2,1/200,,1/492
野川,2026-09-12,2026-09-12,9/12 23:31,スロット,3017,ｽﾏｽﾛｽｰﾊﾟｰﾌﾞﾗｯｸｼﾞｬｯｸ,0551,-1.5,0.0,-2.1,4,0,17,1/342,,1/156
野川,2026-09-12,2026-09-12,9/12 23:31,スロット,3017,ｽﾏｽﾛｽｰﾊﾟｰﾌﾞﾗｯｸｼﾞｬｯｸ,0552,0.0,6.6,-1.3,19,79,4,1/65,1/37,1/322
野川,2026-09-12,2026-09-12,9/12 23:31,スロット,3017,ｽﾏｽﾛｽｰﾊﾟｰﾌﾞﾗｯｸｼﾞｬｯｸ,0553,-0.3,-0.2,-0.6,2,0,17,1/192,1/112,1/92
野川,2026-09-12,2026-09-12,9/12 23:31,スロット,3017,ｽﾏｽﾛｽｰﾊﾟｰﾌﾞﾗｯｸｼﾞｬｯｸ,0554,-0.4,-0.3,-1.0,41,3,5,1/72,1/120,1/184
野川,2026-09-12,2026-09-12,9/12 23:31,スロット,2816,ｽﾏｽﾛﾓﾝｷｰﾀｰﾝⅤ,0645,-1.9,-2.0,-1.4,19,19,44,1/173,1/148,1/101
野川,2026-09-12,2026-09-12,9/12 23:31,スロット,2816,ｽﾏｽﾛﾓﾝｷｰﾀｰﾝⅤ,0646,3.9,-0.6,-4.2,42,9,14,1/72,1/174,1/270
野川,2026-09-12,2026-09-12,9/12 23:31,スロット,2816,ｽﾏｽﾛﾓﾝｷｰﾀｰﾝⅤ,0647,-0.9,0.0,0.2,25,9,31,1/108,1/136,1/84
野川,2026-09-12,2026-09-12,9/12 23:31,スロット,2816,ｽﾏｽﾛﾓﾝｷｰﾀｰﾝⅤ,0648,9.3,0.4,-0.6,53,25,53,1/42,1/62,1/109
野川,2026-09-12,2026-09-12,9/12 23:31,スロット,2816,ｽﾏｽﾛﾓﾝｷｰﾀｰﾝⅤ,0649,0.8,-0.2,-1.8,20,6,4,1/93,1/109,1/371
野川,2026-09-12,2026-09-12,9/12 23:31,スロット,2816,ｽﾏｽﾛﾓﾝｷｰﾀｰﾝⅤ,0650,-1.3,-1.8,0.0,20,19,34,1/123,1/156,1/108
野川,2026-09-12,2026-09-12,9/12 23:31,スロット,2816,ｽﾏｽﾛﾓﾝｷｰﾀｰﾝⅤ,0651,-1.1,-2.0,-2.9,45,9,31,1/92,1/208,1/138
野川,2026-09-12,2026-09-12,9/12 23:31,スロット,2917,ﾐｽﾀｰｼﾞｬｸﾞﾗｰ,0366,-0.9,-0.9,0.6,13,8,28,1/300,1/456,1/265
野川,2026-09-12,2026-09-12,9/12 23:31,スロット,2917,ﾐｽﾀｰｼﾞｬｸﾞﾗｰ,0428,2.2,0.6,0.7,29,27,30,1/193,1/250,1/216
野川,2026-09-12,2026-09-12,9/12 23:31,スロット,2917,ﾐｽﾀｰｼﾞｬｸﾞﾗｰ,0431,-0.7,-0.2,-0.3,21,3,10,1/273,1/252,1/284
